Country,Date,GDP_PPP_Denton_Monthly
Algeria,2015-01-01,42786.19079352154
Algeria,2015-02-01,42806.01078086305
Algeria,2015-03-01,42845.65075554809
Algeria,2015-04-01,42905.11071758057
Algeria,2015-05-01,42984.390666966436
Algeria,2015-06-01,43083.49060371364
Algeria,2015-07-01,43202.41052783207
Algeria,2015-08-01,43341.15043933363
Algeria,2015-09-01,43499.710338232195
Algeria,2015-10-01,43678.090224543615
Algeria,2015-11-01,43876.29009828573
Algeria,2015-12-01,44094.30995947837
Algeria,2016-01-01,44332.14980814334
Algeria,2016-02-01,44558.764473918956
Algeria,2016-03-01,44774.15395682784
Algeria,2016-04-01,44978.318256891616
Algeria,2016-05-01,45171.25737413066
Algeria,2016-06-01,45352.97130856429
Algeria,2016-07-01,45523.46006021063
Algeria,2016-08-01,45682.72362908676
Algeria,2016-09-01,45830.76201520861
Algeria,2016-10-01,45967.57521859096
Algeria,2016-11-01,46093.163239247515
Algeria,2016-12-01,46207.52607719083
Algeria,2017-01-01,46310.66373243234
Algeria,2017-02-01,46413.80851570671
Algeria,2017-03-01,46516.96042702429
Algeria,2017-04-01,46620.119466395314
Algeria,2017-05-01,46723.28563383014
Algeria,2017-06-01,46826.45892933908
Algeria,2017-07-01,46929.63935293247
Algeria,2017-08-01,47032.826904620604
Algeria,2017-09-01,47136.021584413815
Algeria,2017-10-01,47239.22339232241
Algeria,2017-11-01,47342.43232835672
Algeria,2017-12-01,47445.648392527066
Algeria,2018-01-01,47548.871584843764
Algeria,2018-02-01,47673.328372897704
Algeria,2018-03-01,47819.01875670129
Algeria,2018-04-01,47985.94273626923
Algeria,2018-05-01,48174.1003116181
Algeria,2018-06-01,48383.49148276673
Algeria,2018-07-01,48614.116249736064
Algeria,2018-08-01,48865.97461254916
Algeria,2018-09-01,49139.066571231204
Algeria,2018-10-01,49433.39212580952
Algeria,2018-11-01,49748.95127631352
Algeria,2018-12-01,50085.744022774765
Algeria,2019-01-01,50443.77036522694
Algeria,2019-02-01,50705.698599127645
Algeria,2019-03-01,50871.52872450308
Algeria,2019-04-01,50941.260741369806
Algeria,2019-05-01,50914.8946497348
Algeria,2019-06-01,50792.43044959542
Algeria,2019-07-01,50573.86814093944
Algeria,2019-08-01,50259.20772374499
Algeria,2019-09-01,49848.449197980604
Algeria,2019-10-01,49341.5925636052
Algeria,2019-11-01,48738.637820568096
Algeria,2019-12-01,48039.584968808995
Algeria,2020-01-01,47244.43400825799
Algeria,2020-02-01,46602.59387608944
Algeria,2020-03-01,46114.064572239084
Algeria,2020-04-01,45778.846096658235
Algeria,2020-05-01,45596.938449313275
Algeria,2020-06-01,45568.34163018602
Algeria,2020-07-01,45693.055639273625
Algeria,2020-08-01,45971.08047658855
Algeria,2020-09-01,46402.416142158596
Algeria,2020-10-01,46987.0626360269
Algeria,2020-11-01,47725.01995825193
Algeria,2020-12-01,48616.28810890747
Algeria,2021-01-01,49660.86708808266
Algeria,2021-02-01,50649.58247541941
Algeria,2021-03-01,51582.434271016566
Algeria,2021-04-01,52459.42247496741
Algeria,2021-05-01,53280.54708735966
Algeria,2021-06-01,54045.808108275414
Algeria,2021-07-01,54755.20553779122
Algeria,2021-08-01,55408.73937597801
Algeria,2021-09-01,56006.40962290114
Algeria,2021-10-01,56548.21627862037
Algeria,2021-11-01,57034.15934318988
Algeria,2021-12-01,57464.238816658275
Algeria,2022-01-01,57838.454699068556
Algeria,2022-02-01,58217.25026540568
Algeria,2022-03-01,58600.62551570756
Algeria,2022-04-01,58988.58045001249
Algeria,2022-05-01,59381.11506835921
Algeria,2022-06-01,59778.22937078705
Algeria,2022-07-01,60179.923357335676
Algeria,2022-08-01,60586.19702804528
Algeria,2022-09-01,60997.05038295649
Algeria,2022-10-01,61412.483422110396
Algeria,2022-11-01,61832.49614554854
Algeria,2022-12-01,62257.08855331293
Algeria,2023-01-01,62686.260645446026
Algeria,2023-02-01,63104.12862739666
Algeria,2023-03-01,63510.692499206656
Algeria,2023-04-01,63905.952260916616
Algeria,2023-05-01,64289.90791256608
Algeria,2023-06-01,64662.55945419344
Algeria,2023-07-01,65023.90688583597
Algeria,2023-08-01,65373.95020752982
Algeria,2023-09-01,65712.68941931
Algeria,2023-10-01,66040.12452121038
Algeria,2023-11-01,66356.2555132637
Algeria,2023-12-01,66661.0823955016
Algeria,2024-01-01,66954.60516795452
Algeria,2024-02-01,67259.56980957837
Algeria,2024-03-01,67575.97632040366
Algeria,2024-04-01,67903.82470046198
Algeria,2024-05-01,68243.11494978615
Algeria,2024-06-01,68593.8470684101
Algeria,2024-07-01,68956.02105636889
Algeria,2024-08-01,69329.63691369875
Algeria,2024-09-01,69714.69464043704
Algeria,2024-10-01,70111.19423662225
Algeria,2024-11-01,70519.13570229405
Algeria,2024-12-01,70938.51903749324
Algeria,2025-01-01,71369.34424226175
Algeria,2025-02-01,71764.2673464815
Algeria,2025-03-01,72123.28835019185
Algeria,2025-04-01,72446.40725342896
Algeria,2025-05-01,72733.62405622496
Algeria,2025-06-01,72984.93875860864
Algeria,2025-07-01,73200.3513606051
Algeria,2025-08-01,73379.86186223589
Algeria,2025-09-01,73523.470263519
Algeria,2025-10-01,73631.17656446875
Algeria,2025-11-01,73702.98076509594
Algeria,2025-12-01,73738.88286540775
Angola,2015-01-01,20047.295213887326
Angola,2015-02-01,20045.303297623544
Angola,2015-03-01,20041.3194650958
Angola,2015-04-01,20035.343716303658
Angola,2015-05-01,20027.376051246545
Angola,2015-06-01,20017.416469923657
Angola,2015-07-01,20005.464972334004
Angola,2015-08-01,19991.52155847638
Angola,2015-09-01,19975.5862283494
Angola,2015-10-01,19957.658981951467
Angola,2015-11-01,19937.739819280792
Angola,2015-12-01,19915.82874033538
Angola,2016-01-01,19891.925745113043
Angola,2016-02-01,19871.6385790706
Angola,2016-03-01,19854.967242206054
Angola,2016-04-01,19841.91173451769
Angola,2016-05-01,19832.47205600422
Angola,2016-06-01,19826.6482066647
Angola,2016-07-01,19824.44018649855
Angola,2016-08-01,19825.847995505545
Angola,2016-09-01,19830.871633685823
Angola,2016-10-01,19839.511101039894
Angola,2016-11-01,19851.766397568623
Angola,2016-12-01,19867.63752327323
Angola,2017-01-01,19887.124478155303
Angola,2017-02-01,19914.142157210845
Angola,2017-03-01,19948.690560442552
Angola,2017-04-01,19990.769687853895
Angola,2017-05-01,20040.379539449063
Angola,2017-06-01,20097.52011523302
Angola,2017-07-01,20162.19141521148
Angola,2017-08-01,20234.393439390915
Angola,2017-09-01,20314.12618777854
Angola,2017-10-01,20401.38966038233
Angola,2017-11-01,20496.18385721101
Angola,2017-12-01,20598.50877827406
Angola,2018-01-01,20708.36442358171
Angola,2018-02-01,20829.8933092084
Angola,2018-03-01,20963.095435166273
Angola,2018-04-01,21107.970801468648
Angola,2018-05-01,21264.519408130032
Angola,2018-06-01,21432.741255166075
Angola,2018-07-01,21612.636342593596
Angola,2018-08-01,21804.204670430587
Angola,2018-09-01,22007.446238696204
Angola,2018-10-01,22222.361047410777
Angola,2018-11-01,22448.94909659579
Angola,2018-12-01,22687.2103862739
Angola,2019-01-01,22937.144916468944
Angola,2019-02-01,23137.46740512622
Angola,2019-03-01,23288.177852265788
Angola,2019-04-01,23389.276257902668
Angola,2019-05-01,23440.762622047
Angola,2019-06-01,23442.636944703918
Angola,2019-07-01,23394.899225873618
Angola,2019-08-01,23297.549465551325
Angola,2019-09-01,23150.587663727303
Angola,2019-10-01,22954.01382038685
Angola,2019-11-01,22707.827935510315
Angola,2019-12-01,22412.030009073078
Angola,2020-01-01,22066.620041045557
Angola,2020-02-01,21790.55952837054
Angola,2020-03-01,21583.848471020403
Angola,2020-04-01,21446.486868974473
Angola,2020-05-01,21378.47472221904
Angola,2020-06-01,21379.812030747296
Angola,2020-07-01,21450.498794559382
Angola,2020-08-01,21590.535013662364
Angola,2020-09-01,21799.920688070244
Angola,2020-10-01,22078.655817803956
Angola,2020-11-01,22426.74040289138
Angola,2020-12-01,22844.174443367323
Angola,2021-01-01,23330.95793927353
Angola,2021-02-01,23796.54175772646
Angola,2021-03-01,24240.925898772733
Angola,2021-04-01,24664.110362456704
Angola,2021-05-01,25066.095148820717
Angola,2021-06-01,25446.88025790496
Angola,2021-07-01,25806.465689747518
Angola,2021-08-01,26144.851444384345
Angola,2021-09-01,26462.037521849288
Angola,2021-10-01,26758.023922174063
Angola,2021-11-01,27032.810645388265
Angola,2021-12-01,27286.397691519378
Angola,2022-01-01,27518.785060592756
Angola,2022-02-01,27737.441442018197
Angola,2022-03-01,27942.366835817542
Angola,2022-04-01,28133.561242011307
Angola,2022-05-01,28311.024660618627
Angola,2022-06-01,28474.757091657208
Angola,2022-07-01,28624.758535143443
Angola,2022-08-01,28761.028991092335
Angola,2022-09-01,28883.56845951751
Angola,2022-10-01,28992.376940431226
Angola,2022-11-01,29087.454433844363
Angola,2022-12-01,29168.800939766432
Angola,2023-01-01,29236.416458205556
Angola,2023-02-01,29316.104065150575
Angola,2023-03-01,29407.86376060951
Angola,2023-04-01,29511.695544591465
Angola,2023-05-01,29627.59941710682
Angola,2023-06-01,29755.575378167174
Angola,2023-07-01,29895.62342778534
Angola,2023-08-01,30047.743565975317
Angola,2023-09-01,30211.935792752323
Angola,2023-10-01,30388.20010813278
Angola,2023-11-01,30576.53651213431
Angola,2023-12-01,30776.945004775753
Angola,2024-01-01,30989.425586077145
Angola,2024-02-01,31195.006355111218
Angola,2024-03-01,31393.68731189853
Angola,2024-04-01,31585.468456458948
Angola,2024-05-01,31770.349788811665
Angola,2024-06-01,31948.331308975157
Angola,2024-07-01,32119.413016967217
Angola,2024-08-01,32283.59491280496
Angola,2024-09-01,32440.876996504812
Angola,2024-10-01,32591.259268082493
Angola,2024-11-01,32734.74172755305
Angola,2024-12-01,32871.32437493083
Angola,2025-01-01,33001.00721022949
Angola,2025-02-01,33119.883142541024
Angola,2025-03-01,33227.9521718773
Angola,2025-04-01,33325.21429824918
Angola,2025-05-01,33411.669521666336
Angola,2025-06-01,33487.31784213743
Angola,2025-07-01,33552.15925967002
Angola,2025-08-01,33606.19377427061
Angola,2025-09-01,33649.42138594459
Angola,2025-10-01,33681.842094696294
Angola,2025-11-01,33703.45590052896
Angola,2025-12-01,33714.26280344476
Benin,2015-01-01,2578.5644322026287
Benin,2015-02-01,2579.2752072658013
Benin,2015-03-01,2580.6967573922175
Benin,2015-04-01,2582.8290825820204
Benin,2015-05-01,2585.6721828354216
Benin,2015-06-01,2589.2260581527057
Benin,2015-07-01,2593.4907085342284
Benin,2015-08-01,2598.4661339804165
Benin,2015-09-01,2604.1523344917673
Benin,2015-10-01,2610.5493100688495
Benin,2015-11-01,2617.6570607123026
Benin,2015-12-01,2625.4755864228378
Benin,2016-01-01,2634.0048872012367
Benin,2016-02-01,2643.6568454310145
Benin,2016-03-01,2654.4314611131344
Benin,2016-04-01,2666.328734248677
Benin,2016-05-01,2679.3486648388316
Benin,2016-06-01,2693.4912528848995
Benin,2016-07-01,2708.7564983882944
Benin,2016-08-01,2725.144401350544
Benin,2016-09-01,2742.6549617732862
Benin,2016-10-01,2761.2881796582724
Benin,2016-11-01,2781.0440550073663
Benin,2016-12-01,2801.9225878225434
Benin,2017-01-01,2823.9237781058914
Benin,2017-02-01,2844.510227692852
Benin,2017-03-01,2863.681936585479
Benin,2017-04-01,2881.4389047857
Benin,2017-05-01,2897.7811322952834
Benin,2017-06-01,2912.708619115865
Benin,2017-07-01,2926.221365248937
Benin,2017-08-01,2938.319370695851
Benin,2017-09-01,2949.0026354578163
Benin,2017-10-01,2958.2711595359015
Benin,2017-11-01,2966.1249429310333
Benin,2017-12-01,2972.563985643997
Benin,2018-01-01,2977.588287675437
Benin,2018-02-01,2985.6020231564075
Benin,2018-03-01,2996.6051920877085
Benin,2018-04-01,3010.597794470444
Benin,2018-05-01,3027.5798303060105
Benin,2018-06-01,3047.5512995961053
Benin,2018-07-01,3070.5122023427275
Benin,2018-08-01,3096.462538548172
Benin,2018-09-01,3125.402308215034
Benin,2018-10-01,3157.3315113462077
Benin,2018-11-01,3192.2501479448856
Benin,2018-12-01,3230.15821801456
Benin,2019-01-01,3271.0557215590225
Benin,2019-02-01,3308.362559327641
Benin,2019-03-01,3342.078731324149
Benin,2019-04-01,3372.204237551917
Benin,2019-05-01,3398.7390780139535
Benin,2019-06-01,3421.683252712914
Benin,2019-07-01,3441.036761651094
Benin,2019-08-01,3456.7996048304285
Benin,2019-09-01,3468.971782252493
Benin,2019-10-01,3477.553293918505
Benin,2019-11-01,3482.5441398293237
Benin,2019-12-01,3483.944319985447
Benin,2020-01-01,3481.7538343870146
Benin,2020-02-01,3482.25857945681
Benin,2020-03-01,3485.45855519488
Benin,2020-04-01,3491.353761601554
Benin,2020-05-01,3499.9441986774145
Benin,2020-06-01,3511.229866423321
Benin,2020-07-01,3525.2107648404017
Benin,2020-08-01,3541.8868939300564
Benin,2020-09-01,3561.2582536939512
Benin,2020-10-01,3583.324844134023
Benin,2020-11-01,3608.0866652524796
Benin,2020-12-01,3635.543717051797
Benin,2021-01-01,3665.695999534721
Benin,2021-02-01,3697.5599790249144
Benin,2021-03-01,3731.1356555255657
Benin,2021-04-01,3766.423029040031
Benin,2021-05-01,3803.4220995718383
Benin,2021-06-01,3842.132867124688
Benin,2021-07-01,3882.55533170245
Benin,2021-08-01,3924.6894933091685
Benin,2021-09-01,3968.5353519490554
Benin,2021-10-01,4014.092907626495
Benin,2021-11-01,4061.3621603460433
Benin,2021-12-01,4110.343110112429
Benin,2022-01-01,4161.035756930548
Benin,2022-02-01,4210.355050442431
Benin,2022-03-01,4258.300990653008
Benin,2022-04-01,4304.873577567071
Benin,2022-05-01,4350.072811189278
Benin,2022-06-01,4393.898691524152
Benin,2022-07-01,4436.351218576076
Benin,2022-08-01,4477.4303923492935
Benin,2022-09-01,4517.136212847914
Benin,2022-10-01,4555.468680075907
Benin,2022-11-01,4592.427794037107
Benin,2022-12-01,4628.013554735209
Benin,2023-01-01,4662.225962173773
Benin,2023-02-01,4696.862963347992
Benin,2023-03-01,4731.924558261334
Benin,2023-04-01,4767.4107469173
Benin,2023-05-01,4803.321529319442
Benin,2023-06-01,4839.656905471345
Benin,2023-07-01,4876.416875376647
Benin,2023-08-01,4913.6014390390255
Benin,2023-09-01,4951.210596462199
Benin,2023-10-01,4989.244347649927
Benin,2023-11-01,5027.7026926060125
Benin,2023-12-01,5066.585631334303
Benin,2024-01-01,5105.893163838685
Benin,2024-02-01,5146.472947830441
Benin,2024-03-01,5188.324983313617
Benin,2024-04-01,5231.449270292422
Benin,2024-05-01,5275.845808771148
Benin,2024-06-01,5321.514598754243
Benin,2024-07-01,5368.455640246272
Benin,2024-08-01,5416.668933251932
Benin,2024-09-01,5466.154477776044
Benin,2024-10-01,5516.912273823555
Benin,2024-11-01,5568.942321399542
Benin,2024-12-01,5622.244620509209
Benin,2025-01-01,5676.819171157885
Benin,2025-02-01,5726.84584256666
Benin,2025-03-01,5772.324634740542
Benin,2025-04-01,5813.255547684068
Benin,2025-05-01,5849.638581401342
Benin,2025-06-01,5881.473735895997
Benin,2025-07-01,5908.761011171215
Benin,2025-08-01,5931.500407229727
Benin,2025-09-01,5949.691924073808
Benin,2025-10-01,5963.3355617052775
Benin,2025-11-01,5972.431320125498
Benin,2025-12-01,5976.979199335382
Botswana,2015-01-01,2540.9161042622914
Botswana,2015-02-01,2542.8046849916973
Botswana,2015-03-01,2546.581846450697
Botswana,2015-04-01,2552.247588639671
Botswana,2015-05-01,2559.8019115591837
Botswana,2015-06-01,2569.244815209991
Botswana,2015-07-01,2580.5762995930368
Botswana,2015-08-01,2593.796364709455
Botswana,2015-09-01,2608.905010560567
Botswana,2015-10-01,2625.902237147884
Botswana,2015-11-01,2644.788044473106
Botswana,2015-12-01,2665.562432538121
Botswana,2016-01-01,2688.225401345007
Botswana,2016-02-01,2710.285478388503
Botswana,2016-03-01,2731.7426636708165
Botswana,2016-04-01,2752.596957194094
Botswana,2016-05-01,2772.8483589604184
Botswana,2016-06-01,2792.4968689718157
Botswana,2016-07-01,2811.5424872302497
Botswana,2016-08-01,2829.985213737625
Botswana,2016-09-01,2847.8250484957866
Botswana,2016-10-01,2865.061991506518
Botswana,2016-11-01,2881.6960427715435
Botswana,2016-12-01,2897.7272022925263
Botswana,2017-01-01,2913.155470071069
Botswana,2017-02-01,2927.2316542152803
Botswana,2017-03-01,2939.955754726569
Botswana,2017-04-01,2951.3277716062044
Botswana,2017-05-01,2961.347704855324
Botswana,2017-06-01,2970.015554474932
Botswana,2017-07-01,2977.3313204658944
Botswana,2017-08-01,2983.295002828942
Botswana,2017-09-01,2987.9066015646713
Botswana,2017-10-01,2991.166116673544
Botswana,2017-11-01,2993.073548155886
Botswana,2017-12-01,2993.6288960118873
Botswana,2018-01-01,2992.832160241604
Botswana,2018-02-01,2993.547395752222
Botswana,2018-03-01,2995.774602543812
Botswana,2018-04-01,2999.513780616599
Botswana,2018-05-01,3004.764929970956
Botswana,2018-06-01,3011.528050607407
Botswana,2018-07-01,3019.8031425266295
Botswana,2018-08-01,3029.5902057294506
Botswana,2018-09-01,3040.8892402168494
Botswana,2018-10-01,3053.7002459899554
Botswana,2018-11-01,3068.0232230500496
Botswana,2018-12-01,3083.858171398564
Botswana,2019-01-01,3101.205091037083
Botswana,2019-02-01,3114.335662391376
Botswana,2019-03-01,3123.2498854627515
Botswana,2019-04-01,3127.9477602521097
Botswana,2019-05-01,3128.4292867599124
Botswana,2019-06-01,3124.694464986213
Botswana,2019-07-01,3116.7432949306353
Botswana,2019-08-01,3104.575776592385
Botswana,2019-09-01,3088.191909970245
Botswana,2019-10-01,3067.591695062577
Botswana,2019-11-01,3042.7751318673213
Botswana,2019-12-01,3013.742220381996
Botswana,2020-01-01,2980.4929606036976
Botswana,2020-02-01,2956.1083512059026
Botswana,2020-03-01,2940.5883921861723
Botswana,2020-04-01,2933.933083542958
Botswana,2020-05-01,2936.14242527559
Botswana,2020-06-01,2947.2164173842903
Botswana,2020-07-01,2967.1550598701656
Botswana,2020-08-01,2995.958352735211
Botswana,2020-09-01,3033.6262959823066
Botswana,2020-10-01,3080.158889615218
Botswana,2020-11-01,3135.5561336385995
Botswana,2020-12-01,3199.81802805799
Botswana,2021-01-01,3272.9445728798164
Botswana,2021-02-01,3342.6784445807243
Botswana,2021-03-01,3409.0196431676914
Botswana,2021-04-01,3471.968168647345
Botswana,2021-05-01,3531.524021025981
Botswana,2021-06-01,3587.6872003095555
Botswana,2021-07-01,3640.4577065036856
Botswana,2021-08-01,3689.835539613648
Botswana,2021-09-01,3735.82069964438
Botswana,2021-10-01,3778.41318660048
Botswana,2021-11-01,3817.613000486207
Botswana,2021-12-01,3853.4201413054825
Botswana,2022-01-01,3885.834609061886
Botswana,2022-02-01,3918.123843347589
Botswana,2022-03-01,3950.287844165809
Botswana,2022-04-01,3982.3266115197844
Botswana,2022-05-01,4014.2401454127025
Botswana,2022-06-01,4046.028445847762
Botswana,2022-07-01,4077.6915128281394
Botswana,2022-08-01,4109.229346357001
Botswana,2022-09-01,4140.641946437501
Botswana,2022-10-01,4171.929313072781
Botswana,2022-11-01,4203.091446265969
Botswana,2022-12-01,4234.128346020184
Botswana,2023-01-01,4265.040012338526
Botswana,2023-02-01,4292.235990326963
Botswana,2023-03-01,4315.716279988223
Botswana,2023-04-01,4335.4808813246345
Botswana,2023-05-01,4351.529794338184
Botswana,2023-06-01,4363.86301903048
Botswana,2023-07-01,4372.480555402752
Botswana,2023-08-01,4377.382403455862
Botswana,2023-09-01,4378.568563190301
Botswana,2023-10-01,4376.039034606186
Botswana,2023-11-01,4369.793817703266
Botswana,2023-12-01,4359.832912480916
Botswana,2024-01-01,4346.15631893814
Botswana,2024-02-01,4334.589580581818
Botswana,2024-03-01,4325.132697410791
Botswana,2024-04-01,4317.785669424116
Botswana,2024-05-01,4312.54849662106
Botswana,2024-06-01,4309.421179001093
Botswana,2024-07-01,4308.403716563907
Botswana,2024-08-01,4309.496109309401
Botswana,2024-09-01,4312.698357237682
Botswana,2024-10-01,4318.010460349072
Botswana,2024-11-01,4325.432418644102
Botswana,2024-12-01,4334.964232123513
Botswana,2025-01-01,4346.60590078826
Botswana,2025-02-01,4357.27743039352
Botswana,2025-03-01,4366.978820940367
Botswana,2025-04-01,4375.710072429759
Botswana,2025-05-01,4383.471184862575
Botswana,2025-06-01,4390.2621582395905
Botswana,2025-07-01,4396.082992561485
Botswana,2025-08-01,4400.933687828841
Botswana,2025-09-01,4404.814244042143
Botswana,2025-10-01,4407.72466120178
Botswana,2025-11-01,4409.664939308042
Botswana,2025-12-01,4410.635078361126
Burkina-Faso,2015-01-01,2889.049599109677
Burkina-Faso,2015-02-01,2890.624916035455
Burkina-Faso,2015-03-01,2893.775549887171
Burkina-Faso,2015-04-01,2898.5015006651333
Burkina-Faso,2015-05-01,2904.8027683698197
Burkina-Faso,2015-06-01,2912.67935300186
Burkina-Faso,2015-07-01,2922.131254562041
Burkina-Faso,2015-08-01,2933.1584730513073
Burkina-Faso,2015-09-01,2945.7610084707635
Burkina-Faso,2015-10-01,2959.9388608216686
Burkina-Faso,2015-11-01,2975.692030105441
Burkina-Faso,2015-12-01,2993.0205163236556
Burkina-Faso,2016-01-01,3011.9243194780456
Burkina-Faso,2016-02-01,3031.437827560206
Burkina-Faso,2016-03-01,3051.56104057209
Burkina-Faso,2016-04-01,3072.29395851571
Burkina-Faso,2016-05-01,3093.6365813931357
Burkina-Faso,2016-06-01,3115.5889092065026
Burkina-Faso,2016-07-01,3138.1509419580057
Burkina-Faso,2016-08-01,3161.322679649902
Burkina-Faso,2016-09-01,3185.104122284508
Burkina-Faso,2016-10-01,3209.4952698642014
Burkina-Faso,2016-11-01,3234.4961223914224
Burkina-Faso,2016-12-01,3260.1066798686707
Burkina-Faso,2017-01-01,3286.3269422985063
Burkina-Faso,2017-02-01,3310.6013646386646
Burkina-Faso,2017-03-01,3332.9299468915765
Burkina-Faso,2017-04-01,3353.312689059464
Burkina-Faso,2017-05-01,3371.749591144374
Burkina-Faso,2017-06-01,3388.240653148148
Burkina-Faso,2017-07-01,3402.785875072433
Burkina-Faso,2017-08-01,3415.385256918686
Burkina-Faso,2017-09-01,3426.038798688167
Burkina-Faso,2017-10-01,3434.74650038194
Burkina-Faso,2017-11-01,3441.5083620008772
Burkina-Faso,2017-12-01,3446.3243835456537
Burkina-Faso,2018-01-01,3449.1945650167513
Burkina-Faso,2018-02-01,3455.0219837868067
Burkina-Faso,2018-03-01,3463.8066398564038
Burkina-Faso,2018-04-01,3475.548533226414
Burkina-Faso,2018-05-01,3490.2476638980193
Burkina-Faso,2018-06-01,3507.9040318726875
Burkina-Faso,2018-07-01,3528.517637152184
Burkina-Faso,2018-08-01,3552.0884797385697
Burkina-Faso,2018-09-01,3578.6165596342034
Burkina-Faso,2018-10-01,3608.1018768417375
Burkina-Faso,2018-11-01,3640.5444313641196
Burkina-Faso,2018-12-01,3675.9442232045935
Burkina-Faso,2019-01-01,3714.3012523667007
Burkina-Faso,2019-02-01,3752.1616114684953
Burkina-Faso,2019-03-01,3789.5253005137656
Burkina-Faso,2019-04-01,3826.392319506243
Burkina-Faso,2019-05-01,3862.7626684496167
Burkina-Faso,2019-06-01,3898.6363473475244
Burkina-Faso,2019-07-01,3934.0133562035535
Burkina-Faso,2019-08-01,3968.8936950212415
Burkina-Faso,2019-09-01,4003.2773638040762
Burkina-Faso,2019-10-01,4037.164362555496
Burkina-Faso,2019-11-01,4070.55469127889
Burkina-Faso,2019-12-01,4103.448349977596
Burkina-Faso,2020-01-01,4135.8453386549045
Burkina-Faso,2020-02-01,4166.901609945455
Burkina-Faso,2020-03-01,4196.617163852351
Burkina-Faso,2020-04-01,4224.992000378568
Burkina-Faso,2020-05-01,4252.026119526943
Burkina-Faso,2020-06-01,4277.719521300177
Burkina-Faso,2020-07-01,4302.072205700841
Burkina-Faso,2020-08-01,4325.08417273137
Burkina-Faso,2020-09-01,4346.755422394065
Burkina-Faso,2020-10-01,4367.085954691092
Burkina-Faso,2020-11-01,4386.075769624486
Burkina-Faso,2020-12-01,4403.724867196145
Burkina-Faso,2021-01-01,4420.033247407834
Burkina-Faso,2021-02-01,4438.3447761374755
Burkina-Faso,2021-03-01,4458.659453386894
Burkina-Faso,2021-04-01,4480.977279158127
Burkina-Faso,2021-05-01,4505.298253453408
Burkina-Faso,2021-06-01,4531.622376275166
Burkina-Faso,2021-07-01,4559.949647626035
Burkina-Faso,2021-08-01,4590.280067508846
Burkina-Faso,2021-09-01,4622.613635926633
Burkina-Faso,2021-10-01,4656.95035288263
Burkina-Faso,2021-11-01,4693.29021838027
Burkina-Faso,2021-12-01,4731.633232423187
Burkina-Faso,2022-01-01,4771.979395015216
Burkina-Faso,2022-02-01,4810.947019843061
Burkina-Faso,2022-03-01,4848.536106910624
Burkina-Faso,2022-04-01,4884.74665622165
Burkina-Faso,2022-05-01,4919.578667779766
Burkina-Faso,2022-06-01,4953.032141588456
Burkina-Faso,2022-07-01,4985.107077651064
Burkina-Faso,2022-08-01,5015.8034759708
Burkina-Faso,2022-09-01,5045.121336550733
Burkina-Faso,2022-10-01,5073.060659393794
Burkina-Faso,2022-11-01,5099.621444502778
Burkina-Faso,2022-12-01,5124.803691880342
Burkina-Faso,2023-01-01,5148.607401529002
Burkina-Faso,2023-02-01,5173.225591136837
Burkina-Faso,2023-03-01,5198.658260706303
Burkina-Faso,2023-04-01,5224.90541023995
Burkina-Faso,2023-05-01,5251.9670397404
Burkina-Faso,2023-06-01,5279.84314921036
Burkina-Faso,2023-07-01,5308.533738652617
Burkina-Faso,2023-08-01,5338.03880807004
Burkina-Faso,2023-09-01,5368.35835746558
Burkina-Faso,2023-10-01,5399.492386842268
Burkina-Faso,2023-11-01,5431.440896203219
Burkina-Faso,2023-12-01,5464.203885551628
Burkina-Faso,2024-01-01,5497.78135489077
Burkina-Faso,2024-02-01,5531.7186636788865
Burkina-Faso,2024-03-01,5566.01581191938
Burkina-Faso,2024-04-01,5600.672799615663
Burkina-Faso,2024-05-01,5635.689626771212
Burkina-Faso,2024-06-01,5671.066293389525
Burkina-Faso,2024-07-01,5706.80279947414
Burkina-Faso,2024-08-01,5742.899145028631
Burkina-Faso,2024-09-01,5779.355330056609
Burkina-Faso,2024-10-01,5816.1713545617185
Burkina-Faso,2024-11-01,5853.347218547643
Burkina-Faso,2024-12-01,5890.8829220181
Burkina-Faso,2025-01-01,5928.778464976841
Burkina-Faso,2025-02-01,5963.516046009037
Burkina-Faso,2025-03-01,5995.0956651181705
Burkina-Faso,2025-04-01,6023.517322307383
Burkina-Faso,2025-05-01,6048.781017579524
Burkina-Faso,2025-06-01,6070.886750937122
Burkina-Faso,2025-07-01,6089.834522382384
Burkina-Faso,2025-08-01,6105.624331917206
Burkina-Faso,2025-09-01,6118.256179543169
Burkina-Faso,2025-10-01,6127.730065261536
Burkina-Faso,2025-11-01,6134.0459890732545
Burkina-Faso,2025-12-01,6137.2039509789565
Burundi,2015-01-01,711.5724158213676
Burundi,2015-02-01,711.553343924592
Burundi,2015-03-01,711.5152001310391
Burundi,2015-04-01,711.4579844407049
Burundi,2015-05-01,711.3816968535837
Burundi,2015-06-01,711.2863373696676
Burundi,2015-07-01,711.1719059889474
Burundi,2015-08-01,711.0384027114114
Burundi,2015-09-01,710.8858275370466
Burundi,2015-10-01,710.7141804658374
Burundi,2015-11-01,710.5234614977669
Burundi,2015-12-01,710.313670632816
Burundi,2016-01-01,710.0848078709636
Burundi,2016-02-01,710.0548945645135
Burundi,2016-03-01,710.2239307134615
Burundi,2016-04-01,710.5919163178258
Burundi,2016-05-01,711.1588513776433
Burundi,2016-06-01,711.9247358929706
Burundi,2016-07-01,712.889569863884
Burundi,2016-08-01,714.0533532904801
Burundi,2016-09-01,715.4160861728756
Burundi,2016-10-01,716.9777685112061
Burundi,2016-11-01,718.7384003056285
Burundi,2016-12-01,720.6979815563185
Burundi,2017-01-01,722.8565122634719
Burundi,2017-02-01,724.8157527147301
Burundi,2017-03-01,726.5757029102889
Burundi,2017-04-01,728.1363628503249
Burundi,2017-05-01,729.4977325349927
Burundi,2017-06-01,730.6598119644291
Burundi,2017-07-01,731.6226011387506
Burundi,2017-08-01,732.3861000580532
Burundi,2017-09-01,732.9503087224135
Burundi,2017-10-01,733.3152271318877
Burundi,2017-11-01,733.4808552865125
Burundi,2017-12-01,733.4471931863043
Burundi,2018-01-01,733.2142408312598
Burundi,2018-02-01,733.514047118023
Burundi,2018-03-01,734.3466120466236
Burundi,2018-04-01,735.7119356171445
Burundi,2018-05-01,737.610017829723
Burundi,2018-06-01,740.0408586845489
Burundi,2018-07-01,743.0044581818652
Burundi,2018-08-01,746.5008163219682
Burundi,2018-09-01,750.5299331052075
Burundi,2018-10-01,755.0918085319862
Burundi,2018-11-01,760.1864426027603
Burundi,2018-12-01,765.8138353180392
Burundi,2019-01-01,771.9739866783858
Burundi,2019-02-01,777.6751954254862
Burundi,2019-03-01,782.917461559908
Burundi,2019-04-01,787.7007850821801
Burundi,2019-05-01,792.0251659927782
Burundi,2019-06-01,795.8906042921348
Burundi,2019-07-01,799.2970999806367
Burundi,2019-08-01,802.2446530586245
Burundi,2019-09-01,804.733263526393
Burundi,2019-10-01,806.762931384191
Burundi,2019-11-01,808.3336566322215
Burundi,2019-12-01,809.4454392706417
Burundi,2020-01-01,810.0982792995625
Burundi,2020-02-01,811.3422583508151
Burundi,2020-03-01,813.1773764245235
Burundi,2020-04-01,815.6036335208724
Burundi,2020-05-01,818.6210296401041
Burundi,2020-06-01,822.2295647825202
Burundi,2020-07-01,826.429238948481
Burundi,2020-08-01,831.2200521384071
Burundi,2020-09-01,836.6020043527773
Burundi,2020-10-01,842.5750955921294
Burundi,2020-11-01,849.1393258570611
Burundi,2020-12-01,856.2946951482287
Burundi,2021-01-01,864.041203466348
Burundi,2021-02-01,871.7308053502844
Burundi,2021-03-01,879.3635008008059
Burundi,2021-04-01,886.9392898186775
Burundi,2021-05-01,894.4581724046559
Burundi,2021-06-01,901.9201485594931
Burundi,2021-07-01,909.3252182839352
Burundi,2021-08-01,916.6733815787229
Burundi,2021-09-01,923.9646384445911
Burundi,2021-10-01,931.1989888822686
Burundi,2021-11-01,938.376432892479
Burundi,2021-12-01,945.4969704759401
Burundi,2022-01-01,952.5606016333642
Burundi,2022-02-01,959.455657388388
Burundi,2022-03-01,966.1821377417039
Burundi,2022-04-01,972.7400426939785
Burundi,2022-05-01,979.1293722458709
Burundi,2022-06-01,985.3501263980199
Burundi,2022-07-01,991.4023051510475
Burundi,2022-08-01,997.2859085055588
Burundi,2022-09-01,1003.0009364621425
Burundi,2022-10-01,1008.5473890213699
Burundi,2022-11-01,1013.9252661837958
Burundi,2022-12-01,1019.1345679499582
Burundi,2023-01-01,1024.1752943203776
Burundi,2023-02-01,1029.1847983311654
Burundi,2023-03-01,1034.1630799828222
Burundi,2023-04-01,1039.1101392758458
Burundi,2023-05-01,1044.0259762107314
Burundi,2023-06-01,1048.9105907879705
Burundi,2023-07-01,1053.7639830080511
Burundi,2023-08-01,1058.5861528714593
Burundi,2023-09-01,1063.377100378677
Burundi,2023-10-01,1068.1368255301832
Burundi,2023-11-01,1072.8653283264541
Burundi,2023-12-01,1077.5626087679627
Burundi,2024-01-01,1082.2286668551785
Burundi,2024-02-01,1087.2129762508923
Burundi,2024-03-01,1092.5155369556037
Burundi,2024-04-01,1098.1363489698415
Burundi,2024-05-01,1104.075412294168
Burundi,2024-06-01,1110.3327269291772
Burundi,2024-07-01,1116.9082928754945
Burundi,2024-08-01,1123.8021101337777
Burundi,2024-09-01,1131.0141787047166
Burundi,2024-10-01,1138.5444985890322
Burundi,2024-11-01,1146.3930697874778
Burundi,2024-12-01,1154.559892300838
Burundi,2025-01-01,1163.0449661299294
Burundi,2025-02-01,1170.8229504702817
Burundi,2025-03-01,1177.8938453226729
Burundi,2025-04-01,1184.2576506878097
Burundi,2025-05-01,1189.914366566328
Burundi,2025-06-01,1194.8639929587941
Burundi,2025-07-01,1199.1065298657031
Burundi,2025-08-01,1202.641977287479
Burundi,2025-09-01,1205.4703352244753
Burundi,2025-10-01,1207.591603676975
Burundi,2025-11-01,1209.0057826451903
Burundi,2025-12-01,1209.7128721292627
Cameroon,2015-01-01,6732.933663407062
Cameroon,2015-02-01,6736.358598346603
Cameroon,2015-03-01,6743.208468226024
Cameroon,2015-04-01,6753.483273046013
Cameroon,2015-05-01,6767.183012807595
Cameroon,2015-06-01,6784.307687512145
Cameroon,2015-07-01,6804.857297161372
Cameroon,2015-08-01,6828.831841757331
Cameroon,2015-09-01,6856.231321302419
Cameroon,2015-10-01,6887.0557357993775
Cameroon,2015-11-01,6921.305085251289
Cameroon,2015-12-01,6958.979369661578
Cameroon,2016-01-01,7000.078589034012
Cameroon,2016-02-01,7039.554657373512
Cameroon,2016-03-01,7077.40757468403
Cameroon,2016-04-01,7113.637340969342
Cameroon,2016-05-01,7148.24395623308
Cameroon,2016-06-01,7181.227420478703
Cameroon,2016-07-01,7212.587733709505
Cameroon,2016-08-01,7242.324895928624
Cameroon,2016-09-01,7270.438907139033
Cameroon,2016-10-01,7296.929767343545
Cameroon,2016-11-01,7321.797476544809
Cameroon,2016-12-01,7345.042034745312
Cameroon,2017-01-01,7366.663441947378
Cameroon,2017-02-01,7392.046592751795
Cameroon,2017-03-01,7421.191487161105
Cameroon,2017-04-01,7454.098125178223
Cameroon,2017-05-01,7490.766506806435
Cameroon,2017-06-01,7531.196632049408
Cameroon,2017-07-01,7575.388500911186
Cameroon,2017-08-01,7623.342113396188
Cameroon,2017-09-01,7675.05746950921
Cameroon,2017-10-01,7730.53456925542
Cameroon,2017-11-01,7789.773412640368
Cameroon,2017-12-01,7852.773999669978
Cameroon,2018-01-01,7919.536330350549
Cameroon,2018-02-01,7986.479738679276
Cameroon,2018-03-01,8053.604224662856
Cameroon,2018-04-01,8120.909788307988
Cameroon,2018-05-01,8188.396429621413
Cameroon,2018-06-01,8256.06414860988
Cameroon,2018-07-01,8323.912945280154
Cameroon,2018-08-01,8391.94281963902
Cameroon,2018-09-01,8460.15377169328
Cameroon,2018-10-01,8528.545801449758
Cameroon,2018-11-01,8597.11890891529
Cameroon,2018-12-01,8665.873094096734
Cameroon,2019-01-01,8734.808357000968
Cameroon,2019-02-01,8799.57149242645
Cameroon,2019-03-01,8860.16250037965
Cameroon,2019-04-01,8916.581380866653
Cameroon,2019-05-01,8968.828133893072
Cameroon,2019-06-01,9016.902759464145
Cameroon,2019-07-01,9060.805257584676
Cameroon,2019-08-01,9100.535628259058
Cameroon,2019-09-01,9136.093871491263
Cameroon,2019-10-01,9167.479987284843
Cameroon,2019-11-01,9194.693975642942
Cameroon,2019-12-01,9217.735836568278
Cameroon,2020-01-01,9236.605570063153
Cameroon,2020-02-01,9263.949822081717
Cameroon,2020-03-01,9299.768592626699
Cameroon,2020-04-01,9344.061881701695
Cameroon,2020-05-01,9396.829689311116
Cameroon,2020-06-01,9458.072015460248
Cameroon,2020-07-01,9527.788860155213
Cameroon,2020-08-01,9605.980223402983
Cameroon,2020-09-01,9692.646105211375
Cameroon,2020-10-01,9787.786505589058
Cameroon,2020-11-01,9891.401424545544
Cameroon,2020-12-01,10003.490862091194
Cameroon,2021-01-01,10124.054818237219
Cameroon,2021-02-01,10243.137310175956
Cameroon,2021-03-01,10360.738337919334
Cameroon,2021-04-01,10476.857901479081
Cameroon,2021-05-01,10591.496000866819
Cameroon,2021-06-01,10704.652636094008
Cameroon,2021-07-01,10816.327807171967
Cameroon,2021-08-01,10926.521514111864
Cameroon,2021-09-01,11035.23375692472
Cameroon,2021-10-01,11142.464535621402
Cameroon,2021-11-01,11248.213850212636
Cameroon,2021-12-01,11352.481700708999
Cameroon,2022-01-01,11455.268087120914
Cameroon,2022-02-01,11554.96361859991
Cameroon,2022-03-01,11651.568295155957
Cameroon,2022-04-01,11745.082116798698
Cameroon,2022-05-01,11835.5050835375
Cameroon,2022-06-01,11922.83719538141
Cameroon,2022-07-01,12007.07845233915
Cameroon,2022-08-01,12088.228854419149
Cameroon,2022-09-01,12166.288401629523
Cameroon,2022-10-01,12241.257093978078
Cameroon,2022-11-01,12313.13493147231
Cameroon,2022-12-01,12381.921914119408
Cameroon,2023-01-01,12447.61804192625
Cameroon,2023-02-01,12512.576784796247
Cameroon,2023-03-01,12576.79814273589
Cameroon,2023-04-01,12640.28211575159
Cameroon,2023-05-01,12703.028703849726
Cameroon,2023-06-01,12765.03790703656
Cameroon,2023-07-01,12826.309725318286
Cameroon,2023-08-01,12886.844158701037
Cameroon,2023-09-01,12946.641207190863
Cameroon,2023-10-01,13005.700870793748
Cameroon,2023-11-01,13064.023149515599
Cameroon,2023-12-01,13121.608043362248
Cameroon,2024-01-01,13178.45555233945
Cameroon,2024-02-01,13238.291473048725
Cameroon,2024-03-01,13301.115805496063
Cameroon,2024-04-01,13366.928549687724
Cameroon,2024-05-01,13435.72970563031
Cameroon,2024-06-01,13507.519273330687
Cameroon,2024-07-01,13582.297252796043
Cameroon,2024-08-01,13660.063644033857
Cameroon,2024-09-01,13740.8184470519
Cameroon,2024-10-01,13824.561661858252
Cameroon,2024-11-01,13911.293288461287
Cameroon,2024-12-01,14001.013326869683
Cameroon,2025-01-01,14093.721777092405
Cameroon,2025-02-01,14178.704523097324
Cameroon,2025-03-01,14255.961564892972
Cameroon,2025-04-01,14325.492902487007
Cameroon,2025-05-01,14387.298535886415
Cameroon,2025-06-01,14441.378465097378
Cameroon,2025-07-01,14487.732690125296
Cameroon,2025-08-01,14526.361210974812
Cameroon,2025-09-01,14557.26402764979
Cameroon,2025-10-01,14580.441140153316
Cameroon,2025-11-01,14595.892548487715
Cameroon,2025-12-01,14603.618252654529
Cape Verde,2015-01-01,300.2273273140442
Cape Verde,2015-02-01,300.3331825549286
Cape Verde,2015-03-01,300.5448930367076
Cape Verde,2015-04-01,300.86245875940307
Cape Verde,2015-05-01,301.2858797230461
Cape Verde,2015-06-01,301.8151559276794
Cape Verde,2015-07-01,302.45028737335593
Cape Verde,2015-08-01,303.19127406013905
Cape Verde,2015-09-01,304.0381159881029
Cape Verde,2015-10-01,304.99081315733224
Cape Verde,2015-11-01,306.0493655679222
Cape Verde,2015-12-01,307.2137732199788
Cape Verde,2016-01-01,308.48403611361846
Cape Verde,2016-02-01,309.89022432084215
Cape Verde,2016-03-01,311.4323378417902
Cape Verde,2016-04-01,313.11037667661714
Cape Verde,2016-05-01,314.9243408254909
Cape Verde,2016-06-01,316.8742302885927
Cape Verde,2016-07-01,318.9600450661175
Cape Verde,2016-08-01,321.18178515827407
Cape Verde,2016-09-01,323.5394505652845
Cape Verde,2016-10-01,326.03304128738444
Cape Verde,2016-11-01,328.66255732482347
Cape Verde,2016-12-01,331.4279986778644
Cape Verde,2017-01-01,334.3293653467838
Cape Verde,2017-02-01,336.7648371674129
Cape Verde,2017-03-01,338.7344141399956
Cape Verde,2017-04-01,340.23809626472837
Cape Verde,2017-05-01,341.2758835417617
Cape Verde,2017-06-01,341.8477759711994
Cape Verde,2017-07-01,341.95377355309864
Cape Verde,2017-08-01,341.59387628747004
Cape Verde,2017-09-01,340.7680841742776
Cape Verde,2017-10-01,339.4763972134387
Cape Verde,2017-11-01,337.7188154048243
Cape Verde,2017-12-01,335.4953387482585
Cape Verde,2018-01-01,332.80596724351904
Cape Verde,2018-02-01,330.9845547556011
Cape Verde,2018-03-01,330.03110128432246
Cape Verde,2018-04-01,329.94560682958786
Cape Verde,2018-05-01,330.72807139138877
Cape Verde,2018-06-01,332.3784949698034
Cape Verde,2018-07-01,334.89687756499677
Cape Verde,2018-08-01,338.28321917722076
Cape Verde,2018-09-01,342.537519806814
Cape Verde,2018-10-01,347.6597794542019
Cape Verde,2018-11-01,353.6499981198966
Cape Verde,2018-12-01,360.5081758044973
Cape Verde,2019-01-01,368.23431250868964
Cape Verde,2019-02-01,374.2573424554327
Cape Verde,2019-03-01,378.57726564532805
Cape Verde,2019-04-01,381.1940820788089
Cape Verde,2019-05-01,382.1077917561362
Cape Verde,2019-06-01,381.3183946774016
Cape Verde,2019-07-01,378.82589084252595
Cape Verde,2019-08-01,374.6302802512602
Cape Verde,2019-09-01,368.7315629031846
Cape Verde,2019-10-01,361.12973879770936
Cape Verde,2019-11-01,351.8248079340743
Cape Verde,2019-12-01,340.8167703113488
Cape Verde,2020-01-01,328.1056259284322
Cape Verde,2020-02-01,316.9231914879376
Cape Verde,2020-03-01,307.26946698874707
Cape Verde,2020-04-01,299.14445242989484
Cape Verde,2020-05-01,292.54814781056854
Cape Verde,2020-06-01,287.48055313010855
Cape Verde,2020-07-01,283.941668388008
Cape Verde,2020-08-01,281.9314935839131
Cape Verde,2020-09-01,281.45002871762284
Cape Verde,2020-10-01,282.4972737890889
Cape Verde,2020-11-01,285.07322879841627
Cape Verde,2020-12-01,289.1778937458624
Cape Verde,2021-01-01,294.8112686318377
Cape Verde,2021-02-01,300.6583714372507
Cape Verde,2021-03-01,306.7192021626862
Cape Verde,2021-04-01,312.9937608087501
Cape Verde,2021-05-01,319.48204737606983
Cape Verde,2021-06-01,326.1840618652943
Cape Verde,2021-07-01,333.09980427709365
Cape Verde,2021-08-01,340.22927461215954
Cape Verde,2021-09-01,347.57247287120487
Cape Verde,2021-10-01,355.1293990549639
Cape Verde,2021-11-01,362.90005316419234
Cape Verde,2021-12-01,370.88443519966734
Cape Verde,2022-01-01,379.0825451621873
Cape Verde,2022-02-01,386.7102065752123
Cape Verde,2022-03-01,393.7674194395053
Cape Verde,2022-04-01,400.2541837557719
Cape Verde,2022-05-01,406.17049952466044
Cape Verde,2022-06-01,411.5163667467629
Cape Verde,2022-07-01,416.2917854226136
Cape Verde,2022-08-01,420.4967555526903
Cape Verde,2022-09-01,424.1312771374134
Cape Verde,2022-10-01,427.19535017714645
Cape Verde,2022-11-01,429.68897467219585
Cape Verde,2022-12-01,431.61215062281093
Cape Verde,2023-01-01,432.964878029184
Cape Verde,2023-02-01,434.5600223351262
Cape Verde,2023-03-01,436.39758354079737
Cape Verde,2023-04-01,438.4775616463809
Cape Verde,2023-05-01,440.7999566520849
Cape Verde,2023-06-01,443.3647685581413
Cape Verde,2023-07-01,446.171997364807
Cape Verde,2023-08-01,449.22164307236255
Cape Verde,2023-09-01,452.5137056811129
Cape Verde,2023-10-01,456.04818519138735
Cape Verde,2023-11-01,459.82508160353933
Cape Verde,2023-12-01,463.84439491794666
Cape Verde,2024-01-01,468.10612513501104
Cape Verde,2024-02-01,472.3190518494378
Cape Verde,2024-03-01,476.4831750616484
Cape Verde,2024-04-01,480.59849477205927
Cape Verde,2024-05-01,484.6650109810816
Cape Verde,2024-06-01,488.68272368912227
Cape Verde,2024-07-01,492.6516328965829
Cape Verde,2024-08-01,496.5717386038605
Cape Verde,2024-09-01,500.44304081134715
Cape Verde,2024-10-01,504.26553951942986
Cape Verde,2024-11-01,508.03923472849095
Cape Verde,2024-12-01,511.76412643890785
Cape Verde,2025-01-01,515.440214651053
Cape Verde,2025-02-01,518.8099621775609
Cape Verde,2025-03-01,521.873369018768
Cape Verde,2025-04-01,524.6304351749822
Cape Verde,2025-05-01,527.0811606464774
Cape Verde,2025-06-01,529.2255454335
Cape Verde,2025-07-01,531.0635895362637
Cape Verde,2025-08-01,532.5952929549527
Cape Verde,2025-09-01,533.8206556897201
Cape Verde,2025-10-01,534.7396777406883
Cape Verde,2025-11-01,535.3523591079494
Cape Verde,2025-12-01,535.6586997915646
Central African Republic,2015-01-01,329.31135277505115
Central African Republic,2015-02-01,329.46394146045134
Central African Republic,2015-03-01,329.769118831267
Central African Republic,2015-04-01,330.2268848875288
Central African Republic,2015-05-01,330.83723962928224
Central African Republic,2015-06-01,331.60018305658843
Central African Republic,2015-07-01,332.5157151695237
Central African Republic,2015-08-01,333.5838359681795
Central African Republic,2015-09-01,334.80454545266286
Central African Republic,2015-10-01,336.17784362309567
Central African Republic,2015-11-01,337.70373047961533
Central African Republic,2015-12-01,339.3822060223744
Central African Republic,2016-01-01,341.2132702515408
Central African Republic,2016-02-01,343.07753907055167
Central African Republic,2016-03-01,344.97501247959366
Central African Republic,2016-04-01,346.9056904788564
Central African Republic,2016-05-01,348.8695730685328
Central African Republic,2016-06-01,350.8666602488194
Central African Republic,2016-07-01,352.89695201991583
Central African Republic,2016-08-01,354.96044838202516
Central African Republic,2016-09-01,357.05714933535376
Central African Republic,2016-10-01,359.18705488011125
Central African Republic,2016-11-01,361.3501650165107
Central African Republic,2016-12-01,363.54647974476836
Central African Republic,2017-01-01,365.77599906510386
Central African Republic,2017-02-01,367.8615350237124
Central African Republic,2017-03-01,369.8030876208026
Central African Republic,2017-04-01,371.6006568565686
Central African Republic,2017-05-01,373.2542427311902
Central African Republic,2017-06-01,374.7638452448324
Central African Republic,2017-07-01,376.1294643976463
Central African Republic,2017-08-01,377.35110018976854
Central African Republic,2017-09-01,378.42875262132117
Central African Republic,2017-10-01,379.362421692412
Central African Republic,2017-11-01,380.15210740313444
Central African Republic,2017-12-01,380.79780975356744
Central African Republic,2018-01-01,381.29952874377545
Central African Republic,2018-02-01,382.25662104899675
Central African Republic,2018-03-01,383.66908666932756
Central African Republic,2018-04-01,385.5369256049081
Central African Republic,2018-05-01,387.86013785592553
Central African Republic,2018-06-01,390.6387234226122
Central African Republic,2018-07-01,393.8726823052461
Central African Republic,2018-08-01,397.5620145041506
Central African Republic,2018-09-01,401.70672001969456
Central African Republic,2018-10-01,406.3067988522925
Central African Republic,2018-11-01,411.3622510024045
Central African Republic,2018-12-01,416.873076470536
Central African Republic,2019-01-01,422.8392752572381
Central African Republic,2019-02-01,428.42242843494796
Central African Republic,2019-03-01,433.6225360042239
Central African Republic,2019-04-01,438.4395979655858
Central African Republic,2019-05-01,442.8736143195152
Central African Republic,2019-06-01,446.92458506645573
Central African Republic,2019-07-01,450.5925102068125
Central African Republic,2019-08-01,453.87738974095225
Central African Republic,2019-09-01,456.7792236692035
Central African Republic,2019-10-01,459.2980119918563
Central African Republic,2019-11-01,461.4337547091627
Central African Republic,2019-12-01,463.1864518213363
Central African Republic,2020-01-01,464.55610332855207
Central African Republic,2020-02-01,466.06177211541393
Central African Republic,2020-03-01,467.7034581820716
Central African Republic,2020-04-01,469.481161528691
Central African Republic,2020-05-01,471.39488215544884
Central African Republic,2020-06-01,473.4446200625364
Central African Republic,2020-07-01,475.63037525015875
Central African Republic,2020-08-01,477.9521477185345
Central African Republic,2020-09-01,480.40993746789576
Central African Republic,2020-10-01,483.00374449848835
Central African Republic,2020-11-01,485.73356881057157
Central African Republic,2020-12-01,488.59941040441845
Central African Republic,2021-01-01,491.60126928031565
Central African Republic,2021-02-01,494.6943185047729
Central African Republic,2021-03-01,497.8785580780996
Central African Republic,2021-04-01,501.1539880006138
Central African Republic,2021-05-01,504.5206082726433
Central African Republic,2021-06-01,507.9784188945246
Central African Republic,2021-07-01,511.5274198666036
Central African Republic,2021-08-01,515.1676111892352
Central African Republic,2021-09-01,518.8989928627835
Central African Republic,2021-10-01,522.7215648876215
Central African Republic,2021-11-01,526.6353272641315
Central African Republic,2021-12-01,530.640279992705
Central African Republic,2022-01-01,534.7364230737425
Central African Republic,2022-02-01,538.5709159792355
Central African Republic,2022-03-01,542.1437587095677
Central African Republic,2022-04-01,545.4549512650952
Central African Republic,2022-05-01,548.5044936461508
Central African Republic,2022-06-01,551.2923858530385
Central African Republic,2022-07-01,553.8186278860371
Central African Republic,2022-08-01,556.0832197453994
Central African Republic,2022-09-01,558.086161431352
Central African Republic,2022-10-01,559.8274529440951
Central African Republic,2022-11-01,561.3070942838028
Central African Republic,2022-12-01,562.5250854506234
Central African Republic,2023-01-01,563.4814264446782
Central African Republic,2023-02-01,564.528293040129
Central African Republic,2023-03-01,565.6656852370793
Central African Republic,2023-04-01,566.8936030356451
Central African Republic,2023-05-01,568.2120464359483
Central African Republic,2023-06-01,569.6210154381205
Central African Republic,2023-07-01,571.1205100423025
Central African Republic,2023-08-01,572.7105302486445
Central African Republic,2023-09-01,574.3910760573056
Central African Republic,2023-10-01,576.1621474684537
Central African Republic,2023-11-01,578.023744482266
Central African Republic,2023-12-01,579.9758670989286
Central African Republic,2024-01-01,582.0185153186368
Central African Republic,2024-02-01,584.1894457261731
Central African Republic,2024-03-01,586.4886583217542
Central African Republic,2024-04-01,588.9161531056097
Central African Republic,2024-05-01,591.4719300779831
Central African Republic,2024-06-01,594.1559892391299
Central African Republic,2024-07-01,596.9683305893184
Central African Republic,2024-08-01,599.9089541288299
Central African Republic,2024-09-01,602.9778598579584
Central African Republic,2024-10-01,606.1750477770107
Central African Republic,2024-11-01,609.500517886307
Central African Republic,2024-12-01,612.9542701861794
Central African Republic,2025-01-01,616.5363046769736
Central African Republic,2025-02-01,619.819836292276
Central African Republic,2025-03-01,622.8048650324165
Central African Republic,2025-04-01,625.4913908976914
Central African Republic,2025-05-01,627.8794138883706
Central African Republic,2025-06-01,629.9689340046924
Central African Republic,2025-07-01,631.7599512468657
Central African Republic,2025-08-01,633.2524656150697
Central African Republic,2025-09-01,634.4464771094539
Central African Republic,2025-10-01,635.3419857301375
Central African Republic,2025-11-01,635.93899147721
Central African Republic,2025-12-01,636.2374943507316
Chad,2015-01-01,2814.8394016027723
Chad,2015-02-01,2814.1419063871103
Chad,2015-03-01,2812.746915955716
Chad,2015-04-01,2810.654430308452
Chad,2015-05-01,2807.864449445107
Chad,2015-06-01,2804.376973365402
Chad,2015-07-01,2800.192002068989
Chad,2015-08-01,2795.3095355554487
Chad,2015-09-01,2789.7295738242933
Chad,2015-10-01,2783.4521168749648
Chad,2015-11-01,2776.477164706835
Chad,2015-12-01,2768.8047173192067
Chad,2016-01-01,2760.4347747113134
Chad,2016-02-01,2752.370318504197
Chad,2016-03-01,2744.6113486970503
Chad,2016-04-01,2737.1578652890953
Chad,2016-05-01,2730.0098682795883
Chad,2016-06-01,2723.1673576678163
Chad,2016-07-01,2716.6303334530944
Chad,2016-08-01,2710.3987956347687
Chad,2016-09-01,2704.472744212216
Chad,2016-10-01,2698.852179184844
Chad,2016-11-01,2693.53710055209
Chad,2016-12-01,2688.5275083134234
Chad,2017-01-01,2683.823402468343
Chad,2017-02-01,2681.4105241470143
Chad,2017-03-01,2681.2888733491923
Chad,2017-04-01,2683.4584500748697
Chad,2017-05-01,2687.9192543242602
Chad,2017-06-01,2694.671286097812
Chad,2017-07-01,2703.7145453961994
Chad,2017-08-01,2715.0490322203273
Chad,2017-09-01,2728.674746571329
Chad,2017-10-01,2744.5916884505673
Chad,2017-11-01,2762.7998578596334
Chad,2017-12-01,2783.299254800349
Chad,2018-01-01,2806.0898792747626
Chad,2018-02-01,2830.3842684564224
Chad,2018-03-01,2856.182422347753
Chad,2018-04-01,2883.484340951342
Chad,2018-05-01,2912.290024269915
Chad,2018-06-01,2942.5994723063536
Chad,2018-07-01,2974.412685063689
Chad,2018-08-01,3007.729662545102
Chad,2018-09-01,3042.550404753925
Chad,2018-10-01,3078.8749116936397
Chad,2018-11-01,3116.7031833678784
Chad,2018-12-01,3156.0352197804245
Chad,2019-01-01,3196.871020935211
Chad,2019-02-01,3230.538045298519
Chad,2019-03-01,3257.0362928737145
Chad,2019-04-01,3276.3657636634457
Chad,2019-05-01,3288.526457669646
Chad,2019-06-01,3293.5183748935324
Chad,2019-07-01,3291.3415153356045
Chad,2019-08-01,3281.9958789956445
Chad,2019-09-01,3265.481465872718
Chad,2019-10-01,3241.7982759651736
Chad,2019-11-01,3210.9463092706424
Chad,2019-12-01,3172.92556578604
Chad,2020-01-01,3127.736045507563
Chad,2020-02-01,3092.1407089610966
Chad,2020-03-01,3066.139556143085
Chad,2020-04-01,3049.7325870509235
Chad,2020-05-01,3042.919801682972
Chad,2020-06-01,3045.701200038547
Chad,2020-07-01,3058.07678211793
Chad,2020-08-01,3080.046547922357
Chad,2020-09-01,3111.6104974540253
Chad,2020-10-01,3152.7686307160907
Chad,2020-11-01,3203.520947712669
Chad,2020-12-01,3263.867448448836
Chad,2021-01-01,3333.8081329306265
Chad,2021-02-01,3400.36550902219
Chad,2021-03-01,3463.5395767301784
Chad,2021-04-01,3523.330336060916
Chad,2021-05-01,3579.7377870203795
Chad,2021-06-01,3632.761929614209
Chad,2021-07-01,3682.402763847706
Chad,2021-08-01,3728.660289725835
Chad,2021-09-01,3771.534507253222
Chad,2021-10-01,3811.0254164341536
Chad,2021-11-01,3847.1330172725793
Chad,2021-12-01,3879.8573097721105
Chad,2022-01-01,3909.198293936019
Chad,2022-02-01,3938.8716160182357
Chad,2022-03-01,3968.8772760217303
Chad,2022-04-01,3999.2152739494936
Chad,2022-05-01,4029.885609804564
Chad,2022-06-01,4060.88828359001
Chad,2022-07-01,4092.22329530893
Chad,2022-08-01,4123.89064496446
Chad,2022-09-01,4155.890332559765
Chad,2022-10-01,4188.222358098046
Chad,2022-11-01,4220.886721582537
Chad,2022-12-01,4253.883423016503
Chad,2023-01-01,4287.212462403245
Chad,2023-02-01,4319.258237741996
Chad,2023-03-01,4350.020749035959
Chad,2023-04-01,4379.49999628821
Chad,2023-05-01,4407.695979501701
Chad,2023-06-01,4434.608698679246
Chad,2023-07-01,4460.238153823539
Chad,2023-08-01,4484.584344937142
Chad,2023-09-01,4507.647272022492
Chad,2023-10-01,4529.426935081893
Chad,2023-11-01,4549.923334117526
Chad,2023-12-01,4569.136469131439
Chad,2024-01-01,4587.066340125552
Chad,2024-02-01,4605.994635442305
Chad,2024-03-01,4625.921355083586
Chad,2024-04-01,4646.846499051394
Chad,2024-05-01,4668.770067347821
Chad,2024-06-01,4691.692059975056
Chad,2024-07-01,4715.612476935391
Chad,2024-08-01,4740.531318231221
Chad,2024-09-01,4766.448583865037
Chad,2024-10-01,4793.36427383943
Chad,2024-11-01,4821.278388157093
Chad,2024-12-01,4850.190926820818
Chad,2025-01-01,4880.101889833494
Chad,2025-02-01,4907.520272584603
Chad,2025-03-01,4932.446075076887
Chad,2025-04-01,4954.879297312832
Chad,2025-05-01,4974.8199392946935
Chad,2025-06-01,4992.268001024458
Chad,2025-07-01,5007.223482503871
Chad,2025-08-01,5019.686383734431
Chad,2025-09-01,5029.656704717383
Chad,2025-10-01,5037.134445453724
Chad,2025-11-01,5042.119605944204
Chad,2025-12-01,5044.612186189319
Comoros,2015-01-01,190.15064302070172
Comoros,2015-02-01,190.20735364482897
Comoros,2015-03-01,190.32077489308915
Comoros,2015-04-01,190.4909067654936
Comoros,2015-05-01,190.71774926205933
Comoros,2015-06-01,191.00130238280911
Comoros,2015-07-01,191.34156612777116
Comoros,2015-08-01,191.73854049697957
Comoros,2015-09-01,192.19222549047404
Comoros,2015-10-01,192.7026211082999
Comoros,2015-11-01,193.26972735050822
Comoros,2015-12-01,193.8935442171557
Comoros,2016-01-01,194.57407170830473
Comoros,2016-02-01,195.31435268287586
Comoros,2016-03-01,196.1143871409433
Comoros,2016-04-01,196.97417508258656
Comoros,2016-05-01,197.89371650789192
Comoros,2016-06-01,198.87301141695139
Comoros,2016-07-01,199.91205980986282
Comoros,2016-08-01,201.01086168673015
Comoros,2016-09-01,202.16941704766327
Comoros,2016-10-01,203.38772589277798
Comoros,2016-11-01,204.66578822219617
Comoros,2016-12-01,206.00360403604563
Comoros,2017-01-01,207.4011733344601
Comoros,2017-02-01,208.63043120386905
Comoros,2017-03-01,209.69137764439537
Comoros,2017-04-01,210.5840126561452
Comoros,2017-05-01,211.30833623920782
Comoros,2017-06-01,211.86434839365552
Comoros,2017-07-01,212.25204911954393
Comoros,2017-08-01,212.4714384169118
Comoros,2017-09-01,212.5225162857812
Comoros,2017-10-01,212.4052827261571
Comoros,2017-11-01,212.11973773802788
Comoros,2017-12-01,211.6658813213649
Comoros,2018-01-01,211.04371347612278
Comoros,2018-02-01,210.5483798390594
Comoros,2018-03-01,210.1798804101251
Comoros,2018-04-01,209.93821518928328
Comoros,2018-05-01,209.82338417650968
Comoros,2018-06-01,209.8353873717928
Comoros,2018-07-01,209.9742247751338
Comoros,2018-08-01,210.2398963865466
Comoros,2018-09-01,210.63240220605778
Comoros,2018-10-01,211.15174223370664
Comoros,2018-11-01,211.797916469545
Comoros,2018-12-01,212.57092491363753
Comoros,2019-01-01,213.47076756606154
Comoros,2019-02-01,214.26293750843627
Comoros,2019-03-01,214.9474347408411
Comoros,2019-04-01,215.5242592633441
Comoros,2019-05-01,215.9934110760029
Comoros,2019-06-01,216.35489017886468
Comoros,2019-07-01,216.6086965719656
Comoros,2019-08-01,216.75483025533097
Comoros,2019-09-01,216.79329122897545
Comoros,2019-10-01,216.72407949290283
Comoros,2019-11-01,216.54719504710624
Comoros,2019-12-01,216.26263789156795
Comoros,2020-01-01,215.87040802625953
Comoros,2020-02-01,215.61233646790666
Comoros,2020-03-01,215.48842321648402
Comoros,2020-04-01,215.49866827197863
Comoros,2020-05-01,215.6430716343917
Comoros,2020-06-01,215.92163330373762
Comoros,2020-07-01,216.33435328004427
Comoros,2020-08-01,216.88123156335294
Comoros,2020-09-01,217.56226815371832
Comoros,2020-10-01,218.37746305120845
Comoros,2020-11-01,219.3268162559049
Comoros,2020-12-01,220.4103277679026
Comoros,2021-01-01,221.62799758730992
Comoros,2021-02-01,222.92887548997624
Comoros,2021-03-01,224.3129614760317
Comoros,2021-04-01,225.78025554561478
Comoros,2021-05-01,227.3307576988722
Comoros,2021-06-01,228.96446793595888
Comoros,2021-07-01,230.6813862570382
Comoros,2021-08-01,232.48151266228192
Comoros,2021-09-01,234.36484715186995
Comoros,2021-10-01,236.33138972599065
Comoros,2021-11-01,238.38114038484073
Comoros,2021-12-01,240.51409912862513
Comoros,2022-01-01,242.7302659575572
Comoros,2022-02-01,244.8705261459643
Comoros,2022-03-01,246.93487969406013
Comoros,2022-04-01,248.92332660205173
Comoros,2022-05-01,250.8358668701378
Comoros,2022-06-01,252.6725004985092
Comoros,2022-07-01,254.4332274873498
Comoros,2022-08-01,256.1180478368357
Comoros,2022-09-01,257.7269615471353
Comoros,2022-10-01,259.2599686184096
Comoros,2022-11-01,260.7170690508118
Comoros,2022-12-01,262.0982628444878
Comoros,2023-01-01,263.40354999957555
Comoros,2023-02-01,264.69854292288386
Comoros,2023-03-01,265.9832416145424
Comoros,2023-04-01,267.2576460746793
Comoros,2023-05-01,268.521756303422
Comoros,2023-06-01,269.7755723008971
Comoros,2023-07-01,271.0190940672299
Comoros,2023-08-01,272.25232160254484
Comoros,2023-09-01,273.4752549069652
Comoros,2023-10-01,274.6878939806131
Comoros,2023-11-01,275.89023882361016
Comoros,2023-12-01,277.08228943607645
Comoros,2024-01-01,278.2640458181312
Comoros,2024-02-01,279.51020532134515
Comoros,2024-03-01,280.82076794584304
Comoros,2024-04-01,282.19573369175566
Comoros,2024-05-01,283.6351025592209
Comoros,2024-06-01,285.1388745483824
Comoros,2024-07-01,286.7070496593905
Comoros,2024-08-01,288.33962789240235
Comoros,2024-09-01,290.03660924758105
Comoros,2024-10-01,291.7979937250962
Comoros,2024-11-01,293.6237813251241
Comoros,2024-12-01,295.51397204784735
Comoros,2025-01-01,297.4685658934548
Comoros,2025-02-01,299.2602769179082
Comoros,2025-03-01,300.8891051213864
Comoros,2025-04-01,302.3550505040527
Comoros,2025-05-01,303.6581130660534
Comoros,2025-06-01,304.79829280751886
Comoros,2025-07-01,305.77558972856326
Comoros,2025-08-01,306.5900038292842
Comoros,2025-09-01,307.2415351097632
Comoros,2025-10-01,307.73018357006544
Comoros,2025-11-01,308.0559492102398
Comoros,2025-12-01,308.2188320303189
Congo DRC,2015-01-01,7069.315413975767
Congo DRC,2015-02-01,7069.495205210236
Congo DRC,2015-03-01,7069.854787679194
Congo DRC,2015-04-01,7070.394161382675
Congo DRC,2015-05-01,7071.113326320731
Congo DRC,2015-06-01,7072.012282493436
Congo DRC,2015-07-01,7073.09102990088
Congo DRC,2015-08-01,7074.34956854317
Congo DRC,2015-09-01,7075.787898420433
Congo DRC,2015-10-01,7077.406019532812
Congo DRC,2015-11-01,7079.20393188047
Congo DRC,2015-12-01,7081.181635463586
Congo DRC,2016-01-01,7083.339130282357
Congo DRC,2016-02-01,7088.590316514778
Congo DRC,2016-03-01,7096.935194161372
Congo DRC,2016-04-01,7108.373763222977
Congo DRC,2016-05-01,7122.906023700734
Congo DRC,2016-06-01,7140.531975596099
Congo DRC,2016-07-01,7161.251618910832
Congo DRC,2016-08-01,7185.064953647006
Congo DRC,2016-09-01,7211.971979807005
Congo DRC,2016-10-01,7241.972697393514
Congo DRC,2016-11-01,7275.0671064095395
Congo DRC,2016-12-01,7311.255206858387
Congo DRC,2017-01-01,7350.536998743676
Congo DRC,2017-02-01,7389.722302563431
Congo DRC,2017-03-01,7428.811118321562
Congo DRC,2017-04-01,7467.803446021983
Congo DRC,2017-05-01,7506.699285668595
Congo DRC,2017-06-01,7545.498637265285
Congo DRC,2017-07-01,7584.201500815936
Congo DRC,2017-08-01,7622.807876324416
Congo DRC,2017-09-01,7661.317763794587
Congo DRC,2017-10-01,7699.7311632303
Congo DRC,2017-11-01,7738.048074635396
Congo DRC,2017-12-01,7776.268498013706
Congo DRC,2018-01-01,7814.392433369054
Congo DRC,2018-02-01,7855.8215873671525
Congo DRC,2018-03-01,7900.555960012155
Congo DRC,2018-04-01,7948.59555130852
Congo DRC,2018-05-01,7999.940361261058
Congo DRC,2018-06-01,8054.590389874898
Congo DRC,2018-07-01,8112.545637155513
Congo DRC,2018-08-01,8173.806103108693
Congo DRC,2018-09-01,8238.371787740565
Congo DRC,2018-10-01,8306.242691057587
Congo DRC,2018-11-01,8377.418813066544
Congo DRC,2018-12-01,8451.900153774555
Congo DRC,2019-01-01,8529.686713189069
Congo DRC,2019-02-01,8604.533559173215
Congo DRC,2019-03-01,8676.440691734477
Congo DRC,2019-04-01,8745.40811088005
Congo DRC,2019-05-01,8811.435816616826
Congo DRC,2019-06-01,8874.523808951411
Congo DRC,2019-07-01,8934.672087890116
Congo DRC,2019-08-01,8991.880653438953
Congo DRC,2019-09-01,9046.149505603644
Congo DRC,2019-10-01,9097.478644389612
Congo DRC,2019-11-01,9145.868069801994
Congo DRC,2019-12-01,9191.317781845628
Congo DRC,2020-01-01,9233.827780525058
Congo DRC,2020-02-01,9285.461482221835
Congo DRC,2020-03-01,9346.218886941135
Congo DRC,2020-04-01,9416.099994689015
Congo DRC,2020-05-01,9495.104805472472
Congo DRC,2020-06-01,9583.233319299405
Congo DRC,2020-07-01,9680.485536178627
Congo DRC,2020-08-01,9786.861456119863
Congo DRC,2020-09-01,9902.361079133752
Congo DRC,2020-10-01,10026.984405231844
Congo DRC,2020-11-01,10160.7314344266
Congo DRC,2020-12-01,10303.602166731394
Congo DRC,2021-01-01,10455.596602160516
Congo DRC,2021-02-01,10608.876945598477
Congo DRC,2021-03-01,10763.44319706061
Congo DRC,2021-04-01,10919.29535656236
Congo DRC,2021-05-01,11076.433424119317
Congo DRC,2021-06-01,11234.857399747198
Congo DRC,2021-07-01,11394.567283461842
Congo DRC,2021-08-01,11555.563075279217
Congo DRC,2021-09-01,11717.844775215428
Congo DRC,2021-10-01,11881.412383286697
Congo DRC,2021-11-01,12046.265899509384
Congo DRC,2021-12-01,12212.405323899977
Congo DRC,2022-01-01,12379.830656475087
Congo DRC,2022-02-01,12544.945422270821
Congo DRC,2022-03-01,12707.749621303694
Congo DRC,2022-04-01,12868.243253589984
Congo DRC,2022-05-01,13026.426319145743
Congo DRC,2022-06-01,13182.298817986773
Congo DRC,2022-07-01,13335.860750128668
Congo DRC,2022-08-01,13487.112115586793
Congo DRC,2022-09-01,13636.052914376267
Congo DRC,2022-10-01,13782.683146511985
Congo DRC,2022-11-01,13927.00281200861
Congo DRC,2022-12-01,14069.011910880577
Congo DRC,2023-01-01,14208.710443142087
Congo DRC,2023-02-01,14345.213781150205
Congo DRC,2023-03-01,14478.521924918565
Congo DRC,2023-04-01,14608.634874460515
Congo DRC,2023-05-01,14735.552629789076
Congo DRC,2023-06-01,14859.27519091693
Congo DRC,2023-07-01,14979.80255785645
Congo DRC,2023-08-01,15097.134730619688
Congo DRC,2023-09-01,15211.271709218381
Congo DRC,2023-10-01,15322.21349366394
Congo DRC,2023-11-01,15429.96008396746
Congo DRC,2023-12-01,15534.51148013972
Congo DRC,2024-01-01,15635.867682191169
Congo DRC,2024-02-01,15739.920445605034
Congo DRC,2024-03-01,15846.669770391762
Congo DRC,2024-04-01,15956.11565656195
Congo DRC,2024-05-01,16068.258104126577
Congo DRC,2024-06-01,16183.097113096856
Congo DRC,2024-07-01,16300.63268348427
Congo DRC,2024-08-01,16420.864815300578
Congo DRC,2024-09-01,16543.793508557803
Congo DRC,2024-10-01,16669.418763268233
Congo DRC,2024-11-01,16797.740579444442
Congo DRC,2024-12-01,16928.758957099257
Congo DRC,2025-01-01,17062.473896245774
Congo DRC,2025-02-01,17185.045923749763
Congo DRC,2025-03-01,17296.475039623485
Congo DRC,2025-04-01,17396.76124387808
Congo DRC,2025-05-01,17485.904536523572
Congo DRC,2025-06-01,17563.904917568874
Congo DRC,2025-07-01,17630.762387021783
Congo DRC,2025-08-01,17686.476944888997
Congo DRC,2025-09-01,17731.048591176077
Congo DRC,2025-10-01,17764.47732588749
Congo DRC,2025-11-01,17786.763149026574
Congo DRC,2025-12-01,17797.90606059556
Congo,2015-01-01,2158.6827241659653
Congo,2015-02-01,2158.3365043900476
Congo,2015-03-01,2157.644064838181
Congo,2015-04-01,2156.605405510288
Congo,2015-05-01,2155.22052640627
Congo,2015-06-01,2153.4894275259885
Congo,2015-07-01,2151.4121088692696
Congo,2015-08-01,2148.988570435906
Congo,2015-09-01,2146.2188122256553
Congo,2015-10-01,2143.10283423824
Congo,2015-11-01,2139.64063647335
Congo,2015-12-01,2135.8322189306373
Congo,2016-01-01,2131.6775816097224
Congo,2016-02-01,2125.5775938449187
Congo,2016-03-01,2117.5322556356186
Congo,2016-04-01,2107.5415669810127
Congo,2016-05-01,2095.6055278801045
Congo,2016-06-01,2081.724138331701
Congo,2016-07-01,2065.8973983344126
Congo,2016-08-01,2048.125307886657
Congo,2016-09-01,2028.4078669866576
Congo,2016-10-01,2006.7450756324422
Congo,2016-11-01,1983.1369338218449
Congo,2016-12-01,1957.5834415525048
Congo,2017-01-01,1930.0845988218662
Congo,2017-02-01,1911.1075065323585
Congo,2017-03-01,1900.6521646820845
Congo,2017-04-01,1898.7185732699988
Congo,2017-05-01,1905.3067322959073
Congo,2017-06-01,1920.4166417604688
Congo,2017-07-01,1944.048301665194
Congo,2017-08-01,1976.2017120124458
Congo,2017-09-01,2016.8768728054401
Congo,2017-10-01,2066.0737840482443
Congo,2017-11-01,2123.792445745778
Congo,2017-12-01,2190.0328579038132
Congo,2018-01-01,2264.7950205289735
Congo,2018-02-01,2334.5092744193057
Congo,2018-03-01,2399.175619581777
Congo,2018-04-01,2458.794056022861
Congo,2018-05-01,2513.364583748514
Congo,2018-06-01,2562.8872027641964
Congo,2018-07-01,2607.3619130748593
Congo,2018-08-01,2646.7887146849503
Congo,2018-09-01,2681.167607598412
Congo,2018-10-01,2710.498591818682
Congo,2018-11-01,2734.781667348694
Congo,2018-12-01,2754.0168341908757
Congo,2019-01-01,2768.204092347151
Congo,2019-02-01,2775.2943008875845
Congo,2019-03-01,2775.2874598128856
Congo,2019-04-01,2768.1835691230553
Congo,2019-05-01,2753.9826288173813
Congo,2019-06-01,2732.6846388944437
Congo,2019-07-01,2704.2895993521124
Congo,2019-08-01,2668.7975101875477
Congo,2019-09-01,2626.2083713972
Congo,2019-10-01,2576.5221829768107
Congo,2019-11-01,2519.7389449214115
Congo,2019-12-01,2455.8586572253234
Congo,2020-01-01,2384.881319882159
Congo,2020-02-01,2326.1847225670263
Congo,2020-03-01,2279.768865274057
Congo,2020-04-01,2245.633747998608
Congo,2020-05-01,2223.7793707372675
Congo,2020-06-01,2214.2057334878486
Congo,2020-07-01,2216.912836249394
Congo,2020-08-01,2231.900679022175
Congo,2020-09-01,2259.1692618076904
Congo,2020-10-01,2298.7185846086663
Congo,2020-11-01,2350.5486474290583
Congo,2020-12-01,2414.659450274049
Congo,2021-01-01,2491.0509931500496
Congo,2021-02-01,2561.7485119309963
Congo,2021-03-01,2626.752006623953
Congo,2021-04-01,2686.0614772354247
Congo,2021-05-01,2739.676923771345
Congo,2021-06-01,2787.5983462370737
Congo,2021-07-01,2829.825744637402
Congo,2021-08-01,2866.359118976554
Congo,2021-09-01,2897.1984692581827
Congo,2021-10-01,2922.3437954853716
Congo,2021-11-01,2941.7950976606353
Congo,2021-12-01,2955.5523757859187
Congo,2022-01-01,2963.6156298625983
Congo,2022-02-01,2972.451195449343
Congo,2022-03-01,2982.059072547032
Congo,2022-04-01,2992.4392611566354
Congo,2022-05-01,3003.5917612791845
Congo,2022-06-01,3015.5165729157943
Congo,2022-07-01,3028.2136960676585
Congo,2022-08-01,3041.6831307360467
Congo,2022-09-01,3055.9248769223054
Congo,2022-10-01,3070.93893462786
Congo,2022-11-01,3086.7253038542112
Congo,2022-12-01,3103.2839846029387
Congo,2023-01-01,3120.6149768756973
Congo,2023-02-01,3137.2937397042756
Congo,2023-03-01,3153.32027309034
Congo,2023-04-01,3168.6945770354973
Congo,2023-05-01,3183.416651541281
Congo,2023-06-01,3197.486496609166
Congo,2023-07-01,3210.9041122405574
Congo,2023-08-01,3223.6694984367978
Congo,2023-09-01,3235.782655199164
Congo,2023-10-01,3247.2435825288667
Congo,2023-11-01,3258.0522804270527
Congo,2023-12-01,3268.208748894803
Congo,2024-01-01,3277.7129879331333
Congo,2024-02-01,3288.0198784878266
Congo,2024-03-01,3299.1294205599197
Congo,2024-04-01,3311.0416141505116
Congo,2024-05-01,3323.7564592607982
Congo,2024-06-01,3337.2739558920553
Congo,2024-07-01,3351.59410404563
Congo,2024-08-01,3366.7169037229573
Congo,2024-09-01,3382.642354925549
Congo,2024-10-01,3399.3704576549967
Congo,2024-11-01,3416.9012119129743
Congo,2024-12-01,3435.2346177012355
Congo,2025-01-01,3454.3706750216124
Congo,2025-02-01,3471.9120608918997
Congo,2025-03-01,3487.8587753138536
Congo,2025-04-01,3502.2108182890706
Congo,2025-05-01,3514.9681898189788
Congo,2025-06-01,3526.1308899048586
Congo,2025-07-01,3535.698918547824
Congo,2025-08-01,3543.6722757488337
Congo,2025-09-01,3550.0509615086844
Congo,2025-10-01,3554.8349758280133
Congo,2025-11-01,3558.0243187073
Congo,2025-12-01,3559.6189901468642
Ivory Coast,2015-01-01,8695.841132091997
Ivory Coast,2015-02-01,8701.598485637764
Ivory Coast,2015-03-01,8713.113192729874
Ivory Coast,2015-04-01,8730.385253369479
Ivory Coast,2015-05-01,8753.414667558307
Ivory Coast,2015-06-01,8782.201435298659
Ivory Coast,2015-07-01,8816.745556593414
Ivory Coast,2015-08-01,8857.047031446024
Ivory Coast,2015-09-01,8903.105859860521
Ivory Coast,2015-10-01,8954.92204184151
Ivory Coast,2015-11-01,9012.495577394177
Ivory Coast,2015-12-01,9075.826466524273
Ivory Coast,2016-01-01,9144.914709238135
Ivory Coast,2016-02-01,9215.329583886327
Ivory Coast,2016-03-01,9287.071090475893
Ivory Coast,2016-04-01,9360.139229013994
Ivory Coast,2016-05-01,9434.533999507948
Ivory Coast,2016-06-01,9510.255401965198
Ivory Coast,2016-07-01,9587.303436393306
Ivory Coast,2016-08-01,9665.678102799984
Ivory Coast,2016-09-01,9745.379401193071
Ivory Coast,2016-10-01,9826.40733158053
Ivory Coast,2016-11-01,9908.761893970472
Ivory Coast,2016-12-01,9992.443088371128
Ivory Coast,2017-01-01,10077.450914790865
Ivory Coast,2017-02-01,10158.41799362769
Ivory Coast,2017-03-01,10235.344324889686
Ivory Coast,2017-04-01,10308.229908584577
Ivory Coast,2017-05-01,10377.074744719628
Ivory Coast,2017-06-01,10441.87883330173
Ivory Coast,2017-07-01,10502.64217433736
Ivory Coast,2017-08-01,10559.364767832592
Ivory Coast,2017-09-01,10612.046613793105
Ivory Coast,2017-10-01,10660.687712224166
Ivory Coast,2017-11-01,10705.288063130636
Ivory Coast,2017-12-01,10745.847666516976
Ivory Coast,2018-01-01,10782.366522387243
Ivory Coast,2018-02-01,10832.972313511404
Ivory Coast,2018-03-01,10897.665039894537
Ivory Coast,2018-04-01,10976.444701543087
Ivory Coast,2018-05-01,11069.311298464938
Ivory Coast,2018-06-01,11176.264830669372
Ivory Coast,2018-07-01,11297.30529816709
Ivory Coast,2018-08-01,11432.432700970196
Ivory Coast,2018-09-01,11581.6470390922
Ivory Coast,2018-10-01,11744.948312548027
Ivory Coast,2018-11-01,11922.336521354004
Ivory Coast,2018-12-01,12113.81166552787
Ivory Coast,2019-01-01,12319.373745088775
Ivory Coast,2019-02-01,12504.391462512884
Ivory Coast,2019-03-01,12668.864817818683
Ivory Coast,2019-04-01,12812.79381102264
Ivory Coast,2019-05-01,12936.178442139137
Ivory Coast,2019-06-01,13039.018711180519
Ivory Coast,2019-07-01,13121.314618157063
Ivory Coast,2019-08-01,13183.066163077005
Ivory Coast,2019-09-01,13224.273345946514
Ivory Coast,2019-10-01,13244.936166769716
Ivory Coast,2019-11-01,13245.054625548675
Ivory Coast,2019-12-01,13224.628722283405
Ivory Coast,2020-01-01,13183.658456971858
Ivory Coast,2020-02-01,13159.482163045526
Ivory Coast,2020-03-01,13152.099840501991
Ivory Coast,2020-04-01,13161.511489340508
Ivory Coast,2020-05-01,13187.717109562027
Ivory Coast,2020-06-01,13230.71670116916
Ivory Coast,2020-07-01,13290.510264166212
Ivory Coast,2020-08-01,13367.097798559169
Ivory Coast,2020-09-01,13460.479304355684
Ivory Coast,2020-10-01,13570.654781565092
Ivory Coast,2020-11-01,13697.624230198415
Ivory Coast,2020-12-01,13841.387650268345
Ivory Coast,2021-01-01,14001.945041789264
Ivory Coast,2021-02-01,14164.453993204263
Ivory Coast,2021-03-01,14328.914504529606
Ivory Coast,2021-04-01,14495.326575781713
Ivory Coast,2021-05-01,14663.690206977237
Ivory Coast,2021-06-01,14834.005398133013
Ivory Coast,2021-07-01,15006.272149266068
Ivory Coast,2021-08-01,15180.490460393632
Ivory Coast,2021-09-01,15356.660331533129
Ivory Coast,2021-10-01,15534.78176270217
Ivory Coast,2021-11-01,15714.854753918571
Ivory Coast,2021-12-01,15896.87930520034
Ivory Coast,2022-01-01,16080.85541656568
Ivory Coast,2022-02-01,16261.657691340824
Ivory Coast,2022-03-01,16439.286129543816
Ivory Coast,2022-04-01,16613.740731192465
Ivory Coast,2022-05-01,16785.021496304194
Ivory Coast,2022-06-01,16953.128424896142
Ivory Coast,2022-07-01,17118.06151698511
Ivory Coast,2022-08-01,17279.820772587602
Ivory Coast,2022-09-01,17438.406191719787
Ivory Coast,2022-10-01,17593.81777439753
Ivory Coast,2022-11-01,17746.055520636364
Ivory Coast,2022-12-01,17895.119430451523
Ivory Coast,2023-01-01,18041.009503857906
Ivory Coast,2023-02-01,18184.449557170326
Ivory Coast,2023-03-01,18325.439590403126
Ivory Coast,2023-04-01,18463.979603570406
Ivory Coast,2023-05-01,18600.069596686037
Ivory Coast,2023-06-01,18733.70956976361
Ivory Coast,2023-07-01,18864.89952281649
Ivory Coast,2023-08-01,18993.639455857792
Ivory Coast,2023-09-01,19119.9293689004
Ivory Coast,2023-10-01,19243.769261956943
Ivory Coast,2023-11-01,19365.1591350398
Ivory Coast,2023-12-01,19484.09898816112
Ivory Coast,2024-01-01,19600.58882133279
Ivory Coast,2024-02-01,19724.00835091151
Ivory Coast,2024-03-01,19854.357576909635
Ivory Coast,2024-04-01,19991.63649934018
Ivory Coast,2024-05-01,20135.845118216883
Ivory Coast,2024-06-01,20286.983433554164
Ivory Coast,2024-07-01,20445.051445367135
Ivory Coast,2024-08-01,20610.049153671604
Ivory Coast,2024-09-01,20781.97655848407
Ivory Coast,2024-10-01,20960.83365982173
Ivory Coast,2024-11-01,21146.62045770246
Ivory Coast,2024-12-01,21339.336952144848
Ivory Coast,2025-01-01,21538.983143168167
Ivory Coast,2025-02-01,21721.99215153606
Ivory Coast,2025-03-01,21888.36397726684
Ivory Coast,2025-04-01,22038.0986203771
Ivory Coast,2025-05-01,22171.196080881848
Ivory Coast,2025-06-01,22287.656358794386
Ivory Coast,2025-07-01,22387.479454126355
Ivory Coast,2025-08-01,22470.665366887744
Ivory Coast,2025-09-01,22537.21409708687
Ivory Coast,2025-10-01,22587.12564473039
Ivory Coast,2025-11-01,22620.400009823297
Ivory Coast,2025-12-01,22637.03719236892
Djibouti,2015-01-01,347.83661246476805
Djibouti,2015-02-01,348.1007803947192
Djibouti,2015-03-01,348.6291162546478
Djibouti,2015-04-01,349.4216200446067
Djibouti,2015-05-01,350.4782917646755
Djibouti,2015-06-01,351.79913141495933
Djibouti,2015-07-01,353.38413899559055
Djibouti,2015-08-01,355.2333145067276
Djibouti,2015-09-01,357.34665794855545
Djibouti,2015-10-01,359.7241693212854
Djibouti,2015-11-01,362.3658486251552
Djibouti,2015-12-01,365.271695860429
Djibouti,2016-01-01,368.44171102739756
Djibouti,2016-02-01,371.4895014269463
Djibouti,2016-03-01,374.41506705937985
Djibouti,2016-04-01,377.2184079249912
Djibouti,2016-05-01,379.8995240240603
Djibouti,2016-06-01,382.4584153568555
Djibouti,2016-07-01,384.8950819236325
Djibouti,2016-08-01,387.2095237246351
Djibouti,2016-09-01,389.40174076009475
Djibouti,2016-10-01,391.47173303023055
Djibouti,2016-11-01,393.41950053524965
Djibouti,2016-12-01,395.24504327534675
Djibouti,2017-01-01,396.9483612507044
Djibouti,2017-02-01,398.85234243112495
Djibouti,2017-03-01,400.9569868167985
Djibouti,2017-04-01,403.26229440793554
Djibouti,2017-05-01,405.7682652047668
Djibouti,2017-06-01,408.47489920754293
Djibouti,2017-07-01,411.3821964165345
Djibouti,2017-08-01,414.49015683203226
Djibouti,2017-09-01,417.798780454347
Djibouti,2017-10-01,421.3080672838096
Djibouti,2017-11-01,425.01801732077104
Djibouti,2017-12-01,428.92863056560225
Djibouti,2018-01-01,433.03990701869424
Djibouti,2018-02-01,437.08360238266215
Djibouti,2018-03-01,441.05971665791037
Djibouti,2018-04-01,444.96824984483663
Djibouti,2018-05-01,448.80920194383157
Djibouti,2018-06-01,452.58257295527926
Djibouti,2018-07-01,456.28836287955704
Djibouti,2018-08-01,459.92657171703553
Djibouti,2018-09-01,463.4971994680785
Djibouti,2018-10-01,467.00024613304316
Djibouti,2018-11-01,470.4357117122797
Djibouti,2018-12-01,473.80359620613166
Djibouti,2019-01-01,477.1038996149359
Djibouti,2019-02-01,480.17268121321047
Djibouti,2019-03-01,483.0099410012627
Djibouti,2019-04-01,485.615678979375
Djibouti,2019-05-01,487.9898951478087
Djibouti,2019-06-01,490.13258950680125
Djibouti,2019-07-01,492.0437620565669
Djibouti,2019-08-01,493.72341279729665
Djibouti,2019-09-01,495.17154172915866
Djibouti,2019-10-01,496.3881488522976
Djibouti,2019-11-01,497.37323416683523
Djibouti,2019-12-01,498.12679767287
Djibouti,2020-01-01,498.64883937047716
Djibouti,2020-02-01,499.4860394563483
Djibouti,2020-03-01,500.6383979305671
Djibouti,2020-04-01,502.10591479324904
Djibouti,2020-05-01,503.8885900445404
Djibouti,2020-06-01,505.9864236846198
Djibouti,2020-07-01,508.39941571369707
Djibouti,2020-08-01,511.1275661320134
Djibouti,2020-09-01,514.1708749398415
Djibouti,2020-10-01,517.5293421374859
Djibouti,2020-11-01,521.2029677252822
Djibouti,2020-12-01,525.1917517035979
Djibouti,2021-01-01,529.495694072832
Djibouti,2021-02-01,533.9561075339714
Djibouti,2021-03-01,538.5729920874626
Djibouti,2021-04-01,543.3463477337659
Djibouti,2021-05-01,548.2761744733601
Djibouti,2021-06-01,553.3624723067377
Djibouti,2021-07-01,558.6052412344071
Djibouti,2021-08-01,564.0044812568929
Djibouti,2021-09-01,569.5601923747348
Djibouti,2021-10-01,575.2723745884884
Djibouti,2021-11-01,581.1410278987252
Djibouti,2021-12-01,587.1661523060318
Djibouti,2022-01-01,593.3477478110108
Djibouti,2022-02-01,599.528401198417
Djibouti,2022-03-01,605.7081124688685
Djibouti,2022-04-01,611.8868816229831
Djibouti,2022-05-01,618.0647086613785
Djibouti,2022-06-01,624.2415935846726
Djibouti,2022-07-01,630.417536393483
Djibouti,2022-08-01,636.5925370884275
Djibouti,2022-09-01,642.7665956701237
Djibouti,2022-10-01,648.9397121391888
Djibouti,2022-11-01,655.1118864962405
Djibouti,2022-12-01,661.2831187418958
Djibouti,2023-01-01,667.4534088767717
Djibouti,2023-02-01,673.5021545189487
Djibouti,2023-03-01,679.42935566903
Djibouti,2023-04-01,685.2350123276109
Djibouti,2023-05-01,690.9191244952707
Djibouti,2023-06-01,696.4816921725782
Djibouti,2023-07-01,701.9227153600896
Djibouti,2023-08-01,707.2421940583488
Djibouti,2023-09-01,712.4401282678881
Djibouti,2023-10-01,717.516517989227
Djibouti,2023-11-01,722.4713632228735
Djibouti,2023-12-01,727.3046639693231
Djibouti,2024-01-01,732.0164202290588
Djibouti,2024-02-01,736.9179520975939
Djibouti,2024-03-01,742.0092595754197
Djibouti,2024-04-01,747.2903426630434
Djibouti,2024-05-01,752.7612013609938
Djibouti,2024-06-01,758.4218356698179
Djibouti,2024-07-01,764.2722455900823
Djibouti,2024-08-01,770.3124311223715
Djibouti,2024-09-01,776.5423922672898
Djibouti,2024-10-01,782.9621290254598
Djibouti,2024-11-01,789.5716413975241
Djibouti,2024-12-01,796.3709293841434
Djibouti,2025-01-01,803.3599929859976
Djibouti,2025-02-01,809.7666346185746
Djibouti,2025-03-01,815.5908542825154
Djibouti,2025-04-01,820.8326519784025
Djibouti,2025-05-01,825.4920277067598
Djibouti,2025-06-01,829.5689814680529
Djibouti,2025-07-01,833.0635132626899
Djibouti,2025-08-01,835.97562309102
Djibouti,2025-09-01,838.3053109533347
Djibouti,2025-10-01,840.0525768498668
Djibouti,2025-11-01,841.2174207807911
Djibouti,2025-12-01,841.7998427462243
Egypt,2015-01-01,85025.53609167357
Egypt,2015-02-01,85068.76799756591
Egypt,2015-03-01,85155.231809355
Egypt,2015-04-01,85284.92752704935
Egypt,2015-05-01,85457.85515066198
Egypt,2015-06-01,85674.01468021018
Egypt,2015-07-01,85933.40611571557
Egypt,2015-08-01,86236.02945720409
Egypt,2015-09-01,86581.88470470601
Egypt,2015-10-01,86970.97185825593
Egypt,2015-11-01,87403.29091789274
Egypt,2015-12-01,87878.84188365967
Egypt,2016-01-01,88397.62475560428
Egypt,2016-02-01,88890.92927663618
Egypt,2016-03-01,89358.75544680476
Egypt,2016-04-01,89801.1032661566
Egypt,2016-05-01,90217.9727347361
Egypt,2016-06-01,90609.36385258492
Egypt,2016-07-01,90975.2766197422
Egypt,2016-08-01,91315.71103624452
Egypt,2016-09-01,91630.66710212595
Egypt,2016-10-01,91920.14481741795
Egypt,2016-11-01,92184.14418214951
Egypt,2016-12-01,92422.665196347
Egypt,2017-01-01,92635.70786003428
Egypt,2017-02-01,92946.30946043039
Egypt,2017-03-01,93354.46999756643
Egypt,2017-04-01,93860.18947148316
Egypt,2017-05-01,94463.46788223111
Egypt,2017-06-01,95164.30522987066
Egypt,2017-07-01,95962.7015144719
Egypt,2017-08-01,96858.65673611466
Egypt,2017-09-01,97852.17089488852
Egypt,2017-10-01,98943.24399089285
Egypt,2017-11-01,100131.87602423676
Egypt,2017-12-01,101418.06699503909
Egypt,2018-01-01,102801.81690342848
Egypt,2018-02-01,104108.7524696716
Egypt,2018-03-01,105338.87369389918
Egypt,2018-04-01,106492.1805762342
Egypt,2018-05-01,107568.67311679198
Egypt,2018-06-01,108568.35131568018
Egypt,2018-07-01,109491.21517299874
Egypt,2018-08-01,110337.26468883996
Egypt,2018-09-01,111106.49986328847
Egypt,2018-10-01,111798.92069642119
Egypt,2018-11-01,112414.52718830733
Egypt,2018-12-01,112953.31933900846
Egypt,2019-01-01,113415.2971485785
Egypt,2019-02-01,114037.5461220566
Egypt,2019-03-01,114820.06625950513
Egypt,2019-04-01,115762.857561002
Egypt,2019-05-01,116865.92002664178
Egypt,2019-06-01,118129.25365653467
Egypt,2019-07-01,119552.858450807
Egypt,2019-08-01,121136.73440960117
Egypt,2019-09-01,122880.88153307555
Egypt,2019-10-01,124785.29982140455
Egypt,2019-11-01,126849.98927477865
Egypt,2019-12-01,129074.94989340428
Egypt,2020-01-01,131460.18167750392
Egypt,2020-02-01,133601.09800318372
Egypt,2020-03-01,135497.69887065786
Egypt,2020-04-01,137149.9842801158
Egypt,2020-05-01,138557.95423172292
Egypt,2020-06-01,139721.6087256199
Egypt,2020-07-01,140640.94776192316
Egypt,2020-08-01,141315.97134072467
Egypt,2020-09-01,141746.6794620919
Egypt,2020-10-01,141933.0721260679
Egypt,2020-11-01,141875.14933267137
Egypt,2020-12-01,141572.91108189645
Egypt,2021-01-01,141026.35737371296
Egypt,2021-02-01,140732.801108703
Egypt,2021-03-01,140692.24228683722
Egypt,2021-04-01,140904.68090811156
Egypt,2021-05-01,141370.1169725472
Egypt,2021-06-01,142088.55048019072
Egypt,2021-07-01,143059.9814311139
Egypt,2021-08-01,144284.40982541395
Egypt,2021-09-01,145761.83566321328
Egypt,2021-10-01,147492.2589446596
Egypt,2021-11-01,149475.67966992597
Egypt,2021-12-01,151712.09783921076
Egypt,2022-01-01,154201.51345273762
Egypt,2022-02-01,156550.99693738628
Egypt,2022-03-01,158760.5482933914
Egypt,2022-04-01,160830.16752097415
Egypt,2022-05-01,162759.85462034168
Egypt,2022-06-01,164549.6095916868
Egypt,2022-07-01,166199.4324351885
Egypt,2022-08-01,167709.32315101178
Egypt,2022-09-01,169079.2817393076
Egypt,2022-10-01,170309.30820021298
Egypt,2022-11-01,171399.40253385098
Egypt,2022-12-01,172349.56474033056
Egypt,2023-01-01,173159.79481974678
Egypt,2023-02-01,173946.8516651512
Egypt,2023-03-01,174710.7352766227
Egypt,2023-04-01,175451.44565423724
Egypt,2023-05-01,176168.98279806922
Egypt,2023-06-01,176863.34670819025
Egypt,2023-07-01,177534.53738466985
Egypt,2023-08-01,178182.5548275752
Egypt,2023-09-01,178807.399036971
Egypt,2023-10-01,179409.07001291978
Egypt,2023-11-01,179987.56775548172
Egypt,2023-12-01,180542.8922647147
Egypt,2024-01-01,181075.0435406742
Egypt,2024-02-01,181683.1567892038
Egypt,2024-03-01,182367.23201036445
Egypt,2024-04-01,183127.26920422426
Egypt,2024-05-01,183963.2683708594
Egypt,2024-06-01,184875.22951035338
Egypt,2024-07-01,185863.1526227974
Egypt,2024-08-01,186927.0377082904
Egypt,2024-09-01,188066.88476693863
Egypt,2024-10-01,189282.69379885614
Egypt,2024-11-01,190574.4648041645
Egypt,2024-12-01,191942.19778299294
Egypt,2025-01-01,193385.89273547818
Egypt,2025-02-01,194709.279774749
Egypt,2025-03-01,195912.3589009381
Egypt,2025-04-01,196995.13011416525
Egypt,2025-05-01,197957.59341453895
Egypt,2025-06-01,198799.7488021553
Egypt,2025-07-01,199521.5962770986
Egypt,2025-08-01,200123.13583944112
Egypt,2025-09-01,200604.3674892429
Egypt,2025-10-01,200965.2912265521
Egypt,2025-11-01,201205.90705140485
Egypt,2025-12-01,201326.21496382522
Equatorial Guinea,2015-01-01,2762.9521148827193
Equatorial Guinea,2015-02-01,2760.9620699166203
Equatorial Guinea,2015-03-01,2756.9819799842276
Equatorial Guinea,2015-04-01,2751.0118450851355
Equatorial Guinea,2015-05-01,2743.0516652187516
Equatorial Guinea,2015-06-01,2733.101440384278
Equatorial Guinea,2015-07-01,2721.161170580719
Equatorial Guinea,2015-08-01,2707.230855806882
Equatorial Guinea,2015-09-01,2691.310496061374
Equatorial Guinea,2015-10-01,2673.400091342603
Equatorial Guinea,2015-11-01,2653.4996416487775
Equatorial Guinea,2015-12-01,2631.6091469779076
Equatorial Guinea,2016-01-01,2607.728607327804
Equatorial Guinea,2016-02-01,2584.8237533306533
Equatorial Guinea,2016-03-01,2562.894584984162
Equatorial Guinea,2016-04-01,2541.94110228614
Equatorial Guinea,2016-05-01,2521.963305234493
Equatorial Guinea,2016-06-01,2502.961193827221
Equatorial Guinea,2016-07-01,2484.9347680624246
Equatorial Guinea,2016-08-01,2467.884027938301
Equatorial Guinea,2016-09-01,2451.808973453146
Equatorial Guinea,2016-10-01,2436.7096046053503
Equatorial Guinea,2016-11-01,2422.5859213934054
Equatorial Guinea,2016-12-01,2409.437923815899
Equatorial Guinea,2017-01-01,2397.2656118715154
Equatorial Guinea,2017-02-01,2388.0254589977776
Equatorial Guinea,2017-03-01,2381.7174651937585
Equatorial Guinea,2017-04-01,2378.3416304588313
Equatorial Guinea,2017-05-01,2377.8979547926583
Equatorial Guinea,2017-06-01,2380.3864381951926
Equatorial Guinea,2017-07-01,2385.807080666685
Equatorial Guinea,2017-08-01,2394.1598822076767
Equatorial Guinea,2017-09-01,2405.444842819003
Equatorial Guinea,2017-10-01,2419.661962501793
Equatorial Guinea,2017-11-01,2436.811241257468
Equatorial Guinea,2017-12-01,2456.8926790877426
Equatorial Guinea,2018-01-01,2479.906275994625
Equatorial Guinea,2018-02-01,2499.2632775061543
Equatorial Guinea,2018-03-01,2514.963683624271
Equatorial Guinea,2018-04-01,2527.0074943505365
Equatorial Guinea,2018-05-01,2535.3947096861584
Equatorial Guinea,2018-06-01,2540.1253296319755
Equatorial Guinea,2018-07-01,2541.199354188461
Equatorial Guinea,2018-08-01,2538.6167833557215
Equatorial Guinea,2018-09-01,2532.3776171335003
Equatorial Guinea,2018-10-01,2522.4818555211723
Equatorial Guinea,2018-11-01,2508.929498517748
Equatorial Guinea,2018-12-01,2491.7205461218728
Equatorial Guinea,2019-01-01,2470.854998331825
Equatorial Guinea,2019-02-01,2447.2046819912352
Equatorial Guinea,2019-03-01,2420.769597097737
Equatorial Guinea,2019-04-01,2391.549743648691
Equatorial Guinea,2019-05-01,2359.5451216411707
Equatorial Guinea,2019-06-01,2324.755731071977
Equatorial Guinea,2019-07-01,2287.181571937632
Equatorial Guinea,2019-08-01,2246.822644234376
Equatorial Guinea,2019-09-01,2203.6789479581757
Equatorial Guinea,2019-10-01,2157.750483104715
Equatorial Guinea,2019-11-01,2109.037249669401
Equatorial Guinea,2019-12-01,2057.539247647363
Equatorial Guinea,2020-01-01,2003.2564770334504
Equatorial Guinea,2020-02-01,1959.5328241458744
Equatorial Guinea,2020-03-01,1926.3682889802592
Equatorial Guinea,2020-04-01,1903.7628715332933
Equatorial Guinea,2020-05-01,1891.7165718027152
Equatorial Guinea,2020-06-01,1890.2293897873185
Equatorial Guinea,2020-07-01,1899.3013254869552
Equatorial Guinea,2020-08-01,1918.932378902533
Equatorial Guinea,2020-09-01,1949.1225500360147
Equatorial Guinea,2020-10-01,1989.8718388904185
Equatorial Guinea,2020-11-01,2041.1802454698206
Equatorial Guinea,2020-12-01,2103.0477697793513
Equatorial Guinea,2021-01-01,2175.4744118251974
Equatorial Guinea,2021-02-01,2243.3537694676493
Equatorial Guinea,2021-03-01,2306.685842713496
Equatorial Guinea,2021-04-01,2365.470631569065
Equatorial Guinea,2021-05-01,2419.7081360402394
Equatorial Guinea,2021-06-01,2469.3983561324417
Equatorial Guinea,2021-07-01,2514.5412918506418
Equatorial Guinea,2021-08-01,2555.136943199354
Equatorial Guinea,2021-09-01,2591.1853101826377
Equatorial Guinea,2021-10-01,2622.6863928040975
Equatorial Guinea,2021-11-01,2649.6401910668837
Equatorial Guinea,2021-12-01,2672.046704973692
Equatorial Guinea,2022-01-01,2689.9059345267633
Equatorial Guinea,2022-02-01,2705.1550039623594
Equatorial Guinea,2022-03-01,2717.7939132820034
Equatorial Guinea,2022-04-01,2727.8226624869603
Equatorial Guinea,2022-05-01,2735.2412515782344
Equatorial Guinea,2022-06-01,2740.0496805565663
Equatorial Guinea,2022-07-01,2742.2479494224362
Equatorial Guinea,2022-08-01,2741.8360581760653
Equatorial Guinea,2022-09-01,2738.814006817412
Equatorial Guinea,2022-10-01,2733.1817953461746
Equatorial Guinea,2022-11-01,2724.93942376179
Equatorial Guinea,2022-12-01,2714.0868920634334
Equatorial Guinea,2023-01-01,2700.6242002500207
Equatorial Guinea,2023-02-01,2689.5254174439415
Equatorial Guinea,2023-03-01,2680.79054364409
Equatorial Guinea,2023-04-01,2674.4195788495836
Equatorial Guinea,2023-05-01,2670.412523059792
Equatorial Guinea,2023-06-01,2668.769376274312
Equatorial Guinea,2023-07-01,2669.4901384929794
Equatorial Guinea,2023-08-01,2672.574809715867
Equatorial Guinea,2023-09-01,2678.0233899432833
Equatorial Guinea,2023-10-01,2685.835879175773
Equatorial Guinea,2023-11-01,2696.0122774141173
Equatorial Guinea,2023-12-01,2708.552584659335
Equatorial Guinea,2024-01-01,2723.4568009126792
Equatorial Guinea,2024-02-01,2737.032660668615
Equatorial Guinea,2024-03-01,2749.2801639284976
Equatorial Guinea,2024-04-01,2760.199310693557
Equatorial Guinea,2024-05-01,2769.7901009648804
Equatorial Guinea,2024-06-01,2778.052534743428
Equatorial Guinea,2024-07-01,2784.986612030027
Equatorial Guinea,2024-08-01,2790.5923328253707
Equatorial Guinea,2024-09-01,2794.8696971300196
Equatorial Guinea,2024-10-01,2797.8187049444014
Equatorial Guinea,2024-11-01,2799.439356268812
Equatorial Guinea,2024-12-01,2799.7316511034132
Equatorial Guinea,2025-01-01,2798.6955894482335
Equatorial Guinea,2025-02-01,2797.7458662646827
Equatorial Guinea,2025-03-01,2796.8824815526623
Equatorial Guinea,2025-04-01,2796.1054353120953
Equatorial Guinea,2025-05-01,2795.4147275428963
Equatorial Guinea,2025-06-01,2794.810358244998
Equatorial Guinea,2025-07-01,2794.292327418339
Equatorial Guinea,2025-08-01,2793.860635062869
Equatorial Guinea,2025-09-01,2793.5152811785442
Equatorial Guinea,2025-10-01,2793.256265765331
Equatorial Guinea,2025-11-01,2793.0835888232036
Equatorial Guinea,2025-12-01,2792.9972503521444
Eritrea,2015-01-01,432.7753592116574
Eritrea,2015-02-01,433.35781685949036
Eritrea,2015-03-01,434.52273215521416
Eritrea,2015-04-01,436.27010509894615
Eritrea,2015-05-01,438.5999356908604
Eritrea,2015-06-01,441.5122239311899
Eritrea,2015-07-01,445.0069698202261
Eritrea,2015-08-01,449.0841733583182
Eritrea,2015-09-01,453.7438345458741
Eritrea,2015-10-01,458.9859533833597
Eritrea,2015-11-01,464.81052987129925
Eritrea,2015-12-01,471.21756401027517
Eritrea,2016-01-01,478.20705580092823
Eritrea,2016-02-01,483.83621071474874
Eritrea,2016-03-01,488.10502875229906
Eritrea,2016-04-01,491.0135099140069
Eritrea,2016-05-01,492.56165420016265
Eritrea,2016-06-01,492.7494616109214
Eritrea,2016-07-01,491.57693214630166
Eritrea,2016-08-01,489.0440658061862
Eritrea,2016-09-01,485.1508625903219
Eritrea,2016-10-01,479.8973224983192
Eritrea,2016-11-01,473.283445529653
Eritrea,2016-12-01,465.30923168366184
Eritrea,2017-01-01,455.97468095954815
Eritrea,2017-02-01,448.27241032513973
Eritrea,2017-03-01,442.20241977966674
Eritrea,2017-04-01,437.76470932252147
Eritrea,2017-05-01,434.9592789532605
Eritrea,2017-06-01,433.7861286716028
Eritrea,2017-07-01,434.2452584774314
Eritrea,2017-08-01,436.33666837079215
Eritrea,2017-09-01,440.0603583518942
Eritrea,2017-10-01,445.4163284211099
Eritrea,2017-11-01,452.4045785789748
Eritrea,2017-12-01,461.02510882618776
Eritrea,2018-01-01,471.2779191636108
Eritrea,2018-02-01,480.70126167671776
Eritrea,2018-03-01,489.2951363664502
Eritrea,2018-04-01,497.05954323366876
Eritrea,2018-05-01,503.9944822791491
Eritrea,2018-06-01,510.0999535035851
Eritrea,2018-07-01,515.375956907587
Eritrea,2018-08-01,519.8224924916825
Eritrea,2018-09-01,523.4395602563163
Eritrea,2018-10-01,526.2271602018501
Eritrea,2018-11-01,528.1852923285627
Eritrea,2018-12-01,529.3139566366498
Eritrea,2019-01-01,529.6131531262243
Eritrea,2019-02-01,529.891048499112
Eritrea,2019-03-01,530.1476427553409
Eritrea,2019-04-01,530.3829358949362
Eritrea,2019-05-01,530.5969279179213
Eritrea,2019-06-01,530.7896188243178
Eritrea,2019-07-01,530.9610086141449
Eritrea,2019-08-01,531.1110972874197
Eritrea,2019-09-01,531.2398848441574
Eritrea,2019-10-01,531.3473712843705
Eritrea,2019-11-01,531.4335566080701
Eritrea,2019-12-01,531.4984408152648
Eritrea,2020-01-01,531.5420239059608
Eritrea,2020-02-01,531.8919679374894
Eritrea,2020-03-01,532.5482729098844
Eritrea,2020-04-01,533.5109388232137
Eritrea,2020-05-01,534.7799656775724
Eritrea,2020-06-01,536.3553534730871
Eritrea,2020-07-01,538.2371022099157
Eritrea,2020-08-01,540.4252118882463
Eritrea,2020-09-01,542.9196825082976
Eritrea,2020-10-01,545.7205140703189
Eritrea,2020-11-01,548.8277065745907
Eritrea,2020-12-01,552.2412600214234
Eritrea,2021-01-01,555.9611744111585
Eritrea,2021-02-01,559.8137865528204
Eritrea,2021-03-01,563.799096446794
Eritrea,2021-04-01,567.9171040934784
Eritrea,2021-05-01,572.1678094932852
Eritrea,2021-06-01,576.5512126466392
Eritrea,2021-07-01,581.0673135539789
Eritrea,2021-08-01,585.716112215756
Eritrea,2021-09-01,590.4976086324352
Eritrea,2021-10-01,595.4118028044948
Eritrea,2021-11-01,600.458694732426
Eritrea,2021-12-01,605.6382844167338
Eritrea,2022-01-01,610.950571857936
Eritrea,2022-02-01,616.1054542859813
Eritrea,2022-03-01,621.1029317013854
Eritrea,2022-04-01,625.9430041046472
Eritrea,2022-05-01,630.6256714962514
Eritrea,2022-06-01,635.150933876666
Eritrea,2022-07-01,639.5187912463438
Eritrea,2022-08-01,643.7292436057214
Eritrea,2022-09-01,647.7822909552201
Eritrea,2022-10-01,651.677933295245
Eritrea,2022-11-01,655.4161706261859
Eritrea,2022-12-01,658.9970029484166
Eritrea,2023-01-01,662.420430262295
Eritrea,2023-02-01,665.7739576947249
Eritrea,2023-03-01,669.0575852460416
Eritrea,2023-04-01,672.2713129165728
Eritrea,2023-05-01,675.4151407066414
Eritrea,2023-06-01,678.4890686165605
Eritrea,2023-07-01,681.4930966466378
Eritrea,2023-08-01,684.427224797174
Eritrea,2023-09-01,687.291453068462
Eritrea,2023-10-01,690.0857814607887
Eritrea,2023-11-01,692.8102099744333
Eritrea,2023-12-01,695.4647386096686
Eritrea,2024-01-01,698.0493673667598
Eritrea,2024-02-01,700.7277796673029
Eritrea,2024-03-01,703.4999755115663
Eritrea,2024-04-01,706.3659548998269
Eritrea,2024-05-01,709.3257178323711
Eritrea,2024-06-01,712.3792643094947
Eritrea,2024-07-01,715.5265943315031
Eritrea,2024-08-01,718.7677078987114
Eritrea,2024-09-01,722.1026050114433
Eritrea,2024-10-01,725.5312856700325
Eritrea,2024-11-01,729.053749874822
Eritrea,2024-12-01,732.669997626164
Eritrea,2025-01-01,736.38002892442
Eritrea,2025-02-01,739.7808909465177
Eritrea,2025-03-01,742.872583692795
Eritrea,2025-04-01,745.655107163566
Eritrea,2025-05-01,748.1284613591054
Eritrea,2025-06-01,750.2926462796614
Eritrea,2025-07-01,752.14766192545
Eritrea,2025-08-01,753.6935082966571
Eritrea,2025-09-01,754.9301853934373
Eritrea,2025-10-01,755.8576932159142
Eritrea,2025-11-01,756.4760317641806
Eritrea,2025-12-01,756.7852010382984
Eswatini,2015-01-01,750.156671697271
Eswatini,2015-02-01,750.5438856111599
Eswatini,2015-03-01,751.3183134389764
Eswatini,2015-04-01,752.4799551807978
Eswatini,2015-05-01,754.0288108367406
Eswatini,2015-06-01,755.9648804069595
Eswatini,2015-07-01,758.2881638916481
Eswatini,2015-08-01,760.9986612910386
Eswatini,2015-09-01,764.0963726054022
Eswatini,2015-10-01,767.5812978350485
Eswatini,2015-11-01,771.4534369803263
Eswatini,2015-12-01,775.7127900416225
Eswatini,2016-01-01,780.3593570193633
Eswatini,2016-02-01,784.8602467219315
Eswatini,2016-03-01,789.2154591497778
Eswatini,2016-04-01,793.4249943033358
Eswatini,2016-05-01,797.4888521830279
Eswatini,2016-06-01,801.407032789261
Eswatini,2016-07-01,805.1795361224262
Eswatini,2016-08-01,808.8063621829007
Eswatini,2016-09-01,812.2875109710475
Eswatini,2016-10-01,815.6229824872144
Eswatini,2016-11-01,818.8127767317352
Eswatini,2016-12-01,821.8568937049288
Eswatini,2017-01-01,824.7553334070996
Eswatini,2017-02-01,827.1510849245166
Eswatini,2017-03-01,829.0441482574192
Eswatini,2017-04-01,830.4345234059972
Eswatini,2017-05-01,831.3222103703889
Eswatini,2017-06-01,831.7072091506834
Eswatini,2017-07-01,831.5895197469196
Eswatini,2017-08-01,830.9691421590851
Eswatini,2017-09-01,829.8460763871184
Eswatini,2017-10-01,828.2203224309067
Eswatini,2017-11-01,826.0918802902877
Eswatini,2017-12-01,823.4607499650484
Eswatini,2018-01-01,820.3269314549258
Eswatini,2018-02-01,818.3889463932514
Eswatini,2018-03-01,817.6467947798301
Eswatini,2018-04-01,818.1004766145907
Eswatini,2018-05-01,819.7499918975765
Eswatini,2018-06-01,822.5953406289528
Eswatini,2018-07-01,826.6365228090041
Eswatini,2018-08-01,831.8735384381346
Eswatini,2018-09-01,838.3063875168676
Eswatini,2018-10-01,845.935070045847
Eswatini,2018-11-01,854.7595860258356
Eswatini,2018-12-01,864.7799354577153
Eswatini,2019-01-01,875.9961183424888
Eswatini,2019-02-01,886.022102631216
Eswatini,2019-03-01,894.8578883248986
Eswatini,2019-04-01,902.5034754244213
Eswatini,2019-05-01,908.9588639305483
Eswatini,2019-06-01,914.2240538439254
Eswatini,2019-07-01,918.2990451650786
Eswatini,2019-08-01,921.1838378944157
Eswatini,2019-09-01,922.8784320322252
Eswatini,2019-10-01,923.3828275786765
Eswatini,2019-11-01,922.69702453382
Eswatini,2019-12-01,920.8210228975872
Eswatini,2020-01-01,917.7548226697902
Eswatini,2020-02-01,915.6636758215096
Eswatini,2020-03-01,914.5475823525363
Eswatini,2020-04-01,914.4065422627602
Eswatini,2020-05-01,915.2405555521655
Eswatini,2020-06-01,917.0496222208353
Eswatini,2020-07-01,919.833742268951
Eswatini,2020-08-01,923.5929156967914
Eswatini,2020-09-01,928.327142504732
Eswatini,2020-10-01,934.0364226932462
Eswatini,2020-11-01,940.7207562629051
Eswatini,2020-12-01,948.380143214377
Eswatini,2021-01-01,957.0145835484277
Eswatini,2021-02-01,965.4628000004445
Eswatini,2021-03-01,973.7247925712727
Eswatini,2021-04-01,981.8005612617366
Eswatini,2021-05-01,989.6901060726448
Eswatini,2021-06-01,997.3934270047869
Eswatini,2021-07-01,1004.9105240589324
Eswatini,2021-08-01,1012.2413972358336
Eswatini,2021-09-01,1019.3860465362231
Eswatini,2021-10-01,1026.3444719608156
Eswatini,2021-11-01,1033.1166735103068
Eswatini,2021-12-01,1039.7026511853744
Eswatini,2022-01-01,1046.1024049866764
Eswatini,2022-02-01,1052.5815952887897
Eswatini,2022-03-01,1059.1402220923635
Eswatini,2022-04-01,1065.7782853980498
Eswatini,2022-05-01,1072.4957852065152
Eswatini,2022-06-01,1079.292721518431
Eswatini,2022-07-01,1086.1690943344765
Eswatini,2022-08-01,1093.1249036553397
Eswatini,2022-09-01,1100.1601494817162
Eswatini,2022-10-01,1107.2748318143094
Eswatini,2022-11-01,1114.4689506538311
Eswatini,2022-12-01,1121.7425060010007
Eswatini,2023-01-01,1129.0954978565455
Eswatini,2023-02-01,1136.13069978417
Eswatini,2023-03-01,1142.8481117845781
Eswatini,2023-04-01,1149.2477338584395
Eswatini,2023-05-01,1155.3295660063966
Eswatini,2023-06-01,1161.0936082290566
Eswatini,2023-07-01,1166.5398605269963
Eswatini,2023-08-01,1171.6683229007606
Eswatini,2023-09-01,1176.4789953508619
Eswatini,2023-10-01,1180.9718778777815
Eswatini,2023-11-01,1185.1469704819688
Eswatini,2023-12-01,1189.0042731638414
Eswatini,2024-01-01,1192.5437859237845
Eswatini,2024-02-01,1196.5892737282218
Eswatini,2024-03-01,1201.140736577559
Eswatini,2024-04-01,1206.1981744722484
Eswatini,2024-05-01,1211.761587412797
Eswatini,2024-06-01,1217.8309753997612
Eswatini,2024-07-01,1224.4063384337474
Eswatini,2024-08-01,1231.4876765154136
Eswatini,2024-09-01,1239.074989645468
Eswatini,2024-10-01,1247.1682778246693
Eswatini,2024-11-01,1255.767541053827
Eswatini,2024-12-01,1264.8727793338012
Eswatini,2025-01-01,1274.483992665502
Eswatini,2025-02-01,1283.2942715495171
Eswatini,2025-03-01,1291.3036159867258
Eswatini,2025-04-01,1298.5120259779328
Eswatini,2025-05-01,1304.9195015238565
Eswatini,2025-06-01,1310.5260426251382
Eswatini,2025-07-01,1315.3316492823383
Eswatini,2025-08-01,1319.3363214959375
Eswatini,2025-09-01,1322.540059266336
Eswatini,2025-10-01,1324.9428625938544
Eswatini,2025-11-01,1326.5447314787332
Eswatini,2025-12-01,1327.3456659211329
Ethiopia,2015-01-01,14743.080115871933
Ethiopia,2015-02-01,14752.993010809185
Ethiopia,2015-03-01,14772.818800684641
Ethiopia,2015-04-01,14802.55748550036
Ethiopia,2015-05-01,14842.20906525927
Ethiopia,2015-06-01,14891.773539965345
Ethiopia,2015-07-01,14951.250909623543
Ethiopia,2015-08-01,15020.641174239807
Ethiopia,2015-09-01,15099.94433382108
Ethiopia,2015-10-01,15189.160388375292
Ethiopia,2015-11-01,15288.289337911367
Ethiopia,2015-12-01,15397.331182439213
Ethiopia,2016-01-01,15516.28592196974
Ethiopia,2016-02-01,15641.990519762641
Ethiopia,2016-03-01,15774.444975830513
Ethiopia,2016-04-01,15913.649290186573
Ethiopia,2016-05-01,16059.603462844754
Ethiopia,2016-06-01,16212.30749381964
Ethiopia,2016-07-01,16371.7613831265
Ethiopia,2016-08-01,16537.965130781286
Ethiopia,2016-09-01,16710.918736800617
Ethiopia,2016-10-01,16890.622201201786
Ethiopia,2016-11-01,17077.07552400277
Ethiopia,2016-12-01,17270.278705222205
Ethiopia,2017-01-01,17470.231744879417
Ethiopia,2017-02-01,17659.743973977478
Ethiopia,2017-03-01,17838.815392535333
Ethiopia,2017-04-01,18007.446000570922
Ethiopia,2017-05-01,18165.635798101088
Ethiopia,2017-06-01,18313.38478514164
Ethiopia,2017-07-01,18450.69296170735
Ethiopia,2017-08-01,18577.560327811956
Ethiopia,2017-09-01,18693.98688346814
Ethiopia,2017-10-01,18799.97262868755
Ethiopia,2017-11-01,18895.51756348078
Ethiopia,2017-12-01,18980.621687857383
Ethiopia,2018-01-01,19055.285001825872
Ethiopia,2018-02-01,19138.60558623679
Ethiopia,2018-03-01,19230.583441098486
Ethiopia,2018-04-01,19331.218566420142
Ethiopia,2018-05-01,19440.510962211803
Ethiopia,2018-06-01,19558.460628484412
Ethiopia,2018-07-01,19685.06756524976
Ethiopia,2018-08-01,19820.33177252051
Ethiopia,2018-09-01,19964.253250310187
Ethiopia,2018-10-01,20116.83199863319
Ethiopia,2018-11-01,20278.068017504775
Ethiopia,2018-12-01,20447.96130694106
Ethiopia,2019-01-01,20626.511866959037
Ethiopia,2019-02-01,20805.874395075163
Ethiopia,2019-03-01,20986.048891307313
Ethiopia,2019-04-01,21167.03535567358
Ethiopia,2019-05-01,21348.83378819204
Ethiopia,2019-06-01,21531.444188880876
Ethiopia,2019-07-01,21714.86655775835
Ethiopia,2019-08-01,21899.100894842803
Ethiopia,2019-09-01,22084.14720015266
Ethiopia,2019-10-01,22270.005473706424
Ethiopia,2019-11-01,22456.67571552268
Ethiopia,2019-12-01,22644.157925620097
Ethiopia,2020-01-01,22832.452104017422
Ethiopia,2020-02-01,23019.904368973228
Ethiopia,2020-03-01,23206.514720506242
Ethiopia,2020-04-01,23392.283158635157
Ethiopia,2020-05-01,23577.20968337853
Ethiopia,2020-06-01,23761.294294754858
Ethiopia,2020-07-01,23944.536992782552
Ethiopia,2020-08-01,24126.93777747994
Ethiopia,2020-09-01,24308.49664886526
Ethiopia,2020-10-01,24489.213606956666
Ethiopia,2020-11-01,24669.088651772232
Ethiopia,2020-12-01,24848.12178332994
Ethiopia,2021-01-01,25026.3130016477
Ethiopia,2021-02-01,25218.73060112446
Ethiopia,2021-03-01,25425.374581779444
Ethiopia,2021-04-01,25646.244943633363
Ethiopia,2021-05-01,25881.341686708267
Ethiopia,2021-06-01,26130.66481102767
Ethiopia,2021-07-01,26394.214316616508
Ethiopia,2021-08-01,26671.990203501126
Ethiopia,2021-09-01,26963.992471709305
Ethiopia,2021-10-01,27270.221121270253
Ethiopia,2021-11-01,27590.676152214583
Ethiopia,2021-12-01,27925.357564574348
Ethiopia,2022-01-01,28274.26535838301
Ethiopia,2022-02-01,28615.67210943551
Ethiopia,2022-03-01,28949.577817765927
Ethiopia,2022-04-01,29275.982483407715
Ethiopia,2022-05-01,29594.886106393526
Ethiopia,2022-06-01,29906.288686755215
Ethiopia,2022-07-01,30210.190224523943
Ethiopia,2022-08-01,30506.590719730095
Ethiopia,2022-09-01,30795.490172403308
Ethiopia,2022-10-01,31076.88858257248
Ethiopia,2022-11-01,31350.785950265752
Ethiopia,2022-12-01,31617.182275510517
Ethiopia,2023-01-01,31876.0775583334
Ethiopia,2023-02-01,32137.368650328423
Ethiopia,2023-03-01,32401.055551521717
Ethiopia,2023-04-01,32667.13826193968
Ethiopia,2023-05-01,32935.61678160888
Ethiopia,2023-06-01,33206.49111055617
Ethiopia,2023-07-01,33479.761248808645
Ethiopia,2023-08-01,33755.42719639363
Ethiopia,2023-09-01,34033.488953338696
Ethiopia,2023-10-01,34313.94651967165
Ethiopia,2023-11-01,34596.79989542053
Ethiopia,2023-12-01,34882.04908061364
Ethiopia,2024-01-01,35169.694075279476
Ethiopia,2024-02-01,35465.136517963016
Ethiopia,2024-03-01,35768.37640869368
Ethiopia,2024-04-01,36079.41374750203
Ethiopia,2024-05-01,36398.24853441903
Ethiopia,2024-06-01,36724.880769476564
Ethiopia,2024-07-01,37059.310452707316
Ethiopia,2024-08-01,37401.53758414473
Ethiopia,2024-09-01,37751.562163823015
Ethiopia,2024-10-01,38109.38419177718
Ethiopia,2024-11-01,38475.00366804301
Ethiopia,2024-12-01,38848.42059265708
Ethiopia,2025-01-01,39229.63496565672
Ethiopia,2025-02-01,39579.08147410577
Ethiopia,2025-03-01,39896.76011803915
Ethiopia,2025-04-01,40182.67089748872
Ethiopia,2025-05-01,40436.81381248297
Ethiopia,2025-06-01,40659.18886304735
Ethiopia,2025-07-01,40849.796049204066
Ethiopia,2025-08-01,41008.63537097222
Ethiopia,2025-09-01,41135.70682836767
Ethiopia,2025-10-01,41231.01042140314
Ethiopia,2025-11-01,41294.54615008816
Ethiopia,2025-12-01,41326.31401442908
Gabon,2015-01-01,2505.0857191975933
Gabon,2015-02-01,2505.8492917885137
Gabon,2015-03-01,2507.376436970431
Gabon,2015-04-01,2509.667154743496
Gabon,2015-05-01,2512.7214451079403
Gabon,2015-06-01,2516.53930806407
Gabon,2015-07-01,2521.120743612265
Gabon,2015-08-01,2526.465751752983
Gabon,2015-09-01,2532.57433248676
Gabon,2015-10-01,2539.446485814206
Gabon,2015-11-01,2547.0822117360085
Gabon,2015-12-01,2555.4815102529315
Gabon,2016-01-01,2564.6443813658148
Gabon,2016-02-01,2573.198666210734
Gabon,2016-03-01,2581.1443647885467
Gabon,2016-04-01,2588.4814771000442
Gabon,2016-05-01,2595.210003145962
Gabon,2016-06-01,2601.329942926974
Gabon,2016-07-01,2606.84129644369
Gabon,2016-08-01,2611.7440636966626
Gabon,2016-09-01,2616.038244686381
Gabon,2016-10-01,2619.7238394132746
Gabon,2016-11-01,2622.8008478777133
Gabon,2016-12-01,2625.2692700800044
Gabon,2017-01-01,2627.129106020394
Gabon,2017-02-01,2629.9229953098347
Gabon,2017-03-01,2633.650937948607
Gabon,2017-04-01,2638.312933937085
Gabon,2017-05-01,2643.908983275732
Gabon,2017-06-01,2650.4390859651094
Gabon,2017-07-01,2657.9032420058675
Gabon,2017-08-01,2666.3014513987546
Gabon,2017-09-01,2675.63371414461
Gabon,2017-10-01,2685.9000302443674
Gabon,2017-11-01,2697.1003996990526
Gabon,2017-12-01,2709.234822509786
Gabon,2018-01-01,2722.303298677781
Gabon,2018-02-01,2737.1876026045948
Gabon,2018-03-01,2753.8877342917167
Gabon,2018-04-01,2772.403693740817
Gabon,2018-05-01,2792.735480953743
Gabon,2018-06-01,2814.8830959325305
Gabon,2018-07-01,2838.8465386793946
Gabon,2018-08-01,2864.6258091967316
Gabon,2018-09-01,2892.220907487119
Gabon,2018-10-01,2921.6318335533165
Gabon,2018-11-01,2952.858587398265
Gabon,2018-12-01,2985.9011690250873
Gabon,2019-01-01,3020.759578437088
Gabon,2019-02-01,3047.2939263368357
Gabon,2019-03-01,3065.5042127269853
Gabon,2019-04-01,3075.39043760935
Gabon,2019-05-01,3076.9526009849233
Gabon,2019-06-01,3070.190702853864
Gabon,2019-07-01,3055.1047432154946
Gabon,2019-08-01,3031.694722068306
Gabon,2019-09-01,2999.960639409958
Gabon,2019-10-01,2959.9024952372756
Gabon,2019-11-01,2911.5202895462544
Gabon,2019-12-01,2854.8140223320556
Gabon,2020-01-01,2789.7836935890086
Gabon,2020-02-01,2740.271890490633
Gabon,2020-03-01,2706.278613031975
Gabon,2020-04-01,2687.8038612096393
Gabon,2020-05-01,2684.8476350217757
Gabon,2020-06-01,2697.40993446809
Gabon,2020-07-01,2725.490759549837
Gabon,2020-08-01,2769.0901102698263
Gabon,2020-09-01,2828.207986632417
Gabon,2020-10-01,2902.8443886435207
Gabon,2020-11-01,2992.999316310601
Gabon,2020-12-01,3098.6727696426738
Gabon,2021-01-01,3219.8647486503064
Gabon,2021-02-01,3331.9250914059203
Gabon,2021-03-01,3434.8537979207194
Gabon,2021-04-01,3528.650868205
Gabon,2021-05-01,3613.316302268139
Gabon,2021-06-01,3688.850100118605
Gabon,2021-07-01,3755.2522617639497
Gabon,2021-08-01,3812.522787210813
Gabon,2021-09-01,3860.6616764649234
Gabon,2021-10-01,3899.668929531094
Gabon,2021-11-01,3929.544546413225
Gabon,2021-12-01,3950.2885271143055
Gabon,2022-01-01,3961.900871636409
Gabon,2022-02-01,3974.4918737747776
Gabon,2022-03-01,3988.0615335306775
Gabon,2022-04-01,4002.609850905448
Gabon,2022-05-01,4018.1368259005544
Gabon,2022-06-01,4034.6424585175473
Gabon,2022-07-01,4052.126748758076
Gabon,2022-08-01,4070.58969662389
Gabon,2022-09-01,4090.031302116838
Gabon,2022-10-01,4110.451565238862
Gabon,2022-11-01,4131.850485992005
Gabon,2022-12-01,4154.228064378407
Gabon,2023-01-01,4177.584300400306
Gabon,2023-02-01,4200.75460119923
Gabon,2023-03-01,4223.738966777487
Gabon,2023-04-01,4246.537397137388
Gabon,2023-05-01,4269.149892281208
Gabon,2023-06-01,4291.57645221121
Gabon,2023-07-01,4313.817076929636
Gabon,2023-08-01,4335.871766438709
Gabon,2023-09-01,4357.7405207406355
Gabon,2023-10-01,4379.423339837602
Gabon,2023-11-01,4400.920223731778
Gabon,2023-12-01,4422.231172425313
Gabon,2024-01-01,4443.356185920338
Gabon,2024-02-01,4464.343246483167
Gabon,2024-03-01,4485.192354115905
Gabon,2024-04-01,4505.903508820626
Gabon,2024-05-01,4526.476710599406
Gabon,2024-06-01,4546.911959454302
Gabon,2024-07-01,4567.209255387356
Gabon,2024-08-01,4587.368598400601
Gabon,2024-09-01,4607.389988496049
Gabon,2024-10-01,4627.273425675705
Gabon,2024-11-01,4647.018909941557
Gabon,2024-12-01,4666.626441295579
Gabon,2025-01-01,4686.096019739732
Gabon,2025-02-01,4703.943133306697
Gabon,2025-03-01,4720.167781998259
Gabon,2025-04-01,4734.7699658160445
Gabon,2025-05-01,4747.749684761513
Gabon,2025-06-01,4759.106938835956
Gabon,2025-07-01,4768.84172804051
Gabon,2025-08-01,4776.9540523761525
Gabon,2025-09-01,4783.443911843693
Gabon,2025-10-01,4788.31130644378
Gabon,2025-11-01,4791.556236176901
Gabon,2025-12-01,4793.178701043381
Gambia,2015-01-01,360.4862639127637
Gambia,2015-02-01,360.5676068084777
Gambia,2015-03-01,360.73029259991307
Gambia,2015-04-01,360.9743212870875
Gambia,2015-05-01,361.2996928700248
Gambia,2015-06-01,361.70640734875735
Gambia,2015-07-01,362.19446472332595
Gambia,2015-08-01,362.76386499377935
Gambia,2015-09-01,363.4146081601745
Gambia,2015-10-01,364.1466942225765
Gambia,2015-11-01,364.9601231810585
Gambia,2015-12-01,365.85489503570193
Gambia,2016-01-01,366.83100978659627
Gambia,2016-02-01,367.83982198131076
Gambia,2016-03-01,368.8813316199464
Gambia,2016-04-01,369.9555387026069
Gambia,2016-05-01,371.06244322939995
Gambia,2016-06-01,372.2020452004365
Gambia,2016-07-01,373.37434461583024
Gambia,2016-08-01,374.5793414756986
Gambia,2016-09-01,375.8170357801619
Gambia,2016-10-01,377.087427529344
Gambia,2016-11-01,378.390516723372
Gambia,2016-12-01,379.72630336237614
Gambia,2017-01-01,381.09478744649005
Gambia,2017-02-01,382.855435633591
Gambia,2017-03-01,385.0082479238555
Gambia,2017-04-01,387.5532243174981
Gambia,2017-05-01,390.4903648147738
Gambia,2017-06-01,393.8196694159761
Gambia,2017-07-01,397.54113812143794
Gambia,2017-08-01,401.65477093153146
Gambia,2017-09-01,406.1605678466681
Gambia,2017-10-01,411.0585288672983
Gambia,2017-11-01,416.348653993912
Gambia,2017-12-01,422.03094322703816
Gambia,2018-01-01,428.10539656724495
Gambia,2018-02-01,433.9240628224807
Gambia,2018-03-01,439.4869419933268
Gambia,2018-04-01,444.79403408034034
Gambia,2018-05-01,449.8453390840516
Gambia,2018-06-01,454.64085700496577
Gambia,2018-07-01,459.1805878435625
Gambia,2018-08-01,463.46453160029574
Gambia,2018-09-01,467.4926882755939
Gambia,2018-10-01,471.26505786985973
Gambia,2018-11-01,474.7816403834705
Gambia,2018-12-01,478.04243581677787
Gambia,2019-01-01,481.04744417010795
Gambia,2019-02-01,483.97866294786047
Gambia,2019-03-01,486.83609215032885
Gambia,2019-04-01,489.61973177779805
Gambia,2019-05-01,492.32958183054717
Gambia,2019-06-01,494.96564230884667
Gambia,2019-07-01,497.52791321296047
Gambia,2019-08-01,500.01639454314477
Gambia,2019-09-01,502.43108629964837
Gambia,2019-10-01,504.77198848271263
Gambia,2019-11-01,507.0391010925718
Gambia,2019-12-01,509.23242412945245
Gambia,2020-01-01,511.3519575935739
Gambia,2020-02-01,513.7886757320329
Gambia,2020-03-01,516.542578545073
Gambia,2020-04-01,519.6136660329696
Gambia,2020-05-01,523.00193819603
Gambia,2020-06-01,526.7073950345927
Gambia,2020-07-01,530.7300365490286
Gambia,2020-08-01,535.0698627397397
Gambia,2020-09-01,539.7268736071601
Gambia,2020-10-01,544.7010691517553
Gambia,2020-11-01,549.992449374023
Gambia,2020-12-01,555.6010142744921
Gambia,2021-01-01,561.5267638537234
Gambia,2021-02-01,567.544157409362
Gambia,2021-03-01,573.6531949420084
Gambia,2021-04-01,579.853876452275
Gambia,2021-05-01,586.1462019407811
Gambia,2021-06-01,592.5301714081562
Gambia,2021-07-01,599.0057848550388
Gambia,2021-08-01,605.5730422820764
Gambia,2021-09-01,612.2319436899257
Gambia,2021-10-01,618.9824890792526
Gambia,2021-11-01,625.824678450732
Gambia,2021-12-01,632.7585118050486
Gambia,2022-01-01,639.7839891428953
Gambia,2022-02-01,646.6153901454693
Gambia,2022-03-01,653.2527148134535
Gambia,2022-04-01,659.695963147513
Gambia,2022-05-01,665.94513514829
Gambia,2022-06-01,672.0002308164105
Gambia,2022-07-01,677.8612501524799
Gambia,2022-08-01,683.528193157084
Gambia,2022-09-01,689.0010598307899
Gambia,2022-10-01,694.2798501741446
Gambia,2022-11-01,699.3645641876761
Gambia,2022-12-01,704.2552018718933
Gambia,2023-01-01,708.9517632272846
Gambia,2023-02-01,713.6126692312037
Gambia,2023-03-01,718.2379198841139
Gambia,2023-04-01,722.8275151864827
Gambia,2023-05-01,727.3814551387668
Gambia,2023-06-01,731.8997397414214
Gambia,2023-07-01,736.3823689948983
Gambia,2023-08-01,740.8293428996459
Gambia,2023-09-01,745.240661456109
Gambia,2023-10-01,749.6163246647287
Gambia,2023-11-01,753.9563325259428
Gambia,2023-12-01,758.2606850401852
Gambia,2024-01-01,762.5293822078862
Gambia,2024-02-01,767.0608620907844
Gambia,2024-03-01,771.855124689333
Gambia,2024-04-01,776.9121700040116
Gambia,2024-05-01,782.2319980353249
Gambia,2024-06-01,787.8146087838061
Gambia,2024-07-01,793.6600022500126
Gambia,2024-08-01,799.7681784345292
Gambia,2024-09-01,806.139137337967
Gambia,2024-10-01,812.7728789609629
Gambia,2024-11-01,819.6694033041804
Gambia,2024-12-01,826.8287103683092
Gambia,2025-01-01,834.2508001540651
Gambia,2025-02-01,841.0543824550666
Gambia,2025-03-01,847.2394572719951
Gambia,2025-04-01,852.806024605468
Gambia,2025-05-01,857.7540844560414
Gambia,2025-06-01,862.083636824211
Gambia,2025-07-01,865.7946817104091
Gambia,2025-08-01,868.8872191150073
Gambia,2025-09-01,871.3612490383147
Gambia,2025-10-01,873.2167714805786
Gambia,2025-11-01,874.4537864419848
Gambia,2025-12-01,875.0722939226571
Ghana,2015-01-01,11196.09974830933
Ghana,2015-02-01,11198.70145042818
Ghana,2015-03-01,11203.90485466615
Ghana,2015-04-01,11211.709961023744
Ghana,2015-05-01,11222.116769501747
Ghana,2015-06-01,11235.1252801012
Ghana,2015-07-01,11250.735492823405
Ghana,2015-08-01,11268.947407669923
Ghana,2015-09-01,11289.761024642572
Ghana,2015-10-01,11313.176343743437
Ghana,2015-11-01,11339.193364974857
Ghana,2015-12-01,11367.812088339437
Ghana,2016-01-01,11399.032513840037
Ghana,2016-02-01,11437.710416258411
Ghana,2016-03-01,11483.845795598423
Ghana,2016-04-01,11537.438651864708
Ghana,2016-05-01,11598.4889850626
Ghana,2016-06-01,11666.996795198216
Ghana,2016-07-01,11742.9620822784
Ghana,2016-08-01,11826.384846310752
Ghana,2016-09-01,11917.265087303613
Ghana,2016-10-01,12015.602805266068
Ghana,2016-11-01,12121.398000207955
Ghana,2016-12-01,12234.650672139853
Ghana,2017-01-01,12355.360821073085
Ghana,2017-02-01,12472.367844262972
Ghana,2017-03-01,12585.671741721231
Ghana,2017-04-01,12695.27251345916
Ghana,2017-05-01,12801.170159487738
Ghana,2017-06-01,12903.364679817547
Ghana,2017-07-01,13001.856074458807
Ghana,2017-08-01,13096.644343421369
Ghana,2017-09-01,13187.729486714708
Ghana,2017-10-01,13275.111504347935
Ghana,2017-11-01,13358.790396329789
Ghana,2017-12-01,13438.766162668637
Ghana,2018-01-01,13515.038803372478
Ghana,2018-02-01,13599.739465507922
Ghana,2018-03-01,13692.868149083444
Ghana,2018-04-01,13794.424854108354
Ghana,2018-05-01,13904.409580592806
Ghana,2018-06-01,14022.822328547802
Ghana,2018-07-01,14149.66309798518
Ghana,2018-08-01,14284.931888917621
Ghana,2018-09-01,14428.628701358657
Ghana,2018-10-01,14580.753535322656
Ghana,2018-11-01,14741.30639082483
Ghana,2018-12-01,14910.287267881235
Ghana,2019-01-01,15087.696166508773
Ghana,2019-02-01,15247.175243675869
Ghana,2019-03-01,15388.724499398464
Ghana,2019-04-01,15512.343933690738
Ghana,2019-05-01,15618.033546565031
Ghana,2019-06-01,15705.793338031915
Ghana,2019-07-01,15775.623308100172
Ghana,2019-08-01,15827.52345677678
Ghana,2019-09-01,15861.493784066932
Ghana,2019-10-01,15877.53428997402
Ghana,2019-11-01,15875.644974499655
Ghana,2019-12-01,15855.825837643642
Ghana,2020-01-01,15818.076879404
Ghana,2020-02-01,15799.592692253234
Ghana,2020-03-01,15800.373276189484
Ghana,2020-04-01,15820.418631212851
Ghana,2020-05-01,15859.728757325338
Ghana,2020-06-01,15918.303654530859
Ghana,2020-07-01,15996.143322835276
Ghana,2020-08-01,16093.247762246383
Ghana,2020-09-01,16209.616972773883
Ghana,2020-10-01,16345.250954429412
Ghana,2020-11-01,16500.149707226534
Ghana,2020-12-01,16674.31323118074
Ghana,2021-01-01,16867.741526309444
Ghana,2021-02-01,17060.07905104639
Ghana,2021-03-01,17251.325805410826
Ghana,2021-04-01,17441.48178942184
Ghana,2021-05-01,17630.547003098472
Ghana,2021-06-01,17818.521446459617
Ghana,2021-07-01,18005.405119524075
Ghana,2021-08-01,18191.19802231054
Ghana,2021-09-01,18375.90015483758
Ghana,2021-10-01,18559.511517123676
Ghana,2021-11-01,18742.032109187185
Ghana,2021-12-01,18923.46193104636
Ghana,2022-01-01,19103.800982719342
Ghana,2022-02-01,19276.40376669366
Ghana,2022-03-01,19441.27028298654
Ghana,2022-04-01,19598.400531614523
Ghana,2022-05-01,19747.794512593304
Ghana,2022-06-01,19889.45222593781
Ghana,2022-07-01,20023.37367166221
Ghana,2022-08-01,20149.5588497799
Ghana,2022-09-01,20268.007760303502
Ghana,2022-10-01,20378.720403244857
Ghana,2022-11-01,20481.696778615038
Ghana,2022-12-01,20576.936886424348
Ghana,2023-01-01,20664.440726682304
Ghana,2023-02-01,20758.15718501328
Ghana,2023-03-01,20858.086261426633
Ghana,2023-04-01,20964.227955932387
Ghana,2023-05-01,21076.58226854115
Ghana,2023-06-01,21195.14919926414
Ghana,2023-07-01,21319.928748113227
Ghana,2023-08-01,21450.920915100884
Ghana,2023-09-01,21588.12570024021
Ghana,2023-10-01,21731.543103544926
Ghana,2023-11-01,21881.173125029374
Ghana,2023-12-01,22037.015764708525
Ghana,2024-01-01,22199.071022597953
Ghana,2024-02-01,22359.976963759127
Ghana,2024-03-01,22519.73358820815
Ghana,2024-04-01,22678.340895960962
Ghana,2024-05-01,22835.79888703347
Ghana,2024-06-01,22992.10756144139
Ghana,2024-07-01,23147.266919200345
Ghana,2024-08-01,23301.276960325875
Ghana,2024-09-01,23454.13768483337
Ghana,2024-10-01,23605.849092738117
Ghana,2024-11-01,23756.411184055294
Ghana,2024-12-01,23905.823958799956
Ghana,2025-01-01,24054.08741698704
Ghana,2025-02-01,24189.99558693977
Ghana,2025-03-01,24313.54846867176
Ghana,2025-04-01,24424.746062195314
Ghana,2025-05-01,24523.588367521585
Ghana,2025-06-01,24610.07538466045
Ghana,2025-07-01,24684.20711362055
Ghana,2025-08-01,24745.98355440931
Ghana,2025-09-01,24795.404707032903
Ghana,2025-10-01,24832.47057149627
Ghana,2025-11-01,24857.181147803123
Ghana,2025-12-01,24869.53643595593
Guinea,2015-01-01,2156.9707415047296
Guinea,2015-02-01,2159.113909983141
Guinea,2015-03-01,2163.400246940178
Guinea,2015-04-01,2169.8297523762694
Guinea,2015-05-01,2178.4024262920584
Guinea,2015-06-01,2189.1182686884026
Guinea,2015-07-01,2201.977279566373
Guinea,2015-08-01,2216.9794589272547
Guinea,2015-09-01,2234.124806772549
Guinea,2015-10-01,2253.413323103971
Guinea,2015-11-01,2274.845007923448
Guinea,2015-12-01,2298.4198612331243
Guinea,2016-01-01,2324.1378830353574
Guinea,2016-02-01,2350.050548232134
Guinea,2016-03-01,2376.1578568260475
Guinea,2016-04-01,2402.4598088197044
Guinea,2016-05-01,2428.9564042157385
Guinea,2016-06-01,2455.6476430167972
Guinea,2016-07-01,2482.533525225551
Guinea,2016-08-01,2509.614050844688
Guinea,2016-09-01,2536.8892198769163
Guinea,2016-10-01,2564.359032324963
Guinea,2016-11-01,2592.0234881915767
Guinea,2016-12-01,2619.8825874795225
Guinea,2017-01-01,2647.9363301915864
Guinea,2017-02-01,2674.782647150017
Guinea,2017-03-01,2700.4215383575
Guinea,2017-04-01,2724.853003816596
Guinea,2017-05-01,2748.077043529749
Guinea,2017-06-01,2770.093657499282
Guinea,2017-07-01,2790.902845727397
Guinea,2017-08-01,2810.5046082161743
Guinea,2017-09-01,2828.898944967575
Guinea,2017-10-01,2846.085855983438
Guinea,2017-11-01,2862.065341265482
Guinea,2017-12-01,2876.8374008153046
Guinea,2018-01-01,2890.402034634383
Guinea,2018-02-01,2905.9183661373463
Guinea,2018-03-01,2923.3863953257473
Guinea,2018-04-01,2942.8061222013303
Guinea,2018-05-01,2964.1775467660377
Guinea,2018-06-01,2987.500669022007
Guinea,2018-07-01,3012.7754889715707
Guinea,2018-08-01,3040.002006617257
Guinea,2018-09-01,3069.1802219617875
Guinea,2018-10-01,3100.3101350080806
Guinea,2018-11-01,3133.391745759249
Guinea,2018-12-01,3168.4250542186005
Guinea,2019-01-01,3205.410060389639
Guinea,2019-02-01,3240.914312023624
Guinea,2019-03-01,3274.9378091240997
Guinea,2019-04-01,3307.480551694477
Guinea,2019-05-01,3338.542539738007
Guinea,2019-06-01,3368.123773257798
Guinea,2019-07-01,3396.224252256805
Guinea,2019-08-01,3422.84397673784
Guinea,2019-09-01,3447.982946703565
Guinea,2019-10-01,3471.6411621564926
Guinea,2019-11-01,3493.81862309899
Guinea,2019-12-01,3514.515329533274
Guinea,2020-01-01,3533.731281461414
Guinea,2020-02-01,3556.0166569103053
Guinea,2020-03-01,3581.371455882178
Guinea,2020-04-01,3609.7956783795657
Guinea,2020-05-01,3641.2893244053107
Guinea,2020-06-01,3675.8523939625643
Guinea,2020-07-01,3713.4848870547803
Guinea,2020-08-01,3754.1868036857227
Guinea,2020-09-01,3797.958143859463
Guinea,2020-10-01,3844.7989075803753
Guinea,2020-11-01,3894.709094853147
Guinea,2020-12-01,3947.688705682767
Guinea,2021-01-01,4003.737740074534
Guinea,2021-02-01,4058.09674155864
Guinea,2021-03-01,4110.765710140523
Guinea,2021-04-01,4161.744645825446
Guinea,2021-05-01,4211.03354861851
Guinea,2021-06-01,4258.632418524642
Guinea,2021-07-01,4304.541255548603
Guinea,2021-08-01,4348.760059694982
Guinea,2021-09-01,4391.288830968203
Guinea,2021-10-01,4432.127569372517
Guinea,2021-11-01,4471.27627491201
Guinea,2021-12-01,4508.734947590595
Guinea,2022-01-01,4544.503587412018
Guinea,2022-02-01,4580.946120269776
Guinea,2022-03-01,4618.062546167514
Guinea,2022-04-01,4655.852865108936
Guinea,2022-05-01,4694.317077097829
Guinea,2022-06-01,4733.455182138036
Guinea,2022-07-01,4773.2671802334735
Guinea,2022-08-01,4813.7530713881215
Guinea,2022-09-01,4854.912855606029
Guinea,2022-10-01,4896.74653289131
Guinea,2022-11-01,4939.254103248151
Guinea,2022-12-01,4982.435566680804
Guinea,2023-01-01,5026.290923193584
Guinea,2023-02-01,5069.044711660058
Guinea,2023-03-01,5110.6969320845
Guinea,2023-04-01,5151.247584471087
Guinea,2023-05-01,5190.69666882386
Guinea,2023-06-01,5229.04418514677
Guinea,2023-07-01,5266.290133443651
Guinea,2023-08-01,5302.434513718226
Guinea,2023-09-01,5337.477325974112
Guinea,2023-10-01,5371.418570214812
Guinea,2023-11-01,5404.25824644372
Guinea,2023-12-01,5435.996354664123
Guinea,2024-01-01,5466.632894879191
Guinea,2024-02-01,5499.889188155722
Guinea,2024-03-01,5535.765234497046
Guinea,2024-04-01,5574.261033906737
Guinea,2024-05-01,5615.376586388656
Guinea,2024-06-01,5659.111891946913
Guinea,2024-07-01,5705.46695058588
Guinea,2024-08-01,5754.441762310194
Guinea,2024-09-01,5806.036327124752
Guinea,2024-10-01,5860.250645034712
Guinea,2024-11-01,5917.084716045499
Guinea,2024-12-01,5976.538540162795
Guinea,2025-01-01,6038.612117392546
Guinea,2025-02-01,6095.512896498004
Guinea,2025-03-01,6147.24087748487
Guinea,2025-04-01,6193.796060358305
Guinea,2025-05-01,6235.178445122967
Guinea,2025-06-01,6271.388031782989
Guinea,2025-07-01,6302.424820341997
Guinea,2025-08-01,6328.288810803095
Guinea,2025-09-01,6348.980003168868
Guinea,2025-10-01,6364.498397441387
Guinea,2025-11-01,6374.843993622204
Guinea,2025-12-01,6380.016791712355
Guinea-Bissau,2015-01-01,283.8043616746964
Guinea-Bissau,2015-02-01,283.94599027793754
Guinea-Bissau,2015-03-01,284.22924748443364
Guinea-Bissau,2015-04-01,284.6541332942137
Guinea-Bissau,2015-05-01,285.2206477073199
Guinea-Bissau,2015-06-01,285.92879072380885
Guinea-Bissau,2015-07-01,286.7785623437513
Guinea-Bissau,2015-08-01,287.76996256723226
Guinea-Bissau,2015-09-01,288.9029913943509
Guinea-Bissau,2015-10-01,290.17764882522056
Guinea-Bissau,2015-11-01,291.5939348599686
Guinea-Bissau,2015-12-01,293.15184949873674
Guinea-Bissau,2016-01-01,294.8513927416808
Guinea-Bissau,2016-02-01,296.59684217276316
Guinea-Bissau,2016-03-01,298.38819779215845
Guinea-Bissau,2016-04-01,300.22545960004595
Guinea-Bissau,2016-05-01,302.10862759660915
Guinea-Bissau,2016-06-01,304.03770178203655
Guinea-Bissau,2016-07-01,306.01268215652084
Guinea-Bissau,2016-08-01,308.03356872025967
Guinea-Bissau,2016-09-01,310.10036147345505
Guinea-Bissau,2016-10-01,312.2130604163136
Guinea-Bissau,2016-11-01,314.3716655490468
Guinea-Bissau,2016-12-01,316.5761768718703
Guinea-Bissau,2017-01-01,318.8265943850046
Guinea-Bissau,2017-02-01,320.84367610509474
Guinea-Bissau,2017-03-01,322.6274220323417
Guinea-Bissau,2017-04-01,324.1778321669251
Guinea-Bissau,2017-05-01,325.49490650899924
Guinea-Bissau,2017-06-01,326.57864505869605
Guinea-Bissau,2017-07-01,327.4290478161238
Guinea-Bissau,2017-08-01,328.0461147813675
Guinea-Bissau,2017-09-01,328.429845954489
Guinea-Bissau,2017-10-01,328.5802413355265
Guinea-Bissau,2017-11-01,328.49730092449516
Guinea-Bissau,2017-12-01,328.1810247213867
Guinea-Bissau,2018-01-01,327.63141272616934
Guinea-Bissau,2018-02-01,327.29320256499955
Guinea-Bissau,2018-03-01,327.1663942378435
Guinea-Bissau,2018-04-01,327.25098774468836
Guinea-Bissau,2018-05-01,327.5469830855427
Guinea-Bissau,2018-06-01,328.05438026043606
Guinea-Bissau,2018-07-01,328.7731792694192
Guinea-Bissau,2018-08-01,329.70338011256405
Guinea-Bissau,2018-09-01,330.8449827899635
Guinea-Bissau,2018-10-01,332.1979873017318
Guinea-Bissau,2018-11-01,333.76239364800426
Guinea-Bissau,2018-12-01,335.53820182893725
Guinea-Bissau,2019-01-01,337.5254118447084
Guinea-Bissau,2019-02-01,339.29067641570975
Guinea-Bissau,2019-03-01,340.8339955421175
Guinea-Bissau,2019-04-01,342.1553692240865
Guinea-Bissau,2019-05-01,343.2547974617484
Guinea-Bissau,2019-06-01,344.13228025521363
Guinea-Bissau,2019-07-01,344.78781760456974
Guinea-Bissau,2019-08-01,345.2214095098822
Guinea-Bissau,2019-09-01,345.43305597119456
Guinea-Bissau,2019-10-01,345.4227569885278
Guinea-Bissau,2019-11-01,345.19051256188095
Guinea-Bissau,2019-12-01,344.73632269123084
Guinea-Bissau,2020-01-01,344.060187376532
Guinea-Bissau,2020-02-01,343.791621564799
Guinea-Bissau,2020-03-01,343.9306252560052
Guinea-Bissau,2020-04-01,344.4771984501644
Guinea-Bissau,2020-05-01,345.4313411473312
Guinea-Bissau,2020-06-01,346.7930533476011
Guinea-Bissau,2020-07-01,348.5623350511102
Guinea-Bissau,2020-08-01,350.7391862580355
Guinea-Bissau,2020-09-01,353.3236069685946
Guinea-Bissau,2020-10-01,356.315597183046
Guinea-Bissau,2020-11-01,359.7151569016889
Guinea-Bissau,2020-12-01,363.5222861248632
Guinea-Bissau,2021-01-01,367.7369848529496
Guinea-Bissau,2021-02-01,371.9325689717693
Guinea-Bissau,2021-03-01,376.10903848174223
Guinea-Bissau,2021-04-01,380.26639338328545
Guinea-Bissau,2021-05-01,384.4046336768149
Guinea-Bissau,2021-06-01,388.5237593627444
Guinea-Bissau,2021-07-01,392.6237704414857
Guinea-Bissau,2021-08-01,396.7046669134491
Guinea-Bissau,2021-09-01,400.7664487790423
Guinea-Bissau,2021-10-01,404.8091160386717
Guinea-Bissau,2021-11-01,408.83266869274144
Guinea-Bissau,2021-12-01,412.837106741654
Guinea-Bissau,2022-01-01,416.82243018580976
Guinea-Bissau,2022-02-01,420.7544916822097
Guinea-Bissau,2022-03-01,424.6332912312467
Guinea-Bissau,2022-04-01,428.4588288333093
Guinea-Bissau,2022-05-01,432.2311044887799
Guinea-Bissau,2022-06-01,435.9501181980354
Guinea-Bissau,2022-07-01,439.6158699614475
Guinea-Bissau,2022-08-01,443.2283597793832
Guinea-Bissau,2022-09-01,446.7875876522035
Guinea-Bissau,2022-10-01,450.2935535802644
Guinea-Bissau,2022-11-01,453.7462575639166
Guinea-Bissau,2022-12-01,457.14569960350525
Guinea-Bissau,2023-01-01,460.4918796993704
Guinea-Bissau,2023-02-01,463.76896807742145
Guinea-Bissau,2023-03-01,466.9769647379849
Guinea-Bissau,2023-04-01,470.1158696813837
Guinea-Bissau,2023-05-01,473.1856829079312
Guinea-Bissau,2023-06-01,476.1864044179339
Guinea-Bissau,2023-07-01,479.1180342116918
Guinea-Bissau,2023-08-01,481.9805722894984
Guinea-Bissau,2023-09-01,484.7740186516398
Guinea-Bissau,2023-10-01,487.49837329839534
Guinea-Bissau,2023-11-01,490.15363623003753
Guinea-Bissau,2023-12-01,492.739807446832
Guinea-Bissau,2024-01-01,495.25688694903715
Guinea-Bissau,2024-02-01,497.9196844717371
Guinea-Bissau,2024-03-01,500.7282000151985
Guinea-Bissau,2024-04-01,503.68243357970135
Guinea-Bissau,2024-05-01,506.78238516554165
Guinea-Bissau,2024-06-01,510.0280547730289
Guinea-Bissau,2024-07-01,513.419442402488
Guinea-Bissau,2024-08-01,516.9565480542581
Guinea-Bissau,2024-09-01,520.6393717286928
Guinea-Bissau,2024-10-01,524.4679134261606
Guinea-Bissau,2024-11-01,528.4421731470443
Guinea-Bissau,2024-12-01,532.5621508917413
Guinea-Bissau,2025-01-01,536.8278466606637
Guinea-Bissau,2025-02-01,540.7380677806769
Guinea-Bissau,2025-03-01,544.2928142521713
Guinea-Bissau,2025-04-01,547.4920860755038
Guinea-Bissau,2025-05-01,550.3358832509934
Guinea-Bissau,2025-06-01,552.8242057789249
Guinea-Bissau,2025-07-01,554.9570536595468
Guinea-Bissau,2025-08-01,556.7344268930725
Guinea-Bissau,2025-09-01,558.1563254796797
Guinea-Bissau,2025-10-01,559.2227494195106
Guinea-Bissau,2025-11-01,559.933698712672
Guinea-Bissau,2025-12-01,560.2891733592351
Kenya,2015-01-01,15239.410951492655
Kenya,2015-02-01,15246.344544708127
Kenya,2015-03-01,15260.21173113977
Kenya,2015-04-01,15281.012510788965
Kenya,2015-05-01,15308.74688365779
Kenya,2015-06-01,15343.414849749019
Kenya,2015-07-01,15385.016409066116
Kenya,2015-08-01,15433.551561613243
Kenya,2015-09-01,15489.020307395256
Kenya,2015-10-01,15551.4226464177
Kenya,2015-11-01,15620.758578686819
Kenya,2015-12-01,15697.02810420954
Kenya,2016-01-01,15780.231222993494
Kenya,2016-02-01,15862.109994762412
Kenya,2016-03-01,15942.664419524457
Kenya,2016-04-01,16021.894497287714
Kenya,2016-05-01,16099.800228060098
Kenya,2016-06-01,16176.381611849403
Kenya,2016-07-01,16251.638648663284
Kenya,2016-08-01,16325.571338509266
Kenya,2016-09-01,16398.179681394744
Kenya,2016-10-01,16469.463677326974
Kenya,2016-11-01,16539.423326313092
Kenya,2016-12-01,16608.058628360093
Kenya,2017-01-01,16675.369583474836
Kenya,2017-02-01,16746.052629694637
Kenya,2017-03-01,16820.107767026566
Kenya,2017-04-01,16897.534995478036
Kenya,2017-05-01,16978.334315056774
Kenya,2017-06-01,17062.505725770876
Kenya,2017-07-01,17150.049227628744
Kenya,2017-08-01,17240.964820639143
Kenya,2017-09-01,17335.25250481116
Kenya,2017-10-01,17432.912280154225
Kenya,2017-11-01,17533.944146678103
Kenya,2017-12-01,17638.3481043929
Kenya,2018-01-01,17746.12415330905
Kenya,2018-02-01,17858.882723589217
Kenya,2018-03-01,17976.623815244668
Kenya,2018-04-01,18099.34742828718
Kenya,2018-05-01,18227.053562729037
Kenya,2018-06-01,18359.742218583004
Kenya,2018-07-01,18497.413395862342
Kenya,2018-08-01,18640.067094580823
Kenya,2018-09-01,18787.70331475271
Kenya,2018-10-01,18940.322056392768
Kenya,2018-11-01,19097.923319516256
Kenya,2018-12-01,19260.507104138935
Kenya,2019-01-01,19428.073410277066
Kenya,2019-02-01,19580.99219529748
Kenya,2019-03-01,19719.263459215486
Kenya,2019-04-01,19842.88720204489
Kenya,2019-05-01,19951.863423798048
Kenya,2019-06-01,20046.192124485864
Kenya,2019-07-01,20125.87330411777
Kenya,2019-08-01,20190.906962701738
Kenya,2019-09-01,20241.29310024427
Kenya,2019-10-01,20277.031716750404
Kenya,2019-11-01,20298.12281222371
Kenya,2019-12-01,20304.566386666305
Kenya,2020-01-01,20296.36244007882
Kenya,2020-02-01,20313.475024540872
Kenya,2020-03-01,20355.90414005414
Kenya,2020-04-01,20423.64978662288
Kenya,2020-05-01,20516.711964253882
Kenya,2020-06-01,20635.090672956452
Kenya,2020-07-01,20778.785912742427
Kenya,2020-08-01,20947.797683626177
Kenya,2020-09-01,21142.1259856246
Kenya,2020-10-01,21361.77081875713
Kenya,2020-11-01,21606.73218304573
Kenya,2020-12-01,21877.010078514897
Kenya,2021-01-01,22172.604505191663
Kenya,2021-02-01,22463.124762925425
Kenya,2021-03-01,22748.57085174524
Kenya,2021-04-01,23028.942771679634
Kenya,2021-05-01,23304.240522756663
Kenya,2021-06-01,23574.464105003844
Kenya,2021-07-01,23839.6135184482
Kenya,2021-08-01,24099.688763116257
Kenya,2021-09-01,24354.689839034014
Kenya,2021-10-01,24604.61674622697
Kenya,2021-11-01,24849.46948472012
Kenya,2021-12-01,25089.24805453796
Kenya,2022-01-01,25323.952455704453
Kenya,2022-02-01,25557.784689139044
Kenya,2022-03-01,25790.744754865125
Kenya,2022-04-01,26022.832652905978
Kenya,2022-05-01,26254.048383284797
Kenya,2022-06-01,26484.391946024727
Kenya,2022-07-01,26713.86334114879
Kenya,2022-08-01,26942.462568679937
Kenya,2022-09-01,27170.18962864103
Kenya,2022-10-01,27397.044521054835
Kenya,2022-11-01,27623.02724594405
Kenya,2022-12-01,27848.137803331272
Kenya,2023-01-01,28072.376193239004
Kenya,2023-02-01,28290.3125751515
Kenya,2023-03-01,28501.946949090583
Kenya,2023-04-01,28707.27931507739
Kenya,2023-05-01,28906.30967313242
Kenya,2023-06-01,29099.03802327561
Kenya,2023-07-01,29285.46436552623
Kenya,2023-08-01,29465.588699902924
Kenya,2023-09-01,29639.411026423702
Kenya,2023-10-01,29806.93134510595
Kenya,2023-11-01,29968.14965596642
Kenya,2023-12-01,30123.065959021238
Kenya,2024-01-01,30271.68025428589
Kenya,2024-02-01,30428.767864025634
Kenya,2024-03-01,30594.328788256178
Kenya,2024-04-01,30768.36302699406
Kenya,2024-05-01,30950.87058025672
Kenya,2024-06-01,31141.8514480624
Kenya,2024-07-01,31341.305630430183
Kenya,2024-08-01,31549.233127380016
Kenya,2024-09-01,31765.633938932693
Kenya,2024-10-01,31990.50806510985
Kenya,2024-11-01,32223.855505933992
Kenya,2024-12-01,32465.67626142845
Kenya,2025-01-01,32715.9703316174
Kenya,2025-02-01,32945.40656253598
Kenya,2025-03-01,33153.984954207124
Kenya,2025-04-01,33341.70550665171
Kenya,2025-05-01,33508.56821988852
Kenya,2025-06-01,33654.57309393422
Kenya,2025-07-01,33779.72012880341
Kenya,2025-08-01,33884.009324508625
Kenya,2025-09-01,33967.440681060274
Kenya,2025-10-01,34030.014198466706
Kenya,2025-11-01,34071.72987673419
Kenya,2025-12-01,34092.58771586689
Lesotho,2015-01-01,469.99532144802555
Lesotho,2015-02-01,470.16152867093206
Lesotho,2015-03-01,470.49394311676116
Lesotho,2015-04-01,470.9925647855472
Lesotho,2015-05-01,471.65739367733926
Lesotho,2015-06-01,472.4884297922041
Lesotho,2015-07-01,473.4856731302246
Lesotho,2015-08-01,474.6491236915007
Lesotho,2015-09-01,475.97878147614864
Lesotho,2015-10-01,477.47464648430145
Lesotho,2015-11-01,479.13671871610865
Lesotho,2015-12-01,480.9649981717365
Lesotho,2016-01-01,482.95948485136785
Lesotho,2016-02-01,484.68171625443006
Lesotho,2016-03-01,486.13169238109623
Lesotho,2016-04-01,487.30941323150984
Lesotho,2016-05-01,488.2148788057896
Lesotho,2016-06-01,488.84808910402603
Lesotho,2016-07-01,489.2090441262821
Lesotho,2016-08-01,489.29774387259414
Lesotho,2016-09-01,489.1141883429709
Lesotho,2016-10-01,488.6583775373941
Lesotho,2016-11-01,487.9303114558182
Lesotho,2016-12-01,486.9299900981703
Lesotho,2017-01-01,485.65741346435044
Lesotho,2017-02-01,484.5504993575875
Lesotho,2017-03-01,483.60924777777154
Lesotho,2017-04-01,482.8336587248073
Lesotho,2017-05-01,482.22373219861754
Lesotho,2017-06-01,481.7794681991412
Lesotho,2017-07-01,481.50086672633404
Lesotho,2017-08-01,481.3879277801681
Lesotho,2017-09-01,481.4406513606322
Lesotho,2017-10-01,481.65903746773154
Lesotho,2017-11-01,482.043086101488
Lesotho,2017-12-01,482.5927972619398
Lesotho,2018-01-01,483.308170949142
Lesotho,2018-02-01,483.78309746521336
Lesotho,2018-03-01,484.01757681020035
Lesotho,2018-04-01,484.01160898412843
Lesotho,2018-05-01,483.76519398699594
Lesotho,2018-06-01,483.2783318187782
Lesotho,2018-07-01,482.5510224794266
Lesotho,2018-08-01,481.5832659688684
Lesotho,2018-09-01,480.37506228700676
Lesotho,2018-10-01,478.926411433721
Lesotho,2018-11-01,477.2373134088661
Lesotho,2018-12-01,475.3077682122732
Lesotho,2019-01-01,473.13777584374935
Lesotho,2019-02-01,471.35045198183013
Lesotho,2019-03-01,469.94579662633686
Lesotho,2019-04-01,468.923809777129
Lesotho,2019-05-01,468.2844914341043
Lesotho,2019-06-01,468.0278415971991
Lesotho,2019-07-01,468.1538602663874
Lesotho,2019-08-01,468.6625474416821
Lesotho,2019-09-01,469.5539031231338
Lesotho,2019-10-01,470.8279273108316
Lesotho,2019-11-01,472.48462000490304
Lesotho,2019-12-01,474.52398120551373
Lesotho,2020-01-01,476.9460109128676
Lesotho,2020-02-01,479.0612349383416
Lesotho,2020-03-01,480.8696532821475
Lesotho,2020-04-01,482.3712659444662
Lesotho,2020-05-01,483.5660729254472
Lesotho,2020-06-01,484.45407422521026
Lesotho,2020-07-01,485.0352698438443
Lesotho,2020-08-01,485.30965978140745
Lesotho,2020-09-01,485.27724403792706
Lesotho,2020-10-01,484.9380226133999
Lesotho,2020-11-01,484.29199550779214
Lesotho,2020-12-01,483.3391627210391
Lesotho,2021-01-01,482.0795242530455
Lesotho,2021-02-01,481.3777948729342
Lesotho,2021-03-01,481.23397458063516
Lesotho,2021-04-01,481.64806337613356
Lesotho,2021-05-01,482.62006125947124
Lesotho,2021-06-01,484.149968230745
Lesotho,2021-07-01,486.23778429010804
Lesotho,2021-08-01,488.883509437769
Lesotho,2021-09-01,492.08714367399267
Lesotho,2021-10-01,495.8486869990992
Lesotho,2021-11-01,500.16813941346464
Lesotho,2021-12-01,505.0455009175213
Lesotho,2022-01-01,510.48077151175664
Lesotho,2022-02-01,515.6291539076814
Lesotho,2022-03-01,520.4906481058101
Lesotho,2022-04-01,525.0652541066294
Lesotho,2022-05-01,529.3529719105962
Lesotho,2022-06-01,533.3538015181396
Lesotho,2022-07-01,537.0677429296594
Lesotho,2022-08-01,540.4947961455272
Lesotho,2022-09-01,543.6349611660856
Lesotho,2022-10-01,546.4882379916488
Lesotho,2022-11-01,549.0546266225022
Lesotho,2022-12-01,551.3341270589024
Lesotho,2023-01-01,553.3267393010772
Lesotho,2023-02-01,555.3415060082706
Lesotho,2023-03-01,557.3784271806829
Lesotho,2023-04-01,559.4375028185196
Lesotho,2023-05-01,561.5187329219863
Lesotho,2023-06-01,563.6221174912905
Lesotho,2023-07-01,565.7476565266429
Lesotho,2023-08-01,567.8953500282561
Lesotho,2023-09-01,570.0651979963448
Lesotho,2023-10-01,572.2572004311259
Lesotho,2023-11-01,574.4713573328187
Lesotho,2023-12-01,576.7076687016447
Lesotho,2024-01-01,578.9661345378274
Lesotho,2024-02-01,581.2290895769354
Lesotho,2024-03-01,583.496533819196
Lesotho,2024-04-01,585.7684672648335
Lesotho,2024-05-01,588.0448899140762
Lesotho,2024-06-01,590.325801767152
Lesotho,2024-07-01,592.6112028242887
Lesotho,2024-08-01,594.9010930857152
Lesotho,2024-09-01,597.1954725516603
Lesotho,2024-10-01,599.4943412223536
Lesotho,2024-11-01,601.797699098025
Lesotho,2024-12-01,604.1055461789048
Lesotho,2025-01-01,606.4178824652237
Lesotho,2025-02-01,608.5375240602034
Lesotho,2025-03-01,610.4644709640568
Lesotho,2025-04-01,612.1987231769747
Lesotho,2025-05-01,613.7402806991319
Lesotho,2025-06-01,615.089143530682
Lesotho,2025-07-01,616.24531167176
Lesotho,2025-08-01,617.2087851224818
Lesotho,2025-09-01,617.9795638829435
Lesotho,2025-10-01,618.5576479532223
Lesotho,2025-11-01,618.943037333376
Lesotho,2025-12-01,619.1357320234433
Liberia,2015-01-01,639.1687721677748
Liberia,2015-02-01,639.0676111794893
Liberia,2015-03-01,638.8652892029085
Liberia,2015-04-01,638.561806238011
Liberia,2015-05-01,638.1571622847677
Liberia,2015-06-01,637.6513573431376
Liberia,2015-07-01,637.0443914130703
Liberia,2015-08-01,636.3362644945049
Liberia,2015-09-01,635.5269765873708
Liberia,2015-10-01,634.6165276915868
Liberia,2015-11-01,633.6049178070622
Liberia,2015-12-01,632.4921469336955
Liberia,2016-01-01,631.2782150713757
Liberia,2016-02-01,630.3885590945188
Liberia,2016-03-01,629.823179003036
Liberia,2016-04-01,629.582074796871
Liberia,2016-05-01,629.6652464759992
Liberia,2016-06-01,630.0726940404293
Liberia,2016-07-01,630.8044174902014
Liberia,2016-08-01,631.8604168253892
Liberia,2016-09-01,633.240692046098
Liberia,2016-10-01,634.9452431524659
Liberia,2016-11-01,636.9740701446634
Liberia,2016-12-01,639.3271730228935
Liberia,2017-01-01,642.0045517873913
Liberia,2017-02-01,644.7999923344998
Liberia,2017-03-01,647.7134946644981
Liberia,2017-04-01,650.7450587776785
Liberia,2017-05-01,653.8946846743438
Liberia,2017-06-01,657.1623723548086
Liberia,2017-07-01,660.5481218193997
Liberia,2017-08-01,664.0519330684558
Liberia,2017-09-01,667.6738061023274
Liberia,2017-10-01,671.4137409213764
Liberia,2017-11-01,675.271737525977
Liberia,2017-12-01,679.2477959165147
Liberia,2018-01-01,683.3419160933875
Liberia,2018-02-01,687.5266757364969
Liberia,2018-03-01,691.8020748462627
Liberia,2018-04-01,696.1681134231112
Liberia,2018-05-01,700.6247914674791
Liberia,2018-06-01,705.172108979812
Liberia,2018-07-01,709.8100659605649
Liberia,2018-08-01,714.5386624102014
Liberia,2018-09-01,719.3578983291943
Liberia,2018-10-01,724.2677737180259
Liberia,2018-11-01,729.2682885771867
Liberia,2018-12-01,734.359442907177
Liberia,2019-01-01,739.541236708506
Liberia,2019-02-01,743.5826068150059
Liberia,2019-03-01,746.4835532270797
Liberia,2019-04-01,748.2440759450195
Liberia,2019-05-01,748.8641749690006
Liberia,2019-06-01,748.343850299085
Liberia,2019-07-01,746.6831019352205
Liberia,2019-08-01,743.8819298772411
Liberia,2019-09-01,739.9403341248667
Liberia,2019-10-01,734.8583146777029
Liberia,2019-11-01,728.6358715352418
Liberia,2019-12-01,721.2730046968612
Liberia,2020-01-01,712.7697141618245
Liberia,2020-02-01,704.8833167340609
Liberia,2020-03-01,697.6138124127833
Liberia,2020-04-01,690.9612011972632
Liberia,2020-05-01,684.9254830868356
Liberia,2020-06-01,679.5066580808966
Liberia,2020-07-01,674.7047261789045
Liberia,2020-08-01,670.5196873803791
Liberia,2020-09-01,666.9515416849017
Liberia,2020-10-01,664.0002890921156
Liberia,2020-11-01,661.6659296017259
Liberia,2020-12-01,659.9484632134988
Liberia,2021-01-01,658.8478899272628
Liberia,2021-02-01,658.6230964026036
Liberia,2021-03-01,659.2740826395001
Liberia,2021-04-01,660.8008486380148
Liberia,2021-05-01,663.2033943983016
Liberia,2021-06-01,666.4817199206004
Liberia,2021-07-01,670.6358252052391
Liberia,2021-08-01,675.6657102526332
Liberia,2021-09-01,681.5713750632855
Liberia,2021-10-01,688.3528196377868
Liberia,2021-11-01,696.010043976815
Liberia,2021-12-01,704.5430480811362
Liberia,2022-01-01,713.9518319516035
Liberia,2022-02-01,722.9659449557046
Liberia,2022-03-01,731.5853870943413
Liberia,2022-04-01,739.810158368374
Liberia,2022-05-01,747.6402587786262
Liberia,2022-06-01,755.075688325881
Liberia,2022-07-01,762.1164470108815
Liberia,2022-08-01,768.7625348343324
Liberia,2022-09-01,775.013951796898
Liberia,2022-10-01,780.8706978992036
Liberia,2022-11-01,786.3327731418349
Liberia,2022-12-01,791.400177525338
Liberia,2023-01-01,796.0729110502197
Liberia,2023-02-01,800.6817745444737
Liberia,2023-03-01,805.2267680085606
Liberia,2023-04-01,809.7078914429349
Liberia,2023-05-01,814.125144848045
Liberia,2023-06-01,818.4785282243324
Liberia,2023-07-01,822.7680415722325
Liberia,2023-08-01,826.9936848921742
Liberia,2023-09-01,831.1554581845804
Liberia,2023-10-01,835.253361449867
Liberia,2023-11-01,839.287394688444
Liberia,2023-12-01,843.2575579007148
Liberia,2024-01-01,847.1638510870763
Liberia,2024-02-01,851.3096049470187
Liberia,2024-03-01,855.6948194809556
Liberia,2024-04-01,860.3194946893271
Liberia,2024-05-01,865.1836305725944
Liberia,2024-06-01,870.287227131245
Liberia,2024-07-01,875.6302843657882
Liberia,2024-08-01,881.2128022767591
Liberia,2024-09-01,887.0347808647156
Liberia,2024-10-01,893.09622013024
Liberia,2024-11-01,899.3971200739385
Liberia,2024-12-01,905.9374806964412
Liberia,2025-01-01,912.7173019984021
Liberia,2025-02-01,918.9321381894839
Liberia,2025-03-01,924.5819892703089
Liberia,2025-04-01,929.6668552414419
Liberia,2025-05-01,934.1867361033899
Liberia,2025-06-01,938.1416318566052
Liberia,2025-07-01,941.5315425014837
Liberia,2025-08-01,944.3564680383648
Liberia,2025-09-01,946.6164084675305
Liberia,2025-10-01,948.311363789207
Liberia,2025-11-01,949.4413340035638
Liberia,2025-12-01,950.0063191107141
Libya,2015-01-01,7727.526270593629
Libya,2015-02-01,7719.982772545485
Libya,2015-03-01,7704.895776448442
Libya,2015-04-01,7682.265282300983
Libya,2015-05-01,7652.0912901008605
Libya,2015-06-01,7614.373799845047
Libya,2015-07-01,7569.112811529773
Libya,2015-08-01,7516.308325150513
Libya,2015-09-01,7455.960340701986
Libya,2015-10-01,7388.068858178158
Libya,2015-11-01,7312.63387757224
Libya,2015-12-01,7229.655398876687
Libya,2016-01-01,7139.133422083203
Libya,2016-02-01,7084.8881903062065
Libya,2016-03-01,7066.91970354026
Libya,2016-04-01,7085.227961783585
Libya,2016-05-01,7139.8129650380015
Libya,2016-06-01,7230.674713308973
Libya,2016-07-01,7357.813206605584
Libya,2016-08-01,7521.228444940549
Libya,2016-09-01,7720.920428330209
Libya,2016-10-01,7956.889156794533
Libya,2016-11-01,8229.134630357119
Libya,2016-12-01,8537.65684904519
Libya,2017-01-01,8882.4558128896
Libya,2017-02-01,9199.725873469451
Libya,2017-03-01,9489.467030816451
Libya,2017-04-01,9751.679284959597
Libya,2017-05-01,9986.362635925103
Libya,2017-06-01,10193.517083736439
Libya,2017-07-01,10373.142628414318
Libya,2017-08-01,10525.239269976702
Libya,2017-09-01,10649.807008438805
Libya,2017-10-01,10746.84584381308
Libya,2017-11-01,10816.355776109234
Libya,2017-12-01,10858.336805334216
Libya,2018-01-01,10872.788931492223
Libya,2018-02-01,10879.822469247767
Libya,2018-03-01,10879.43741860157
Libya,2018-04-01,10871.633779553555
Libya,2018-05-01,10856.41155210296
Libya,2018-06-01,10833.770736248265
Libya,2018-07-01,10803.711331987208
Libya,2018-08-01,10766.23333931678
Libya,2018-09-01,10721.336758233232
Libya,2018-10-01,10669.021588732077
Libya,2018-11-01,10609.287830808082
Libya,2018-12-01,10542.135484455273
Libya,2019-01-01,10467.564549666937
Libya,2019-02-01,10364.589205529373
Libya,2019-03-01,10233.209452032286
Libya,2019-04-01,10073.42528916254
Libya,2019-05-01,9885.236716904154
Libya,2019-06-01,9668.64373523831
Libya,2019-07-01,9423.646344143344
Libya,2019-08-01,9150.244543594763
Libya,2019-09-01,8848.438333565222
Libya,2019-10-01,8518.22771402454
Libya,2019-11-01,8159.612684939699
Libya,2019-12-01,7772.593246274835
Libya,2020-01-01,7357.169397991246
Libya,2020-02-01,6998.784892494247
Libya,2020-03-01,6697.439729748003
Libya,2020-04-01,6453.133909722381
Libya,2020-05-01,6265.867432392948
Libya,2020-06-01,6135.6402977409725
Libya,2020-07-01,6062.452505753434
Libya,2020-08-01,6046.304056423013
Libya,2020-09-01,6087.1949497480955
Libya,2020-10-01,6185.125185732769
Libya,2020-11-01,6340.0947643868285
Libya,2020-12-01,6552.10368572577
Libya,2021-01-01,6821.151949770795
Libya,2021-02-01,7057.292436355445
Libya,2021-03-01,7260.525145503327
Libya,2021-04-01,7430.850077234773
Libya,2021-05-01,7568.2672315668115
Libya,2021-06-01,7672.776608513184
Libya,2021-07-01,7744.378208084343
Libya,2021-08-01,7783.072030287447
Libya,2021-09-01,7788.858075126368
Libya,2021-10-01,7761.736342601682
Libya,2021-11-01,7701.706832710678
Libya,2021-12-01,7608.769545447354
Libya,2022-01-01,7482.924480802416
Libya,2022-02-01,7382.0893735210675
Libya,2022-03-01,7306.264223593247
Libya,2022-04-01,7255.449031011322
Libya,2022-05-01,7229.64379577024
Libya,2022-06-01,7228.848517867416
Libya,2022-07-01,7253.063197302772
Libya,2022-08-01,7302.28783407873
Libya,2022-09-01,7376.522428200214
Libya,2022-10-01,7475.766979674642
Libya,2022-11-01,7600.021488511945
Libya,2022-12-01,7749.285954724547
Libya,2023-01-01,7923.560378327374
Libya,2023-02-01,8079.207569465814
Libya,2023-03-01,8216.227528155445
Libya,2023-04-01,8334.620254409938
Libya,2023-05-01,8434.385748241157
Libya,2023-06-01,8515.524009659068
Libya,2023-07-01,8578.035038671787
Libya,2023-08-01,8621.918835285569
Libya,2023-09-01,8647.175399504802
Libya,2023-10-01,8653.804731332011
Libya,2023-11-01,8641.806830767859
Libya,2023-12-01,8611.181697811147
Libya,2024-01-01,8561.929332458814
Libya,2024-02-01,8534.605662201408
Libya,2024-03-01,8529.21068703622
Libya,2024-04-01,8545.744406962669
Libya,2024-05-01,8584.206821982427
Libya,2024-06-01,8644.597932099341
Libya,2024-07-01,8726.917737319445
Libya,2024-08-01,8831.166237650978
Libya,2024-09-01,8957.34343310436
Libya,2024-10-01,9105.449323692212
Libya,2024-11-01,9275.483909429342
Libya,2024-12-01,9467.447190332758
Libya,2025-01-01,9681.339166421652
Libya,2025-02-01,9877.406811094646
Libya,2025-03-01,10055.650124371357
Libya,2025-04-01,10216.069106269579
Libya,2025-05-01,10358.66375680538
Libya,2025-06-01,10483.434075993007
Libya,2025-07-01,10590.380063844943
Libya,2025-08-01,10679.501720371883
Libya,2025-09-01,10750.79904558274
Libya,2025-10-01,10804.272039484644
Libya,2025-11-01,10839.920702082942
Libya,2025-12-01,10857.745033381201
Madagascar,2015-01-01,3081.3008298796194
Madagascar,2015-02-01,3082.470639246812
Madagascar,2015-03-01,3084.8102579813144
Madagascar,2015-04-01,3088.3196860833596
Madagascar,2015-05-01,3092.9989235532994
Madagascar,2015-06-01,3098.8479703916014
Madagascar,2015-07-01,3105.866826598851
Madagascar,2015-08-01,3114.05549217575
Madagascar,2015-09-01,3123.413967123117
Madagascar,2015-10-01,3133.942251441888
Madagascar,2015-11-01,3145.640345133116
Madagascar,2015-12-01,3158.5082481979707
Madagascar,2016-01-01,3172.545960637739
Madagascar,2016-02-01,3187.1839237205963
Madagascar,2016-03-01,3202.4221374480085
Madagascar,2016-04-01,3218.260601821493
Madagascar,2016-05-01,3234.699316842637
Madagascar,2016-06-01,3251.7382825130862
Madagascar,2016-07-01,3269.3774988345435
Madagascar,2016-08-01,3287.616965808773
Madagascar,2016-09-01,3306.456683437598
Madagascar,2016-10-01,3325.8966517229023
Madagascar,2016-11-01,3345.9368706666314
Madagascar,2016-12-01,3366.5773402707887
Madagascar,2017-01-01,3387.8180605374378
Madagascar,2017-02-01,3406.900377405858
Madagascar,2017-03-01,3423.8242908779557
Madagascar,2017-04-01,3438.5898009554285
Madagascar,2017-05-01,3451.196907639749
Madagascar,2017-06-01,3461.6456109321775
Madagascar,2017-07-01,3469.93591083376
Madagascar,2017-08-01,3476.067807345324
Madagascar,2017-09-01,3480.0413004674842
Madagascar,2017-10-01,3481.8563902006367
Madagascar,2017-11-01,3481.513076544964
Madagascar,2017-12-01,3479.0113595004314
Madagascar,2018-01-01,3474.3512390667884
Madagascar,2018-02-01,3473.6732362170214
Madagascar,2018-03-01,3476.9773509510583
Madagascar,2018-04-01,3484.263583269232
Madagascar,2018-05-01,3495.5319331722762
Madagascar,2018-06-01,3510.7824006613123
Madagascar,2018-07-01,3530.014985737868
Madagascar,2018-08-01,3553.229688403865
Madagascar,2018-09-01,3580.426508661626
Madagascar,2018-10-01,3611.60544651387
Madagascar,2018-11-01,3646.7665019637147
Madagascar,2018-12-01,3685.909675014677
Madagascar,2019-01-01,3729.0349656706703
Madagascar,2019-02-01,3764.8303052877754
Madagascar,2019-03-01,3793.295693869571
Madagascar,2019-04-01,3814.431131418898
Madagascar,2019-05-01,3828.2366179378764
Madagascar,2019-06-01,3834.7121534278863
Madagascar,2019-07-01,3833.857737889576
Madagascar,2019-08-01,3825.6733713228587
Madagascar,2019-09-01,3810.1590537269167
Madagascar,2019-10-01,3787.3147851001972
Madagascar,2019-11-01,3757.140565440417
Madagascar,2019-12-01,3719.6363947445584
Madagascar,2020-01-01,3674.8022730088705
Madagascar,2020-02-01,3637.0016439871074
Madagascar,2020-03-01,3606.23450767549
Madagascar,2020-04-01,3582.5008640709398
Madagascar,2020-05-01,3565.8007131710865
Madagascar,2020-06-01,3556.1340549742577
Madagascar,2020-07-01,3553.5008894794864
Madagascar,2020-08-01,3557.9012166865105
Madagascar,2020-09-01,3569.3350365957695
Madagascar,2020-10-01,3587.802349208406
Madagascar,2020-11-01,3613.3031545262693
Madagascar,2020-12-01,3645.837452551906
Madagascar,2021-01-01,3685.405243288573
Madagascar,2021-02-01,3724.9707298386684
Madagascar,2021-03-01,3764.5339122061487
Madagascar,2021-04-01,3804.094790394973
Madagascar,2021-05-01,3843.6533644090955
Madagascar,2021-06-01,3883.2096342524715
Madagascar,2021-07-01,3922.763599929056
Madagascar,2021-08-01,3962.3152614428045
Madagascar,2021-09-01,4001.8646187976733
Madagascar,2021-10-01,4041.411671997616
Madagascar,2021-11-01,4080.956421046588
Madagascar,2021-12-01,4120.498865948543
Madagascar,2022-01-01,4160.039006707437
Madagascar,2022-02-01,4198.606036995502
Madagascar,2022-03-01,4236.199956816599
Madagascar,2022-04-01,4272.820766174478
Madagascar,2022-05-01,4308.468465072806
Madagascar,2022-06-01,4343.143053515147
Madagascar,2022-07-01,4376.844531504968
Madagascar,2022-08-01,4409.57289904564
Madagascar,2022-09-01,4441.3281561404365
Madagascar,2022-10-01,4472.110302792533
Madagascar,2022-11-01,4501.919339005008
Madagascar,2022-12-01,4530.7552647808425
Madagascar,2023-01-01,4558.618080122919
Madagascar,2023-02-01,4586.201894968433
Madagascar,2023-03-01,4613.506709320147
Madagascar,2023-04-01,4640.5325231807865
Madagascar,2023-05-01,4667.279336553056
Madagascar,2023-06-01,4693.747149439628
Madagascar,2023-07-01,4719.935961843148
Madagascar,2023-08-01,4745.845773766238
Madagascar,2023-09-01,4771.476585211488
Madagascar,2023-10-01,4796.828396181461
Madagascar,2023-11-01,4821.901206678694
Madagascar,2023-12-01,4846.695016705694
Madagascar,2024-01-01,4871.209826264938
Madagascar,2024-02-01,4896.501144543678
Madagascar,2024-03-01,4922.568971544429
Madagascar,2024-04-01,4949.413307269821
Madagascar,2024-05-01,4977.034151722528
Madagascar,2024-06-01,5005.43150490531
Madagascar,2024-07-01,5034.605366821008
Madagascar,2024-08-01,5064.555737472541
Madagascar,2024-09-01,5095.282616862904
Madagascar,2024-10-01,5126.78600499517
Madagascar,2024-11-01,5159.065901872489
Madagascar,2024-12-01,5192.12230749809
Madagascar,2025-01-01,5225.955221875277
Madagascar,2025-02-01,5256.968726709143
Madagascar,2025-03-01,5285.162822002793
Madagascar,2025-04-01,5310.537507759038
Madagascar,2025-05-01,5333.092783980421
Madagascar,2025-06-01,5352.8286506691975
Madagascar,2025-07-01,5369.745107827339
Madagascar,2025-08-01,5383.842155456538
Madagascar,2025-09-01,5395.119793558207
Madagascar,2025-10-01,5403.57802213347
Madagascar,2025-11-01,5409.216841183176
Madagascar,2025-12-01,5412.036250707889
Malawi,2015-01-01,1890.4569984382877
Malawi,2015-02-01,1890.7930595986834
Malawi,2015-03-01,1891.4651819195064
Malawi,2015-04-01,1892.4733654008294
Malawi,2015-05-01,1893.8176100427484
Malawi,2015-06-01,1895.4979158453998
Malawi,2015-07-01,1897.5142828089506
Malawi,2015-08-01,1899.8667109336027
Malawi,2015-09-01,1902.5552002195914
Malawi,2015-10-01,1905.5797506671854
Malawi,2015-11-01,1908.9403622766877
Malawi,2015-12-01,1912.6370350484337
Malawi,2016-01-01,1916.6697689827936
Malawi,2016-02-01,1921.5903776902164
Malawi,2016-03-01,1927.3988611711943
Malawi,2016-04-01,1934.0952194263068
Malawi,2016-05-01,1941.6794524562247
Malawi,2016-06-01,1950.151560261707
Malawi,2016-07-01,1959.511542843599
Malawi,2016-08-01,1969.7594002028386
Malawi,2016-09-01,1980.8951323404497
Malawi,2016-10-01,1992.9187392575461
Malawi,2016-11-01,2005.8302209553303
Malawi,2016-12-01,2019.6295774350933
Malawi,2017-01-01,2034.3168086982153
Malawi,2017-02-01,2047.3181812991093
Malawi,2017-03-01,2058.633695239075
Malawi,2017-04-01,2068.263350519244
Malawi,2017-05-01,2076.207147140579
Malawi,2017-06-01,2082.4650851038755
Malawi,2017-07-01,2087.037164409759
Malawi,2017-08-01,2089.923385058686
Malawi,2017-09-01,2091.123747050946
Malawi,2017-10-01,2090.638250386658
Malawi,2017-11-01,2088.4668950657747
Malawi,2017-12-01,2084.6096810880777
Malawi,2018-01-01,2079.0666084531817
Malawi,2018-02-01,2075.933439620962
Malawi,2018-03-01,2075.210174591106
Malawi,2018-04-01,2076.896813363537
Malawi,2018-05-01,2080.9933559384276
Malawi,2018-06-01,2087.4998023161857
Malawi,2018-07-01,2096.4161524974625
Malawi,2018-08-01,2107.74240648315
Malawi,2018-09-01,2121.4785642743805
Malawi,2018-10-01,2137.624625872528
Malawi,2018-11-01,2156.1805912792065
Malawi,2018-12-01,2177.1464604962716
Malawi,2019-01-01,2200.5222335258204
Malawi,2019-02-01,2222.4026579342603
Malawi,2019-03-01,2242.787733723778
Malawi,2019-04-01,2261.67746089641
Malawi,2019-05-01,2279.0718394540495
Malawi,2019-06-01,2294.970869398435
Malawi,2019-07-01,2309.374550731156
Malawi,2019-08-01,2322.2828834536526
Malawi,2019-09-01,2333.6958675672167
Malawi,2019-10-01,2343.613503072989
Malawi,2019-11-01,2352.0357899719606
Malawi,2019-12-01,2358.9627282649744
Malawi,2020-01-01,2364.3943179527223
Malawi,2020-02-01,2372.6655865658063
Malawi,2020-03-01,2383.7765341050535
Malawi,2020-04-01,2397.7271605715755
Malawi,2020-05-01,2414.5174659667655
Malawi,2020-06-01,2434.1474502923047
Malawi,2020-07-01,2456.617113550155
Malawi,2020-08-01,2481.926455742564
Malawi,2020-09-01,2510.075476872062
Malawi,2020-10-01,2541.0641769414638
Malawi,2020-11-01,2574.8925559538684
Malawi,2020-12-01,2611.560613912659
Malawi,2021-01-01,2651.0683508215025
Malawi,2021-02-01,2688.517671943787
Malawi,2021-03-01,2723.9085772832564
Malawi,2021-04-01,2757.241066843452
Malawi,2021-05-01,2788.515140627706
Malawi,2021-06-01,2817.730798639145
Malawi,2021-07-01,2844.888040880691
Malawi,2021-08-01,2869.9868673550595
Malawi,2021-09-01,2893.027278064761
Malawi,2021-10-01,2914.009273012099
Malawi,2021-11-01,2932.9328521991715
Malawi,2021-12-01,2949.798015627872
Malawi,2022-01-01,2964.6047632998857
Malawi,2022-02-01,2979.478500722486
Malawi,2022-03-01,2994.4192278971536
Malawi,2022-04-01,3009.42694482539
Malawi,2022-05-01,3024.5016515086954
Malawi,2022-06-01,3039.643347948577
Malawi,2022-07-01,3054.852034146548
Malawi,2022-08-01,3070.1277101041287
Malawi,2022-09-01,3085.470375822848
Malawi,2022-10-01,3100.8800313042398
Malawi,2022-11-01,3116.3566765498454
Malawi,2022-12-01,3131.900311561213
Malawi,2023-01-01,3147.5109363398956
Malawi,2023-02-01,3162.5694777922363
Malawi,2023-03-01,3177.0759359197455
Malawi,2023-04-01,3191.0303107238624
Malawi,2023-05-01,3204.4326022059918
Malawi,2023-06-01,3217.2828103674724
Malawi,2023-07-01,3229.580935209588
Malawi,2023-08-01,3241.3269767335687
Malawi,2023-09-01,3252.520934940589
Malawi,2023-10-01,3263.1628098317683
Malawi,2023-11-01,3273.252601408172
Malawi,2023-12-01,3282.7903096708083
Malawi,2024-01-01,3291.775934620631
Malawi,2024-02-01,3301.531929687669
Malawi,2024-03-01,3312.0582948729
Malawi,2024-04-01,3323.3550301773757
Malawi,2024-05-01,3335.422135602221
Malawi,2024-06-01,3348.259611148646
Malawi,2024-07-01,3361.867456817935
Malawi,2024-08-01,3376.2456726114483
Malawi,2024-09-01,3391.394258530625
Malawi,2024-10-01,3407.313214576979
Malawi,2024-11-01,3424.0025407521025
Malawi,2024-12-01,3441.462237057666
Malawi,2025-01-01,3459.692303495413
Malawi,2025-02-01,3476.4031977236086
Malawi,2025-03-01,3491.594919743924
Malawi,2025-04-01,3505.267469557877
Malawi,2025-05-01,3517.4208471668367
Malawi,2025-06-01,3528.055052572016
Malawi,2025-07-01,3537.1700857744795
Malawi,2025-08-01,3544.765946775141
Malawi,2025-09-01,3550.842635574758
Malawi,2025-10-01,3555.4001521739383
Malawi,2025-11-01,3558.4384965731388
Malawi,2025-12-01,3559.957668772663
Mali,2015-01-01,3110.8583036806344
Mali,2015-02-01,3112.645806090079
Mali,2015-03-01,3116.220810909146
Mali,2015-04-01,3121.583318138194
Mali,2015-05-01,3128.7333277777598
Mali,2015-06-01,3137.6708398285577
Mali,2015-07-01,3148.395854291481
Mali,2015-08-01,3160.908371167603
Mali,2015-09-01,3175.208390458175
Mali,2015-10-01,3191.2959121646263
Mali,2015-11-01,3209.1709362885663
Mali,2015-12-01,3228.8334628317825
Mali,2016-01-01,3250.283491796242
Mali,2016-02-01,3271.7952114681802
Mali,2016-03-01,3293.3686218497514
Mali,2016-04-01,3315.003722943109
Mali,2016-05-01,3336.7005147504183
Mali,2016-06-01,3358.458997273849
Mali,2016-07-01,3380.279170515576
Mali,2016-08-01,3402.161034477782
Mali,2016-09-01,3424.104589162656
Mali,2016-10-01,3446.109834572391
Mali,2016-11-01,3468.1767707091885
Mali,2016-12-01,3490.3053975752546
Mali,2017-01-01,3512.495715172802
Mali,2017-02-01,3533.742641549118
Mali,2017-03-01,3554.0461767063257
Mali,2017-04-01,3573.4063206464566
Mali,2017-05-01,3591.823073371445
Mali,2017-06-01,3609.296434883133
Mali,2017-07-01,3625.826405183268
Mali,2017-08-01,3641.4129842735033
Mali,2017-09-01,3656.056172155398
Mali,2017-10-01,3669.7559688304154
Mali,2017-11-01,3682.5123742999267
Mali,2017-12-01,3694.3253885652066
Mali,2018-01-01,3705.1950116274365
Mali,2018-02-01,3718.903429273935
Mali,2018-03-01,3735.450641506071
Mali,2018-04-01,3754.836648325505
Mali,2018-05-01,3777.061449734168
Mali,2018-06-01,3802.1250457342867
Mali,2018-07-01,3830.027436328368
Mali,2018-08-01,3860.7686215192007
Mali,2018-09-01,3894.3486013098595
Mali,2018-10-01,3930.7673757037032
Mali,2018-11-01,3970.024944704372
Mali,2018-12-01,4012.1213083157927
Mali,2019-01-01,4057.0564665421743
Mali,2019-02-01,4096.690546495351
Mali,2019-03-01,4131.023548179276
Mali,2019-04-01,4160.055471597397
Mali,2019-05-01,4183.786316752609
Mali,2019-06-01,4202.21608364729
Mali,2019-07-01,4215.344772283282
Mali,2019-08-01,4223.172382661896
Mali,2019-09-01,4225.698914783915
Mali,2019-10-01,4222.924368649592
Mali,2019-11-01,4214.84874425865
Mali,2019-12-01,4201.472041610281
Mali,2020-01-01,4182.794260703146
Mali,2020-02-01,4167.413520609841
Mali,2020-03-01,4155.329821328828
Mali,2020-04-01,4146.543162858899
Mali,2020-05-01,4141.053545199173
Mali,2020-06-01,4138.860968349102
Mali,2020-07-01,4139.965432308466
Mali,2020-08-01,4144.366937077377
Mali,2020-09-01,4152.065482656274
Mali,2020-10-01,4163.061069045926
Mali,2020-11-01,4177.353696247435
Mali,2020-12-01,4194.94336426223
Mali,2021-01-01,4215.830073092069
Mali,2021-02-01,4238.785594730946
Mali,2021-03-01,4263.80992918116
Mali,2021-04-01,4290.903076445206
Mali,2021-05-01,4320.065036525797
Mali,2021-06-01,4351.295809425851
Mali,2021-07-01,4384.59539514849
Mali,2021-08-01,4419.963793697044
Mali,2021-09-01,4457.4010050750485
Mali,2021-10-01,4496.907029286248
Mali,2021-11-01,4538.481866334593
Mali,2021-12-01,4582.125516224243
Mali,2022-01-01,4627.83797895956
Mali,2022-02-01,4672.514520873793
Mali,2022-03-01,4716.155141971418
Mali,2022-04-01,4758.759842256778
Mali,2022-05-01,4800.328621734147
Mali,2022-06-01,4840.861480407679
Mali,2022-07-01,4880.358418281426
Mali,2022-08-01,4918.819435359339
Mali,2022-09-01,4956.244531645264
Mali,2022-10-01,4992.633707142944
Mali,2022-11-01,5027.986961856019
Mali,2022-12-01,5062.304295788023
Mali,2023-01-01,5095.585708942389
Mali,2023-02-01,5128.446914045365
Mali,2023-03-01,5160.887911100237
Mali,2023-04-01,5192.908700110252
Mali,2023-05-01,5224.509281078607
Mali,2023-06-01,5255.689654008466
Mali,2023-07-01,5286.4498189029455
Mali,2023-08-01,5316.789775765123
Mali,2023-09-01,5346.709524598031
Mali,2023-10-01,5376.2090654046615
Mali,2023-11-01,5405.288398187966
Mali,2023-12-01,5433.9475229508525
Mali,2024-01-01,5462.1864396961855
Mali,2024-02-01,5491.922684988761
Mali,2024-03-01,5523.156258831556
Mali,2024-04-01,5555.887161227686
Mali,2024-05-01,5590.115392180433
Mali,2024-06-01,5625.840951693215
Mali,2024-07-01,5663.063839769603
Mali,2024-08-01,5701.784056413321
Mali,2024-09-01,5742.0016016282425
Mali,2024-10-01,5783.716475418388
Mali,2024-11-01,5826.928677787929
Mali,2024-12-01,5871.6382087411885
Mali,2025-01-01,5917.845068282636
Mali,2025-02-01,5960.201356179393
Mali,2025-03-01,5998.707072435692
Mali,2025-04-01,6033.362217055391
Mali,2025-05-01,6064.166790041948
Mali,2025-06-01,6091.120791398449
Mali,2025-07-01,6114.224221127583
Mali,2025-08-01,6133.477079231666
Mali,2025-09-01,6148.879365712621
Mali,2025-10-01,6160.43108057199
Mali,2025-11-01,6168.132223810927
Mali,2025-12-01,6171.982795430204
Mauritania,2015-01-01,1697.4779180365144
Mauritania,2015-02-01,1697.5252466938196
Mauritania,2015-03-01,1697.6199040084377
Mauritania,2015-04-01,1697.7618899803713
Mauritania,2015-05-01,1697.9512046096384
Mauritania,2015-06-01,1698.1878478962576
Mauritania,2015-07-01,1698.4718198402527
Mauritania,2015-08-01,1698.8031204416523
Mauritania,2015-09-01,1699.1817497004895
Mauritania,2015-10-01,1699.6077076168021
Mauritania,2015-11-01,1700.0809941906325
Mauritania,2015-12-01,1700.601609422028
Mauritania,2016-01-01,1701.1695533110415
Mauritania,2016-02-01,1703.0832855830986
Mauritania,2016-03-01,1706.342806238389
Mauritania,2016-04-01,1710.9481152772394
Mauritania,2016-05-01,1716.899212700112
Mauritania,2016-06-01,1724.1960985076012
Mauritania,2016-07-01,1732.838772700437
Mauritania,2016-08-01,1742.8272352794834
Mauritania,2016-09-01,1754.1614862457395
Mauritania,2016-10-01,1766.8415256003386
Mauritania,2016-11-01,1780.867353344549
Mauritania,2016-12-01,1796.2389694797735
Mauritania,2017-01-01,1812.9563740075482
Mauritania,2017-02-01,1828.5573529482444
Mauritania,2017-03-01,1843.0419063034265
Mauritania,2017-04-01,1856.4100340745358
Mauritania,2017-05-01,1868.6617362629122
Mauritania,2017-06-01,1879.7970128697796
Mauritania,2017-07-01,1889.815863896252
Mauritania,2017-08-01,1898.7182893433312
Mauritania,2017-09-01,1906.5042892119077
Mauritania,2017-10-01,1913.1738635027596
Mauritania,2017-11-01,1918.7270122165542
Mauritania,2017-12-01,1923.1637353538465
Mauritania,2018-01-01,1926.48403291508
Mauritania,2018-02-01,1930.5503136013895
Mauritania,2018-03-01,1935.362577413178
Mauritania,2018-04-01,1940.9208243509338
Mauritania,2018-05-01,1947.2250544152093
Mauritania,2018-06-01,1954.2752676066348
Mauritania,2018-07-01,1962.0714639259154
Mauritania,2018-08-01,1970.6136433738304
Mauritania,2018-09-01,1979.9018059512348
Mauritania,2018-10-01,1989.935951659057
Mauritania,2018-11-01,2000.7160804983005
Mauritania,2018-12-01,2012.242192470043
Mauritania,2019-01-01,2024.5142875754368
Mauritania,2019-02-01,2036.647281282677
Mauritania,2019-03-01,2048.641173592973
Mauritania,2019-04-01,2060.4959645075273
Mauritania,2019-05-01,2072.211654027526
Mauritania,2019-06-01,2083.7882421541403
Mauritania,2019-07-01,2095.225728888528
Mauritania,2019-08-01,2106.5241142318323
Mauritania,2019-09-01,2117.6833981851833
Mauritania,2019-10-01,2128.703580749697
Mauritania,2019-11-01,2139.584661926475
Mauritania,2019-12-01,2150.3266417166055
Mauritania,2020-01-01,2160.9295201211626
Mauritania,2020-02-01,2170.753773068386
Mauritania,2020-03-01,2179.799400559259
Mauritania,2020-04-01,2188.0664025946858
Mauritania,2020-05-01,2195.554779175492
Mauritania,2020-06-01,2202.2645303024274
Mauritania,2020-07-01,2208.1956559761634
Mauritania,2020-08-01,2213.3481561972926
Mauritania,2020-09-01,2217.7220309663303
Mauritania,2020-10-01,2221.317280283714
Mauritania,2020-11-01,2224.133904149803
Mauritania,2020-12-01,2226.171902564879
Mauritania,2021-01-01,2227.431275529146
Mauritania,2021-02-01,2231.5687999516144
Mauritania,2021-03-01,2238.5844758326925
Mauritania,2021-04-01,2248.4783031730904
Mauritania,2021-05-01,2261.250281973794
Mauritania,2021-06-01,2276.9004122360793
Mauritania,2021-07-01,2295.428693961513
Mauritania,2021-08-01,2316.8351271519487
Mauritania,2021-09-01,2341.119711809525
Mauritania,2021-10-01,2368.282447936671
Mauritania,2021-11-01,2398.3233355361035
Mauritania,2021-12-01,2431.242374610826
Mauritania,2022-01-01,2467.039565164131
Mauritania,2022-02-01,2501.5974966000085
Mauritania,2022-03-01,2534.9161689219163
Mauritania,2022-04-01,2566.995582133178
Mauritania,2022-05-01,2597.835736237008
Mauritania,2022-06-01,2627.436631236488
Mauritania,2022-07-01,2655.7982671345803
Mauritania,2022-08-01,2682.92064393412
Mauritania,2022-09-01,2708.80376163782
Mauritania,2022-10-01,2733.4476202482683
Mauritania,2022-11-01,2756.85221976793
Mauritania,2022-12-01,2779.017560199145
Mauritania,2023-01-01,2799.9436415441296
Mauritania,2023-02-01,2820.989322145761
Mauritania,2023-03-01,2842.154602006141
Mauritania,2023-04-01,2863.4394811273905
Mauritania,2023-05-01,2884.8439595116374
Mauritania,2023-06-01,2906.36803716102
Mauritania,2023-07-01,2928.0117140776906
Mauritania,2023-08-01,2949.774990263816
Mauritania,2023-09-01,2971.6578657215714
Mauritania,2023-10-01,2993.660340453145
Mauritania,2023-11-01,3015.7824144607384
Mauritania,2023-12-01,3038.024087746563
Mauritania,2024-01-01,3060.385360312843
Mauritania,2024-02-01,3082.5607953907606
Mauritania,2024-03-01,3104.5503929825327
Mauritania,2024-04-01,3126.3541530903594
Mauritania,2024-05-01,3147.9720757164205
Mauritania,2024-06-01,3169.4041608628754
Mauritania,2024-07-01,3190.6504085318707
Mauritania,2024-08-01,3211.710818725529
Mauritania,2024-09-01,3232.5853914459576
Mauritania,2024-10-01,3253.2741266952435
Mauritania,2024-11-01,3273.777024475456
Mauritania,2024-12-01,3294.0940847886463
Mauritania,2025-01-01,3314.2253076368447
Mauritania,2025-02-01,3332.678928573952
Mauritania,2025-03-01,3349.4549476018146
Mauritania,2025-04-01,3364.553364722113
Mauritania,2025-05-01,3377.974179936351
Mauritania,2025-06-01,3389.717393245874
Mauritania,2025-07-01,3399.7830046518543
Mauritania,2025-08-01,3408.1710141553003
Mauritania,2025-09-01,3414.8814217570502
Mauritania,2025-10-01,3419.9142274577753
Mauritania,2025-11-01,3423.269431257979
Mauritania,2025-12-01,3424.9470331579973
Mauritius,2015-01-01,2128.605726995227
Mauritius,2015-02-01,2129.380766178475
Mauritius,2015-03-01,2130.9308445450456
Mauritius,2015-04-01,2133.2559620950983
Mauritius,2015-05-01,2136.356118828864
Mauritius,2015-06-01,2140.2313147466525
Mauritius,2015-07-01,2144.881549848851
Mauritius,2015-08-01,2150.306824135925
Mauritius,2015-09-01,2156.507137608417
Mauritius,2015-10-01,2163.4824902669466
Mauritius,2015-11-01,2171.232882112212
Mauritius,2015-12-01,2179.758313144988
Mauritius,2016-01-01,2189.0587833661266
Mauritius,2016-02-01,2198.820220151613
Mauritius,2016-03-01,2209.042623502424
Mauritius,2016-04-01,2219.7259934195777
Mauritius,2016-05-01,2230.870329904145
Mauritius,2016-06-01,2242.475632957241
Mauritius,2016-07-01,2254.541902580026
Mauritius,2016-08-01,2267.0691387737056
Mauritius,2016-09-01,2280.0573415395334
Mauritius,2016-10-01,2293.506510878808
Mauritius,2016-11-01,2307.4166467928744
Mauritius,2016-12-01,2321.7877492831235
Mauritius,2017-01-01,2336.619818350993
Mauritius,2017-02-01,2349.922830046819
Mauritius,2017-03-01,2361.69678437193
Mauritius,2017-04-01,2371.941681327506
Mauritius,2017-05-01,2380.6575209145694
Mauritius,2017-06-01,2387.8443031339943
Mauritius,2017-07-01,2393.5020279864993
Mauritius,2017-08-01,2397.6306954726488
Mauritius,2017-09-01,2400.2303055928564
Mauritius,2017-10-01,2401.3008583473825
Mauritius,2017-11-01,2400.842353736334
Mauritius,2017-12-01,2398.8547917596647
Mauritius,2018-01-01,2395.338172417176
Mauritius,2018-02-01,2394.208525124623
Mauritius,2018-03-01,2395.465849881897
Mauritius,2018-04-01,2399.1101466891196
Mauritius,2018-05-01,2405.1414155466555
Mauritius,2018-06-01,2413.559656455108
Mauritius,2018-07-01,2424.3648694153185
Mauritius,2018-08-01,2437.5570544283682
Mauritius,2018-09-01,2453.136211495576
Mauritius,2018-10-01,2471.1023406185
Mauritius,2018-11-01,2491.455441798936
Mauritius,2018-12-01,2514.195515038921
Mauritius,2019-01-01,2539.3225603407277
Mauritius,2019-02-01,2558.4626002056384
Mauritius,2019-03-01,2571.6156346355674
Mauritius,2019-04-01,2578.7816636318285
Mauritius,2019-05-01,2579.960687195139
Mauritius,2019-06-01,2575.1527053256173
Mauritius,2019-07-01,2564.3577180227812
Mauritius,2019-08-01,2547.5757252855524
Mauritius,2019-09-01,2524.8067271122522
Mauritius,2019-10-01,2496.050723500604
Mauritius,2019-11-01,2461.307714447732
Mauritius,2019-12-01,2420.577699950162
Mauritius,2020-01-01,2373.8606800038206
Mauritius,2020-02-01,2332.7251069511567
Mauritius,2020-03-01,2297.170980788055
Mauritius,2020-04-01,2267.1983015109636
Mauritius,2020-05-01,2242.8070691168828
Mauritius,2020-06-01,2223.997283603375
Mauritius,2020-07-01,2210.7689449685577
Mauritius,2020-08-01,2203.1220532111092
Mauritius,2020-09-01,2201.056608330265
Mauritius,2020-10-01,2204.5726103258175
Mauritius,2020-11-01,2213.670059198119
Mauritius,2020-12-01,2228.3489549480787
Mauritius,2021-01-01,2248.6092975771658
Mauritius,2021-02-01,2270.523023096153
Mauritius,2021-03-01,2294.0901315072333
Mauritius,2021-04-01,2319.310622812763
Mauritius,2021-05-01,2346.1844970152624
Mauritius,2021-06-01,2374.7117541174193
Mauritius,2021-07-01,2404.892394122086
Mauritius,2021-08-01,2436.7264170322815
Mauritius,2021-09-01,2470.2138228511885
Mauritius,2021-10-01,2505.3546115821555
Mauritius,2021-11-01,2542.148783228697
Mauritius,2021-12-01,2580.596337794493
Mauritius,2022-01-01,2620.697275283388
Mauritius,2022-02-01,2658.795720974467
Mauritius,2022-03-01,2694.891674871543
Mauritius,2022-04-01,2728.985136978222
Mauritius,2022-05-01,2761.076107297914
Mauritius,2022-06-01,2791.1645858338275
Mauritius,2022-07-01,2819.2505725889705
Mauritius,2022-08-01,2845.3340675661534
Mauritius,2022-09-01,2869.4150707679833
Mauritius,2022-10-01,2891.493582196869
Mauritius,2022-11-01,2911.5696018550184
Mauritius,2022-12-01,2929.64312974444
Mauritius,2023-01-01,2945.71416586694
Mauritius,2023-02-01,2962.1148543516915
Mauritius,2023-03-01,2978.8451952003384
Mauritius,2023-04-01,2995.9051884145447
Mauritius,2023-05-01,3013.294833996023
Mauritius,2023-06-01,3031.0141319465106
Mauritius,2023-07-01,3049.0630822677795
Mauritius,2023-08-01,3067.4416849616346
Mauritius,2023-09-01,3086.149940029914
Mauritius,2023-10-01,3105.1878474744885
Mauritius,2023-11-01,3124.5554072972627
Mauritius,2023-12-01,3144.252619500173
Mauritius,2024-01-01,3164.279484085189
Mauritius,2024-02-01,3184.1633601657313
Mauritius,2024-03-01,3203.9042477437847
Mauritius,2024-04-01,3223.5021468213317
Mauritius,2024-05-01,3242.957057400328
Mauritius,2024-06-01,3262.2689794827184
Mauritius,2024-07-01,3281.437913070434
Mauritius,2024-08-01,3300.4638581653926
Mauritius,2024-09-01,3319.3468147694957
Mauritius,2024-10-01,3338.086782884632
Mauritius,2024-11-01,3356.6837625126773
Mauritius,2024-12-01,3375.1377536554896
Mauritius,2025-01-01,3393.4487563149146
Mauritius,2025-02-01,3410.23384207962
Mauritius,2025-03-01,3425.4930109512907
Mauritius,2025-04-01,3439.226262931439
Mauritius,2025-05-01,3451.4335980214455
Mauritius,2025-06-01,3462.115016222532
Mauritius,2025-07-01,3471.270517535764
Mauritius,2025-08-01,3478.9001019620596
Mauritius,2025-09-01,3485.003769502179
Mauritius,2025-10-01,3489.5815201567348
Mauritius,2025-11-01,3492.633353926184
Mauritius,2025-12-01,3494.159270810833
Morocco,2015-01-01,22451.377616463593
Morocco,2015-02-01,22449.597649676776
Morocco,2015-03-01,22446.03771610297
Morocco,2015-04-01,22440.697815741805
Morocco,2015-05-01,22433.577948592752
Morocco,2015-06-01,22424.678114655107
Morocco,2015-07-01,22413.998313927972
Morocco,2015-08-01,22401.53854641028
Morocco,2015-09-01,22387.298812100787
Morocco,2015-10-01,22371.279110998068
Morocco,2015-11-01,22353.47944310052
Morocco,2015-12-01,22333.899808406364
Morocco,2016-01-01,22312.540206913647
Morocco,2016-02-01,22314.03622608683
Morocco,2016-03-01,22338.387865926023
Morocco,2016-04-01,22385.595126433727
Morocco,2016-05-01,22455.658007614646
Morocco,2016-06-01,22548.576509475784
Morocco,2016-07-01,22664.350632026428
Morocco,2016-08-01,22802.980375278155
Morocco,2016-09-01,22964.465739244835
Morocco,2016-10-01,23148.806723942605
Morocco,2016-11-01,23356.00332938991
Morocco,2016-12-01,23586.05555560747
Morocco,2017-01-01,23838.96340261828
Morocco,2017-02-01,24053.598706619883
Morocco,2017-03-01,24229.96146763373
Morocco,2017-04-01,24368.051685677467
Morocco,2017-05-01,24467.869360764904
Morocco,2017-06-01,24529.41449290602
Morocco,2017-07-01,24552.687082106968
Morocco,2017-08-01,24537.687128370075
Morocco,2017-09-01,24484.414631693842
Morocco,2017-10-01,24392.86959207294
Morocco,2017-11-01,24263.052009498217
Morocco,2017-12-01,24094.96188395669
Morocco,2018-01-01,23888.599215431546
Morocco,2018-02-01,23719.467039969782
Morocco,2018-03-01,23587.565357554493
Morocco,2018-04-01,23492.8941681725
Morocco,2018-05-01,23435.45347181433
Morocco,2018-06-01,23415.243268474223
Morocco,2018-07-01,23432.26355815016
Morocco,2018-08-01,23486.514340843838
Morocco,2018-09-01,23577.99561656069
Morocco,2018-10-01,23706.707385309863
Morocco,2018-11-01,23872.649647104226
Morocco,2018-12-01,24075.82240196037
Morocco,2019-01-01,24316.225649898617
Morocco,2019-02-01,24514.78369328547
Morocco,2019-03-01,24671.496532140834
Morocco,2019-04-01,24786.36416648029
Morocco,2019-05-01,24859.386596315355
Morocco,2019-06-01,24890.563821653344
Morocco,2019-07-01,24879.89584249737
Morocco,2019-08-01,24827.38265884637
Morocco,2019-09-01,24733.024270695092
Morocco,2019-10-01,24596.82067803409
Morocco,2019-11-01,24418.771880849756
Morocco,2019-12-01,24198.87787912428
Morocco,2020-01-01,23937.138672835667
Morocco,2020-02-01,23731.82589191865
Morocco,2020-03-01,23582.939536352693
Morocco,2020-04-01,23490.479606122906
Morocco,2020-05-01,23454.446101220045
Morocco,2020-06-01,23474.839021640502
Morocco,2020-07-01,23551.658367386317
Morocco,2020-08-01,23684.90413846518
Morocco,2020-09-01,23874.57633489041
Morocco,2020-10-01,24120.674956680974
Morocco,2020-11-01,24423.200003861486
Morocco,2020-12-01,24782.151476462197
Morocco,2021-01-01,25197.529374519
Morocco,2021-02-01,25590.87861175513
Morocco,2021-03-01,25962.199188209936
Morocco,2021-04-01,26311.49110392054
Morocco,2021-05-01,26638.754358921873
Morocco,2021-06-01,26943.98895324665
Morocco,2021-07-01,27227.194886925397
Morocco,2021-08-01,27488.37215998645
Morocco,2021-09-01,27727.52077245591
Morocco,2021-10-01,27944.640724357694
Morocco,2021-11-01,28139.732015713515
Morocco,2021-12-01,28312.794646542887
Morocco,2022-01-01,28463.828616863117
Morocco,2022-02-01,28619.19600542497
Morocco,2022-03-01,28778.896812244002
Morocco,2022-04-01,28942.931037336137
Morocco,2022-05-01,29111.29868071781
Morocco,2022-06-01,29283.999742405857
Morocco,2022-07-01,29461.034222417526
Morocco,2022-08-01,29642.40212077054
Morocco,2022-09-01,29828.103437483034
Morocco,2022-10-01,30018.138172573566
Morocco,2022-11-01,30212.50632606116
Morocco,2022-12-01,30411.207897965247
Morocco,2023-01-01,30614.24288830569
Morocco,2023-02-01,30811.782650546313
Morocco,2023-03-01,31003.827184706857
Morocco,2023-04-01,31190.37649080656
Morocco,2023-05-01,31371.43056886405
Morocco,2023-06-01,31546.98941889744
Morocco,2023-07-01,31717.053040924275
Morocco,2023-08-01,31881.621434961588
Morocco,2023-09-01,32040.69460102582
Morocco,2023-10-01,32194.27253913288
Morocco,2023-11-01,32342.35524929813
Morocco,2023-12-01,32484.94273153638
Morocco,2024-01-01,32622.034985861887
Morocco,2024-02-01,32769.065718355974
Morocco,2024-03-01,32926.03492903341
Morocco,2024-04-01,33092.94261790978
Morocco,2024-05-01,33269.78878500183
Morocco,2024-06-01,33456.57343032725
Morocco,2024-07-01,33653.296553904685
Morocco,2024-08-01,33859.95815575384
Morocco,2024-09-01,34076.55823589537
Morocco,2024-10-01,34303.09679435094
Morocco,2024-11-01,34539.5738311432
Morocco,2024-12-01,34785.98934629581
Morocco,2025-01-01,35042.34333983341
Morocco,2025-02-01,35277.334500486126
Morocco,2025-03-01,35490.96282827746
Morocco,2025-04-01,35683.22832322878
Morocco,2025-05-01,35854.13098535931
Morocco,2025-06-01,36003.67081468614
Morocco,2025-07-01,36131.847811224216
Morocco,2025-08-01,36238.66197498635
Morocco,2025-09-01,36324.11330598325
Morocco,2025-10-01,36388.20180422344
Morocco,2025-11-01,36430.927469713344
Morocco,2025-12-01,36452.29030245723
Mozambique,2015-01-01,2692.0851378975954
Mozambique,2015-02-01,2693.536093868021
Mozambique,2015-03-01,2696.438005809017
Mozambique,2015-04-01,2700.7908737208727
Mozambique,2015-05-01,2706.594697604025
Mozambique,2015-06-01,2713.849477459054
Mozambique,2015-07-01,2722.555213286685
Mozambique,2015-08-01,2732.7119050877886
Mozambique,2015-09-01,2744.3195528633805
Mozambique,2015-10-01,2757.3781566146217
Mozambique,2015-11-01,2771.887716342818
Mozambique,2015-12-01,2787.84823204942
Mozambique,2016-01-01,2805.259703736024
Mozambique,2016-02-01,2821.8673570162077
Mozambique,2016-03-01,2837.671191891633
Mozambique,2016-04-01,2852.67120836388
Mozambique,2016-05-01,2866.8674064344477
Mozambique,2016-06-01,2880.259786104755
Mozambique,2016-07-01,2892.848347376141
Mozambique,2016-08-01,2904.6330902498657
Mozambique,2016-09-01,2915.6140147271076
Mozambique,2016-10-01,2925.7911208089636
Mozambique,2016-11-01,2935.164408496453
Mozambique,2016-12-01,2943.733877790512
Mozambique,2017-01-01,2951.499528691998
Mozambique,2017-02-01,2959.9641144576062
Mozambique,2017-03-01,2969.1276350881876
Mozambique,2017-04-01,2978.990090584651
Mozambique,2017-05-01,2989.551480947986
Mozambique,2017-06-01,3000.8118061792484
Mozambique,2017-07-01,3012.7710662795644
Mozambique,2017-08-01,3025.4292612501295
Mozambique,2017-09-01,3038.7863910922097
Mozambique,2017-10-01,3052.8424558071406
Mozambique,2017-11-01,3067.597455396328
Mozambique,2017-12-01,3083.051389861247
Mozambique,2018-01-01,3099.204259203444
Mozambique,2018-02-01,3116.0920302623604
Mozambique,2018-03-01,3133.7147030396854
Mozambique,2018-04-01,3152.072277537183
Mozambique,2018-05-01,3171.164753756685
Mozambique,2018-06-01,3190.992131700102
Mozambique,2018-07-01,3211.554411369418
Mozambique,2018-08-01,3232.8515927666886
Mozambique,2018-09-01,3254.8836758940433
Mozambique,2018-10-01,3277.650660753686
Mozambique,2018-11-01,3301.1525473478932
Mozambique,2018-12-01,3325.3893356790145
Mozambique,2019-01-01,3350.3610257494743
Mozambique,2019-02-01,3374.1119682238295
Mozambique,2019-03-01,3396.6421631044554
Mozambique,2019-04-01,3417.9516103936003
Mozambique,2019-05-01,3438.0403100933995
Mozambique,2019-06-01,3456.9082622058627
Mozambique,2019-07-01,3474.555466732875
Mozambique,2019-08-01,3490.9819236762023
Mozambique,2019-09-01,3506.1876330374866
Mozambique,2019-10-01,3520.172594818249
Mozambique,2019-11-01,3532.9368090198873
Mozambique,2019-12-01,3544.4802756436784
Mozambique,2020-01-01,3554.8029946907754
Mozambique,2020-02-01,3565.5310505377433
Mozambique,2020-03-01,3576.664443185659
Mozambique,2020-04-01,3588.20317263563
Mozambique,2020-05-01,3600.1472388888124
Mozambique,2020-06-01,3612.496641946399
Mozambique,2020-07-01,3625.2513818096245
Mozambique,2020-08-01,3638.4114584797658
Mozambique,2020-09-01,3651.976871958138
Mozambique,2020-10-01,3665.9476222460976
Mozambique,2020-11-01,3680.323709345042
Mozambique,2020-12-01,3695.105133256409
Mozambique,2021-01-01,3710.291893981676
Mozambique,2021-02-01,3727.8559652436356
Mozambique,2021-03-01,3747.797347044037
Mozambique,2021-04-01,3770.1160393848827
Mozambique,2021-05-01,3794.812042268403
Mozambique,2021-06-01,3821.8853556970676
Mozambique,2021-07-01,3851.3359796735836
Mozambique,2021-08-01,3883.1639142008958
Mozambique,2021-09-01,3917.3691592821874
Mozambique,2021-10-01,3953.951714920878
Mozambique,2021-11-01,3992.911581120627
Mozambique,2021-12-01,4034.2487578853306
Mozambique,2022-01-01,4077.9632452191213
Mozambique,2022-02-01,4121.088273929355
Mozambique,2022-03-01,4163.623844020351
Mozambique,2022-04-01,4205.569955496351
Mozambique,2022-05-01,4246.926608361552
Mozambique,2022-06-01,4287.693802620091
Mozambique,2022-07-01,4327.871538276046
Mozambique,2022-08-01,4367.459815333433
Mozambique,2022-09-01,4406.458633796211
Mozambique,2022-10-01,4444.867993668281
Mozambique,2022-11-01,4482.687894953485
Mozambique,2022-12-01,4519.918337655605
Mozambique,2023-01-01,4556.559321778362
Mozambique,2023-02-01,4591.110591251986
Mozambique,2023-03-01,4623.572146079923
Mozambique,2023-04-01,4653.943986265432
Mozambique,2023-05-01,4682.22611181155
Mozambique,2023-06-01,4708.418522721102
Mozambique,2023-07-01,4732.521218996703
Mozambique,2023-08-01,4754.534200640771
Mozambique,2023-09-01,4774.457467655502
Mozambique,2023-10-01,4792.291020042891
Mozambique,2023-11-01,4808.0348578047215
Mozambique,2023-12-01,4821.6889809425675
Mozambique,2024-01-01,4833.253389457795
Mozambique,2024-02-01,4846.159562068474
Mozambique,2024-03-01,4860.407498775899
Mozambique,2024-04-01,4875.997199581489
Mozambique,2024-05-01,4892.928664486805
Mozambique,2024-06-01,4911.201893493541
Mozambique,2024-07-01,4930.816886603523
Mozambique,2024-08-01,4951.773643818716
Mozambique,2024-09-01,4974.072165141214
Mozambique,2024-10-01,4997.712450573246
Mozambique,2024-11-01,5022.694500117179
Mozambique,2024-12-01,5049.018313775509
Mozambique,2025-01-01,5076.68389155087
Mozambique,2025-02-01,5102.044004501896
Mozambique,2025-03-01,5125.098652631119
Mozambique,2025-04-01,5145.847835940851
Mozambique,2025-05-01,5164.291554433161
Mozambique,2025-06-01,5180.429808109897
Mozambique,2025-07-01,5194.262596972671
Mozambique,2025-08-01,5205.789921022871
Mozambique,2025-09-01,5215.011780261647
Mozambique,2025-10-01,5221.928174689921
Mozambique,2025-11-01,5226.539104308386
Mozambique,2025-12-01,5228.844569117505
Namibia,2015-01-01,2025.2592776159681
Namibia,2015-02-01,2025.4736447346281
Namibia,2015-03-01,2025.9023789719683
Namibia,2015-04-01,2026.5454803280336
Namibia,2015-05-01,2027.4029488028864
Namibia,2015-06-01,2028.4747843966131
Namibia,2015-07-01,2029.7609871093211
Namibia,2015-08-01,2031.2615569411394
Namibia,2015-09-01,2032.9764938922176
Namibia,2015-10-01,2034.9057979627273
Namibia,2015-11-01,2037.0494691528618
Namibia,2015-12-01,2039.407507462835
Namibia,2016-01-01,2041.9799128928828
Namibia,2016-02-01,2044.3100496184677
Namibia,2016-03-01,2046.3979176398248
Namibia,2016-04-01,2048.2435169571563
Namibia,2016-05-01,2049.8468475706527
Namibia,2016-06-01,2051.207909480472
Namibia,2016-07-01,2052.3267026867507
Namibia,2016-08-01,2053.203227189601
Namibia,2016-09-01,2053.83748298911
Namibia,2016-10-01,2054.2294700853413
Namibia,2016-11-01,2054.3791884783345
Namibia,2016-12-01,2054.286638168104
Namibia,2017-01-01,2053.9518191546417
Namibia,2017-02-01,2054.1844345813133
Namibia,2017-03-01,2054.9844844481427
Namibia,2017-04-01,2056.3519687552075
Namibia,2017-05-01,2058.2868875026475
Namibia,2017-06-01,2060.7892406906535
Namibia,2017-07-01,2063.859028319477
Namibia,2017-08-01,2067.496250389425
Namibia,2017-09-01,2071.7009069008614
Namibia,2017-10-01,2076.472997854206
Namibia,2017-11-01,2081.8125232499365
Namibia,2017-12-01,2087.7194830885865
Namibia,2018-01-01,2094.193877370747
Namibia,2018-02-01,2100.1041497025294
Namibia,2018-03-01,2105.45030008453
Namibia,2018-04-01,2110.232328517272
Namibia,2018-05-01,2114.4502350012417
Namibia,2018-06-01,2118.104019536859
Namibia,2018-07-01,2121.1936821244894
Namibia,2018-08-01,2123.7192227644414
Namibia,2018-09-01,2125.680641456968
Namibia,2018-10-01,2127.077938202265
Namibia,2018-11-01,2127.911113000473
Namibia,2018-12-01,2128.1801658516742
Namibia,2019-01-01,2127.885096755896
Namibia,2019-02-01,2127.4317647463677
Namibia,2019-03-01,2126.820169823044
Namibia,2019-04-01,2126.0503119858636
Namibia,2019-05-01,2125.1221912347482
Namibia,2019-06-01,2124.0358075696063
Namibia,2019-07-01,2122.791160990329
Namibia,2019-08-01,2121.388251496792
Namibia,2019-09-01,2119.827079088854
Namibia,2019-10-01,2118.10764376636
Namibia,2019-11-01,2116.2299455291377
Namibia,2019-12-01,2114.193984376999
Namibia,2020-01-01,2111.9997603097404
Namibia,2020-02-01,2110.9454620219
Namibia,2020-03-01,2111.0310895133684
Namibia,2020-04-01,2112.25664278416
Namibia,2020-05-01,2114.6221218343953
Namibia,2020-06-01,2118.127526664311
Namibia,2020-07-01,2122.7728572742576
Namibia,2020-08-01,2128.5581136646997
Namibia,2020-09-01,2135.483295836216
Namibia,2020-10-01,2143.548403789498
Namibia,2020-11-01,2152.7534375253535
Namibia,2020-12-01,2163.0983970447023
Namibia,2021-01-01,2174.583282348579
Namibia,2021-02-01,2187.5887553946704
Namibia,2021-03-01,2202.114816184281
Namibia,2021-04-01,2218.1614647188594
Namibia,2021-05-01,2235.728701000011
Namibia,2021-06-01,2254.8165250294905
Namibia,2021-07-01,2275.4249368092082
Namibia,2021-08-01,2297.553936341225
Namibia,2021-09-01,2321.2035236277525
Namibia,2021-10-01,2346.3736986711556
Namibia,2021-11-01,2373.0644614739526
Namibia,2021-12-01,2401.275812038812
Namibia,2022-01-01,2431.007750368555
Namibia,2022-02-01,2459.593858275444
Namibia,2022-03-01,2487.034135762337
Namibia,2022-04-01,2513.328582831977
Namibia,2022-05-01,2538.477199486994
Namibia,2022-06-01,2562.4799857299035
Namibia,2022-07-01,2585.3369415631055
Namibia,2022-08-01,2607.0480669888857
Namibia,2022-09-01,2627.6133620094156
Namibia,2022-10-01,2647.032826626751
Namibia,2022-11-01,2665.306460842835
Namibia,2022-12-01,2682.4342646594946
Namibia,2023-01-01,2698.416238078442
Namibia,2023-02-01,2714.153698688945
Namibia,2023-03-01,2729.6466464925784
Namibia,2023-04-01,2744.8950814908903
Namibia,2023-05-01,2759.8990036854043
Namibia,2023-06-01,2774.6584130776223
Namibia,2023-07-01,2789.1733096690195
Namibia,2023-08-01,2803.4436934610485
Namibia,2023-09-01,2817.4695644551357
Namibia,2023-10-01,2831.2509226526836
Namibia,2023-11-01,2844.7877680550714
Namibia,2023-12-01,2858.0801006636525
Namibia,2024-01-01,2871.127920479756
Namibia,2024-02-01,2884.6954637487465
Namibia,2024-03-01,2898.782730471976
Namibia,2024-04-01,2913.389720650861
Namibia,2024-05-01,2928.5164342868597
Namibia,2024-06-01,2944.1628713814835
Namibia,2024-07-01,2960.3290319362973
Namibia,2024-08-01,2977.0149159529183
Namibia,2024-09-01,2994.220523433015
Namibia,2024-10-01,3011.9458543783076
Namibia,2024-11-01,3030.190908790569
Namibia,2024-12-01,3048.955686671625
Namibia,2025-01-01,3068.24018802335
Namibia,2025-02-01,3085.9176475889885
Namibia,2025-03-01,3101.98806537031
Namibia,2025-04-01,3116.4514413689144
Namibia,2025-05-01,3129.307775586256
Namibia,2025-06-01,3140.5570680236165
Namibia,2025-07-01,3150.199318682121
Namibia,2025-08-01,3158.234527562735
Namibia,2025-09-01,3164.6626946662614
Namibia,2025-10-01,3169.483819993344
Namibia,2025-11-01,3172.697903544464
Namibia,2025-12-01,3174.3049453199446
Niger,2015-01-01,1865.3909426179955
Niger,2015-02-01,1866.4882346985662
Niger,2015-03-01,1868.682818859818
Niger,2015-04-01,1871.9746951019688
Niger,2015-05-01,1876.3638634253475
Niger,2015-06-01,1881.8503238303945
Niger,2015-07-01,1888.4340763176579
Niger,2015-08-01,1896.1151208877964
Niger,2015-09-01,1904.8934575415776
Niger,2015-10-01,1914.7690862798797
Niger,2015-11-01,1925.7420071036904
Niger,2015-12-01,1937.8122200141067
Niger,2016-01-01,1950.9797250123358
Niger,2016-02-01,1963.968450230207
Niger,2016-03-01,1976.7783956690212
Niger,2016-04-01,1989.409561330055
Niger,2016-05-01,2001.8619472145745
Niger,2016-06-01,2014.1355533238243
Niger,2016-07-01,2026.2303796590318
Niger,2016-08-01,2038.1464262214063
Niger,2016-09-01,2049.8836930121392
Niger,2016-10-01,2061.442180032405
Niger,2016-11-01,2072.821887283359
Niger,2016-12-01,2084.0228147661396
Niger,2017-01-01,2095.044962481866
Niger,2017-02-01,2106.1689574294865
Niger,2017-03-01,2117.394799610115
Niger,2017-04-01,2128.7224890248717
Niger,2017-05-01,2140.15202567489
Niger,2017-06-01,2151.6834095613126
Niger,2017-07-01,2163.3166406852924
Niger,2017-08-01,2175.0517190479927
Niger,2017-09-01,2186.888644650587
Niger,2017-10-01,2198.827417494259
Niger,2017-11-01,2210.868037580203
Niger,2017-12-01,2223.0105049096223
Niger,2018-01-01,2235.254819483732
Niger,2018-02-01,2249.6584251312383
Niger,2018-03-01,2266.2213218535817
Niger,2018-04-01,2284.9435096524185
Niger,2018-05-01,2305.824988529622
Niger,2018-06-01,2328.8657584872785
Niger,2018-07-01,2354.0658195276937
Niger,2018-08-01,2381.425171653387
Niger,2018-09-01,2410.943814867095
Niger,2018-10-01,2442.6217491717694
Niger,2018-11-01,2476.458974570577
Niger,2018-12-01,2512.455491066902
Niger,2019-01-01,2550.6112986643448
Niger,2019-02-01,2587.0506698305007
Niger,2019-03-01,2621.7736045690153
Niger,2019-04-01,2654.7801028833596
Niger,2019-05-01,2686.070164776832
Niger,2019-06-01,2715.6437902525645
Niger,2019-07-01,2743.500979313513
Niger,2019-08-01,2769.6417319624647
Niger,2019-09-01,2794.0660482020326
Niger,2019-10-01,2816.7739280346586
Niger,2019-11-01,2837.7653714626144
Niger,2019-12-01,2857.040378487999
Niger,2020-01-01,2874.598949112739
Niger,2020-02-01,2891.619103395441
Niger,2020-03-01,2908.1008413378045
Niger,2020-04-01,2924.044162941487
Niger,2020-05-01,2939.449068208074
Niger,2020-06-01,2954.3155571391085
Niger,2020-07-01,2968.643629736077
Niger,2020-08-01,2982.433286000412
Niger,2020-09-01,2995.6845259334923
Niger,2020-10-01,3008.397349536643
Niger,2020-11-01,3020.571756811136
Niger,2020-12-01,3032.207747758188
Niger,2021-01-01,3043.305322378963
Niger,2021-02-01,3059.9909201442165
Niger,2021-03-01,3082.2645410556124
Niger,2021-04-01,3110.126185115386
Niger,2021-05-01,3143.5758523263203
Niger,2021-06-01,3182.6135426917594
Niger,2021-07-01,3227.2392562156074
Niger,2021-08-01,3277.4529929023274
Niger,2021-09-01,3333.2547527569395
Niger,2021-10-01,3394.6445357850243
Niger,2021-11-01,3461.6223419927205
Niger,2021-12-01,3534.188171386727
Niger,2022-01-01,3612.342023974299
Niger,2022-02-01,3683.6542631497036
Niger,2022-03-01,3748.1248889200733
Niger,2022-04-01,3805.7539012918505
Niger,2022-05-01,3856.5413002708037
Niger,2022-06-01,3900.487085862006
Niger,2022-07-01,3937.591258069854
Niger,2022-08-01,3967.8538168980585
Niger,2022-09-01,3991.2747623496452
Niger,2022-10-01,4007.854094426956
Niger,2022-11-01,4017.5918131316507
Niger,2022-12-01,4020.4879184647025
Niger,2023-01-01,4016.5424104264
Niger,2023-02-01,4017.7724360647503
Niger,2023-03-01,4024.177995379871
Niger,2023-04-01,4035.759088372419
Niger,2023-05-01,4052.5157150435375
Niger,2023-06-01,4074.447875394905
Niger,2023-07-01,4101.555569428716
Niger,2023-08-01,4133.838797147681
Niger,2023-09-01,4171.29755855503
Niger,2023-10-01,4213.931853654506
Niger,2023-11-01,4261.741682450375
Niger,2023-12-01,4314.727044947418
Niger,2024-01-01,4372.887941150932
Niger,2024-02-01,4429.469517791391
Niger,2024-03-01,4484.471774874442
Niger,2024-04-01,4537.8947124056
Niger,2024-05-01,4589.7383303902025
Niger,2024-06-01,4640.002628833434
Niger,2024-07-01,4688.6876077403185
Niger,2024-08-01,4735.793267115727
Niger,2024-09-01,4781.319606964372
Niger,2024-10-01,4825.266627290804
Niger,2024-11-01,4867.634328099419
Niger,2024-12-01,4908.422709394454
Niger,2025-01-01,4947.631771179986
Niger,2025-02-01,4983.573411136279
Niger,2025-03-01,5016.247629266929
Niger,2025-04-01,5045.654425575203
Niger,2025-05-01,5071.793800064038
Niger,2025-06-01,5094.665752736049
Niger,2025-07-01,5114.270283593526
Niger,2025-08-01,5130.607392638428
Niger,2025-09-01,5143.677079872388
Niger,2025-10-01,5153.479345296714
Niger,2025-11-01,5160.014188912387
Niger,2025-12-01,5163.281610720061
Nigeria,2015-01-01,115600.12454467028
Nigeria,2015-02-01,115584.37615379867
Nigeria,2015-03-01,115552.8793720537
Nigeria,2015-04-01,115505.63419943264
Nigeria,2015-05-01,115442.64063593044
Nigeria,2015-06-01,115363.89868154096
Nigeria,2015-07-01,115269.40833625621
Nigeria,2015-08-01,115159.16960006677
Nigeria,2015-09-01,115033.18247296165
Nigeria,2015-10-01,114891.44695492822
Nigeria,2015-11-01,114733.96304595235
Nigeria,2015-12-01,114560.73074601823
Nigeria,2016-01-01,114371.75005510858
Nigeria,2016-02-01,114229.1996592566
Nigeria,2016-03-01,114133.07955844802
Nigeria,2016-04-01,114083.3897526732
Nigeria,2016-05-01,114080.1302419272
Nigeria,2016-06-01,114123.30102620974
Nigeria,2016-07-01,114212.90210552508
Nigeria,2016-08-01,114348.9334798822
Nigeria,2016-09-01,114531.3951492947
Nigeria,2016-10-01,114760.28711378083
Nigeria,2016-11-01,115035.60937336349
Nigeria,2016-12-01,115357.36192807023
Nigeria,2017-01-01,115725.54477793319
Nigeria,2017-02-01,116080.1598519718
Nigeria,2017-03-01,116421.20715022144
Nigeria,2017-04-01,116748.6866727165
Nigeria,2017-05-01,117062.59841948946
Nigeria,2017-06-01,117362.9423905718
Nigeria,2017-07-01,117649.71858599351
Nigeria,2017-08-01,117922.92700578325
Nigeria,2017-09-01,118182.56764996836
Nigeria,2017-10-01,118428.64051857482
Nigeria,2017-11-01,118661.14561162723
Nigeria,2017-12-01,118880.08292914883
Nigeria,2018-01-01,119085.4524711615
Nigeria,2018-02-01,119376.16064297057
Nigeria,2018-03-01,119752.20744460511
Nigeria,2018-04-01,120213.59287610288
Nigeria,2018-05-01,120760.31693750988
Nigeria,2018-06-01,121392.37962888075
Nigeria,2018-07-01,122109.78095027871
Nigeria,2018-08-01,122912.52090177551
Nigeria,2018-09-01,123800.5994834514
Nigeria,2018-10-01,124774.01669539521
Nigeria,2018-11-01,125832.77253770431
Nigeria,2018-12-01,126976.8670104845
Nigeria,2019-01-01,128206.30011385024
Nigeria,2019-02-01,129303.8814170214
Nigeria,2019-03-01,130269.61092010772
Nigeria,2019-04-01,131103.4886232057
Nigeria,2019-05-01,131805.51452639874
Nigeria,2019-06-01,132375.68862975706
Nigeria,2019-07-01,132814.0109333378
Nigeria,2019-08-01,133120.48143718467
Nigeria,2019-09-01,133295.10014132838
Nigeria,2019-10-01,133337.86704578635
Nigeria,2019-11-01,133248.78215056285
Nigeria,2019-12-01,133027.84545564902
Nigeria,2020-01-01,132675.05696102272
Nigeria,2020-02-01,132384.9149018954
Nigeria,2020-03-01,132157.41927823788
Nigeria,2020-04-01,131992.57009002758
Nigeria,2020-05-01,131890.36733724797
Nigeria,2020-06-01,131850.81101988882
Nigeria,2020-07-01,131873.90113794623
Nigeria,2020-08-01,131959.63769142248
Nigeria,2020-09-01,132108.02068032615
Nigeria,2020-10-01,132319.05010467206
Nigeria,2020-11-01,132592.72596448133
Nigeria,2020-12-01,132929.04825978132
Nigeria,2021-01-01,133328.01699060565
Nigeria,2021-02-01,133839.00224599804
Nigeria,2021-03-01,134462.0040260096
Nigeria,2021-04-01,135197.0223307026
Nigeria,2021-05-01,136044.05716015058
Nigeria,2021-06-01,137003.1085144382
Nigeria,2021-07-01,138074.1763936614
Nigeria,2021-08-01,139257.2607979272
Nigeria,2021-09-01,140552.36172735403
Nigeria,2021-10-01,141959.4791820713
Nigeria,2021-11-01,143478.61316221982
Nigeria,2021-12-01,145109.7636679514
Nigeria,2022-01-01,146852.9306994292
Nigeria,2022-02-01,148511.06069136274
Nigeria,2022-03-01,150084.1536439179
Nigeria,2022-04-01,151572.20955725168
Nigeria,2022-05-01,152975.22843151298
Nigeria,2022-06-01,154293.21026684216
Nigeria,2022-07-01,155526.15506337103
Nigeria,2022-08-01,156674.06282122288
Nigeria,2022-09-01,157736.9335405125
Nigeria,2022-10-01,158714.76722134618
Nigeria,2022-11-01,159607.56386382174
Nigeria,2022-12-01,160415.32346802848
Nigeria,2023-01-01,161138.04603404712
Nigeria,2023-02-01,161875.0824483164
Nigeria,2023-03-01,162626.43271091016
Nigeria,2023-04-01,163392.09682190334
Nigeria,2023-05-01,164172.07478137247
Nigeria,2023-06-01,164966.36658939568
Nigeria,2023-07-01,165774.9722460523
Nigeria,2023-08-01,166597.89175142327
Nigeria,2023-09-01,167435.12510559085
Nigeria,2023-10-01,168286.67230863878
Nigeria,2023-11-01,169152.53336065222
Nigeria,2023-12-01,170032.70826171775
Nigeria,2024-01-01,170927.19701192336
Nigeria,2024-02-01,171847.0095548391
Nigeria,2024-03-01,172792.14589055686
Nigeria,2024-04-01,173762.6060191713
Nigeria,2024-05-01,174758.3899407794
Nigeria,2024-06-01,175779.49765548078
Nigeria,2024-07-01,176825.92916337747
Nigeria,2024-08-01,177897.68446457415
Nigeria,2024-09-01,178994.76355917798
Nigeria,2024-10-01,180117.16644729872
Nigeria,2024-11-01,181264.8931290486
Nigeria,2024-12-01,182437.94360454244
Nigeria,2025-01-01,183636.31787389747
Nigeria,2025-02-01,184734.82762038513
Nigeria,2025-03-01,185733.47284411555
Nigeria,2025-04-01,186632.25354518797
Nigeria,2025-05-01,187431.16972369267
Nigeria,2025-06-01,188130.22137970955
Nigeria,2025-07-01,188729.40851330847
Nigeria,2025-08-01,189228.73112454935
Nigeria,2025-09-01,189628.1892134821
Nigeria,2025-10-01,189927.78278014672
Nigeria,2025-11-01,190127.51182457313
Nigeria,2025-12-01,190227.37634678136
Rwanda,2015-01-01,1740.735514820701
Rwanda,2015-02-01,1741.8844535850667
Rwanda,2015-03-01,1744.182331113915
Rwanda,2015-04-01,1747.6291474074706
Rwanda,2015-05-01,1752.2249024660814
Rwanda,2015-06-01,1757.9695962902072
Rwanda,2015-07-01,1764.863228880422
Rwanda,2015-08-01,1772.9058002374147
Rwanda,2015-09-01,1782.0973103619904
Rwanda,2015-10-01,1792.4377592550677
Rwanda,2015-11-01,1803.927146917681
Rwanda,2015-12-01,1816.5654733509791
Rwanda,2016-01-01,1830.352738556226
Rwanda,2016-02-01,1843.5223913097902
Rwanda,2016-03-01,1856.074431612988
Rwanda,2016-04-01,1868.008859467074
Rwanda,2016-05-01,1879.3256748732429
Rwanda,2016-06-01,1890.0248778326265
Rwanda,2016-07-01,1900.1064683462944
Rwanda,2016-08-01,1909.5704464152545
Rwanda,2016-09-01,1918.4168120404543
Rwanda,2016-10-01,1926.6455652227773
Rwanda,2016-11-01,1934.2567059630474
Rwanda,2016-12-01,1941.250234262025
Rwanda,2017-01-01,1947.6261501204096
Rwanda,2017-02-01,1954.7709534858623
Rwanda,2017-03-01,1962.6846443590962
Rwanda,2017-04-01,1971.367222740906
Rwanda,2017-05-01,1980.818688632157
Rwanda,2017-06-01,1991.0390420337944
Rwanda,2017-07-01,2002.0282829468406
Rwanda,2017-08-01,2013.7864113723942
Rwanda,2017-09-01,2026.3134273116316
Rwanda,2017-10-01,2039.6093307658052
Rwanda,2017-11-01,2053.6741217362446
Rwanda,2017-12-01,2068.5078002243563
Rwanda,2018-01-01,2084.1103662316236
Rwanda,2018-02-01,2101.4739353484674
Rwanda,2018-03-01,2120.598507576623
Rwanda,2018-04-01,2141.484082918005
Rwanda,2018-05-01,2164.1306613747
Rwanda,2018-06-01,2188.538242948974
Rwanda,2018-07-01,2214.7068276432674
Rwanda,2018-08-01,2242.636415460196
Rwanda,2018-09-01,2272.3270064025537
Rwanda,2018-10-01,2303.7786004733093
Rwanda,2018-11-01,2336.991197675608
Rwanda,2018-12-01,2371.9647980127706
Rwanda,2019-01-01,2408.6994014882957
Rwanda,2019-02-01,2440.251256783942
Rwanda,2019-03-01,2466.6203639028668
Rwanda,2019-04-01,2487.8067228477025
Rwanda,2019-05-01,2503.8103336205686
Rwanda,2019-06-01,2514.631196223069
Rwanda,2019-07-01,2520.269310656283
Rwanda,2019-08-01,2520.724676920775
Rwanda,2019-09-01,2515.997295016591
Rwanda,2019-10-01,2506.087164943258
Rwanda,2019-11-01,2490.9942866997853
Rwanda,2019-12-01,2470.718660284663
Rwanda,2020-01-01,2445.260285695864
Rwanda,2020-02-01,2427.460610447617
Rwanda,2020-03-01,2417.3196345381416
Rwanda,2020-04-01,2414.837357966427
Rwanda,2020-05-01,2420.013780732222
Rwanda,2020-06-01,2432.848902836044
Rwanda,2020-07-01,2453.3427242791768
Rwanda,2020-08-01,2481.49524506367
Rwanda,2020-09-01,2517.306465192339
Rwanda,2020-10-01,2560.7763846687644
Rwanda,2020-11-01,2611.9050034972934
Rwanda,2020-12-01,2670.6923216830387
Rwanda,2021-01-01,2737.13833923188
Rwanda,2021-02-01,2800.934370989705
Rwanda,2021-03-01,2862.080416962893
Rwanda,2021-04-01,2920.5764771575605
Rwanda,2021-05-01,2976.422551579555
Rwanda,2021-06-01,3029.618640234462
Rwanda,2021-07-01,3080.1647431275996
Rwanda,2021-08-01,3128.060860264023
Rwanda,2021-09-01,3173.306991648523
Rwanda,2021-10-01,3215.903137285623
Rwanda,2021-11-01,3255.8492971795827
Rwanda,2021-12-01,3293.1454713343974
Rwanda,2022-01-01,3327.7916597537965
Rwanda,2022-02-01,3362.5495591892022
Rwanda,2022-03-01,3397.4191696440907
Rwanda,2022-04-01,3432.4004911219486
Rwanda,2022-05-01,3467.493523626273
Rwanda,2022-06-01,3502.6982671605742
Rwanda,2022-07-01,3538.014721728371
Rwanda,2022-08-01,3573.4428873331963
Rwanda,2022-09-01,3608.9827639785935
Rwanda,2022-10-01,3644.6343516681163
Rwanda,2022-11-01,3680.39765040533
Rwanda,2022-12-01,3716.272660193811
Rwanda,2023-01-01,3752.259381037147
Rwanda,2023-02-01,3788.3522080797084
Rwanda,2023-03-01,3824.5511413250993
Rwanda,2023-04-01,3860.8561807769506
Rwanda,2023-05-01,3897.2673264388873
Rwanda,2023-06-01,3933.7845783145494
Rwanda,2023-07-01,3970.4079364075897
Rwanda,2023-08-01,4007.137400721671
Rwanda,2023-09-01,4043.972971260467
Rwanda,2023-10-01,4080.914648027661
Rwanda,2023-11-01,4117.9624310269455
Rwanda,2023-12-01,4155.116320262027
Rwanda,2024-01-01,4192.376315736622
Rwanda,2024-02-01,4230.211060389783
Rwanda,2024-03-01,4268.620554225295
Rwanda,2024-04-01,4307.604797247
Rwanda,2024-05-01,4347.163789458793
Rwanda,2024-06-01,4387.297530864631
Rwanda,2024-07-01,4428.006021468528
Rwanda,2024-08-01,4469.289261274555
Rwanda,2024-09-01,4511.147250286841
Rwanda,2024-10-01,4553.57998850957
Rwanda,2024-11-01,4596.587475946987
Rwanda,2024-12-01,4640.169712603393
Rwanda,2025-01-01,4684.326698483145
Rwanda,2025-02-01,4724.803935524069
Rwanda,2025-03-01,4761.6014237302015
Rwanda,2025-04-01,4794.71916310524
Rwanda,2025-05-01,4824.157153652492
Rwanda,2025-06-01,4849.915395374896
Rwanda,2025-07-01,4871.99388827503
Rwanda,2025-08-01,4890.392632355101
Rwanda,2025-09-01,4905.11162761695
Rwanda,2025-10-01,4916.1508740620475
Rwanda,2025-11-01,4923.5103716915
Rwanda,2025-12-01,4927.190120506042
Sao Tome and Principe,2015-01-01,51.92144437990843
Sao Tome and Principe,2015-02-01,51.95292383143986
Sao Tome and Principe,2015-03-01,52.01588273450593
Sao Tome and Principe,2015-04-01,52.11032108911284
Sao Tome and Principe,2015-05-01,52.23623889527009
Sao Tome and Principe,2015-06-01,52.39363615299024
Sao Tome and Principe,2015-07-01,52.58251286228904
Sao Tome and Principe,2015-08-01,52.80286902318539
Sao Tome and Principe,2015-09-01,53.054704635701306
Sao Tome and Principe,2015-10-01,53.338019699861974
Sao Tome and Principe,2015-11-01,53.652814215695734
Sao Tome and Principe,2015-12-01,53.99908818323407
Sao Tome and Principe,2016-01-01,54.37684160251161
Sao Tome and Principe,2016-02-01,54.73237194478025
Sao Tome and Principe,2016-03-01,55.065679210075515
Sao Tome and Principe,2016-04-01,55.37676339843077
Sao Tome and Principe,2016-05-01,55.66562450987712
Sao Tome and Principe,2016-06-01,55.93226254444344
Sao Tome and Principe,2016-07-01,56.176677502156394
Sao Tome and Principe,2016-08-01,56.39886938304042
Sao Tome and Principe,2016-09-01,56.59883818711774
Sao Tome and Principe,2016-10-01,56.776583914408356
Sao Tome and Principe,2016-11-01,56.93210656493005
Sao Tome and Principe,2016-12-01,57.06540613869837
Sao Tome and Principe,2017-01-01,57.176482635726636
Sao Tome and Principe,2017-02-01,57.34967194115565
Sao Tome and Principe,2017-03-01,57.584974055002746
Sao Tome and Principe,2017-04-01,57.88238897729144
Sao Tome and Principe,2017-05-01,58.24191670805144
Sao Tome and Principe,2017-06-01,58.663557247318735
Sao Tome and Principe,2017-07-01,59.14731059513546
Sao Tome and Principe,2017-08-01,59.693176751550006
Sao Tome and Principe,2017-09-01,60.301155716616954
Sao Tome and Principe,2017-10-01,60.971247490397104
Sao Tome and Principe,2017-11-01,61.70345207295746
Sao Tome and Principe,2017-12-01,62.49776946437127
Sao Tome and Principe,2018-01-01,63.354199664717925
Sao Tome and Principe,2018-02-01,64.25111613691266
Sao Tome and Principe,2018-03-01,65.18851888104514
Sao Tome and Principe,2018-04-01,66.16640789720911
Sao Tome and Principe,2018-05-01,67.18478318550238
Sao Tome and Principe,2018-06-01,68.24364474602677
Sao Tome and Principe,2018-07-01,69.34299257888819
Sao Tome and Principe,2018-08-01,70.48282668419655
Sao Tome and Principe,2018-09-01,71.66314706206585
Sao Tome and Principe,2018-10-01,72.88395371261412
Sao Tome and Principe,2018-11-01,74.14524663596343
Sao Tome and Principe,2018-12-01,75.44702583223992
Sao Tome and Principe,2019-01-01,76.78929130157377
Sao Tome and Principe,2019-02-01,78.07345252559594
Sao Tome and Principe,2019-03-01,79.2995095044349
Sao Tome and Principe,2019-04-01,80.46746223821312
Sao Tome and Principe,2019-05-01,81.57731072704748
Sao Tome and Principe,2019-06-01,82.62905497104896
Sao Tome and Principe,2019-07-01,83.62269497032274
Sao Tome and Principe,2019-08-01,84.55823072496814
Sao Tome and Principe,2019-09-01,85.43566223507875
Sao Tome and Principe,2019-10-01,86.25498950074231
Sao Tome and Principe,2019-11-01,87.01621252204075
Sao Tome and Principe,2019-12-01,87.71933129905017
Sao Tome and Principe,2020-01-01,88.36434583184091
Sao Tome and Principe,2020-02-01,89.06411208219706
Sao Tome and Principe,2020-03-01,89.8186300501884
Sao Tome and Principe,2020-04-01,90.62789973589065
Sao Tome and Principe,2020-05-01,91.49192113938469
Sao Tome and Principe,2020-06-01,92.41069426075687
Sao Tome and Principe,2020-07-01,93.38421910009912
Sao Tome and Principe,2020-08-01,94.41249565750879
Sao Tome and Principe,2020-09-01,95.49552393308866
Sao Tome and Principe,2020-10-01,96.63330392694706
Sao Tome and Principe,2020-11-01,97.82583563919779
Sao Tome and Principe,2020-12-01,99.07311906996007
Sao Tome and Principe,2021-01-01,100.37515421935866
Sao Tome and Principe,2021-02-01,101.6142468471876
Sao Tome and Principe,2021-03-01,102.790396953571
Sao Tome and Principe,2021-04-01,103.90360453862611
Sao Tome and Principe,2021-05-01,104.95386960246445
Sao Tome and Principe,2021-06-01,105.941192145191
Sao Tome and Principe,2021-07-01,106.86557216690449
Sao Tome and Principe,2021-08-01,107.7270096676974
Sao Tome and Principe,2021-09-01,108.52550464765582
Sao Tome and Principe,2021-10-01,109.26105710685962
Sao Tome and Principe,2021-11-01,109.93366704538236
Sao Tome and Principe,2021-12-01,110.54333446329133
Sao Tome and Principe,2022-01-01,111.09005936064747
Sao Tome and Principe,2022-02-01,111.62304307509467
Sao Tome and Principe,2022-03-01,112.14228560668599
Sao Tome and Principe,2022-04-01,112.64778695547382
Sao Tome and Principe,2022-05-01,113.13954712150836
Sao Tome and Principe,2022-06-01,113.61756610483891
Sao Tome and Principe,2022-07-01,114.08184390551325
Sao Tome and Principe,2022-08-01,114.53238052357781
Sao Tome and Principe,2022-09-01,114.96917595907766
Sao Tome and Principe,2022-10-01,115.39223021205649
Sao Tome and Principe,2022-11-01,115.80154328255664
Sao Tome and Principe,2022-12-01,116.19711517061901
Sao Tome and Principe,2023-01-01,116.57894587628314
Sao Tome and Principe,2023-02-01,116.94983480171504
Sao Tome and Principe,2023-03-01,117.30978194695192
Sao Tome and Principe,2023-04-01,117.65878731202945
Sao Tome and Principe,2023-05-01,117.99685089698282
Sao Tome and Principe,2023-06-01,118.32397270184566
Sao Tome and Principe,2023-07-01,118.64015272665077
Sao Tome and Principe,2023-08-01,118.94539097142972
Sao Tome and Principe,2023-09-01,119.23968743621307
Sao Tome and Principe,2023-10-01,119.52304212103026
Sao Tome and Principe,2023-11-01,119.7954550259096
Sao Tome and Principe,2023-12-01,120.05692615087837
Sao Tome and Principe,2024-01-01,120.30745549596269
Sao Tome and Principe,2024-02-01,120.60075811787135
Sao Tome and Principe,2024-03-01,120.93683401663344
Sao Tome and Principe,2024-04-01,121.31568319228305
Sao Tome and Principe,2024-05-01,121.7373056448578
Sao Tome and Principe,2024-06-01,122.20170137439983
Sao Tome and Principe,2024-07-01,122.70887038095562
Sao Tome and Principe,2024-08-01,123.2588126645759
Sao Tome and Principe,2024-09-01,123.85152822531565
Sao Tome and Principe,2024-10-01,124.48701706323412
Sao Tome and Principe,2024-11-01,125.16527917839494
Sao Tome and Principe,2024-12-01,125.8863145708659
Sao Tome and Principe,2025-01-01,126.65012324071911
Sao Tome and Principe,2025-02-01,127.35028118781614
Sao Tome and Principe,2025-03-01,127.9867884122272
Sao Tome and Principe,2025-04-01,128.55964491401568
Sao Tome and Principe,2025-05-01,129.0688506932389
Sao Tome and Principe,2025-06-01,129.51440574994777
Sao Tome and Principe,2025-07-01,129.89631008418692
Sao Tome and Principe,2025-08-01,130.2145636959945
Sao Tome and Principe,2025-09-01,130.4691665854024
Sao Tome and Principe,2025-10-01,130.660118752436
Sao Tome and Principe,2025-11-01,130.78742019711447
Sao Tome and Principe,2025-12-01,130.85107091945054
Senegal,2015-01-01,3505.361123167538
Senegal,2015-02-01,3507.370189259716
Senegal,2015-03-01,3511.3883214442753
Senegal,2015-04-01,3517.415519721609
Senegal,2015-05-01,3525.451784092328
Senegal,2015-06-01,3535.4971145572345
Senegal,2015-07-01,3547.551511117332
Senegal,2015-08-01,3561.6149737738265
Senegal,2015-09-01,3577.6875025281242
Senegal,2015-10-01,3595.769097381832
Senegal,2015-11-01,3615.859758336759
Senegal,2015-12-01,3637.9594853949134
Senegal,2016-01-01,3662.068278558506
Senegal,2016-02-01,3687.030231826168
Senegal,2016-03-01,3712.8453452003955
Senegal,2016-04-01,3739.5136186837713
Senegal,2016-05-01,3767.035052278961
Senegal,2016-06-01,3795.4096459887173
Senegal,2016-07-01,3824.6373998158774
Senegal,2016-08-01,3854.7183137633647
Senegal,2016-09-01,3885.6523878341864
Senegal,2016-10-01,3917.4396220314356
Senegal,2016-11-01,3950.0800163582926
Senegal,2016-12-01,3983.573570818021
Senegal,2017-01-01,4017.9202854139694
Senegal,2017-02-01,4050.762892872867
Senegal,2017-03-01,4082.101393198002
Senegal,2017-04-01,4111.935786392501
Senegal,2017-05-01,4140.266072459349
Senegal,2017-06-01,4167.09225140138
Senegal,2017-07-01,4192.414323221276
Senegal,2017-08-01,4216.23228792157
Senegal,2017-09-01,4238.546145504644
Senegal,2017-10-01,4259.355895972729
Senegal,2017-11-01,4278.661539327906
Senegal,2017-12-01,4296.463075572105
Senegal,2018-01-01,4312.760504707106
Senegal,2018-02-01,4332.434450758226
Senegal,2018-03-01,4355.48491372743
Senegal,2018-04-01,4381.911893617027
Senegal,2018-05-01,4411.715390429658
Senegal,2018-06-01,4444.8954041683055
Senegal,2018-07-01,4481.451934836286
Senegal,2018-08-01,4521.384982437253
Senegal,2018-09-01,4564.694546975202
Senegal,2018-10-01,4611.380628454464
Senegal,2018-11-01,4661.443226879707
Senegal,2018-12-01,4714.882342255938
Senegal,2019-01-01,4771.697974588501
Senegal,2019-02-01,4823.776090267122
Senegal,2019-03-01,4871.116689297003
Senegal,2019-04-01,4913.719771682891
Senegal,2019-05-01,4951.585337429035
Senegal,2019-06-01,4984.713386539225
Senegal,2019-07-01,5013.103919016774
Senegal,2019-08-01,5036.756934864521
Senegal,2019-09-01,5055.6724340848305
Senegal,2019-10-01,5069.850416679594
Senegal,2019-11-01,5079.29088265023
Senegal,2019-12-01,5083.993831997682
Senegal,2020-01-01,5083.95926472242
Senegal,2020-02-01,5090.642029911818
Senegal,2020-03-01,5104.042127566541
Senegal,2020-04-01,5124.1595576879345
Senegal,2020-05-01,5150.9943202780105
Senegal,2020-06-01,5184.54641533945
Senegal,2020-07-01,5224.81584287561
Senegal,2020-08-01,5271.802602890515
Senegal,2020-09-01,5325.506695388865
Senegal,2020-10-01,5385.928120376031
Senegal,2020-11-01,5453.066877858055
Senegal,2020-12-01,5526.92296784165
Senegal,2021-01-01,5607.496390334202
Senegal,2021-02-01,5685.946807907522
Senegal,2021-03-01,5762.274220569455
Senegal,2021-04-01,5836.478628327628
Senegal,2021-05-01,5908.560031189468
Senegal,2021-06-01,5978.518429162178
Senegal,2021-07-01,6046.353822252756
Senegal,2021-08-01,6112.066210467986
Senegal,2021-09-01,6175.655593814439
Senegal,2021-10-01,6237.121972298473
Senegal,2021-11-01,6296.465345926235
Senegal,2021-12-01,6353.685714703661
Senegal,2022-01-01,6408.783078636471
Senegal,2022-02-01,6462.703129685583
Senegal,2022-03-01,6515.445867856382
Senegal,2022-04-01,6567.011293154153
Senegal,2022-05-01,6617.399405584045
Senegal,2022-06-01,6666.6102051511
Senegal,2022-07-01,6714.643691860237
Senegal,2022-08-01,6761.499865716261
Senegal,2022-09-01,6807.17872672386
Senegal,2022-10-01,6851.680274887599
Senegal,2022-11-01,6895.00451021193
Senegal,2022-12-01,6937.1514327011855
Senegal,2023-01-01,6978.121042359578
Senegal,2023-02-01,7020.166555661873
Senegal,2023-03-01,7063.287972612283
Senegal,2023-04-01,7107.485293215097
Senegal,2023-05-01,7152.758517474752
Senegal,2023-06-01,7199.1076453957685
Senegal,2023-07-01,7246.532676982786
Senegal,2023-08-01,7295.033612240548
Senegal,2023-09-01,7344.610451173902
Senegal,2023-10-01,7395.263193787808
Senegal,2023-11-01,7446.99184008733
Senegal,2023-12-01,7499.796390077645
Senegal,2024-01-01,7553.6768437640285
Senegal,2024-02-01,7608.938007292772
Senegal,2024-03-01,7665.5798806694165
Senegal,2024-04-01,7723.6024638996005
Senegal,2024-05-01,7783.00575698914
Senegal,2024-06-01,7843.789759943975
Senegal,2024-07-01,7905.954472770178
Senegal,2024-08-01,7969.499895473971
Senegal,2024-09-01,8034.426028061708
Senegal,2024-10-01,8100.73287053988
Senegal,2024-11-01,8168.42042291512
Senegal,2024-12-01,8237.488685194196
Senegal,2025-01-01,8307.937657384013
Senegal,2025-02-01,8372.51588186659
Senegal,2025-03-01,8431.223358648358
Senegal,2025-04-01,8484.060087735243
Senegal,2025-05-01,8531.026069132507
Senegal,2025-06-01,8572.121302844833
Senegal,2025-07-01,8607.345788876335
Senegal,2025-08-01,8636.69952723054
Senegal,2025-09-01,8660.18251791038
Senegal,2025-10-01,8677.794760918207
Senegal,2025-11-01,8689.536256255777
Senegal,2025-12-01,8695.40700392427
Seychelles,2015-01-01,193.1420588095614
Seychelles,2015-02-01,193.38018836806813
Seychelles,2015-03-01,193.85644748510532
Seychelles,2015-04-01,194.57083616072063
Seychelles,2015-05-01,195.52335439498555
Seychelles,2015-06-01,196.71400218799542
Seychelles,2015-07-01,198.14277953986922
Seychelles,2015-08-01,199.80968645074978
Seychelles,2015-09-01,201.71472292080384
Seychelles,2015-10-01,203.85788895022188
Seychelles,2015-11-01,206.23918453921823
Seychelles,2015-12-01,208.858609688031
Seychelles,2016-01-01,211.71616439692224
Seychelles,2016-02-01,214.47287437083133
Seychelles,2016-03-01,217.128739610034
Seychelles,2016-04-01,219.68376011479594
Seychelles,2016-05-01,222.13793588537266
Seychelles,2016-06-01,224.49126692200946
Seychelles,2016-07-01,226.74375322494166
Seychelles,2016-08-01,228.8953947943945
Seychelles,2016-09-01,230.94619163058317
Seychelles,2016-10-01,232.89614373371273
Seychelles,2016-11-01,234.74525110397823
Seychelles,2016-12-01,236.4935137415645
Seychelles,2017-01-01,238.1409316466464
Seychelles,2017-02-01,239.6957085679784
Seychelles,2017-03-01,241.1578445057158
Seychelles,2017-04-01,242.527339460005
Seychelles,2017-05-01,243.80419343098308
Seychelles,2017-06-01,244.9884064187774
Seychelles,2017-07-01,246.0799784235065
Seychelles,2017-08-01,247.0789094452795
Seychelles,2017-09-01,247.98519948419633
Seychelles,2017-10-01,248.7988485403476
Seychelles,2017-11-01,249.5198566138147
Seychelles,2017-12-01,250.14822370466973
Seychelles,2018-01-01,250.68394981297547
Seychelles,2018-02-01,251.43533321138761
Seychelles,2018-03-01,252.40237389998157
Seychelles,2018-04-01,253.58507187885346
Seychelles,2018-05-01,254.98342714812182
Seychelles,2018-06-01,256.59743970792647
Seychelles,2018-07-01,258.4271095584288
Seychelles,2018-08-01,260.47243669981185
Seychelles,2018-09-01,262.73342113228006
Seychelles,2018-10-01,265.2100628560596
Seychelles,2018-11-01,267.9023618713981
Seychelles,2018-12-01,270.8103181785648
Seychelles,2019-01-01,273.9339317778505
Seychelles,2019-02-01,276.52361622987223
Seychelles,2019-03-01,278.5793715348893
Seychelles,2019-04-01,280.1011976931068
Seychelles,2019-05-01,281.0890947046769
Seychelles,2019-06-01,281.5430625696985
Seychelles,2019-07-01,281.46310128821716
Seychelles,2019-08-01,280.84921086022473
Seychelles,2019-09-01,279.70139128565984
Seychelles,2019-10-01,278.01964256440766
Seychelles,2019-11-01,275.8039646963001
Seychelles,2019-12-01,273.0543576811156
Seychelles,2020-01-01,269.7708215185791
Seychelles,2020-02-01,266.6177937290007
Seychelles,2020-03-01,263.5952743120649
Seychelles,2020-04-01,260.7032632674696
Seychelles,2020-05-01,257.94176059492565
Seychelles,2020-06-01,255.31076629415693
Seychelles,2020-07-01,252.8102803649003
Seychelles,2020-08-01,250.44030280690575
Seychelles,2020-09-01,248.20083361993622
Seychelles,2020-10-01,246.09187280376779
Seychelles,2020-11-01,244.1134203581896
Seychelles,2020-12-01,242.26547628300375
Seychelles,2021-01-01,240.54804057802545
Seychelles,2021-02-01,239.53878856180359
Seychelles,2021-03-01,239.23772023423754
Seychelles,2021-04-01,239.64483559529683
Seychelles,2021-05-01,240.76013464502216
Seychelles,2021-06-01,242.58361738352517
Seychelles,2021-07-01,245.1152838109881
Seychelles,2021-08-01,248.3551339276642
Seychelles,2021-09-01,252.3031677338774
Seychelles,2021-10-01,256.9593852300225
Seychelles,2021-11-01,262.32378641656516
Seychelles,2021-12-01,268.39637129404184
Seychelles,2022-01-01,275.1771398630597
Seychelles,2022-02-01,281.40865260824734
Seychelles,2022-03-01,287.09090953022735
Seychelles,2022-04-01,292.2239106295687
Seychelles,2022-05-01,296.8076559067844
Seychelles,2022-06-01,300.8421453623327
Seychelles,2022-07-01,304.3273789966172
Seychelles,2022-08-01,307.2633568099865
Seychelles,2022-09-01,309.6500788027341
Seychelles,2022-10-01,311.4875449750987
Seychelles,2022-11-01,312.7757553272641
Seychelles,2022-12-01,313.51470985935913
Seychelles,2023-01-01,313.7044085714577
Seychelles,2023-02-01,314.00841098773094
Seychelles,2023-03-01,314.4267171082095
Seychelles,2023-04-01,314.9593269329352
Seychelles,2023-05-01,315.60624046196114
Seychelles,2023-06-01,316.36745769535185
Seychelles,2023-07-01,317.2429786331835
Seychelles,2023-08-01,318.23280327554386
Seychelles,2023-09-01,319.3369316225318
Seychelles,2023-10-01,320.55536367425776
Seychelles,2023-11-01,321.8880994308436
Seychelles,2023-12-01,323.33513889242266
Seychelles,2024-01-01,324.89648205913954
Seychelles,2024-02-01,326.51910718751043
Seychelles,2024-03-01,328.2030142776973
Seychelles,2024-04-01,329.9482033298696
Seychelles,2024-05-01,331.7546743442008
Seychelles,2024-06-01,333.6224273208719
Seychelles,2024-07-01,335.55146226006957
Seychelles,2024-08-01,337.5417791619867
Seychelles,2024-09-01,339.5933780268225
Seychelles,2024-10-01,341.706258854782
Seychelles,2024-11-01,343.88042164607657
Seychelles,2024-12-01,346.1158664009236
Seychelles,2025-01-01,348.4125931195466
Seychelles,2025-02-01,350.517925944144
Seychelles,2025-03-01,352.43186487492596
Seychelles,2025-04-01,354.15440991208436
Seychelles,2025-05-01,355.68556105579154
Seychelles,2025-06-01,357.02531830620035
Seychelles,2025-07-01,358.1736816634447
Seychelles,2025-08-01,359.13065112763957
Seychelles,2025-09-01,359.89622669888064
Seychelles,2025-10-01,360.4704083772444
Seychelles,2025-11-01,360.8531961627883
Seychelles,2025-12-01,361.0445900555507
Sierra Leone,2015-01-01,1376.553752927296
Sierra Leone,2015-02-01,1377.246749322519
Sierra Leone,2015-03-01,1378.6327421130345
Sierra Leone,2015-04-01,1380.7117312989797
Sierra Leone,2015-05-01,1383.4837168805639
Sierra Leone,2015-06-01,1386.9486988580634
Sierra Leone,2015-07-01,1391.1066772318252
Sierra Leone,2015-08-01,1395.957652002265
Sierra Leone,2015-09-01,1401.5016231698678
Sierra Leone,2015-10-01,1407.7385907351882
Sierra Leone,2015-11-01,1414.66855469885
Sierra Leone,2015-12-01,1422.291515061546
Sierra Leone,2016-01-01,1430.6074718240388
Sierra Leone,2016-02-01,1438.743459137535
Sierra Leone,2016-03-01,1446.6994770028496
Sierra Leone,2016-04-01,1454.4755254207744
Sierra Leone,2016-05-01,1462.07160439209
Sierra Leone,2016-06-01,1469.4877139175553
Sierra Leone,2016-07-01,1476.7238539979114
Sierra Leone,2016-08-01,1483.7800246338825
Sierra Leone,2016-09-01,1490.6562258261742
Sierra Leone,2016-10-01,1497.352457575474
Sierra Leone,2016-11-01,1503.8687198824518
Sierra Leone,2016-12-01,1510.205012747759
Sierra Leone,2017-01-01,1516.361336172029
Sierra Leone,2017-02-01,1522.8218366359802
Sierra Leone,2017-03-01,1529.586514140258
Sierra Leone,2017-04-01,1536.6553686855375
Sierra Leone,2017-05-01,1544.0284002725275
Sierra Leone,2017-06-01,1551.705608901965
Sierra Leone,2017-07-01,1559.6869945746178
Sierra Leone,2017-08-01,1567.972557291284
Sierra Leone,2017-09-01,1576.562297052792
Sierra Leone,2017-10-01,1585.4562138600008
Sierra Leone,2017-11-01,1594.6543077137999
Sierra Leone,2017-12-01,1604.1565786151089
Sierra Leone,2018-01-01,1613.963026564878
Sierra Leone,2018-02-01,1623.5347119566773
Sierra Leone,2018-03-01,1632.8716347914642
Sierra Leone,2018-04-01,1641.9737950701722
Sierra Leone,2018-05-01,1650.8411927937116
Sierra Leone,2018-06-01,1659.473827962969
Sierra Leone,2018-07-01,1667.8717005788071
Sierra Leone,2018-08-01,1676.0348106420663
Sierra Leone,2018-09-01,1683.9631581535627
Sierra Leone,2018-10-01,1691.6567431140893
Sierra Leone,2018-11-01,1699.1155655244152
Sierra Leone,2018-12-01,1706.3396253852866
Sierra Leone,2019-01-01,1713.3289226974255
Sierra Leone,2019-02-01,1719.9214165036274
Sierra Leone,2019-03-01,1726.117106804549
Sierra Leone,2019-04-01,1731.915993600812
Sierra Leone,2019-05-01,1737.318076892996
Sierra Leone,2019-06-01,1742.3233566816423
Sierra Leone,2019-07-01,1746.931832967251
Sierra Leone,2019-08-01,1751.1435057502829
Sierra Leone,2019-09-01,1754.9583750311588
Sierra Leone,2019-10-01,1758.3764408102602
Sierra Leone,2019-11-01,1761.3977030879291
Sierra Leone,2019-12-01,1764.0221618644675
Sierra Leone,2020-01-01,1766.249817140138
Sierra Leone,2020-02-01,1769.0848923983708
Sierra Leone,2020-03-01,1772.5273876394517
Sierra Leone,2020-04-01,1776.5773028637211
Sierra Leone,2020-05-01,1781.2346380715856
Sierra Leone,2020-06-01,1786.4993932635114
Sierra Leone,2020-07-01,1792.3715684400247
Sierra Leone,2020-08-01,1798.8511636017129
Sierra Leone,2020-09-01,1805.9381787492239
Sierra Leone,2020-10-01,1813.632613883266
Sierra Leone,2020-11-01,1821.9344690046094
Sierra Leone,2020-12-01,1830.8437441140838
Sierra Leone,2021-01-01,1840.3604392125803
Sierra Leone,2021-02-01,1851.089420825665
Sierra Leone,2021-03-01,1863.0306889544097
Sierra Leone,2021-04-01,1876.18424360001
Sierra Leone,2021-05-01,1890.5500847637802
Sierra Leone,2021-06-01,1906.1282124471572
Sierra Leone,2021-07-01,1922.9186266516988
Sierra Leone,2021-08-01,1940.921327379084
Sierra Leone,2021-09-01,1960.136314631113
Sierra Leone,2021-10-01,1980.5635884097078
Sierra Leone,2021-11-01,2002.2031487169104
Sierra Leone,2021-12-01,2025.0549955548856
Sierra Leone,2022-01-01,2049.119128925918
Sierra Leone,2022-02-01,2072.6026537467346
Sierra Leone,2022-03-01,2095.505570019683
Sierra Leone,2022-04-01,2117.8278777470523
Sierra Leone,2022-05-01,2139.569576931074
Sierra Leone,2022-06-01,2160.7306675739255
Sierra Leone,2022-07-01,2181.31114967772
Sierra Leone,2022-08-01,2201.311023244517
Sierra Leone,2022-09-01,2220.7302882763165
Sierra Leone,2022-10-01,2239.5689447750606
Sierra Leone,2022-11-01,2257.826992742633
Sierra Leone,2022-12-01,2275.50443218086
Sierra Leone,2023-01-01,2292.6012630915084
Sierra Leone,2023-02-01,2309.2598578438224
Sierra Leone,2023-03-01,2325.4802164394678
Sierra Leone,2023-04-01,2341.262338880068
Sierra Leone,2023-05-01,2356.6062251671974
Sierra Leone,2023-06-01,2371.511875302393
Sierra Leone,2023-07-01,2385.9792892871455
Sierra Leone,2023-08-01,2400.0084671229006
Sierra Leone,2023-09-01,2413.599408811062
Sierra Leone,2023-10-01,2426.7521143529884
Sierra Leone,2023-11-01,2439.4665837499956
Sierra Leone,2023-12-01,2451.742817003355
Sierra Leone,2024-01-01,2463.580814114294
Sierra Leone,2024-02-01,2476.0168256930774
Sierra Leone,2024-03-01,2489.050851740948
Sierra Leone,2024-04-01,2502.682892259209
Sierra Leone,2024-05-01,2516.912947249226
Sierra Leone,2024-06-01,2531.7410167124203
Sierra Leone,2024-07-01,2547.1671006502747
Sierra Leone,2024-08-01,2563.191199064333
Sierra Leone,2024-09-01,2579.813311956197
Sierra Leone,2024-10-01,2597.033439327529
Sierra Leone,2024-11-01,2614.8515811800507
Sierra Leone,2024-12-01,2633.267737515545
Sierra Leone,2025-01-01,2652.281908335852
Sierra Leone,2025-02-01,2669.711564914453
Sierra Leone,2025-03-01,2685.55670725309
Sierra Leone,2025-04-01,2699.8173353533484
Sierra Leone,2025-05-01,2712.4934492166503
Sierra Leone,2025-06-01,2723.585048844268
Sierra Leone,2025-07-01,2733.092134237308
Sierra Leone,2025-08-01,2741.014705396722
Sierra Leone,2025-09-01,2747.3527623233026
Sierra Leone,2025-10-01,2752.106305017683
Sierra Leone,2025-11-01,2755.275333480339
Sierra Leone,2025-12-01,2756.8598477115884
Somalia,2015-01-01,1955.155622596711
Somalia,2015-02-01,1954.299173290142
Somalia,2015-03-01,1952.586274676919
Somalia,2015-04-01,1950.016926756869
Somalia,2015-05-01,1946.5911295297356
Somalia,2015-06-01,1942.3088829951769
Somalia,2015-07-01,1937.170187152764
Somalia,2015-08-01,1931.1750420019835
Somalia,2015-09-01,1924.3234475422362
Somalia,2015-10-01,1916.6154037728363
Somalia,2015-11-01,1908.0509106930133
Somalia,2015-12-01,1898.6299683019108
Somalia,2016-01-01,1888.352576598587
Somalia,2016-02-01,1882.1201819745916
Somalia,2016-03-01,1879.9327844293039
Somalia,2016-04-01,1881.790383962501
Somalia,2016-05-01,1887.6929805743716
Somalia,2016-06-01,1897.6405742655052
Somalia,2016-07-01,1911.6331650368954
Somalia,2016-08-01,1929.6707528899426
Somalia,2016-09-01,1951.75333782645
Somalia,2016-10-01,1977.8809198486258
Somalia,2016-11-01,2008.0534989590835
Somalia,2016-12-01,2042.2710751608397
Somalia,2017-01-01,2080.5336484573163
Somalia,2017-02-01,2112.8488295748416
Somalia,2017-03-01,2139.216618516648
Somalia,2017-04-01,2159.6370152853697
Somalia,2017-05-01,2174.11001988305
Somalia,2017-06-01,2182.6356323111368
Somalia,2017-07-01,2185.2138525704813
Somalia,2017-08-01,2181.844680661342
Somalia,2017-09-01,2172.528116583382
Somalia,2017-10-01,2157.264160335669
Somalia,2017-11-01,2136.0528119166775
Somalia,2017-12-01,2108.8940713242855
Somalia,2018-01-01,2075.7879385557776
Somalia,2018-02-01,2047.0542244255644
Somalia,2018-03-01,2022.6929289307748
Somalia,2018-04-01,2002.704052068968
Somalia,2018-05-01,1987.087593838148
Somalia,2018-06-01,1975.8435542367529
Somalia,2018-07-01,1968.9719332636578
Somalia,2018-08-01,1966.4727309181758
Somalia,2018-09-01,1968.345947200057
Somalia,2018-10-01,1974.5915821094886
Somalia,2018-11-01,1985.2096356470956
Somalia,2018-12-01,2000.2001078139394
Somalia,2019-01-01,2019.5629986115196
Somalia,2019-02-01,2036.4949016824828
Somalia,2019-03-01,2050.995817028521
Somalia,2019-04-01,2063.065744651085
Somalia,2019-05-01,2072.704684551383
Somalia,2019-06-01,2079.912636730379
Somalia,2019-07-01,2084.689601188793
Somalia,2019-08-01,2087.035577927103
Somalia,2019-09-01,2086.950566945544
Somalia,2019-10-01,2084.4345682441062
Somalia,2019-11-01,2079.487581822539
Somalia,2019-12-01,2072.109607680348
Somalia,2020-01-01,2062.300645816794
Somalia,2020-02-01,2052.894003144801
Somalia,2020-03-01,2043.8896796634265
Somalia,2020-04-01,2035.2876753717721
Somalia,2020-05-01,2027.087990268977
Somalia,2020-06-01,2019.2906243542218
Somalia,2020-07-01,2011.8955776267262
Somalia,2020-08-01,2004.9028500857514
Somalia,2020-09-01,1998.3124417305978
Somalia,2020-10-01,1992.124352560606
Somalia,2020-11-01,1986.3385825751577
Somalia,2020-12-01,1980.955131773674
Somalia,2021-01-01,1975.9740001556165
Somalia,2021-02-01,1973.3247695410785
Somalia,2021-03-01,1973.0074399297935
Somalia,2021-04-01,1975.0220113217315
Somalia,2021-05-01,1979.3684837170924
Somalia,2021-06-01,1986.046857116312
Somalia,2021-07-01,1995.0571315200573
Somalia,2021-08-01,2006.3993069292305
Somalia,2021-09-01,2020.0733833449654
Somalia,2021-10-01,2036.0793607686285
Somalia,2021-11-01,2054.417239201821
Somalia,2021-12-01,2075.0870186463767
Somalia,2022-01-01,2098.088699104363
Somalia,2022-02-01,2120.2782193942558
Somalia,2022-03-01,2141.655579518276
Somalia,2022-04-01,2162.220779478557
Somalia,2022-05-01,2181.9738192771565
Somalia,2022-06-01,2200.9146989160527
Somalia,2022-07-01,2219.0434183971365
Somalia,2022-08-01,2236.3599777222216
Somalia,2022-09-01,2252.86437689304
Somalia,2022-10-01,2268.5566159112427
Somalia,2022-11-01,2283.4366947783983
Somalia,2022-12-01,2297.5046134959957
Somalia,2023-01-01,2310.7603720654406
Somalia,2023-02-01,2323.998964779679
Somalia,2023-03-01,2337.2203916400326
Somalia,2023-04-01,2350.4246526478287
Somalia,2023-05-01,2363.6117478043843
Somalia,2023-06-01,2376.7816771110183
Somalia,2023-07-01,2389.9344405690463
Somalia,2023-08-01,2403.0700381797856
Somalia,2023-09-01,2416.188469944549
Somalia,2023-10-01,2429.2897358646483
Somalia,2023-11-01,2442.3738359413946
Somalia,2023-12-01,2455.440770176096
Somalia,2024-01-01,2468.490538570059
Somalia,2024-02-01,2481.6367460107863
Somalia,2024-03-01,2494.8793924995916
Somalia,2024-04-01,2508.2184780378
Somalia,2024-05-01,2521.654002626747
Somalia,2024-06-01,2535.185966267774
Somalia,2024-07-01,2548.814368962234
Somalia,2024-08-01,2562.5392107114913
Somalia,2024-09-01,2576.360491516918
Somalia,2024-10-01,2590.278211379896
Somalia,2024-11-01,2604.2923703018178
Somalia,2024-12-01,2618.4029682840846
Somalia,2025-01-01,2632.6100053281075
Somalia,2025-02-01,2645.6331226134694
Somalia,2025-03-01,2657.4723201414718
Somalia,2025-04-01,2668.127597913303
Somalia,2025-05-01,2677.5989559300237
Somalia,2025-06-01,2685.8863941925824
Somalia,2025-07-01,2692.9899127018066
Somalia,2025-08-01,2698.909511458409
Somalia,2025-09-01,2703.64519046298
Somalia,2025-10-01,2707.1969497159935
Somalia,2025-11-01,2709.5647892178054
Somalia,2025-12-01,2710.7487089686524
South Africa,2015-01-01,62947.37841200647
South Africa,2015-02-01,62952.085618080986
South Africa,2015-03-01,62961.500030230585
South Africa,2015-04-01,62975.621648456014
South Africa,2015-05-01,62994.45047275882
South Africa,2015-06-01,63017.98650314085
South Africa,2015-07-01,63046.22973960446
South Africa,2015-08-01,63079.18018215248
South Africa,2015-09-01,63116.837830788194
South Africa,2015-10-01,63159.202685515374
South Africa,2015-11-01,63206.274746338255
South Africa,2015-12-01,63258.05401326155
South Africa,2016-01-01,63314.54048629044
South Africa,2016-02-01,63390.184855021995
South Africa,2016-03-01,63484.98711946375
South Africa,2016-04-01,63598.94727962516
South Africa,2016-05-01,63732.065335517655
South Africa,2016-06-01,63884.34128715456
South Africa,2016-07-01,64055.7751345511
South Africa,2016-08-01,64246.366877724424
South Africa,2016-09-01,64456.1165166936
South Africa,2016-10-01,64685.02405147957
South Africa,2016-11-01,64933.089482105264
South Africa,2016-12-01,65200.31280859547
South Africa,2017-01-01,65486.6940309769
South Africa,2017-02-01,65727.88578525171
South Africa,2017-03-01,65923.88807144409
South Africa,2017-04-01,66074.7008895736
South Africa,2017-05-01,66180.32423965528
South Africa,2017-06-01,66240.75812169969
South Africa,2017-07-01,66256.00253571286
South Africa,2017-08-01,66226.05748169633
South Africa,2017-09-01,66150.92295964713
South Africa,2017-10-01,66030.5989695577
South Africa,2017-11-01,65865.08551141605
South Africa,2017-12-01,65654.3825852056
South Africa,2018-01-01,65398.49019090528
South Africa,2018-02-01,65193.07325838162
South Africa,2018-03-01,65038.13178761397
South Africa,2018-04-01,64933.66577858705
South Africa,2018-05-01,64879.67523129026
South Africa,2018-06-01,64876.16014571823
South Africa,2018-07-01,64923.12052187062
South Africa,2018-08-01,65020.55635975213
South Africa,2018-09-01,65168.467659372494
South Africa,2018-10-01,65366.85442074652
South Africa,2018-11-01,65615.71664389402
South Africa,2018-12-01,65915.05432883989
South Africa,2019-01-01,66264.86747561407
South Africa,2019-02-01,66537.46602675815
South Africa,2019-03-01,66732.84998229955
South Africa,2019-04-01,66851.01934225754
South Africa,2019-05-01,66891.97410664406
South Africa,2019-06-01,66855.71427546321
South Africa,2019-07-01,66742.23984871132
South Africa,2019-08-01,66551.55082637708
South Africa,2019-09-01,66283.6472084414
South Africa,2019-10-01,65938.52899487747
South Africa,2019-11-01,65516.19618565083
South Africa,2019-12-01,65016.64878071921
South Africa,2020-01-01,64439.88678003265
South Africa,2020-02-01,63975.637913882696
South Africa,2020-03-01,63623.90218222286
South Africa,2020-04-01,63384.67958501809
South Africa,2020-05-01,63257.9701222444
South Africa,2020-06-01,63243.77379388915
South Africa,2020-07-01,63342.09059995091
South Africa,2020-08-01,63552.9205404395
South Africa,2020-09-01,63876.26361537602
South Africa,2020-10-01,64312.11982479277
South Africa,2020-11-01,64860.48916873337
South Africa,2020-12-01,65521.371647252636
South Africa,2021-01-01,66294.76726041666
South Africa,2021-02-01,67050.31103338525
South Africa,2021-03-01,67788.00296623402
South Africa,2021-04-01,68507.84305903669
South Africa,2021-05-01,69209.83131186524
South Africa,2021-06-01,69893.96772478988
South Africa,2021-07-01,70560.25229787898
South Africa,2021-08-01,71208.68503119919
South Africa,2021-09-01,71839.26592481536
South Africa,2021-10-01,72451.99497879054
South Africa,2021-11-01,73046.87219318599
South Africa,2021-12-01,73623.89756806122
South Africa,2022-01-01,74183.07110347394
South Africa,2022-02-01,74716.9763206859
South Africa,2022-03-01,75225.61321975054
South Africa,2022-04-01,75708.98180071857
South Africa,2022-05-01,76167.08206363846
South Africa,2022-06-01,76599.91400855599
South Africa,2022-07-01,77007.47763551443
South Africa,2022-08-01,77389.77294455457
South Africa,2022-09-01,77746.79993571462
South Africa,2022-10-01,78078.5586090303
South Africa,2022-11-01,78385.04896453477
South Africa,2022-12-01,78666.27100225871
South Africa,2023-01-01,78922.22472223022
South Africa,2023-02-01,79169.93035901195
South Africa,2023-03-01,79409.38791262875
South Africa,2023-04-01,79640.59738310448
South Africa,2023-05-01,79863.55877046227
South Africa,2023-06-01,80078.27207472437
South Africa,2023-07-01,80284.7372959123
South Africa,2023-08-01,80482.95443404671
South Africa,2023-09-01,80672.92348914742
South Africa,2023-10-01,80854.64446123342
South Africa,2023-11-01,81028.1173503229
South Africa,2023-12-01,81193.34215643318
South Africa,2024-01-01,81350.31887958081
South Africa,2024-02-01,81521.90883732279
South Africa,2024-03-01,81708.11202967624
South Africa,2024-04-01,81908.92845665968
South Africa,2024-05-01,82124.35811829346
South Africa,2024-06-01,82354.40101459892
South Africa,2024-07-01,82599.05714559913
South Africa,2024-08-01,82858.32651131858
South Africa,2024-09-01,83132.20911178319
South Africa,2024-10-01,83420.70494702032
South Africa,2024-11-01,83723.81401705884
South Africa,2024-12-01,84041.5363219291
South Africa,2025-01-01,84373.87186166282
South Africa,2025-02-01,84678.51277296862
South Africa,2025-03-01,84955.45905587699
South Africa,2025-04-01,85204.71071041553
South Africa,2025-05-01,85426.26773660924
South Africa,2025-06-01,85620.13013448025
South Africa,2025-07-01,85786.29790404797
South Africa,2025-08-01,85924.77104532902
South Africa,2025-09-01,86035.54955833724
South Africa,2025-10-01,86118.63344308369
South Africa,2025-11-01,86174.02269957672
South Africa,2025-12-01,86201.71732782185
South Sudan,2015-01-01,367.98522083326867
South Sudan,2015-02-01,367.6925214992001
South Sudan,2015-03-01,367.10712283103385
South Sudan,2015-04-01,366.22902482871126
South Sudan,2015-05-01,365.05822749214434
South Sudan,2015-06-01,363.59473082121616
South Sudan,2015-07-01,361.8385348157804
South Sudan,2015-08-01,359.7896394756613
South Sudan,2015-09-01,357.4480448006541
South Sudan,2015-10-01,354.8137507905245
South Sudan,2015-11-01,351.88675744500927
South Sudan,2015-12-01,348.6670647638155
South Sudan,2016-01-01,345.15467274662143
South Sudan,2016-02-01,341.22845344503565
South Sudan,2016-03-01,336.88840685866546
South Sudan,2016-04-01,332.134532987077
South Sudan,2016-05-01,326.96683182979467
South Sudan,2016-06-01,321.3853033863019
South Sudan,2016-07-01,315.3899476560406
South Sudan,2016-08-01,308.98076463841096
South Sudan,2016-09-01,302.15775433277224
South Sudan,2016-10-01,294.92091673844203
South Sudan,2016-11-01,287.2702518546968
South Sudan,2016-12-01,279.20575968077145
South Sudan,2017-01-01,270.7274402158595
South Sudan,2017-02-01,265.5596886226403
South Sudan,2017-03-01,263.70250490059624
South Sudan,2017-04-01,265.155889049543
South Sudan,2017-05-01,269.9198410696254
South Sudan,2017-06-01,277.9943609613198
South Sudan,2017-07-01,289.3794487254336
South Sudan,2017-08-01,304.0751043631054
South Sudan,2017-09-01,322.08132787580485
South Sudan,2017-10-01,343.3981192653324
South Sudan,2017-11-01,368.02547853381986
South Sudan,2017-12-01,395.96340568372995
South Sudan,2018-01-01,427.2119007178564
South Sudan,2018-02-01,456.4478979838602
South Sudan,2018-03-01,483.67139748466536
South Sudan,2018-04-01,508.8823992229943
South Sudan,2018-05-01,532.0809032013673
South Sudan,2018-06-01,553.2669094221046
South Sudan,2018-07-01,572.4404178873245
South Sudan,2018-08-01,589.6014285989447
South Sudan,2018-09-01,604.7499415586811
South Sudan,2018-10-01,617.8859567680488
South Sudan,2018-11-01,629.0094742283611
South Sudan,2018-12-01,638.1204939407305
South Sudan,2019-01-01,645.2190159060681
South Sudan,2019-02-01,650.869204127922
South Sudan,2019-03-01,655.0710586068583
South Sudan,2019-04-01,657.8245793432944
South Sudan,2019-05-01,659.1297663375078
South Sudan,2019-06-01,658.9866195896287
South Sudan,2019-07-01,657.3951390996427
South Sudan,2019-08-01,654.3553248673907
South Sudan,2019-09-01,649.8671768925684
South Sudan,2019-10-01,643.9306951747271
South Sudan,2019-11-01,636.5458797132734
South Sudan,2019-12-01,627.7127305074686
South Sudan,2020-01-01,617.4312475564293
South Sudan,2020-02-01,613.7631710203016
South Sudan,2020-03-01,616.7085008987195
South Sudan,2020-04-01,626.2672371919765
South Sudan,2020-05-01,642.4393799010282
South Sudan,2020-06-01,665.2249290274924
South Sudan,2020-07-01,694.6238845736475
South Sudan,2020-08-01,730.6362465424334
South Sudan,2020-09-01,773.2620149374513
South Sudan,2020-10-01,822.5011897629638
South Sudan,2020-11-01,878.3537710238949
South Sudan,2020-12-01,940.8197587258298
South Sudan,2021-01-01,1009.8991528750153
South Sudan,2021-02-01,1071.3632680200815
South Sudan,2021-03-01,1125.2121041671753
South Sudan,2021-04-01,1171.4456613216807
South Sudan,2021-05-01,1210.0639394882214
South Sudan,2021-06-01,1241.0669386706593
South Sudan,2021-07-01,1264.4546588720941
South Sudan,2021-08-01,1280.2271000948656
South Sudan,2021-09-01,1288.38426234055
South Sudan,2021-10-01,1288.9261456099637
South Sudan,2021-11-01,1281.8527499031604
South Sudan,2021-12-01,1267.1640752194332
South Sudan,2022-01-01,1244.8601215573133
South Sudan,2022-02-01,1226.9607883776875
South Sudan,2022-03-01,1213.4660756787655
South Sudan,2022-04-01,1204.3759834591976
South Sudan,2022-05-01,1199.6905117180763
South Sudan,2022-06-01,1199.4096604549316
South Sudan,2022-07-01,1203.5334296697356
South Sudan,2022-08-01,1212.0618193629011
South Sudan,2022-09-01,1224.9948295352813
South Sudan,2022-10-01,1242.3324601881686
South Sudan,2022-11-01,1264.0747113232976
South Sudan,2022-12-01,1290.2215829428424
South Sudan,2023-01-01,1320.7730750494175
South Sudan,2023-02-01,1343.8428769965242
South Sudan,2023-03-01,1359.43098878647
South Sudan,2023-04-01,1367.5374104208129
South Sudan,2023-05-01,1368.1621419003627
South Sudan,2023-06-01,1361.3051832251836
South Sudan,2023-07-01,1346.9665343945894
South Sudan,2023-08-01,1325.1461954071463
South Sudan,2023-09-01,1295.844166260672
South Sudan,2023-10-01,1259.0604469522366
South Sudan,2023-11-01,1214.7950374781615
South Sudan,2023-12-01,1163.0479378340208
South Sudan,2024-01-01,1103.8191480146393
South Sudan,2024-02-01,1053.5644833521808
South Sudan,2024-03-01,1012.2839438416215
South Sudan,2024-04-01,979.9775294788299
South Sudan,2024-05-01,956.6452402605761
South Sudan,2024-06-01,942.2870761845277
South Sudan,2024-07-01,936.903037249249
South Sudan,2024-08-01,940.4931234542019
South Sudan,2024-09-01,953.0573347997448
South Sudan,2024-10-01,974.5956712871346
South Sudan,2024-11-01,1005.1081329185249
South Sudan,2024-12-01,1044.594719696967
South Sudan,2025-01-01,1093.0554316264097
South Sudan,2025-02-01,1137.4777508780369
South Sudan,2025-03-01,1177.8616774562925
South Sudan,2025-04-01,1214.2072113652127
South Sudan,2025-05-01,1246.5143526084319
South Sudan,2025-06-01,1274.7831011891817
South Sudan,2025-07-01,1299.0134571102885
South Sudan,2025-08-01,1319.2054203741754
South Sudan,2025-09-01,1335.3589909828622
South Sudan,2025-10-01,1347.4741689379634
South Sudan,2025-11-01,1355.5509542406915
South Sudan,2025-12-01,1359.5893468918537
Sudan,2015-01-01,14069.69947783377
Sudan,2015-02-01,14078.265252083966
Sudan,2015-03-01,14095.396800585217
Sudan,2015-04-01,14121.094123339226
Sudan,2015-05-01,14155.357220348571
Sudan,2015-06-01,14198.186091616682
Sudan,2015-07-01,14249.580737147837
Sudan,2015-08-01,14309.541156947173
Sudan,2015-09-01,14378.067351020685
Sudan,2015-10-01,14455.159319375229
Sudan,2015-11-01,14540.817062018512
Sudan,2015-12-01,14635.040578959104
Sudan,2016-01-01,14737.829870206426
Sudan,2016-02-01,14831.537587150642
Sudan,2016-03-01,14916.163729801134
Sudan,2016-04-01,14991.708298166353
Sudan,2016-05-01,15058.171292253854
Sudan,2016-06-01,15115.552712070286
Sudan,2016-07-01,15163.852557621383
Sudan,2016-08-01,15203.070828911976
Sudan,2016-09-01,15233.207525945985
Sudan,2016-10-01,15254.262648726426
Sudan,2016-11-01,15266.236197255406
Sudan,2016-12-01,15269.128171534123
Sudan,2017-01-01,15262.938571562861
Sudan,2017-02-01,15267.068016234956
Sudan,2017-03-01,15281.516505550824
Sudan,2017-04-01,15306.284039511898
Sudan,2017-05-01,15341.370618120667
Sudan,2017-06-01,15386.776241380629
Sudan,2017-07-01,15442.50090929633
Sudan,2017-08-01,15508.544621873338
Sudan,2017-09-01,15584.907379118264
Sudan,2017-10-01,15671.58918103874
Sudan,2017-11-01,15768.590027643439
Sudan,2017-12-01,15875.909918942056
Sudan,2018-01-01,15993.548854945326
Sudan,2018-02-01,16085.358115605168
Sudan,2018-03-01,16151.337700930746
Sudan,2018-04-01,16191.487610928685
Sudan,2018-05-01,16205.807845602993
Sudan,2018-06-01,16194.298404955094
Sudan,2018-07-01,16156.959288983844
Sudan,2018-08-01,16093.79049768551
Sudan,2018-09-01,16004.79203105377
Sudan,2018-10-01,15889.963889079732
Sudan,2018-11-01,15749.306071751907
Sudan,2018-12-01,15582.818579056231
Sudan,2019-01-01,15390.501410976052
Sudan,2019-02-01,15238.7238354643
Sudan,2019-03-01,15127.485852505788
Sudan,2019-04-01,15056.787462089404
Sudan,2019-05-01,15026.628664208058
Sudan,2019-06-01,15037.009458858749
Sudan,2019-07-01,15087.929846042516
Sudan,2019-08-01,15179.389825764449
Sudan,2019-09-01,15311.389398033692
Sudan,2019-10-01,15483.928562863446
Sudan,2019-11-01,15697.007320270968
Sudan,2019-12-01,15950.62567027756
Sudan,2020-01-01,16244.783612908588
Sudan,2020-02-01,16480.11585257277
Sudan,2020-03-01,16656.622389293618
Sudan,2020-04-01,16774.303223088817
Sudan,2020-05-01,16833.15835397013
Sudan,2020-06-01,16833.187781943434
Sudan,2020-07-01,16774.39150700873
Sudan,2020-08-01,16656.769529160145
Sudan,2020-09-01,16480.321848385913
Sudan,2020-10-01,16245.048464668385
Sudan,2020-11-01,15950.949377984041
Sudan,2020-12-01,15598.024588303468
Sudan,2021-01-01,15186.274095591374
Sudan,2021-02-01,14830.605433019573
Sudan,2021-03-01,14531.018600552488
Sudan,2021-04-01,14287.513598160182
Sudan,2021-05-01,14100.090425818282
Sudan,2021-06-01,13968.749083508057
Sudan,2021-07-01,13893.48957121637
Sudan,2021-08-01,13874.311888935701
Sudan,2021-09-01,13911.216036664124
Sudan,2021-10-01,14004.202014405333
Sudan,2021-11-01,14153.269822168624
Sudan,2021-12-01,14358.419459968905
Sudan,2022-01-01,14619.650927826695
Sudan,2022-02-01,14831.965058846386
Sudan,2022-03-01,14995.361853049224
Sudan,2022-04-01,15109.841310451504
Sudan,2022-05-01,15175.403431064702
Sudan,2022-06-01,15192.048214895369
Sudan,2022-07-01,15159.775661945176
Sudan,2022-08-01,15078.585772210889
Sudan,2022-09-01,14948.478545684395
Sudan,2022-10-01,14769.453982352683
Sudan,2022-11-01,14541.51208219785
Sudan,2022-12-01,14264.652845197104
Sudan,2023-01-01,13938.876271322757
Sudan,2023-02-01,13616.857232078328
Sudan,2023-03-01,13298.595727431628
Sudan,2023-04-01,12984.091757350816
Sudan,2023-05-01,12673.345321804452
Sudan,2023-06-01,12366.356420761453
Sudan,2023-07-01,12063.125054191121
Sudan,2023-08-01,11763.651222063134
Sudan,2023-09-01,11467.934924347544
Sudan,2023-10-01,11175.97616101478
Sudan,2023-11-01,10887.774932035647
Sudan,2023-12-01,10603.331237381326
Sudan,2024-01-01,10322.645077023371
Sudan,2024-02-01,10076.858146609455
Sudan,2024-03-01,9865.970446114985
Sudan,2024-04-01,9689.981975518898
Sudan,2024-05-01,9548.892734803587
Sudan,2024-06-01,9442.702723954937
Sudan,2024-07-01,9371.411942962328
Sudan,2024-08-01,9335.020391818636
Sudan,2024-09-01,9333.528070520219
Sudan,2024-10-01,9366.93497906693
Sudan,2024-11-01,9435.241117462107
Sudan,2024-12-01,9538.446485712586
Sudan,2025-01-01,9676.551083828685
Sudan,2025-02-01,9803.146965386579
Sudan,2025-03-01,9918.234130398921
Sudan,2025-04-01,10021.81257887725
Sudan,2025-05-01,10113.882310831892
Sudan,2025-06-01,10194.443326272063
Sudan,2025-07-01,10263.495625205818
Sudan,2025-08-01,10321.039207640064
Sudan,2025-09-01,10367.074073580552
Sudan,2025-10-01,10401.600223031892
Sudan,2025-11-01,10424.617655997532
Sudan,2025-12-01,10436.126372479777
Tanzania,2015-01-01,9472.584224459939
Tanzania,2015-02-01,9478.827748558677
Tanzania,2015-03-01,9491.314796756771
Tanzania,2015-04-01,9510.045369055477
Tanzania,2015-05-01,9535.019465456666
Tanzania,2015-06-01,9566.237085962839
Tanzania,2015-07-01,9603.698230577116
Tanzania,2015-08-01,9647.40289930324
Tanzania,2015-09-01,9697.351092145587
Tanzania,2015-10-01,9753.542809109147
Tanzania,2015-11-01,9815.978050199541
Tanzania,2015-12-01,9884.656815423012
Tanzania,2016-01-01,9959.579104786431
Tanzania,2016-02-01,10034.843409527317
Tanzania,2016-03-01,10110.44972965322
Tanzania,2016-04-01,10186.398065171667
Tanzania,2016-05-01,10262.68841609027
Tanzania,2016-06-01,10339.320782416653
Tanzania,2016-07-01,10416.295164158479
Tanzania,2016-08-01,10493.611561323441
Tanzania,2016-09-01,10571.269973919276
Tanzania,2016-10-01,10649.270401953747
Tanzania,2016-11-01,10727.612845434656
Tanzania,2016-12-01,10806.297304369838
Tanzania,2017-01-01,10885.32377876716
Tanzania,2017-02-01,10962.525382135103
Tanzania,2017-03-01,11037.902114481372
Tanzania,2017-04-01,11111.45397581353
Tanzania,2017-05-01,11183.180966138916
Tanzania,2017-06-01,11253.083085464705
Tanzania,2017-07-01,11321.160333797889
Tanzania,2017-08-01,11387.412711145274
Tanzania,2017-09-01,11451.840217513489
Tanzania,2017-10-01,11514.442852908975
Tanzania,2017-11-01,11575.220617337993
Tanzania,2017-12-01,11634.173510806617
Tanzania,2018-01-01,11691.301533320744
Tanzania,2018-02-01,11755.34583896325
Tanzania,2018-03-01,11826.306427740546
Tanzania,2018-04-01,11904.183299659699
Tanzania,2018-05-01,11988.976454728514
Tanzania,2018-06-01,12080.685892955471
Tanzania,2018-07-01,12179.311614349746
Tanzania,2018-08-01,12284.853618921199
Tanzania,2018-09-01,12397.311906680385
Tanzania,2018-10-01,12516.686477638548
Tanzania,2018-11-01,12642.977331807626
Tanzania,2018-12-01,12776.184469200249
Tanzania,2019-01-01,12916.307889829739
Tanzania,2019-02-01,13058.672785596575
Tanzania,2019-03-01,13203.279156515002
Tanzania,2019-04-01,13350.127002599464
Tanzania,2019-05-01,13499.21632386466
Tanzania,2019-06-01,13650.54712032549
Tanzania,2019-07-01,13804.119391997092
Tanzania,2019-08-01,13959.93313889482
Tanzania,2019-09-01,14117.988361034255
Tanzania,2019-10-01,14278.285058431202
Tanzania,2019-11-01,14440.823231101693
Tanzania,2019-12-01,14605.602879061982
Tanzania,2020-01-01,14772.624002328543
Tanzania,2020-02-01,14933.789165195214
Tanzania,2020-03-01,15089.098367678122
Tanzania,2020-04-01,15238.551609792787
Tanzania,2020-05-01,15382.148891554149
Tanzania,2020-06-01,15519.890212976576
Tanzania,2020-07-01,15651.775574073836
Tanzania,2020-08-01,15777.804974859122
Tanzania,2020-09-01,15897.978415345036
Tanzania,2020-10-01,16012.295895543593
Tanzania,2020-11-01,16120.757415466232
Tanzania,2020-12-01,16223.362975123793
Tanzania,2021-01-01,16320.112574526536
Tanzania,2021-02-01,16425.461790835612
Tanzania,2021-03-01,16539.410624061562
Tanzania,2021-04-01,16661.959074215767
Tanzania,2021-05-01,16793.107141310495
Tanzania,2021-06-01,16932.854825358856
Tanzania,2021-07-01,17081.202126374817
Tanzania,2021-08-01,17238.149044373222
Tanzania,2021-09-01,17403.695579369763
Tanzania,2021-10-01,17577.841731380995
Tanzania,2021-11-01,17760.587500424328
Tanzania,2021-12-01,17951.932886518043
Tanzania,2022-01-01,18151.87788968127
Tanzania,2022-02-01,18346.415935641464
Tanzania,2022-03-01,18535.54702441807
Tanzania,2022-04-01,18719.27115603004
Tanzania,2022-05-01,18897.588330495717
Tanzania,2022-06-01,19070.49854783293
Tanzania,2022-07-01,19238.001808058965
Tanzania,2022-08-01,19400.09811119058
Tanzania,2022-09-01,19556.78745724398
Tanzania,2022-10-01,19708.06984623484
Tanzania,2022-11-01,19853.94527817829
Tanzania,2022-12-01,19994.413753088917
Tanzania,2023-01-01,20129.475270980765
Tanzania,2023-02-01,20263.661708517106
Tanzania,2023-03-01,20396.973065711307
Tanzania,2023-04-01,20529.409342576793
Tanzania,2023-05-01,20660.970539126767
Tanzania,2023-06-01,20791.656655374383
Tanzania,2023-07-01,20921.46769133271
Tanzania,2023-08-01,21050.40364701473
Tanzania,2023-09-01,21178.464522433336
Tanzania,2023-10-01,21305.65031760134
Tanzania,2023-11-01,21431.961032531457
Tanzania,2023-12-01,21557.39666723632
Tanzania,2024-01-01,21681.957221728473
Tanzania,2024-02-01,21813.631527846213
Tanzania,2024-03-01,21952.419585602733
Tanzania,2024-04-01,22098.32139501187
Tanzania,2024-05-01,22251.33695608825
Tanzania,2024-06-01,22411.466268847144
Tanzania,2024-07-01,22578.709333304578
Tanzania,2024-08-01,22753.066149477272
Tanzania,2024-09-01,22934.536717382663
Tanzania,2024-10-01,23123.121037038905
Tanzania,2024-11-01,23318.819108464853
Tanzania,2024-12-01,23521.630931680083
Tanzania,2025-01-01,23731.556506704866
Tanzania,2025-02-01,23923.98828373715
Tanzania,2025-03-01,24098.926262796154
Tanzania,2025-04-01,24256.370443899443
Tanzania,2025-05-01,24396.320827062707
Tanzania,2025-06-01,24518.77741229994
Tanzania,2025-07-01,24623.740199623397
Tanzania,2025-08-01,24711.209189043577
Tanzania,2025-09-01,24781.18438056922
Tanzania,2025-10-01,24833.66577420733
Tanzania,2025-11-01,24868.653369963155
Tanzania,2025-12-01,24886.147167840194
Togo,2015-01-01,1162.7462913709096
Togo,2015-02-01,1163.4583251168542
Togo,2015-03-01,1164.8823926088144
Togo,2015-04-01,1167.0184938469324
Togo,2015-05-01,1169.866628831422
Togo,2015-06-01,1173.426797562569
Togo,2015-07-01,1177.6990000407286
Togo,2015-08-01,1182.6832362663279
Togo,2015-09-01,1188.3795062398656
Togo,2015-10-01,1194.787809961911
Togo,2015-11-01,1201.9081474331053
Togo,2015-12-01,1209.7405186541605
Togo,2016-01-01,1218.2849236258598
Togo,2016-02-01,1226.574902326876
Togo,2016-03-01,1234.610454758039
Togo,2016-04-01,1242.3915809201505
Togo,2016-05-01,1249.9182808139897
Togo,2016-06-01,1257.190554440309
Togo,2016-07-01,1264.2084017998357
Togo,2016-08-01,1270.9718228932716
Togo,2016-09-01,1277.480817721293
Togo,2016-10-01,1283.735386284551
Togo,2016-11-01,1289.7355285836709
Togo,2016-12-01,1295.4812446192527
Togo,2017-01-01,1300.972534391871
Togo,2017-02-01,1306.546226963555
Togo,2017-03-01,1312.202322334861
Togo,2017-04-01,1317.9408205063585
Togo,2017-05-01,1323.7617214786178
Togo,2017-06-01,1329.6650252522215
Togo,2017-07-01,1335.65073182776
Togo,2017-08-01,1341.7188412058317
Togo,2017-09-01,1347.8693533870437
Togo,2017-10-01,1354.102268372011
Togo,2017-11-01,1360.417586161357
Togo,2017-12-01,1366.8153067557128
Togo,2018-01-01,1373.2954301557183
Togo,2018-02-01,1380.3497124593734
Togo,2018-03-01,1387.9781536673809
Togo,2018-04-01,1396.1807537805075
Togo,2018-05-01,1404.9575127995713
Togo,2018-06-01,1414.3084307254505
Togo,2018-07-01,1424.2335075590804
Togo,2018-08-01,1434.7327433014534
Togo,2018-09-01,1445.8061379536198
Togo,2018-10-01,1457.4536915166866
Togo,2018-11-01,1469.6754039918185
Togo,2018-12-01,1482.4712753802378
Togo,2019-01-01,1495.8413056832242
Togo,2019-02-01,1508.8988600544174
Togo,2019-03-01,1521.6439384951236
Togo,2019-04-01,1534.0765410066158
Togo,2019-05-01,1546.1966675901378
Togo,2019-06-01,1558.0043182469024
Togo,2019-07-01,1569.49949297809
Togo,2019-08-01,1580.6821917848504
Togo,2019-09-01,1591.5524146683015
Togo,2019-10-01,1602.1101616295302
Togo,2019-11-01,1612.3554326695928
Togo,2019-12-01,1622.2882277895137
Togo,2020-01-01,1631.9085469902857
Togo,2020-02-01,1642.1733724513847
Togo,2020-03-01,1653.082704173836
Togo,2020-04-01,1664.6365421587311
Togo,2020-05-01,1676.8348864072266
Togo,2020-06-01,1689.6777369205413
Togo,2020-07-01,1703.16509369996
Togo,2020-08-01,1717.2969567468313
Togo,2020-09-01,1732.0733260625684
Togo,2020-10-01,1747.4942016486486
Togo,2020-11-01,1763.5595835066142
Togo,2020-12-01,1780.269471638072
Togo,2021-01-01,1797.6238660446927
Togo,2021-02-01,1815.4747070235503
Togo,2021-03-01,1833.8219945764306
Togo,2021-04-01,1852.6657287051667
Togo,2021-05-01,1872.0059094116439
Togo,2021-06-01,1891.8425366977951
Togo,2021-07-01,1912.1756105656048
Togo,2021-08-01,1933.0051310171057
Togo,2021-09-01,1954.3310980543813
Togo,2021-10-01,1976.1535116795637
Togo,2021-11-01,1998.4723718948355
Togo,2021-12-01,2021.287678702429
Togo,2022-01-01,2044.599432104625
Togo,2022-02-01,2067.3294531546353
Togo,2022-03-01,2089.4777418547346
Togo,2022-04-01,2111.0442982071318
Togo,2022-05-01,2132.0291222139876
Togo,2022-06-01,2152.4322138773996
Togo,2022-07-01,2172.2535731994085
Togo,2022-08-01,2191.493200181997
Togo,2022-09-01,2210.151094827089
Togo,2022-10-01,2228.2272571365497
Togo,2022-11-01,2245.7216871121873
Togo,2022-12-01,2262.634384755752
Togo,2023-01-01,2278.9653500689337
Togo,2023-02-01,2295.104155889909
Togo,2023-03-01,2311.0508022202953
Togo,2023-04-01,2326.805289061683
Togo,2023-05-01,2342.3676164156477
Togo,2023-06-01,2357.7377842837454
Togo,2023-07-01,2372.915792667515
Togo,2023-08-01,2387.9016415684728
Togo,2023-09-01,2402.695330988118
Togo,2023-10-01,2417.29686092793
Togo,2023-11-01,2431.7062313893693
Togo,2023-12-01,2445.9234423738767
Togo,2024-01-01,2459.9484938828737
Togo,2024-02-01,2474.570426315466
Togo,2024-03-01,2489.789239673116
Togo,2024-04-01,2505.6049339573465
Togo,2024-05-01,2522.017509169738
Togo,2024-06-01,2539.0269653119317
Togo,2024-07-01,2556.633302385628
Togo,2024-08-01,2574.8365203925887
Togo,2024-09-01,2593.636619334634
Togo,2024-10-01,2613.033599213644
Togo,2024-11-01,2633.0274600315583
Togo,2024-12-01,2653.618201790377
Togo,2025-01-01,2674.8058244921585
Togo,2025-02-01,2694.227811961346
Togo,2025-03-01,2711.884164199887
Togo,2025-04-01,2727.7748812095388
Togo,2025-05-01,2741.8999629918926
Togo,2025-06-01,2754.2594095483623
Togo,2025-07-01,2764.8532208801844
Togo,2025-08-01,2773.6813969884174
Togo,2025-09-01,2780.7439378739437
Togo,2025-10-01,2786.0408435374707
Togo,2025-11-01,2789.572113979528
Togo,2025-12-01,2791.3377492004684
Tunisia,2015-01-01,10281.319720840545
Tunisia,2015-02-01,10282.75793253933
Tunisia,2015-03-01,10285.634355937042
Tunisia,2015-04-01,10289.948991033974
Tunisia,2015-05-01,10295.701837830553
Tunisia,2015-06-01,10302.892896327356
Tunisia,2015-07-01,10311.5221665251
Tunisia,2015-08-01,10321.589648424648
Tunisia,2015-09-01,10333.095342027009
Tunisia,2015-10-01,10346.039247333332
Tunisia,2015-11-01,10360.421364344913
Tunisia,2015-12-01,10376.24169306319
Tunisia,2016-01-01,10393.500233489744
Tunisia,2016-02-01,10412.502575019727
Tunisia,2016-03-01,10433.248717655048
Tunisia,2016-04-01,10455.738661397752
Tunisia,2016-05-01,10479.972406250112
Tunisia,2016-06-01,10505.949952214552
Tunisia,2016-07-01,10533.671299293665
Tunisia,2016-08-01,10563.13644749022
Tunisia,2016-09-01,10594.34539680717
Tunisia,2016-10-01,10627.298147247633
Tunisia,2016-11-01,10661.994698814904
Tunisia,2016-12-01,10698.435051512455
Tunisia,2017-01-01,10736.619205343928
Tunisia,2017-02-01,10775.364028535803
Tunisia,2017-03-01,10814.669521091957
Tunisia,2017-04-01,10854.53568301633
Tunisia,2017-05-01,10894.962514312889
Tunisia,2017-06-01,10935.950014985683
Tunisia,2017-07-01,10977.49818503881
Tunisia,2017-08-01,11019.607024476425
Tunisia,2017-09-01,11062.27653330274
Tunisia,2017-10-01,11105.506711522019
Tunisia,2017-11-01,11149.29755913859
Tunisia,2017-12-01,11193.649076156828
Tunisia,2018-01-01,11238.561262581168
Tunisia,2018-02-01,11288.694643774637
Tunisia,2018-03-01,11344.049219742234
Tunisia,2018-04-01,11404.624990489507
Tunisia,2018-05-01,11470.421956022521
Tunisia,2018-06-01,11541.440116347845
Tunisia,2018-07-01,11617.679471472584
Tunisia,2018-08-01,11699.140021404364
Tunisia,2018-09-01,11785.82176615133
Tunisia,2018-10-01,11877.72470572215
Tunisia,2018-11-01,11974.848840126013
Tunisia,2018-12-01,12077.194169372633
Tunisia,2019-01-01,12184.760693472246
Tunisia,2019-02-01,12275.054770421424
Tunisia,2019-03-01,12348.076400229183
Tunisia,2019-04-01,12403.825582902831
Tunisia,2019-05-01,12442.302318447953
Tunisia,2019-06-01,12463.506606868394
Tunisia,2019-07-01,12467.438448166273
Tunisia,2019-08-01,12454.097842341986
Tunisia,2019-09-01,12423.484789394195
Tunisia,2019-10-01,12375.599289319838
Tunisia,2019-11-01,12310.44134211413
Tunisia,2019-12-01,12228.010947770556
Tunisia,2020-01-01,12128.308106280869
Tunisia,2020-02-01,12041.719435619392
Tunisia,2020-03-01,11968.24493577747
Tunisia,2020-04-01,11907.884606747748
Tunisia,2020-05-01,11860.638448524194
Tunisia,2020-06-01,11826.506461102083
Tunisia,2020-07-01,11805.488644478004
Tunisia,2020-08-01,11797.584998649854
Tunisia,2020-09-01,11802.795523616844
Tunisia,2020-10-01,11821.120219379492
Tunisia,2020-11-01,11852.559085939636
Tunisia,2020-12-01,11897.112123300414
Tunisia,2021-01-01,11954.779331466285
Tunisia,2021-02-01,12018.88943953529
Tunisia,2021-03-01,12089.44244751384
Tunisia,2021-04-01,12166.438355408985
Tunisia,2021-05-01,12249.877163228432
Tunisia,2021-06-01,12339.75887098052
Tunisia,2021-07-01,12436.083478674238
Tunisia,2021-08-01,12538.850986319221
Tunisia,2021-09-01,12648.061393925744
Tunisia,2021-10-01,12763.714701504725
Tunisia,2021-11-01,12885.810909067734
Tunisia,2021-12-01,13014.350016626979
Tunisia,2022-01-01,13149.332024195313
Tunisia,2022-02-01,13274.80667875598
Tunisia,2022-03-01,13390.773980321528
Tunisia,2022-04-01,13497.233928903546
Tunisia,2022-05-01,13594.186524512681
Tunisia,2022-06-01,13681.631767158628
Tunisia,2022-07-01,13759.569656850135
Tunisia,2022-08-01,13828.000193594995
Tunisia,2022-09-01,13886.923377400051
Tunisia,2022-10-01,13936.339208271194
Tunisia,2022-11-01,13976.247686213368
Tunisia,2022-12-01,14006.648811230567
Tunisia,2023-01-01,14027.542583325825
Tunisia,2023-02-01,14050.763469949708
Tunisia,2023-03-01,14076.31147110453
Tunisia,2023-04-01,14104.186586792865
Tunisia,2023-05-01,14134.388817017478
Tunisia,2023-06-01,14166.918161781397
Tunisia,2023-07-01,14201.774621087878
Tunisia,2023-08-01,14238.958194940406
Tunisia,2023-09-01,14278.468883342699
Tunisia,2023-10-01,14320.30668629871
Tunisia,2023-11-01,14364.471603812623
Tunisia,2023-12-01,14410.963635888857
Tunisia,2024-01-01,14459.782782532058
Tunisia,2024-02-01,14511.135506339593
Tunisia,2024-03-01,14565.021807316632
Tunisia,2024-04-01,14621.4416854685
Tunisia,2024-05-01,14680.395140800867
Tunisia,2024-06-01,14741.882173319633
Tunisia,2024-07-01,14805.902783030939
Tunisia,2024-08-01,14872.456969941191
Tunisia,2024-09-01,14941.544734057048
Tunisia,2024-10-01,15013.166075385418
Tunisia,2024-11-01,15087.320993933465
Tunisia,2024-12-01,15164.009489708602
Tunisia,2025-01-01,15243.231562718498
Tunisia,2025-02-01,15315.851796283065
Tunisia,2025-03-01,15381.870190409578
Tunisia,2025-04-01,15441.286745104617
Tunisia,2025-05-01,15494.10146037414
Tunisia,2025-06-01,15540.314336223415
Tunisia,2025-07-01,15579.925372657066
Tunisia,2025-08-01,15612.934569679053
Tunisia,2025-09-01,15639.341927292682
Tunisia,2025-10-01,15659.147445500594
Tunisia,2025-11-01,15672.351124304767
Tunisia,2025-12-01,15678.952963706524
Uganda,2015-01-01,6920.115309994149
Uganda,2015-02-01,6919.666741439346
Uganda,2015-03-01,6918.769604329696
Uganda,2015-04-01,6917.423898665105
Uganda,2015-05-01,6915.6296244454425
Uganda,2015-06-01,6913.386781670529
Uganda,2015-07-01,6910.695370340136
Uganda,2015-08-01,6907.555390453998
Uganda,2015-09-01,6903.966842011803
Uganda,2015-10-01,6899.929725013188
Uganda,2015-11-01,6895.444039457751
Uganda,2015-12-01,6890.509785345043
Uganda,2016-01-01,6885.126962674573
Uganda,2016-02-01,6885.250613874612
Uganda,2016-03-01,6890.880738945169
Uganda,2016-04-01,6902.0173378868085
Uganda,2016-05-01,6918.660410700649
Uganda,2016-06-01,6940.80995738835
Uganda,2016-07-01,6968.465977952128
Uganda,2016-08-01,7001.628472394747
Uganda,2016-09-01,7040.297440719525
Uganda,2016-10-01,7084.4728829303285
Uganda,2016-11-01,7134.154799031576
Uganda,2016-12-01,7189.3431890282345
Uganda,2017-01-01,7250.038052925824
Uganda,2017-02-01,7311.206132026092
Uganda,2017-03-01,7372.847426335144
Uganda,2017-04-01,7434.961935859171
Uganda,2017-05-01,7497.54966060437
Uganda,2017-06-01,7560.610600576997
Uganda,2017-07-01,7624.144755783361
Uganda,2017-08-01,7688.152126229811
Uganda,2017-09-01,7752.632711922752
Uganda,2017-10-01,7817.58651286863
Uganda,2017-11-01,7883.013529073942
Uganda,2017-12-01,7948.913760545229
Uganda,2018-01-01,8015.287207289081
Uganda,2018-02-01,8084.055765465696
Uganda,2018-03-01,8155.219435081945
Uganda,2018-04-01,8228.778216144947
Uganda,2018-05-01,8304.732108662058
Uganda,2018-06-01,8383.081112640877
Uganda,2018-07-01,8463.825228089237
Uganda,2018-08-01,8546.964455015213
Uganda,2018-09-01,8632.49879342712
Uganda,2018-10-01,8720.42824333351
Uganda,2018-11-01,8810.752804743177
Uganda,2018-12-01,8903.472477665151
Uganda,2019-01-01,8998.587262108707
Uganda,2019-02-01,9083.480221274089
Uganda,2019-03-01,9158.151355169803
Uganda,2019-04-01,9222.60066380329
Uganda,2019-05-01,9276.828147181002
Uganda,2019-06-01,9320.83380530836
Uganda,2019-07-01,9354.617638189771
Uganda,2019-08-01,9378.17964582861
Uganda,2019-09-01,9391.519828227232
Uganda,2019-10-01,9394.63818538697
Uganda,2019-11-01,9387.534717308139
Uganda,2019-12-01,9370.209423990027
Uganda,2020-01-01,9342.662305430902
Uganda,2020-02-01,9327.214569233205
Uganda,2020-03-01,9323.866215395377
Uganda,2020-04-01,9332.617243917102
Uganda,2020-05-01,9353.467654799248
Uganda,2020-06-01,9386.417448043905
Uganda,2020-07-01,9431.466623654364
Uganda,2020-08-01,9488.61518163513
Uganda,2020-09-01,9557.863121991919
Uganda,2020-10-01,9639.210444731654
Uganda,2020-11-01,9732.657149862474
Uganda,2020-12-01,9838.203237393722
Uganda,2021-01-01,9955.84870733595
Uganda,2021-02-01,10074.863234168883
Uganda,2021-03-01,10195.246817904424
Uganda,2021-04-01,10316.999458554621
Uganda,2021-05-01,10440.121156131632
Uganda,2021-06-01,10564.611910647773
Uganda,2021-07-01,10690.471722115493
Uganda,2021-08-01,10817.70059054738
Uganda,2021-09-01,10946.298515956156
Uganda,2021-10-01,11076.265498354678
Uganda,2021-11-01,11207.601537755945
Uganda,2021-12-01,11340.306634173092
Uganda,2022-01-01,11474.380787619388
Uganda,2022-02-01,11603.623427822717
Uganda,2022-03-01,11728.034554795986
Uganda,2022-04-01,11847.614168551661
Uganda,2022-05-01,11962.362269101697
Uganda,2022-06-01,12072.27885645756
Uganda,2022-07-01,12177.363930630241
Uganda,2022-08-01,12277.617491630257
Uganda,2022-09-01,12373.039539467627
Uganda,2022-10-01,12463.630074151895
Uganda,2022-11-01,12549.38909569212
Uganda,2022-12-01,12630.31660409688
Uganda,2023-01-01,12706.412599374267
Uganda,2023-02-01,12783.96323952232
Uganda,2023-03-01,12862.9685245488
Uganda,2023-04-01,12943.428454461591
Uganda,2023-05-01,13025.343029268744
Uganda,2023-06-01,13108.712248978462
Uganda,2023-07-01,13193.536113599066
Uganda,2023-08-01,13279.814623139051
Uganda,2023-09-01,13367.54777760704
Uganda,2023-10-01,13456.73557701181
Uganda,2023-11-01,13547.378021362281
Uganda,2023-12-01,13639.475110667518
Uganda,2024-01-01,13733.026844936727
Uganda,2024-02-01,13830.237584958519
Uganda,2024-03-01,13931.107330742647
Uganda,2024-04-01,14035.636082299126
Uganda,2024-05-01,14143.823839638457
Uganda,2024-06-01,14255.670602771452
Uganda,2024-07-01,14371.176371709289
Uganda,2024-08-01,14490.341146463528
Uganda,2024-09-01,14613.16492704608
Uganda,2024-10-01,14739.647713469227
Uganda,2024-11-01,14869.789505745624
Uganda,2024-12-01,15003.590303888283
Uganda,2025-01-01,15141.050107910582
Uganda,2025-02-01,15267.054928216052
Uganda,2025-03-01,15381.604764817284
Uganda,2025-04-01,15484.699617725755
Uganda,2025-05-01,15576.33948695177
Uganda,2025-06-01,15656.524372504478
Uganda,2025-07-01,15725.254274391908
Uganda,2025-08-01,15782.529192620932
Uganda,2025-09-01,15828.349127197276
Uganda,2025-10-01,15862.714078125522
Uganda,2025-11-01,15885.624045409111
Uganda,2025-12-01,15897.079029050337
Zambia,2015-01-01,4423.743931627037
Zambia,2015-02-01,4425.522219575701
Zambia,2015-03-01,4429.078795473202
Zambia,2015-04-01,4434.413659319901
Zambia,2015-05-01,4441.52681111633
Zambia,2015-06-01,4450.4182508632
Zambia,2015-07-01,4461.087978561401
Zambia,2015-08-01,4473.5359942119985
Zambia,2015-09-01,4487.762297816239
Zambia,2015-10-01,4503.766889375544
Zambia,2015-11-01,4521.549768891515
Zambia,2015-12-01,4541.11093636593
Zambia,2016-01-01,4562.450391800744
Zambia,2016-02-01,4583.748964017312
Zambia,2016-03-01,4605.006653017763
Zambia,2016-04-01,4626.223458804223
Zambia,2016-05-01,4647.3993813788165
Zambia,2016-06-01,4668.534420743657
Zambia,2016-07-01,4689.62857690086
Zambia,2016-08-01,4710.681849852534
Zambia,2016-09-01,4731.6942396007835
Zambia,2016-10-01,4752.665746147711
Zambia,2016-11-01,4773.596369495414
Zambia,2016-12-01,4794.486109645985
Zambia,2017-01-01,4815.334966601513
Zambia,2017-02-01,4836.164125646985
Zambia,2017-03-01,4856.973586784476
Zambia,2017-04-01,4877.763350016081
Zambia,2017-05-01,4898.533415343871
Zambia,2017-06-01,4919.283782769923
Zambia,2017-07-01,4940.014452296313
Zambia,2017-08-01,4960.725423925113
Zambia,2017-09-01,4981.4166976583965
Zambia,2017-10-01,5002.088273498231
Zambia,2017-11-01,5022.740151446683
Zambia,2017-12-01,5043.372331505818
Zambia,2018-01-01,5063.9848136777
Zambia,2018-02-01,5083.694117510103
Zambia,2018-03-01,5102.500243004998
Zambia,2018-04-01,5120.403190164269
Zambia,2018-05-01,5137.402958989698
Zambia,2018-06-01,5153.499549482991
Zambia,2018-07-01,5168.692961645756
Zambia,2018-08-01,5182.983195479514
Zambia,2018-09-01,5196.370250985691
Zambia,2018-10-01,5208.854128165628
Zambia,2018-11-01,5220.434827020572
Zambia,2018-12-01,5231.1123475516815
Zambia,2019-01-01,5240.886689760025
Zambia,2019-02-01,5246.104534369188
Zambia,2019-03-01,5246.7658813796825
Zambia,2019-04-01,5242.870730791585
Zambia,2019-05-01,5234.419082604506
Zambia,2019-06-01,5221.410936817599
Zambia,2019-07-01,5203.846293429564
Zambia,2019-08-01,5181.725152438646
Zambia,2019-09-01,5155.04751384263
Zambia,2019-10-01,5123.8133776388495
Zambia,2019-11-01,5088.022743824181
Zambia,2019-12-01,5047.675612395046
Zambia,2020-01-01,5002.771983347409
Zambia,2020-02-01,4968.730610692581
Zambia,2020-03-01,4945.5514944271645
Zambia,2020-04-01,4933.23463454883
Zambia,2020-05-01,4931.7800310563525
Zambia,2020-06-01,4941.1876839495835
Zambia,2020-07-01,4961.457593229465
Zambia,2020-08-01,4992.589758898023
Zambia,2020-09-01,5034.584180958372
Zambia,2020-10-01,5087.440859414709
Zambia,2020-11-01,5151.159794272322
Zambia,2020-12-01,5225.740985537582
Zambia,2021-01-01,5311.184433217947
Zambia,2021-02-01,5394.175569777106
Zambia,2021-03-01,5474.714395223354
Zambia,2021-04-01,5552.800909564746
Zambia,2021-05-01,5628.435112809091
Zambia,2021-06-01,5701.617004963954
Zambia,2021-07-01,5772.346586036652
Zambia,2021-08-01,5840.623856034259
Zambia,2021-09-01,5906.448814963602
Zambia,2021-10-01,5969.821462831263
Zambia,2021-11-01,6030.74179964358
Zambia,2021-12-01,6089.209825406645
Zambia,2022-01-01,6145.225540126305
Zambia,2022-02-01,6201.065759326916
Zambia,2022-03-01,6256.730483014057
Zambia,2022-04-01,6312.219711193298
Zambia,2022-05-01,6367.533443870191
Zambia,2022-06-01,6422.671681050259
Zambia,2022-07-01,6477.634422739024
Zambia,2022-08-01,6532.421668941977
Zambia,2022-09-01,6587.033419664603
Zambia,2022-10-01,6641.469674912358
Zambia,2022-11-01,6695.7304346906885
Zambia,2022-12-01,6749.815699005021
Zambia,2023-01-01,6803.725467860763
Zambia,2023-02-01,6855.39109513313
Zambia,2023-03-01,6904.812580827288
Zambia,2023-04-01,6951.989924948179
Zambia,2023-05-01,6996.923127500521
Zambia,2023-06-01,7039.612188488804
Zambia,2023-07-01,7080.057107917301
Zambia,2023-08-01,7118.257885790057
Zambia,2023-09-01,7154.21452211089
Zambia,2023-10-01,7187.927016883399
Zambia,2023-11-01,7219.395370110954
Zambia,2023-12-01,7248.619581796701
Zambia,2024-01-01,7275.599651943564
Zambia,2024-02-01,7306.34233824687
Zambia,2024-03-01,7340.847640709695
Zambia,2024-04-01,7379.115559335487
Zambia,2024-05-01,7421.146094128077
Zambia,2024-06-01,7466.939245091662
Zambia,2024-07-01,7516.495012230825
Zambia,2024-08-01,7569.813395550518
Zambia,2024-09-01,7626.894395056078
Zambia,2024-10-01,7687.738010753209
Zambia,2024-11-01,7752.344242647998
Zambia,2024-12-01,7820.713090746907
Zambia,2025-01-01,7892.844555056771
Zambia,2025-02-01,7958.965063982133
Zambia,2025-03-01,8019.074617529591
Zambia,2025-04-01,8073.173215705186
Zambia,2025-05-01,8121.26085851431
Zambia,2025-06-01,8163.337545961775
Zambia,2025-07-01,8199.403278051785
Zambia,2025-08-01,8229.45805478795
Zambia,2025-09-01,8253.501876173277
Zambia,2025-10-01,8271.534742210166
Zambia,2025-11-01,8283.556652900425
Zambia,2025-12-01,8289.567608245254
Zimbabwe,2015-01-01,4859.081047241966
Zimbabwe,2015-02-01,4858.659319774716
Zimbabwe,2015-03-01,4857.815864840171
Zimbabwe,2015-04-01,4856.550682438251
Zimbabwe,2015-05-01,4854.8637725688295
Zimbabwe,2015-06-01,4852.755135231737
Zimbabwe,2015-07-01,4850.22477042676
Zimbabwe,2015-08-01,4847.272678153648
Zimbabwe,2015-09-01,4843.898858412103
Zimbabwe,2015-10-01,4840.10331120179
Zimbabwe,2015-11-01,4835.88603652233
Zimbabwe,2015-12-01,4831.247034373299
Zimbabwe,2016-01-01,4826.186304754235
Zimbabwe,2016-02-01,4826.733880823186
Zimbabwe,2016-03-01,4832.889762580207
Zimbabwe,2016-04-01,4844.653950025911
Zimbabwe,2016-05-01,4862.026443161482
Zimbabwe,2016-06-01,4885.007241988653
Zimbabwe,2016-07-01,4913.596346509721
Zimbabwe,2016-08-01,4947.793756727547
Zimbabwe,2016-09-01,4987.599472645549
Zimbabwe,2016-10-01,5033.013494267709
Zimbabwe,2016-11-01,5084.035821598569
Zimbabwe,2016-12-01,5140.666454643229
Zimbabwe,2017-01-01,5202.9053934073545
Zimbabwe,2017-02-01,5254.081142112094
Zimbabwe,2017-03-01,5294.193700762571
Zimbabwe,2017-04-01,5323.243069362791
Zimbabwe,2017-05-01,5341.22924791566
Zimbabwe,2017-06-01,5348.152236422974
Zimbabwe,2017-07-01,5344.012034885428
Zimbabwe,2017-08-01,5328.808643302604
Zimbabwe,2017-09-01,5302.542061672983
Zimbabwe,2017-10-01,5265.212289993941
Zimbabwe,2017-11-01,5216.819328261744
Zimbabwe,2017-12-01,5157.363176471551
Zimbabwe,2018-01-01,5086.843834617417
Zimbabwe,2018-02-01,5036.097060278697
Zimbabwe,2018-03-01,5005.1228534503225
Zimbabwe,2018-04-01,4993.9212141291855
Zimbabwe,2018-05-01,5002.492142314171
Zimbabwe,2018-06-01,5030.835638006134
Zimbabwe,2018-07-01,5078.9517012079095
Zimbabwe,2018-08-01,5146.84033192431
Zimbabwe,2018-09-01,5234.501530162122
Zimbabwe,2018-10-01,5341.935295930115
Zimbabwe,2018-11-01,5469.1416292390295
Zimbabwe,2018-12-01,5616.120530101587
Zimbabwe,2019-01-01,5782.871998532487
Zimbabwe,2019-02-01,5933.724024448975
Zimbabwe,2019-03-01,6068.676607866135
Zimbabwe,2019-04-01,6187.729748797458
Zimbabwe,2019-05-01,6290.883447254855
Zimbabwe,2019-06-01,6378.137703248641
Zimbabwe,2019-07-01,6449.492516787539
Zimbabwe,2019-08-01,6504.947887878688
Zimbabwe,2019-09-01,6544.503816527629
Zimbabwe,2019-10-01,6568.160302738322
Zimbabwe,2019-11-01,6575.91734651313
Zimbabwe,2019-12-01,6567.774947852829
Zimbabwe,2020-01-01,6543.7331067566065
Zimbabwe,2020-02-01,6534.153740821061
Zimbabwe,2020-03-01,6539.036850045235
Zimbabwe,2020-04-01,6558.382434429616
Zimbabwe,2020-05-01,6592.190493976141
Zimbabwe,2020-06-01,6640.461028688188
Zimbabwe,2020-07-01,6703.194038570586
Zimbabwe,2020-08-01,6780.389523629606
Zimbabwe,2020-09-01,6872.047483872969
Zimbabwe,2020-10-01,6978.16791930984
Zimbabwe,2020-11-01,7098.750829950834
Zimbabwe,2020-12-01,7233.796215808006
Zimbabwe,2021-01-01,7383.304076894862
Zimbabwe,2021-02-01,7526.989117575215
Zimbabwe,2021-03-01,7664.851337863436
Zimbabwe,2021-04-01,7796.890737773302
Zimbabwe,2021-05-01,7923.107317318021
Zimbabwe,2021-06-01,8043.501076510216
Zimbabwe,2021-07-01,8158.072015361924
Zimbabwe,2021-08-01,8266.820133884603
Zimbabwe,2021-09-01,8369.745432089128
Zimbabwe,2021-10-01,8466.847909985792
Zimbabwe,2021-11-01,8558.127567584304
Zimbabwe,2021-12-01,8643.584404893794
Zimbabwe,2022-01-01,8723.218421922807
Zimbabwe,2022-02-01,8803.264773250767
Zimbabwe,2022-03-01,8883.723458885643
Zimbabwe,2022-04-01,8964.594478835534
Zimbabwe,2022-05-01,9045.877833108503
Zimbabwe,2022-06-01,9127.57352171268
Zimbabwe,2022-07-01,9209.681544656236
Zimbabwe,2022-08-01,9292.201901947383
Zimbabwe,2022-09-01,9375.134593594372
Zimbabwe,2022-10-01,9458.479619605494
Zimbabwe,2022-11-01,9542.236979989088
Zimbabwe,2022-12-01,9626.406674753529
Zimbabwe,2023-01-01,9710.988703907231
Zimbabwe,2023-02-01,9788.929476766392
Zimbabwe,2023-03-01,9860.228993338807
Zimbabwe,2023-04-01,9924.887253631598
Zimbabwe,2023-05-01,9982.904257651237
Zimbabwe,2023-06-01,10034.280005403529
Zimbabwe,2023-07-01,10079.014496893602
Zimbabwe,2023-08-01,10117.107732125938
Zimbabwe,2023-09-01,10148.55971110434
Zimbabwe,2023-10-01,10173.37043383196
Zimbabwe,2023-11-01,10191.539900311276
Zimbabwe,2023-12-01,10203.068110544107
Zimbabwe,2024-01-01,10207.955064531603
Zimbabwe,2024-02-01,10221.680719750837
Zimbabwe,2024-03-01,10244.245076203155
Zimbabwe,2024-04-01,10275.64813389086
Zimbabwe,2024-05-01,10315.889892817062
Zimbabwe,2024-06-01,10364.970352985796
Zimbabwe,2024-07-01,10422.889514401968
Zimbabwe,2024-08-01,10489.64737707137
Zimbabwe,2024-09-01,10565.24394100068
Zimbabwe,2024-10-01,10649.679206197454
Zimbabwe,2024-11-01,10742.95317267014
Zimbabwe,2024-12-01,10845.065840428068
Zimbabwe,2025-01-01,10956.017209481442
Zimbabwe,2025-02-01,11057.722631074714
Zimbabwe,2025-03-01,11150.182105218053
Zimbabwe,2025-04-01,11233.395631920714
Zimbabwe,2025-05-01,11307.363211191014
Zimbabwe,2025-06-01,11372.084843036342
Zimbabwe,2025-07-01,11427.560527463174
Zimbabwe,2025-08-01,11473.790264477058
Zimbabwe,2025-09-01,11510.774054082616
Zimbabwe,2025-10-01,11538.51189628355
Zimbabwe,2025-11-01,11557.00379108263
Zimbabwe,2025-12-01,11566.249738481709
