date,Country,GDP_PPP_Monthly,year_month
2015-01-01,Algeria,519102.8059058992,2015-01
2015-02-01,Algeria,521210.7899654461,2015-02
2015-03-01,Algeria,523122.13223460846,2015-03
2015-04-01,Algeria,525246.4380626656,2015-04
2015-05-01,Algeria,527310.4310461661,2015-05
2015-06-01,Algeria,529451.744809898,2015-06
2015-07-01,Algeria,531532.2628433383,2015-07
2015-08-01,Algeria,533690.7207142274,2015-08
2015-09-01,Algeria,535857.9436981803,2015-09
2015-10-01,Algeria,537963.635342707,2015-10
2015-11-01,Algeria,540148.2098720998,2015-11
2015-12-01,Algeria,542270.7604206356,2015-12
2016-01-01,Algeria,544472.8254180116,2016-01
2016-02-01,Algeria,545980.1075546705,2016-02
2016-03-01,Algeria,547393.9229950773,2016-03
2016-04-01,Algeria,548909.2917028043,2016-04
2016-05-01,Algeria,550379.7716720909,2016-05
2016-06-01,Algeria,551903.4062034981,2016-06
2016-07-01,Algeria,553381.9071435828,2016-07
2016-08-01,Algeria,554913.8525859424,2016-08
2016-09-01,Algeria,556450.0389635549,2016-09
2016-10-01,Algeria,557940.7199350252,2016-10
2016-11-01,Algeria,559485.285689666,2016-11
2016-12-01,Algeria,560984.0978215669,2016-12
2017-01-01,Algeria,562537.0886599012,2017-01
2017-02-01,Algeria,564285.5473867991,2017-02
2017-03-01,Algeria,565869.4710313589,2017-03
2017-04-01,Algeria,567628.2873562822,2017-04
2017-05-01,Algeria,569335.5725170929,2017-05
2017-06-01,Algeria,571105.1620612638,2017-06
2017-07-01,Algeria,572822.9047991933,2017-07
2017-08-01,Algeria,574603.333551454,2017-08
2017-09-01,Algeria,576389.2961720627,2017-09
2017-10-01,Algeria,578122.9322753452,2017-10
2017-11-01,Algeria,579919.8343935055,2017-11
2017-12-01,Algeria,581664.0894804588,2017-12
2018-01-01,Algeria,583471.9981035115,2018-01
2018-02-01,Algeria,584979.5138049512,2018-02
2018-03-01,Algeria,586344.4884176553,2018-03
2018-04-01,Algeria,587859.4257678887,2018-04
2018-05-01,Algeria,589329.2208517286,2018-05
2018-06-01,Algeria,590851.8698505487,2018-06
2018-07-01,Algeria,592329.1467904388,2018-07
2018-08-01,Algeria,593859.546693278,2018-08
2018-09-01,Algeria,595393.9006879854,2018-09
2018-10-01,Algeria,596882.5338370352,2018-10
2018-11-01,Algeria,598424.6983189636,2018-11
2018-12-01,Algeria,599920.9092174938,2018-12
2019-01-01,Algeria,601470.9239452048,2019-01
2019-02-01,Algeria,597678.1329919144,2019-02
2019-03-01,Algeria,594272.9475179553,2019-03
2019-04-01,Algeria,590525.5459904684,2019-04
2019-05-01,Algeria,586921.5293769673,2019-05
2019-06-01,Algeria,583220.4848571244,2019-06
2019-07-01,Algeria,579661.0515167196,2019-07
2019-08-01,Algeria,576005.7905479156,2019-08
2019-09-01,Algeria,572373.5791400837,2019-09
2019-10-01,Algeria,568880.3451854206,2019-10
2019-11-01,Algeria,565293.0658327107,2019-11
2019-12-01,Algeria,561843.0447208538,2019-12
2020-01-01,Algeria,558300.1415939513,2020-01
2020-02-01,Algeria,565456.5181794009,2020-02
2020-03-01,Algeria,572234.2154282469,2020-03
2020-04-01,Algeria,579569.2011027843,2020-04
2020-05-01,Algeria,586757.0825228395,2020-05
2020-06-01,Algeria,594278.2245285084,2020-06
2020-07-01,Algeria,601648.5288861312,2020-07
2020-08-01,Algeria,609360.5517283579,2020-08
2020-09-01,Algeria,617171.4284586341,2020-09
2020-10-01,Algeria,624825.6568668479,2020-10
2020-11-01,Algeria,632834.7676795801,2020-11
2020-12-01,Algeria,640683.2545555456,2020-12
2021-01-01,Algeria,648895.6304802604,2021-01
2021-02-01,Algeria,654656.8503289083,2021-02
2021-03-01,Algeria,659904.4855789382,2021-03
2021-04-01,Algeria,665763.4475474682,2021-04
2021-05-01,Algeria,671482.9348455098,2021-05
2021-06-01,Algeria,677444.696075736,2021-06
2021-07-01,Algeria,683264.5354625394,2021-07
2021-08-01,Algeria,689330.8996337246,2021-08
2021-09-01,Algeria,695451.1240191434,2021-09
2021-10-01,Algeria,701425.6542894503,2021-10
2021-11-01,Algeria,707653.2619539562,2021-11
2021-12-01,Algeria,713732.6192062553,2021-12
2022-01-01,Algeria,720069.4942586505,2022-01
2022-02-01,Algeria,724764.0690709132,2022-02
2022-03-01,Algeria,729030.6318779058,2022-03
2022-04-01,Algeria,733783.6298441738,2022-04
2022-05-01,Algeria,738412.8076576503,2022-05
2022-06-01,Algeria,743226.9737840071,2022-06
2022-07-01,Algeria,747915.7262683721,2022-07
2022-08-01,Algeria,752791.8477514113,2022-08
2022-09-01,Algeria,757699.7596620097,2022-09
2022-10-01,Algeria,762479.8157630836,2022-10
2022-11-01,Algeria,767450.8894809412,2022-11
2022-12-01,Algeria,772292.4619636545,2022-12
2023-01-01,Algeria,777327.5103423776,2023-01
2023-02-01,Algeria,781355.4824543912,2023-02
2023-03-01,Algeria,785011.5879468533,2023-03
2023-04-01,Algeria,789079.3775745044,2023-04
2023-05-01,Algeria,793036.0166601212,2023-05
2023-06-01,Algeria,797145.3874419713,2023-06
2023-07-01,Algeria,801142.4714952474,2023-07
2023-08-01,Algeria,805293.848475989,2023-08
2023-09-01,Algeria,809466.7371496559,2023-09
2023-10-01,Algeria,813525.6034966105,2023-10
2023-11-01,Algeria,817741.1476523166,2023-11
2023-12-01,Algeria,821841.5039392388,2023-12
2024-01-01,Algeria,826100.1396035092,2024-01
2024-02-01,Algeria,830101.5330342225,2024-02
2024-03-01,Algeria,833862.3165298688,2024-03
2024-04-01,Algeria,837901.3077314481,2024-04
2024-05-01,Algeria,841828.635193732,2024-05
2024-06-01,Algeria,845906.2129705236,2024-06
2024-07-01,Algeria,849871.0602264734,2024-07
2024-08-01,Algeria,853987.593216016,2024-08
2024-09-01,Algeria,858124.0655171166,2024-09
2024-10-01,Algeria,862146.179073278,2024-10
2024-11-01,Algeria,866322.1692370316,2024-11
2024-12-01,Algeria,870382.7081275143,2024-12
2025-01-01,Algeria,874598.5936885306,2025-01
2025-02-01,Algeria,874598.59368853,2025-02
2025-03-01,Algeria,874598.59368853,2025-03
2025-04-01,Algeria,874598.59368853,2025-04
2025-05-01,Algeria,874598.59368853,2025-05
2025-06-01,Algeria,874598.59368853,2025-06
2025-07-01,Algeria,874598.59368853,2025-07
2025-08-01,Algeria,874598.59368853,2025-08
2025-09-01,Algeria,874598.59368853,2025-09
2025-10-01,Algeria,874598.59368853,2025-10
2025-11-01,Algeria,874598.59368853,2025-11
2025-12-01,Algeria,874598.59368853,2025-12
2015-01-01,Angola,239997.85451480784,2015-01
2015-02-01,Angola,239841.1822458104,2015-02
2015-03-01,Angola,239699.75972019383,2015-03
2015-04-01,Angola,239543.28204955204,2015-04
2015-05-01,Angola,239391.9493065196,2015-05
2015-06-01,Angola,239235.6725766572,2015-06
2015-07-01,Angola,239084.5341675456,2015-07
2015-08-01,Angola,238928.45812042445,2015-08
2015-09-01,Angola,238772.4839608326,2015-09
2015-10-01,Angola,238621.6381735941,2015-10
2015-11-01,Angola,238465.8643081976,2015-11
2015-12-01,Angola,238315.2122295561,2015-12
2016-01-01,Angola,238159.638401148,2016-01
2016-02-01,Angola,238489.66762246884,2016-02
2016-03-01,Angola,238798.8186542786,2016-03
2016-04-01,Angola,239129.73361830023,2016-04
2016-05-01,Angola,239450.4105142512,2016-05
2016-06-01,Angola,239782.2284203309,2016-06
2016-07-01,Angola,240103.78032251625,2016-07
2016-08-01,Angola,240436.5036344432,2016-08
2016-09-01,Angola,240769.688017004,2016-09
2016-10-01,Angola,241092.56411870863,2016-10
2016-11-01,Angola,241426.6576357152,2016-11
2016-12-01,Angola,241750.41474445688,2016-12
2017-01-01,Angola,242085.4198765932,2017-01
2017-02-01,Angola,243485.16150030453,2017-02
2017-03-01,Angola,244756.39934950453,2017-03
2017-04-01,Angola,246171.5846176378,2017-04
2017-05-01,Angola,247548.9092114088,2017-05
2017-06-01,Angola,248980.2408145441,2017-06
2017-07-01,Angola,250373.27977787348,2017-07
2017-08-01,Angola,251820.9419350941,2017-08
2017-09-01,Angola,253276.97449718948,2017-09
2017-10-01,Angola,254694.0535908336,2017-10
2017-11-01,Angola,256166.69852874265,2017-11
2017-12-01,Angola,257599.9455646948,2017-12
2018-01-01,Angola,259089.39241472183,2018-01
2018-02-01,Angola,260608.56605174585,2018-02
2018-03-01,Angola,261988.37779074063,2018-03
2018-04-01,Angola,263524.549661912,2018-04
2018-05-01,Angola,265019.74326969835,2018-05
2018-06-01,Angola,266573.68958727515,2018-06
2018-07-01,Angola,268086.18349794217,2018-07
2018-08-01,Angola,269658.10992312187,2018-08
2018-09-01,Angola,271239.2533570036,2018-09
2018-10-01,Angola,272778.2188853402,2018-10
2018-11-01,Angola,274377.6571140637,2018-11
2018-12-01,Angola,275934.42941312527,2018-12
2019-01-01,Angola,277552.37411863706,2019-01
2019-02-01,Angola,276181.7018741758,2019-02
2019-03-01,Angola,274949.4943290002,2019-03
2019-04-01,Angola,273591.6762173657,2019-04
2019-05-01,Angola,272284.04354537965,2019-05
2019-06-01,Angola,270939.3885688821,2019-06
2019-07-01,Angola,269644.43251788325,2019-07
2019-08-01,Angola,268312.8130687633,2019-08
2019-09-01,Angola,266987.76972559374,2019-09
2019-10-01,Angola,265711.70045499026,2019-10
2019-11-01,Angola,264399.5025175783,2019-11
2019-12-01,Angola,263135.803881973,2019-12
2020-01-01,Angola,261836.3268227321,2020-01
2020-02-01,Angola,265318.5861290724,2020-02
2020-03-01,Angola,268618.0980541977,2020-03
2020-04-01,Angola,272190.5506743179,2020-04
2020-05-01,Angola,275692.9936065667,2020-05
2020-06-01,Angola,279359.53791051696,2020-06
2020-07-01,Angola,282954.2286030741,2020-07
2020-08-01,Angola,286717.3427888621,2020-08
2020-09-01,Angola,290530.50403860584,2020-09
2020-10-01,Angola,294268.93841096613,2020-10
2020-11-01,Angola,298182.531157179,2020-11
2020-12-01,Angola,302019.428860586,2020-12
2021-01-01,Angola,306036.09828001825,2021-01
2021-02-01,Angola,308909.74398836866,2021-02
2021-03-01,Angola,311528.48059772485,2021-03
2021-04-01,Angola,314453.6991792252,2021-04
2021-05-01,Angola,317310.7059407036,2021-05
2021-06-01,Angola,320290.21898986684,2021-06
2021-07-01,Angola,323200.2541514118,2021-07
2021-08-01,Angola,326235.06941830285,2021-08
2021-09-01,Angola,329298.38127078087,2021-09
2021-10-01,Angola,332290.26117008034,2021-10
2021-11-01,Angola,335410.4306151382,2021-11
2021-12-01,Angola,338457.8422710966,2021-12
2022-01-01,Angola,341635.9246325113,2022-01
2022-02-01,Angola,343057.3439110743,2022-02
2022-03-01,Angola,344346.28900769376,2022-03
2022-04-01,Angola,345778.9850984918,2022-04
2022-05-01,Angola,347171.14051535365,2022-05
2022-06-01,Angola,348615.589756516,2022-06
2022-07-01,Angola,350019.1657475317,2022-07
2022-08-01,Angola,351475.464556257,2022-08
2022-09-01,Angola,352937.8224795332,2022-09
2022-10-01,Angola,354358.8003947768,2022-10
2022-11-01,Angola,355833.1547998395,2022-11
2022-12-01,Angola,357265.7897351654,2022-12
2023-01-01,Angola,358752.2390353871,2023-01
2023-02-01,Angola,360824.366308238,2023-02
2023-03-01,Angola,362706.2503674044,2023-03
2023-04-01,Angola,364801.2157268976,2023-04
2023-05-01,Angola,366840.122008201,2023-05
2023-06-01,Angola,368958.9643146157,2023-06
2023-07-01,Angola,371021.1086207559,2023-07
2023-08-01,Angola,373164.1000067988,2023-08
2023-09-01,Angola,375319.4691578096,2023-09
2023-10-01,Angola,377417.1628884528,2023-10
2023-11-01,Angola,379597.097426467,2023-11
2023-12-01,Angola,381718.6992000937,2023-12
2024-01-01,Angola,383923.47910417576,2024-01
2024-02-01,Angola,385380.296505346,2024-02
2024-03-01,Angola,386748.1297876354,2024-03
2024-04-01,Angola,388215.6654712034,2024-04
2024-05-01,Angola,389641.1631645783,2024-05
2024-06-01,Angola,391119.6766121933,2024-06
2024-07-01,Angola,392555.8376083434,2024-07
2024-08-01,Angola,394045.4109381472,2024-08
2024-09-01,Angola,395540.6365306154,2024-09
2024-10-01,Angola,396993.0309473279,2024-10
2024-11-01,Angola,398499.4414356285,2024-11
2024-12-01,Angola,399962.70035355096,2024-12
2025-01-01,Angola,401480.379405256,2025-01
2025-02-01,Angola,401480.379405256,2025-02
2025-03-01,Angola,401480.379405256,2025-03
2025-04-01,Angola,401480.379405256,2025-04
2025-05-01,Angola,401480.379405256,2025-05
2025-06-01,Angola,401480.379405256,2025-06
2025-07-01,Angola,401480.379405256,2025-07
2025-08-01,Angola,401480.379405256,2025-08
2025-09-01,Angola,401480.379405256,2025-09
2025-10-01,Angola,401480.379405256,2025-10
2025-11-01,Angola,401480.379405256,2025-11
2025-12-01,Angola,401480.379405256,2025-12
2015-01-01,Benin,31146.054854641217,2015-01
2015-02-01,Benin,31258.17419435636,2015-02
2015-03-01,Benin,31359.790143435523,2015-03
2015-04-01,Benin,31472.67888587488,2015-04
2015-05-01,Benin,31582.31296515711,2015-05
2015-06-01,Benin,31696.002743617217,2015-06
2015-07-01,Benin,31806.41476447901,2015-07
2015-08-01,Benin,31920.91126295185,2015-08
2015-09-01,Benin,32035.81992507971,2015-09
2015-10-01,Benin,32147.415688321653,2015-10
2015-11-01,Benin,32263.139719417864,2015-11
2015-12-01,Benin,32375.52734395783,2015-12
2016-01-01,Benin,32492.072529718112,2016-01
2016-02-01,Benin,32692.15574966011,2016-02
2016-03-01,Benin,32880.44565078654,2016-03
2016-04-01,Benin,33082.920436995395,2016-04
2016-05-01,Benin,33280.05083992729,2016-05
2016-06-01,Benin,33484.98635845402,2016-06
2016-07-01,Benin,33684.51254192934,2016-07
2016-08-01,Benin,33891.93869873732,2016-08
2016-09-01,Benin,34100.64216690543,2016-09
2016-10-01,Benin,34303.83684385062,2016-10
2016-11-01,Benin,34515.07674323853,2016-11
2016-12-01,Benin,34720.74090153368,2016-12
2017-01-01,Benin,34934.54805809461,2017-01
2017-02-01,Benin,35098.75294589742,2017-02
2017-03-01,Benin,35247.73033493564,2017-03
2017-04-01,Benin,35413.40729160691,2017-04
2017-05-01,Benin,35574.481258080246,2017-05
2017-06-01,Benin,35741.69406111728,2017-06
2017-07-01,Benin,35904.261203654416,2017-07
2017-08-01,Benin,36073.024090547486,2017-08
2017-09-01,Benin,36242.5802234519,2017-09
2017-10-01,Benin,36407.42559130225,2017-10
2017-11-01,Benin,36578.55353102733,2017-11
2017-12-01,Benin,36744.92703630978,2017-12
2018-01-01,Benin,36917.64135370372,2018-01
2018-02-01,Benin,37242.17274113648,2018-02
2018-03-01,Benin,37537.74926001801,2018-03
2018-04-01,Benin,37867.73182124776,2018-04
2018-05-01,Benin,38189.83144554499,2018-05
2018-06-01,Benin,38525.546256415546,2018-06
2018-07-01,Benin,38853.241192928064,2018-07
2018-08-01,Benin,39194.78783047714,2018-08
2018-09-01,Benin,39539.33689721983,2018-09
2018-10-01,Benin,39875.65504850688,2018-10
2018-11-01,Benin,40226.1894050682,2018-11
2018-12-01,Benin,40568.34986388425,2018-12
2019-01-01,Benin,40924.97348295689,2019-01
2019-02-01,Benin,41048.83115427887,2019-02
2019-03-01,Benin,41161.0247594116,2019-03
2019-04-01,Benin,41285.59682976493,2019-04
2019-05-01,Benin,41406.50940021367,2019-05
2019-06-01,Benin,41531.82441926965,2019-06
2019-07-01,Benin,41653.4581131379,2019-07
2019-08-01,Benin,41779.52051184781,2019-08
2019-09-01,Benin,41905.96443298318,2019-09
2019-10-01,Benin,42028.69386566205,2019-10
2019-11-01,Benin,42155.89189923129,2019-11
2019-12-01,Benin,42279.35329110877,2019-12
2020-01-01,Benin,42407.30993464372,2020-01
2020-02-01,Benin,42737.03359707708,2020-02
2020-03-01,Benin,43047.8052722371,2020-03
2020-04-01,Benin,43382.508889041725,2020-04
2020-05-01,Benin,43708.89321539642,2020-05
2020-06-01,Benin,44048.736897396055,2020-06
2020-07-01,Benin,44380.133529061575,2020-07
2020-08-01,Benin,44725.19621257146,2020-08
2020-09-01,Benin,45072.941814001664,2020-09
2020-10-01,Benin,45412.043957411806,2020-10
2020-11-01,Benin,45765.129910642485,2020-11
2020-12-01,Benin,46109.43966770657,2020-12
2021-01-01,Benin,46467.94798486738,2021-01
2021-02-01,Benin,46981.30946195837,2021-02
2021-03-01,Benin,47449.86378457864,2021-03
2021-04-01,Benin,47974.07312061712,2021-04
2021-05-01,Benin,48486.88589444897,2021-05
2021-06-01,Benin,49022.55188448629,2021-06
2021-07-01,Benin,49546.57223916807,2021-07
2021-08-01,Benin,50093.94526966594,2021-08
2021-09-01,Benin,50647.36548407536,2021-09
2021-10-01,Benin,51188.75407778229,2021-10
2021-11-01,Benin,51754.26935322281,2021-11
2021-12-01,Benin,52307.49005553714,2021-12
2022-01-01,Benin,52885.36473092796,2022-01
2022-02-01,Benin,53327.038208294856,2022-02
2022-03-01,Benin,53729.13870997484,2022-03
2022-04-01,Benin,54177.85898732767,2022-04
2022-05-01,Benin,54615.672215373655,2022-05
2022-06-01,Benin,55071.796399991166,2022-06
2022-07-01,Benin,55516.83356843687,2022-07
2022-08-01,Benin,55980.4838251634,2022-08
2022-09-01,Benin,56448.00626887809,2022-09
2022-10-01,Benin,56904.16463879655,2022-10
2022-11-01,Benin,57379.40122647168,2022-11
2022-12-01,Benin,57843.086232558446,2022-12
2023-01-01,Benin,58326.1642479593,2023-01
2023-02-01,Benin,58805.67476086461,2023-02
2023-03-01,Benin,59242.16849372602,2023-03
2023-04-01,Benin,59729.20965212079,2023-04
2023-05-01,Benin,60204.35186581921,2023-05
2023-06-01,Benin,60699.30331710244,2023-06
2023-07-01,Benin,61182.16256663908,2023-07
2023-08-01,Benin,61685.15278605869,2023-08
2023-09-01,Benin,62192.27818393901,2023-09
2023-10-01,Benin,62687.01395732984,2023-10
2023-11-01,Benin,63202.37584684812,2023-11
2023-12-01,Benin,63705.14688543668,2023-12
2024-01-01,Benin,64228.87903980706,2024-01
2024-02-01,Benin,64731.6996555564,2024-02
2024-03-01,Benin,65205.64325521284,2024-03
2024-04-01,Benin,65716.11054316905,2024-04
2024-05-01,Benin,66213.91576952815,2024-05
2024-06-01,Benin,66732.2763947818,2024-06
2024-07-01,Benin,67237.77916543558,2024-07
2024-08-01,Benin,67764.15518237696,2024-08
2024-09-01,Benin,68294.65197360101,2024-09
2024-10-01,Benin,68811.98987451804,2024-10
2024-11-01,Benin,69350.68971852754,2024-11
2024-12-01,Benin,69876.02719678279,2024-12
2025-01-01,Benin,70423.05693708743,2025-01
2025-02-01,Benin,70423.0569370874,2025-02
2025-03-01,Benin,70423.0569370874,2025-03
2025-04-01,Benin,70423.0569370874,2025-04
2025-05-01,Benin,70423.0569370874,2025-05
2025-06-01,Benin,70423.0569370874,2025-06
2025-07-01,Benin,70423.0569370874,2025-07
2025-08-01,Benin,70423.0569370874,2025-08
2025-09-01,Benin,70423.0569370874,2025-09
2025-10-01,Benin,70423.0569370874,2025-10
2025-11-01,Benin,70423.0569370874,2025-11
2025-12-01,Benin,70423.0569370874,2025-12
2015-01-01,Botswana,31031.12734013572,2015-01
2015-02-01,Botswana,31240.034579202715,2015-02
2015-03-01,Botswana,31429.933559028363,2015-03
2015-04-01,Botswana,31641.52563468536,2015-04
2015-05-01,Botswana,31847.648353008,2015-05
2015-06-01,Botswana,32062.052561249508,2015-06
2015-07-01,Botswana,32270.914722487512,2015-07
2015-08-01,Botswana,32488.168437537803,2015-08
2015-09-01,Botswana,32706.884744433013,2015-09
2015-10-01,Botswana,32919.94754264391,2015-10
2015-11-01,Botswana,33141.570665644955,2015-11
2015-12-01,Botswana,33357.46514285677,2015-12
2016-01-01,Botswana,33582.03371456491,2016-01
2016-02-01,Botswana,33747.57834345611,2016-02
2016-03-01,Botswana,33903.181382178474,2016-03
2016-04-01,Botswana,34070.30912756304,2016-04
2016-05-01,Botswana,34232.83004413031,2016-05
2016-06-01,Botswana,34401.58281216452,2016-06
2016-07-01,Botswana,34565.68395809385,2016-07
2016-08-01,Botswana,34736.07754925779,2016-08
2016-09-01,Botswana,34907.31110574528,2016-09
2016-10-01,Botswana,35073.824657899015,2016-10
2016-11-01,Botswana,35246.72315880983,2016-11
2016-12-01,Botswana,35414.85576166698,2016-12
2017-01-01,Botswana,35589.43539565018,2017-01
2017-02-01,Botswana,35648.72527812842,2017-02
2017-03-01,Botswana,35702.36232334337,2017-03
2017-04-01,Botswana,35761.84033536614,2017-04
2017-05-01,Botswana,35819.49404401067,2017-05
2017-06-01,Botswana,35879.167190512984,2017-06
2017-07-01,Botswana,35937.01004849266,2017-07
2017-08-01,Botswana,35996.87896966848,2017-08
2017-09-01,Botswana,36056.847628905925,2017-09
2017-10-01,Botswana,36114.97693568502,2017-10
2017-11-01,Botswana,36175.14233910928,2017-11
2017-12-01,Botswana,36233.46235555795,2017-12
2018-01-01,Botswana,36293.82514864411,2018-01
2018-02-01,Botswana,36366.05763315487,2018-02
2018-03-01,Botswana,36431.42343246546,2018-03
2018-04-01,Botswana,36503.92976702825,2018-04
2018-05-01,Botswana,36574.23458043744,2018-05
2018-06-01,Botswana,36647.02513976825,2018-06
2018-07-01,Botswana,36717.605547984414,2018-07
2018-08-01,Botswana,36790.6814462441,2018-08
2018-09-01,Botswana,36863.90278119088,2018-09
2018-10-01,Botswana,36934.900885315685,2018-10
2018-11-01,Botswana,37008.40924783131,2018-11
2018-12-01,Botswana,37079.68566446222,2018-12
2019-01-01,Botswana,37153.48217969457,2019-01
2019-02-01,Botswana,37063.41503338127,2019-02
2019-03-01,Botswana,36982.25174508017,2019-03
2019-04-01,Botswana,36892.59969408776,2019-04
2019-05-01,Botswana,36806.04658078424,2019-05
2019-06-01,Botswana,36716.82168480888,2019-06
2019-07-01,Botswana,36630.68096136348,2019-07
2019-08-01,Botswana,36541.88118518782,2019-08
2019-09-01,Botswana,36453.29667665241,2019-09
2019-10-01,Botswana,36367.77420483677,2019-10
2019-11-01,Botswana,36279.61176491925,2019-11
2019-12-01,Botswana,36194.49677238053,2019-12
2020-01-01,Botswana,36106.75439009809,2020-01
2020-02-01,Botswana,36654.53097804349,2020-02
2020-03-01,Botswana,37174.488099583934,2020-03
2020-04-01,Botswana,37738.46330571293,2020-04
2020-05-01,Botswana,38292.39097083345,2020-05
2020-06-01,Botswana,38873.32591291251,2020-06
2020-07-01,Botswana,39443.91116658256,2020-07
2020-08-01,Botswana,40042.3158539885,2020-08
2020-09-01,Botswana,40649.79895576363,2020-09
2020-10-01,Botswana,41246.45939847371,2020-10
2020-11-01,Botswana,41872.21059588174,2020-11
2020-12-01,Botswana,42486.81367764793,2020-12
2021-01-01,Botswana,43131.382324765,2021-01
2021-02-01,Botswana,43581.05048066094,2021-02
2021-03-01,Botswana,43991.23047861695,2021-03
2021-04-01,Botswana,44449.86301990591,2021-04
2021-05-01,Botswana,44898.253073324944,2021-05
2021-06-01,Botswana,45366.34181925042,2021-06
2021-07-01,Botswana,45823.976895035696,2021-07
2021-08-01,Botswana,46301.71681607638,2021-08
2021-09-01,Botswana,46784.43743603542,2021-09
2021-10-01,Botswana,47256.377617082304,2021-10
2021-11-01,Botswana,47749.05109592869,2021-11
2021-12-01,Botswana,48230.7218619786,2021-12
2022-01-01,Botswana,48733.55341033715,2022-01
2022-02-01,Botswana,49015.442244047874,2022-02
2022-03-01,Botswana,49271.452723798575,2022-03
2022-04-01,Botswana,49556.452921231226,2022-04
2022-05-01,Botswana,49833.82907969587,2022-05
2022-06-01,Botswana,50122.08222307596,2022-06
2022-07-01,Botswana,50402.62430794599,2022-07
2022-08-01,Botswana,50694.16752587003,2022-08
2022-09-01,Botswana,50987.39711328552,2022-09
2022-10-01,Botswana,51272.78251735932,2022-10
2022-11-01,Botswana,51569.35897964242,2022-11
2022-12-01,Botswana,51858.00172634967,2022-12
2023-01-01,Botswana,52157.96326418633,2023-01
2023-02-01,Botswana,52132.13269534925,2023-02
2023-03-01,Botswana,52108.812854377305,2023-03
2023-04-01,Botswana,52083.00662665642,2023-04
2023-05-01,Botswana,52058.0450264179,2023-05
2023-06-01,Botswana,52032.26394081899,2023-06
2023-07-01,Botswana,52007.32665981089,2023-07
2023-08-01,Botswana,51981.57069183886,2023-08
2023-09-01,Botswana,51955.82747918284,2023-09
2023-10-01,Botswana,51930.92683155139,2023-10
2023-11-01,Botswana,51905.20869962394,2023-11
2023-12-01,Botswana,51880.33231183887,2023-12
2024-01-01,Botswana,51854.63923620469,2024-01
2024-02-01,Botswana,51921.551015565936,2024-02
2024-03-01,Botswana,51984.22406896099,2024-03
2024-04-01,Botswana,52051.30306097409,2024-04
2024-05-01,Botswana,52116.30062705104,2024-05
2024-06-01,Botswana,52183.550046968834,2024-06
2024-07-01,Botswana,52248.7127526619,2024-07
2024-08-01,Botswana,52316.13303349135,2024-08
2024-09-01,Botswana,52383.64031156969,2024-09
2024-10-01,Botswana,52449.05287421992,2024-10
2024-11-01,Botswana,52516.73166835134,2024-11
2024-12-01,Botswana,52582.3104250014,2024-12
2025-01-01,Botswana,52650.16117095752,2025-01
2025-02-01,Botswana,52650.1611709575,2025-02
2025-03-01,Botswana,52650.1611709575,2025-03
2025-04-01,Botswana,52650.1611709575,2025-04
2025-05-01,Botswana,52650.1611709575,2025-05
2025-06-01,Botswana,52650.1611709575,2025-06
2025-07-01,Botswana,52650.1611709575,2025-07
2025-08-01,Botswana,52650.1611709575,2025-08
2025-09-01,Botswana,52650.1611709575,2025-09
2025-10-01,Botswana,52650.1611709575,2025-10
2025-11-01,Botswana,52650.1611709575,2025-11
2025-12-01,Botswana,52650.1611709575,2025-12
2015-01-01,Burkina-Faso,35119.135830404026,2015-01
2015-02-01,Burkina-Faso,35320.537017673734,2015-02
2015-03-01,Burkina-Faso,35503.44032723598,2015-03
2015-04-01,Burkina-Faso,35707.0454235742,2015-04
2015-05-01,Burkina-Faso,35905.1942885163,2015-05
2015-06-01,Burkina-Faso,36111.103363095484,2015-06
2015-07-01,Burkina-Faso,36311.49446402035,2015-07
2015-08-01,Burkina-Faso,36519.73358846543,2015-08
2015-09-01,Burkina-Faso,36729.16692244636,2015-09
2015-10-01,Burkina-Faso,36932.98783928835,2015-10
2015-11-01,Burkina-Faso,37144.79110335993,2015-11
2015-12-01,Burkina-Faso,37350.91844064959,2015-12
2016-01-01,Burkina-Faso,37565.11845274238,2016-01
2016-02-01,Burkina-Faso,37813.915029951,2016-02
2016-03-01,Burkina-Faso,38048.15176623402,2016-03
2016-04-01,Burkina-Faso,38300.1475090523,2016-04
2016-05-01,Burkina-Faso,38545.60334148172,2016-05
2016-06-01,Burkina-Faso,38800.89374313096,2016-06
2016-07-01,Burkina-Faso,39049.55872987741,2016-07
2016-08-01,Burkina-Faso,39308.18686559653,2016-08
2016-09-01,Burkina-Faso,39568.52791472014,2016-09
2016-10-01,Burkina-Faso,39822.11247219518,2016-10
2016-11-01,Burkina-Faso,40085.85728888637,2016-11
2016-12-01,Burkina-Faso,40342.75727777454,2016-12
2017-01-01,Burkina-Faso,40609.95036378851,2017-01
2017-02-01,Burkina-Faso,40761.08379444725,2017-02
2017-03-01,Burkina-Faso,40898.074794264016,2017-03
2017-04-01,Burkina-Faso,41050.2805048257,2017-04
2017-05-01,Burkina-Faso,41198.11566487324,2017-05
2017-06-01,Burkina-Faso,41351.43800339696,2017-06
2017-07-01,Burkina-Faso,41500.35772770211,2017-07
2017-08-01,Burkina-Faso,41654.804886114514,2017-08
2017-09-01,Burkina-Faso,41809.82683293946,2017-09
2017-10-01,Burkina-Faso,41960.39736170067,2017-10
2017-11-01,Burkina-Faso,42116.55659726417,2017-11
2017-12-01,Burkina-Faso,42268.23175779019,2017-12
2018-01-01,Burkina-Faso,42425.5366255925,2018-01
2018-02-01,Burkina-Faso,42793.10264992487,2018-02
2018-03-01,Burkina-Faso,43127.83416458417,2018-03
2018-04-01,Burkina-Faso,43501.48474870853,2018-04
2018-05-01,Burkina-Faso,43866.16407671561,2018-05
2018-06-01,Burkina-Faso,44246.211397617626,2018-06
2018-07-01,Burkina-Faso,44617.13387836862,2018-07
2018-08-01,Burkina-Faso,45003.68744542202,2018-08
2018-09-01,Burkina-Faso,45393.59003217285,2018-09
2018-10-01,Burkina-Faso,45774.13115632961,2018-10
2018-11-01,Burkina-Faso,46170.70870713065,2018-11
2018-12-01,Burkina-Faso,46557.76453113738,2018-12
2019-01-01,Burkina-Faso,46961.13131849322,2019-01
2019-02-01,Burkina-Faso,47321.56674245706,2019-02
2019-03-01,Burkina-Faso,47649.49851898837,2019-03
2019-04-01,Burkina-Faso,48015.21728934501,2019-04
2019-05-01,Burkina-Faso,48371.81105932635,2019-05
2019-06-01,Burkina-Faso,48743.07371287748,2019-06
2019-07-01,Burkina-Faso,49105.0730413615,2019-07
2019-08-01,Burkina-Faso,49481.96361711023,2019-08
2019-09-01,Burkina-Faso,49861.746898180216,2019-09
2019-10-01,Burkina-Faso,50232.05425713958,2019-10
2019-11-01,Burkina-Faso,50617.59462348976,2019-11
2019-12-01,Burkina-Faso,50993.515423460456,2019-12
2020-01-01,Burkina-Faso,51384.90014599637,2020-01
2020-02-01,Burkina-Faso,51656.89538812957,2020-02
2020-03-01,Burkina-Faso,51912.645817704215,2020-03
2020-04-01,Burkina-Faso,52187.43457138173,2020-04
2020-05-01,Burkina-Faso,52454.74400586648,2020-05
2020-06-01,Burkina-Faso,52732.402243138,2020-06
2020-07-01,Burkina-Faso,53002.50305837075,2020-07
2020-08-01,Burkina-Faso,53283.06074383995,2020-08
2020-09-01,Burkina-Faso,53565.10350284973,2020-09
2020-10-01,Burkina-Faso,53839.46950001096,2020-10
2020-11-01,Burkina-Faso,54124.45749261913,2020-11
2020-12-01,Burkina-Faso,54401.688558736336,2020-12
2021-01-01,Burkina-Faso,54689.65254056653,2021-01
2021-02-01,Burkina-Faso,55085.17088105562,2021-02
2021-03-01,Burkina-Faso,55444.871262968285,2021-03
2021-04-01,Burkina-Faso,55845.851383554975,2021-04
2021-05-01,Burkina-Faso,56236.65754643439,2021-05
2021-06-01,Burkina-Faso,56643.363905574544,2021-06
2021-07-01,Burkina-Faso,57039.75101674032,2021-07
2021-08-01,Burkina-Faso,57452.26538858274,2021-08
2021-09-01,Burkina-Faso,57867.76308528095,2021-09
2021-10-01,Burkina-Faso,58272.718473828005,2021-10
2021-11-01,Burkina-Faso,58694.14972884394,2021-11
2021-12-01,Burkina-Faso,59104.88812517446,2021-12
2022-01-01,Burkina-Faso,59532.33767330831,2022-01
2022-02-01,Burkina-Faso,59866.44160168298,2022-02
2022-03-01,Burkina-Faso,60169.82423624123,2022-03
2022-04-01,Burkina-Faso,60507.50582968477,2022-04
2022-05-01,Burkina-Faso,60836.09876360173,2022-05
2022-06-01,Burkina-Faso,61177.51958425646,2022-06
2022-07-01,Burkina-Faso,61509.75110453315,2022-07
2022-08-01,Burkina-Faso,61854.95255773584,2022-08
2022-09-01,Burkina-Faso,62202.091330487805,2022-09
2022-10-01,Burkina-Faso,62539.88690486808,2022-10
2022-11-01,Burkina-Faso,62890.869626388165,2022-11
2022-12-01,Burkina-Faso,63232.40569011707,2022-12
2023-01-01,Burkina-Faso,63587.27492534821,2023-01
2023-02-01,Burkina-Faso,63973.9660503906,2023-02
2023-03-01,Burkina-Faso,64325.25628371499,2023-03
2023-04-01,Burkina-Faso,64716.43526960787,2023-04
2023-05-01,Burkina-Faso,65097.26042548579,2023-05
2023-06-01,Burkina-Faso,65493.13417382083,2023-06
2023-07-01,Burkina-Faso,65878.52982991302,2023-07
2023-08-01,Burkina-Faso,66279.15468521584,2023-08
2023-09-01,Burkina-Faso,66682.21584677958,2023-09
2023-10-01,Burkina-Faso,67074.60867772484,2023-10
2023-11-01,Burkina-Faso,67482.5072065078,2023-11
2023-12-01,Burkina-Faso,67879.60936794314,2023-12
2024-01-01,Burkina-Faso,68292.4033199523,2024-01
2024-02-01,Burkina-Faso,68658.59177056712,2024-02
2024-03-01,Burkina-Faso,69002.9325498933,2024-03
2024-04-01,Burkina-Faso,69372.93090593228,2024-04
2024-05-01,Burkina-Faso,69732.88271275257,2024-05
2024-06-01,Burkina-Faso,70106.79511056136,2024-06
2024-07-01,Burkina-Faso,70470.55468134617,2024-07
2024-08-01,Burkina-Faso,70848.42252576568,2024-08
2024-09-01,Burkina-Faso,71228.31652293059,2024-09
2024-10-01,Burkina-Faso,71597.89527496518,2024-10
2024-11-01,Burkina-Faso,71981.8079953184,2024-11
2024-12-01,Burkina-Faso,72355.29635032604,2024-12
2025-01-01,Burkina-Faso,72743.27030608463,2025-01
2025-02-01,Burkina-Faso,72743.2703060846,2025-02
2025-03-01,Burkina-Faso,72743.2703060846,2025-03
2025-04-01,Burkina-Faso,72743.2703060846,2025-04
2025-05-01,Burkina-Faso,72743.2703060846,2025-05
2025-06-01,Burkina-Faso,72743.2703060846,2025-06
2025-07-01,Burkina-Faso,72743.2703060846,2025-07
2025-08-01,Burkina-Faso,72743.2703060846,2025-08
2025-09-01,Burkina-Faso,72743.2703060846,2025-09
2025-10-01,Burkina-Faso,72743.2703060846,2025-10
2025-11-01,Burkina-Faso,72743.2703060846,2025-11
2025-12-01,Burkina-Faso,72743.2703060846,2025-12
2015-01-01,Burundi,8533.414427374784,2015-01
2015-02-01,Burundi,8535.907305813058,2015-02
2015-03-01,Burundi,8538.159563889738,2015-03
2015-04-01,Burundi,8540.653828531462,2015-04
2015-05-01,Burundi,8543.068326796034,2015-05
2015-06-01,Burundi,8545.564025441614,2015-06
2015-07-01,Burundi,8547.979911850718,2015-07
2015-08-01,Burundi,8550.477045324595,2015-08
2015-09-01,Burundi,8552.974908289609,2015-09
2015-10-01,Burundi,8555.39288980339,2015-10
2015-11-01,Burundi,8557.892188841011,2015-11
2015-12-01,Burundi,8560.311560501917,2015-12
2016-01-01,Burundi,8562.812296437773,2016-01
2016-02-01,Burundi,8579.319291316704,2016-02
2016-03-01,Burundi,8594.790125747313,2016-03
2016-04-01,Burundi,8611.358766011705,2016-04
2016-05-01,Burundi,8627.423344762212,2016-05
2016-06-01,Burundi,8644.054893842133,2016-06
2016-07-01,Burundi,8660.180467556922,2016-07
2016-08-01,Burundi,8676.875164308367,2016-08
2016-09-01,Burundi,8693.602044326739,2016-09
2016-10-01,Burundi,8709.820048762678,2016-10
2016-11-01,Burundi,8726.61043841085,2016-11
2016-12-01,Burundi,8742.890020346995,2016-12
2017-01-01,Burundi,8759.744160762166,2017-01
2017-02-01,Burundi,8774.541488918821,2017-02
2017-03-01,Burundi,8787.928301232576,2017-03
2017-04-01,Burundi,8802.77323922437,2017-04
2017-05-01,Burundi,8817.16318416742,2017-05
2017-06-01,Burundi,8832.057506952706,2017-06
2017-07-01,Burundi,8846.495323059631,2017-07
2017-08-01,Burundi,8861.43919492726,2017-08
2017-09-01,Burundi,8876.40831061159,2017-09
2017-10-01,Burundi,8890.918627236875,2017-10
2017-11-01,Burundi,8905.937540817782,2017-11
2017-12-01,Burundi,8920.49612904854,2017-12
2018-01-01,Burundi,8935.56500618915,2018-01
2018-02-01,Burundi,8985.297194734496,2018-02
2018-03-01,Burundi,9030.454456595864,2018-03
2018-04-01,Burundi,9080.714766198504,2018-04
2018-05-01,Burundi,9129.620100815708,2018-05
2018-06-01,Burundi,9180.43233125514,2018-06
2018-07-01,Burundi,9229.874707395162,2018-07
2018-08-01,Burundi,9281.24491945004,2018-08
2018-09-01,Burundi,9332.901039902386,2018-09
2018-10-01,Burundi,9383.164555501917,2018-10
2018-11-01,Burundi,9435.387924533756,2018-11
2018-12-01,Burundi,9486.203396175915,2018-12
2019-01-01,Burundi,9539.00024288358,2019-01
2019-02-01,Burundi,9571.87425574763,2019-02
2019-03-01,Burundi,9601.664279351977,2019-03
2019-04-01,Burundi,9634.754249684162,2019-04
2019-05-01,Burundi,9666.8853761254,2019-05
2019-06-01,Burundi,9700.200116257329,2019-06
2019-07-01,Burundi,9732.549499372211,2019-07
2019-08-01,Burundi,9766.090536094698,2019-08
2019-09-01,Burundi,9799.74716443524,2019-09
2019-10-01,Burundi,9832.428528907316,2019-10
2019-11-01,Burundi,9866.313776177887,2019-11
2019-12-01,Burundi,9899.21713491812,2019-12
2020-01-01,Burundi,9933.332554055476,2020-01
2020-02-01,Burundi,10008.929056092044,2020-02
2020-03-01,Burundi,10080.169119330643,2020-03
2020-04-01,Burundi,10156.883104411843,2020-04
2020-05-01,Burundi,10231.678276759474,2020-05
2020-06-01,Burundi,10309.545305118529,2020-06
2020-07-01,Burundi,10385.464680186187,2020-07
2020-08-01,Burundi,10464.502082545763,2020-08
2020-09-01,Burundi,10544.140990101703,2020-09
2020-10-01,Burundi,10621.787925141234,2020-10
2020-11-01,Burundi,10702.623838783034,2020-11
2020-12-01,Burundi,10781.437839728473,2020-12
2021-01-01,Burundi,10863.4887509582,2021-01
2021-02-01,Burundi,10943.881930205212,2021-02
2021-03-01,Burundi,11017.006361355738,2021-03
2021-04-01,Burundi,11098.535618436788,2021-04
2021-05-01,Burundi,11178.009315554178,2021-05
2021-06-01,Burundi,11260.73004433027,2021-06
2021-07-01,Burundi,11341.36517311045,2021-07
2021-08-01,Burundi,11425.294785794686,2021-08
2021-09-01,Burundi,11509.845503590876,2021-09
2021-10-01,Burundi,11592.264482712864,2021-10
2021-11-01,Burundi,11678.050827947063,2021-11
2021-12-01,Burundi,11761.674281196158,2021-12
2022-01-01,Burundi,11848.71431137521,2022-01
2022-02-01,Burundi,11911.855004864216,2022-02
2022-03-01,Burundi,11969.174462906554,2022-03
2022-04-01,Burundi,12032.957077308294,2022-04
2022-05-01,Burundi,12095.00579157972,2022-05
2022-06-01,Burundi,12159.458949396236,2022-06
2022-07-01,Burundi,12222.15997867764,2022-07
2022-08-01,Burundi,12287.290729298104,2022-08
2022-09-01,Burundi,12352.76855561415,2022-09
2022-10-01,Burundi,12416.466398267785,2022-10
2022-11-01,Burundi,12482.632589676155,2022-11
2022-12-01,Burundi,12547.00008454345,2022-12
2023-01-01,Burundi,12613.861877791694,2023-01
2023-02-01,Burundi,12677.6505388718,2023-02
2023-03-01,Burundi,12735.54332387667,2023-03
2023-04-01,Burundi,12799.94733151753,2023-04
2023-05-01,Burundi,12862.58387671784,2023-05
2023-06-01,Burundi,12927.63033207589,2023-06
2023-07-01,Burundi,12990.891694068696,2023-07
2023-08-01,Burundi,13056.587005736908,2023-08
2023-09-01,Burundi,13122.614540479342,2023-09
2023-10-01,Burundi,13186.830057740635,2023-10
2023-11-01,Burundi,13253.516235330342,2023-11
2023-12-01,Burundi,13318.372320065411,2023-12
2024-01-01,Burundi,13385.723710646203,2024-01
2024-02-01,Burundi,13461.98410013721,2024-02
2024-03-01,Burundi,13533.717741831077,2024-03
2024-04-01,Burundi,13610.821274562184,2024-04
2024-05-01,Burundi,13685.85581442376,2024-05
2024-06-01,Burundi,13763.826099593743,2024-06
2024-07-01,Burundi,13839.704133496662,2024-07
2024-08-01,Burundi,13918.550914625224,2024-08
2024-09-01,Burundi,13997.84689718425,2024-09
2024-10-01,Burundi,14075.015054769716,2024-10
2024-11-01,Burundi,14155.202435995492,2024-11
2024-12-01,Burundi,14233.23807249433,2024-12
2025-01-01,Burundi,14314.326872964888,2025-01
2025-02-01,Burundi,14314.3268729649,2025-02
2025-03-01,Burundi,14314.3268729649,2025-03
2025-04-01,Burundi,14314.3268729649,2025-04
2025-05-01,Burundi,14314.3268729649,2025-05
2025-06-01,Burundi,14314.3268729649,2025-06
2025-07-01,Burundi,14314.3268729649,2025-07
2025-08-01,Burundi,14314.3268729649,2025-08
2025-09-01,Burundi,14314.3268729649,2025-09
2025-10-01,Burundi,14314.3268729649,2025-10
2025-11-01,Burundi,14314.3268729649,2025-11
2025-12-01,Burundi,14314.3268729649,2025-12
2015-01-01,Cameroon,81774.73535427885,2015-01
2015-02-01,Cameroon,82145.56983863357,2015-02
2015-03-01,Cameroon,82481.9623358856,2015-03
2015-04-01,Cameroon,82856.00397403816,2015-04
2015-05-01,Cameroon,83219.59469690437,2015-05
2015-06-01,Cameroon,83596.98137206692,2015-06
2015-07-01,Cameroon,83963.82366989275,2015-07
2015-08-01,Cameroon,84344.58529657601,2015-08
2015-09-01,Cameroon,84727.07361232613,2015-09
2015-10-01,Cameroon,85098.87500828422,2015-10
2015-11-01,Cameroon,85484.78389929004,2015-11
2015-12-01,Cameroon,85859.91029787615,2015-12
2016-01-01,Cameroon,86249.27035418345,2016-01
2016-02-01,Cameroon,86634.01453481005,2016-02
2016-03-01,Cameroon,86995.49012356655,2016-03
2016-04-01,Cameroon,87383.56307106356,2016-04
2016-05-01,Cameroon,87760.76572495152,2016-05
2016-06-01,Cameroon,88152.2524443332,2016-06
2016-07-01,Cameroon,88532.77324709747,2016-07
2016-08-01,Cameroon,88927.70376838409,2016-08
2016-09-01,Cameroon,89324.39601147056,2016-09
2016-10-01,Cameroon,89709.97652625317,2016-10
2016-11-01,Cameroon,90110.15836281696,2016-11
2016-12-01,Cameroon,90499.1307242334,2016-12
2017-01-01,Cameroon,90902.83285127667,2017-01
2017-02-01,Cameroon,91602.60926803989,2017-02
2017-03-01,Cameroon,92239.29441873595,2017-03
2017-04-01,Cameroon,92949.35901087814,2017-04
2017-05-01,Cameroon,93641.72234489342,2017-05
2017-06-01,Cameroon,94362.58292609504,2017-06
2017-07-01,Cameroon,95065.4731150782,2017-07
2017-08-01,Cameroon,95797.29383009604,2017-08
2017-09-01,Cameroon,96534.7481525781,2017-09
2017-10-01,Cameroon,97253.81841611184,2017-10
2017-11-01,Cameroon,98002.48516755523,2017-11
2017-12-01,Cameroon,98732.48834449449,2017-12
2018-01-01,Cameroon,99492.5380013062,2018-01
2018-02-01,Cameroon,100201.98875985564,2018-02
2018-03-01,Cameroon,100847.13020669331,2018-03
2018-04-01,Cameroon,101566.24014659386,2018-04
2018-05-01,Cameroon,102267.034921195,2018-05
2018-06-01,Cameroon,102996.2697659076,2018-06
2018-07-01,Cameroon,103706.93157194844,2018-07
2018-08-01,Cameroon,104446.433877836,2018-08
2018-09-01,Cameroon,105191.20934774552,2018-09
2018-10-01,Cameroon,105917.0159714669,2018-10
2018-11-01,Cameroon,106672.27771102855,2018-11
2018-12-01,Cameroon,107408.3035273509,2018-12
2019-01-01,Cameroon,108174.199180862,2019-01
2019-02-01,Cameroon,108698.27474089364,2019-02
2019-03-01,Cameroon,109173.81530245813,2019-03
2019-04-01,Cameroon,109702.73373983674,2019-04
2019-05-01,Cameroon,110217.0299787027,2019-05
2019-06-01,Cameroon,110751.00251696512,2019-06
2019-07-01,Cameroon,111270.21313372324,2019-07
2019-08-01,Cameroon,111809.28806752882,2019-08
2019-09-01,Cameroon,112350.9746776858,2019-09
2019-10-01,Cameroon,112877.6861071994,2019-10
2019-11-01,Cameroon,113424.54882501625,2019-11
2019-12-01,Cameroon,113956.29326626338,2019-12
2020-01-01,Cameroon,114508.38155223992,2020-01
2020-02-01,Cameroon,115671.669401886,2020-02
2020-03-01,Cameroon,116770.60283978406,2020-03
2020-04-01,Cameroon,117956.87254020249,2020-04
2020-05-01,Cameroon,119116.3486543254,2020-05
2020-06-01,Cameroon,120326.44872914455,2020-06
2020-07-01,Cameroon,121509.21697481106,2020-07
2020-08-01,Cameroon,122743.6261404172,2020-08
2020-09-01,Cameroon,123990.57563856844,2020-09
2020-10-01,Cameroon,125209.36101099556,2020-10
2020-11-01,Cameroon,126481.35984943536,2020-11
2020-12-01,Cameroon,127724.62878721792,2020-12
2021-01-01,Cameroon,129022.18016952388,2021-01
2021-02-01,Cameroon,130182.30456098482,2021-02
2021-03-01,Cameroon,131239.12231080869,2021-03
2021-04-01,Cameroon,132419.18070624617,2021-04
2021-05-01,Cameroon,133571.27451873315,2021-05
2021-06-01,Cameroon,134772.30284862267,2021-06
2021-07-01,Cameroon,135944.86965789003,2021-07
2021-08-01,Cameroon,137167.24056324037,2021-08
2021-09-01,Cameroon,138400.60261988587,2021-09
2021-10-01,Cameroon,139604.73692333366,2021-10
2021-11-01,Cameroon,140860.0161338961,2021-11
2021-12-01,Cameroon,142085.54820673596,2021-12
2022-01-01,Cameroon,143363.134044552,2022-01
2022-02-01,Cameroon,144197.13500126582,2022-02
2022-03-01,Cameroon,144954.5955623609,2022-03
2022-04-01,Cameroon,145797.85469020272,2022-04
2022-05-01,Cameroon,146618.58238183876,2022-05
2022-06-01,Cameroon,147471.52158963034,2022-06
2022-07-01,Cameroon,148301.6707146194,2022-07
2022-08-01,Cameroon,149164.40112353902,2022-08
2022-09-01,Cameroon,150032.15038190846,2022-09
2022-10-01,Cameroon,150876.71384078637,2022-10
2022-11-01,Cameroon,151754.42431027116,2022-11
2022-12-01,Cameroon,152608.68282199214,2022-12
2023-01-01,Cameroon,153496.468850978,2023-01
2023-02-01,Cameroon,154261.35300108933,2023-02
2023-03-01,Cameroon,154955.49162153035,2023-03
2023-04-01,Cameroon,155727.64618900174,2023-04
2023-05-01,Cameroon,156478.55587411489,2023-05
2023-06-01,Cameroon,157258.2999823433,2023-06
2023-07-01,Cameroon,158016.59039134296,2023-07
2023-08-01,Cameroon,158803.99863825392,2023-08
2023-09-01,Cameroon,159595.33059814823,2023-09
2023-10-01,Cameroon,160364.8900333402,2023-10
2023-11-01,Cameroon,161164.00002941396,2023-11
2023-12-01,Cameroon,161941.12349769543,2023-12
2024-01-01,Cameroon,162748.08798060392,2024-01
2024-02-01,Cameroon,163595.06161287244,2024-02
2024-03-01,Cameroon,164391.38176950137,2024-03
2024-04-01,Cameroon,165246.90743163697,2024-04
2024-05-01,Cameroon,166079.07446302555,2024-05
2024-06-01,Cameroon,166943.38321581722,2024-06
2024-07-01,Cameroon,167784.0935309446,2024-07
2024-08-01,Cameroon,168657.27554431287,2024-08
2024-09-01,Cameroon,169535.00177169137,2024-09
2024-10-01,Cameroon,170388.76322074706,2024-10
2024-11-01,Cameroon,171275.50045664023,2024-11
2024-12-01,Cameroon,172138.0268843951,2024-12
2025-01-01,Cameroon,173033.86763859916,2025-01
2025-02-01,Cameroon,173033.867638599,2025-02
2025-03-01,Cameroon,173033.867638599,2025-03
2025-04-01,Cameroon,173033.867638599,2025-04
2025-05-01,Cameroon,173033.867638599,2025-05
2025-06-01,Cameroon,173033.867638599,2025-06
2025-07-01,Cameroon,173033.867638599,2025-07
2025-08-01,Cameroon,173033.867638599,2025-08
2025-09-01,Cameroon,173033.867638599,2025-09
2025-10-01,Cameroon,173033.867638599,2025-10
2025-11-01,Cameroon,173033.867638599,2025-11
2025-12-01,Cameroon,173033.867638599,2025-12
2015-01-01,Cape Verde,3633.002526682641,2015-01
2015-02-01,Cape Verde,3648.888821012733,2015-02
2015-03-01,Cape Verde,3663.297432109421,2015-03
2015-04-01,Cape Verde,3679.316199175432,2015-04
2015-05-01,Cape Verde,3694.88492221649,2015-05
2015-06-01,Cape Verde,3711.041814197445,2015-06
2015-07-01,Cape Verde,3726.744781561864,2015-07
2015-08-01,Cape Verde,3743.040989466536,2015-08
2015-09-01,Cape Verde,3759.4084569845286,2015-09
2015-10-01,Cape Verde,3775.316083808813,2015-10
2015-11-01,Cape Verde,3791.824682978789,2015-11
2015-12-01,Cape Verde,3807.869476389797,2015-12
2016-01-01,Cape Verde,3824.520424146703,2016-01
2016-02-01,Cape Verde,3844.741300990701,2016-02
2016-03-01,Cape Verde,3863.754381551149,2016-03
2016-04-01,Cape Verde,3884.182694866337,2016-04
2016-05-01,Cape Verde,3904.054862398058,2016-05
2016-06-01,Cape Verde,3924.696251071614,2016-06
2016-07-01,Cape Verde,3944.775693142012,2016-07
2016-08-01,Cape Verde,3965.632379633893,2016-08
2016-09-01,Cape Verde,3986.599338903052,2016-09
2016-10-01,Cape Verde,4006.995488149388,2016-10
2016-11-01,Cape Verde,4028.1811410664864,2016-11
2016-12-01,Cape Verde,4048.790030187277,2016-12
2017-01-01,Cape Verde,4070.196657813247,2017-01
2017-02-01,Cape Verde,4069.7048143799097,2017-02
2017-03-01,Cape Verde,4069.2606197835694,2017-03
2017-04-01,Cape Verde,4068.768889461261,2017-04
2017-05-01,Cape Verde,4068.293077984011,2017-05
2017-06-01,Cape Verde,4067.8014645796593,2017-06
2017-07-01,Cape Verde,4067.32576623536,2017-07
2017-08-01,Cape Verde,4066.8342697211738,2017-08
2017-09-01,Cape Verde,4066.342832599532,2017-09
2017-10-01,Cape Verde,4065.8673048311134,2017-10
2017-11-01,Cape Verde,4065.375984557708,2017-11
2017-12-01,Cape Verde,4064.900569854791,2017-12
2018-01-01,Cape Verde,4064.409366401853,2018-01
2018-02-01,Cape Verde,4095.163769985032,2018-02
2018-03-01,Cape Verde,4123.141912431214,2018-03
2018-04-01,Cape Verde,4154.34073099852,2018-04
2018-05-01,Cape Verde,4184.757891627983,2018-05
2018-06-01,Cape Verde,4216.422943421462,2018-06
2018-07-01,Cape Verde,4247.294656228943,2018-07
2018-08-01,Cape Verde,4279.432908609251,2018-08
2018-09-01,Cape Verde,4311.81434337969,2018-09
2018-10-01,Cape Verde,4343.384490842168,2018-10
2018-11-01,Cape Verde,4376.249831782599,2018-11
2018-12-01,Cape Verde,4408.291761587427,2018-12
2019-01-01,Cape Verde,4441.648240161898,2019-01
2019-02-01,Cape Verde,4356.407180348684,2019-02
2019-03-01,Cape Verde,4280.822210924653,2019-03
2019-04-01,Cape Verde,4198.667613711916,2019-04
2019-05-01,Cape Verde,4120.664661263904,2019-05
2019-06-01,Cape Verde,4041.583697651129,2019-06
2019-07-01,Cape Verde,3966.499054143512,2019-07
2019-08-01,Cape Verde,3890.376730888355,2019-08
2019-09-01,Cape Verde,3815.7152949342326,2019-09
2019-10-01,Cape Verde,3744.82684028879,2019-10
2019-11-01,Cape Verde,3672.9586977833073,2019-11
2019-12-01,Cape Verde,3604.722378787479,2019-12
2020-01-01,Cape Verde,3535.5430247985973,2020-01
2020-02-01,Cape Verde,3570.471529286084,2020-02
2020-03-01,Cape Verde,3603.45890754347,2020-03
2020-04-01,Cape Verde,3639.0583698438254,2020-04
2020-05-01,Cape Verde,3673.844288249878,2020-05
2020-06-01,Cape Verde,3710.1391051445953,2020-06
2020-07-01,Cape Verde,3745.604487413856,2020-07
2020-08-01,Cape Verde,3782.608241074705,2020-08
2020-09-01,Cape Verde,3819.9775639753375,2020-09
2020-10-01,Cape Verde,3856.492896885242,2020-10
2020-11-01,Cape Verde,3894.592144584961,2020-11
2020-12-01,Cape Verde,3931.820721540212,2020-12
2021-01-01,Cape Verde,3970.664151461173,2021-01
2021-02-01,Cape Verde,4044.103555966486,2021-02
2021-03-01,Cape Verde,4111.602714588986,2021-03
2021-04-01,Cape Verde,4187.648847780758,2021-04
2021-05-01,Cape Verde,4262.580800626173,2021-05
2021-06-01,Cape Verde,4341.419348464214,2021-06
2021-07-01,Cape Verde,4419.102803244253,2021-07
2021-08-01,Cape Verde,4500.836303217699,2021-08
2021-09-01,Cape Verde,4584.081504845375,2021-09
2021-10-01,Cape Verde,4666.107049881856,2021-10
2021-11-01,Cape Verde,4752.4090160089245,2021-11
2021-12-01,Cape Verde,4837.446539744561,2021-12
2022-01-01,Cape Verde,4926.917514788974,2022-01
2022-02-01,Cape Verde,4961.841503988043,2022-02
2022-03-01,Cape Verde,4993.598482882051,2022-03
2022-04-01,Cape Verde,5028.99513382195,2022-04
2022-05-01,Cape Verde,5063.488834892186,2022-05
2022-06-01,Cape Verde,5099.380896987517,2022-06
2022-07-01,Cape Verde,5134.357371536276,2022-07
2022-08-01,Cape Verde,5170.751778556378,2022-08
2022-09-01,Cape Verde,5207.4041638912895,2022-09
2022-10-01,Cape Verde,5243.121566235375,2022-10
2022-11-01,Cape Verde,5280.286937971146,2022-11
2022-12-01,Cape Verde,5316.504240703954,2022-12
2023-01-01,Cape Verde,5354.18977859287,2023-01
2023-02-01,Cape Verde,5397.316157191416,2023-02
2023-03-01,Cape Verde,5436.567509738878,2023-03
2023-04-01,Cape Verde,5480.357416036002,2023-04
2023-05-01,Cape Verde,5523.070546816251,2023-05
2023-06-01,Cape Verde,5567.557208902989,2023-06
2023-07-01,Cape Verde,5610.949962538828,2023-07
2023-08-01,Cape Verde,5656.144466728703,2023-08
2023-09-01,Cape Verde,5701.702998974886,2023-09
2023-10-01,Cape Verde,5746.141265930395,2023-10
2023-11-01,Cape Verde,5792.424695162963,2023-11
2023-12-01,Cape Verde,5837.57003419055,2023-12
2024-01-01,Cape Verde,5884.589894486983,2024-01
2024-02-01,Cape Verde,5921.883644077695,2024-02
2024-03-01,Cape Verde,5956.985285641645,2024-03
2024-04-01,Cape Verde,5994.737843006161,2024-04
2024-05-01,Cape Verde,6031.500365797334,2024-05
2024-06-01,Cape Verde,6069.725164522742,2024-06
2024-07-01,Cape Verde,6106.947544473393,2024-07
2024-08-01,Cape Verde,6145.650491759587,2024-08
2024-09-01,Cape Verde,6184.598720033989,2024-09
2024-10-01,Cape Verde,6222.525558096601,2024-10
2024-11-01,Cape Verde,6261.96098420894,2024-11
2024-12-01,Cape Verde,6300.362243684864,2024-12
2025-01-01,Cape Verde,6340.290961923476,2025-01
2025-02-01,Cape Verde,6340.29096192348,2025-02
2025-03-01,Cape Verde,6340.29096192348,2025-03
2025-04-01,Cape Verde,6340.29096192348,2025-04
2025-05-01,Cape Verde,6340.29096192348,2025-05
2025-06-01,Cape Verde,6340.29096192348,2025-06
2025-07-01,Cape Verde,6340.29096192348,2025-07
2025-08-01,Cape Verde,6340.29096192348,2025-08
2025-09-01,Cape Verde,6340.29096192348,2025-09
2025-10-01,Cape Verde,6340.29096192348,2025-10
2025-11-01,Cape Verde,6340.29096192348,2025-11
2025-12-01,Cape Verde,6340.29096192348,2025-12
2015-01-01,Central African Republic,3995.3765973556233,2015-01
2015-02-01,Central African Republic,4014.3765106282985,2015-02
2015-03-01,Central African Republic,4031.615371575064,2015-03
2015-04-01,Central African Republic,4050.787617430288,2015-04
2015-05-01,Central African Republic,4069.428208276289,2015-05
2015-06-01,Central African Republic,4088.7802721287503,2015-06
2015-07-01,Central African Republic,4107.595694537961,2015-07
2015-08-01,Central African Republic,4127.129262914742,2015-08
2015-09-01,Central African Republic,4146.755722686376,2015-09
2015-10-01,Central African Republic,4165.837931892384,2015-10
2015-11-01,Central African Republic,4185.648469769179,2015-11
2015-12-01,Central African Republic,4204.909652511631,2015-12
2016-01-01,Central African Republic,4224.905994976578,2016-01
2016-02-01,Central African Republic,4247.162094375422,2016-02
2016-03-01,Central African Republic,4268.088443857437,2016-03
2016-04-01,Central African Republic,4290.572021187314,2016-04
2016-05-01,Central African Republic,4312.443085850085,2016-05
2016-06-01,Central African Republic,4335.160316028608,2016-06
2016-07-01,Central African Republic,4357.258668212683,2016-07
2016-08-01,Central African Republic,4380.211979396764,2016-08
2016-09-01,Central African Republic,4403.286204791927,2016-09
2016-10-01,Central African Republic,4425.731826689915,2016-10
2016-11-01,Central African Republic,4449.045843040706,2016-11
2016-12-01,Central African Republic,4471.7247233485605,2016-12
2017-01-01,Central African Republic,4495.281022600059,2017-01
2017-02-01,Central African Republic,4515.479584822191,2017-02
2017-03-01,Central African Republic,4533.801444465692,2017-03
2017-04-01,Central African Republic,4554.173089779618,2017-04
2017-05-01,Central African Republic,4573.974735058421,2017-05
2017-06-01,Central African Republic,4594.526890268308,2017-06
2017-07-01,Central African Republic,4614.503994763786,2017-07
2017-08-01,Central African Republic,4635.238259338997,2017-08
2017-09-01,Central African Republic,4656.065688797783,2017-09
2017-10-01,Central African Republic,4676.310365349777,2017-10
2017-11-01,Central African Republic,4697.322343335057,2017-11
2017-12-01,Central African Republic,4717.746404733088,2017-12
2018-01-01,Central African Republic,4738.944566499874,2018-01
2018-02-01,Central African Republic,4788.640788252775,2018-02
2018-03-01,Central African Republic,4833.975489115743,2018-03
2018-04-01,Central African Republic,4884.668278297831,2018-04
2018-05-01,Central African Republic,4934.231916749145,2018-05
2018-06-01,Central African Republic,4985.97607202972,2018-06
2018-07-01,Central African Republic,5036.567658045689,2018-07
2018-08-01,Central African Republic,5089.384984708911,2018-08
2018-09-01,Central African Republic,5142.756194529335,2018-09
2018-10-01,Central African Republic,5194.938593445015,2018-10
2018-11-01,Central African Republic,5249.416719683833,2018-11
2018-12-01,Central African Republic,5302.681379134844,2018-12
2019-01-01,Central African Republic,5358.289379187289,2019-01
2019-02-01,Central African Republic,5386.816145761359,2019-02
2019-03-01,Central African Republic,5412.712772710677,2019-03
2019-04-01,Central African Republic,5441.52928165089,2019-04
2019-05-01,Central African Republic,5469.562288925044,2019-05
2019-06-01,Central African Republic,5498.681456561743,2019-06
2019-07-01,Central African Republic,5527.008893444218,2019-07
2019-08-01,Central African Republic,5556.43389859017,2019-08
2019-09-01,Central African Republic,5586.015558256593,2019-09
2019-10-01,Central African Republic,5614.792912318839,2019-10
2019-11-01,Central African Republic,5644.685267030708,2019-11
2019-12-01,Central African Republic,5673.764868547247,2019-12
2020-01-01,Central African Republic,5703.971181522779,2020-01
2020-02-01,Central African Republic,5738.35579913225,2020-02
2020-03-01,Central African Republic,5770.709679323995,2020-03
2020-04-01,Central African Republic,5805.496609226726,2020-04
2020-05-01,Central African Republic,5839.361031600086,2020-05
2020-06-01,Central African Republic,5874.561804844819,2020-06
2020-07-01,Central African Republic,5908.82909593263,2020-07
2020-08-01,Central African Republic,5944.448635814161,2020-08
2020-09-01,Central African Republic,5980.282897022175,2020-09
2020-10-01,Central African Republic,6015.166876734621,2020-10
2020-11-01,Central African Republic,6051.4274408804695,2020-11
2020-12-01,Central African Republic,6086.726418489738,2020-12
2021-01-01,Central African Republic,6123.418357094056,2021-01
2021-02-01,Central African Republic,6163.500159497446,2021-02
2021-03-01,Central African Republic,6199.928535805695,2021-03
2021-04-01,Central African Republic,6240.511147673025,2021-04
2021-05-01,Central African Republic,6280.037549821833,2021-05
2021-06-01,Central African Republic,6321.144527898255,2021-06
2021-07-01,Central African Republic,6361.181649015094,2021-07
2021-08-01,Central African Republic,6402.819768614175,2021-08
2021-09-01,Central African Republic,6444.730437104234,2021-09
2021-10-01,Central African Republic,6485.55033165607,2021-10
2021-11-01,Central African Republic,6528.002526118583,2021-11
2021-12-01,Central African Republic,6569.349852799016,2021-12
2022-01-01,Central African Republic,6612.350570268136,2022-01
2022-02-01,Central African Republic,6632.274638771971,2022-02
2022-03-01,Central African Republic,6650.3221674510605,2022-03
2022-04-01,Central African Republic,6670.360650442669,2022-04
2022-05-01,Central African Republic,6689.810217889073,2022-05
2022-06-01,Central African Republic,6709.967684684345,2022-06
2022-07-01,Central African Republic,6729.5327390922685,2022-07
2022-08-01,Central African Republic,6749.809896189073,2022-08
2022-09-01,Central African Republic,6770.148151599219,2022-09
2022-10-01,Central African Republic,6789.888681384195,2022-10
2022-11-01,Central African Republic,6810.34770057619,2022-11
2022-12-01,Central African Republic,6830.205444988697,2022-12
2023-01-01,Central African Republic,6850.785945029503,2023-01
2023-02-01,Central African Republic,6876.172004326517,2023-02
2023-03-01,Central African Republic,6899.182193545181,2023-03
2023-04-01,Central African Republic,6924.747588475279,2023-04
2023-05-01,Central African Republic,6949.57848935815,2023-05
2023-06-01,Central African Republic,6975.330631234395,2023-06
2023-07-01,Central African Republic,7000.342913821806,2023-07
2023-08-01,Central African Republic,7026.28316677025,2023-08
2023-09-01,Central African Republic,7052.319543113134,2023-09
2023-10-01,Central African Republic,7077.607894108169,2023-10
2023-11-01,Central African Republic,7103.834457764154,2023-11
2023-12-01,Central African Republic,7129.307531988942,2023-12
2024-01-01,Central African Republic,7155.725672214887,2024-01
2024-02-01,Central African Republic,7188.264798340796,2024-02
2024-03-01,Central African Republic,7218.838566388571,2024-03
2024-04-01,Central African Republic,7251.664684850095,2024-04
2024-05-01,Central African Republic,7283.574013984221,2024-05
2024-06-01,Central African Republic,7316.694502994676,2024-06
2024-07-01,Central African Republic,7348.889981304309,2024-07
2024-08-01,Central African Republic,7382.307480652502,2024-08
2024-09-01,Central African Republic,7415.876938904097,2024-09
2024-10-01,Central African Republic,7448.508847347954,2024-10
2024-11-01,Central African Republic,7482.379342100833,2024-11
2024-12-01,Central African Republic,7515.303879501506,2024-12
2025-01-01,Central African Republic,7549.478110321892,2025-01
2025-02-01,Central African Republic,7549.47811032189,2025-02
2025-03-01,Central African Republic,7549.47811032189,2025-03
2025-04-01,Central African Republic,7549.47811032189,2025-04
2025-05-01,Central African Republic,7549.47811032189,2025-05
2025-06-01,Central African Republic,7549.47811032189,2025-06
2025-07-01,Central African Republic,7549.47811032189,2025-07
2025-08-01,Central African Republic,7549.47811032189,2025-08
2025-09-01,Central African Republic,7549.47811032189,2025-09
2025-10-01,Central African Republic,7549.47811032189,2025-10
2025-11-01,Central African Republic,7549.47811032189,2025-11
2025-12-01,Central African Republic,7549.47811032189,2025-12
2015-01-01,Chad,33578.58918741432,2015-01
2015-02-01,Chad,33499.5929488979,2015-02
2015-03-01,Chad,33428.401257344914,2015-03
2015-04-01,Chad,33349.75834759641,2015-04
2015-05-01,Chad,33273.828467907464,2015-05
2015-06-01,Chad,33195.54920264904,2015-06
2015-07-01,Chad,33119.97042241036,2015-07
2015-08-01,Chad,33042.053120151395,2015-08
2015-09-01,Chad,32964.31912439645,2015-09
2015-10-01,Chad,32889.266802905666,2015-10
2015-11-01,Chad,32811.89224882623,2015-11
2015-12-01,Chad,32737.186968960246,2015-12
2016-01-01,Chad,32660.170194499515,2016-01
2016-02-01,Chad,32650.88395325413,2016-02
2016-03-01,Chad,32642.19921468893,2016-03
2016-04-01,Chad,32632.918083118515,2016-04
2016-05-01,Chad,32623.93885547821,2016-05
2016-06-01,Chad,32614.66291586178,2016-06
2016-07-01,Chad,32605.688711287567,2016-07
2016-08-01,Chad,32596.417960720635,2016-08
2016-09-01,Chad,32587.14984609919,2016-09
2016-10-01,Chad,32578.183211982385,2016-10
2016-11-01,Chad,32568.92028203312,2016-11
2016-12-01,Chad,32559.958663937352,2016-12
2017-01-01,Chad,32550.70091575992,2017-01
2017-02-01,Chad,32799.77783664765,2017-02
2017-03-01,Chad,33026.3883221718,2017-03
2017-04-01,Chad,33279.10518785829,2017-04
2017-05-01,Chad,33525.51096281765,2017-05
2017-06-01,Chad,33782.04709896468,2017-06
2017-07-01,Chad,34032.17676585755,2017-07
2017-08-01,Chad,34292.589892502234,2017-08
2017-09-01,Chad,34554.99569205154,2017-09
2017-10-01,Chad,34810.84843941819,2017-10
2017-11-01,Chad,35077.219936769936,2017-11
2017-12-01,Chad,35336.939346686435,2017-12
2018-01-01,Chad,35607.33647481119,2018-01
2018-02-01,Chad,35884.207755430274,2018-02
2018-03-01,Chad,36136.13500939941,2018-03
2018-04-01,Chad,36417.1180586021,2018-04
2018-05-01,Chad,36691.117218332925,2018-05
2018-06-01,Chad,36976.41563201155,2018-06
2018-07-01,Chad,37254.62289697758,2018-07
2018-08-01,Chad,37544.30295091159,2018-08
2018-09-01,Chad,37836.2354644632,2018-09
2018-10-01,Chad,38120.9119374328,2018-10
2018-11-01,Chad,38417.32797837848,2018-11
2018-12-01,Chad,38706.37653977872,2018-12
2019-01-01,Chad,39007.344966559926,2019-01
2019-02-01,Chad,38858.8419643808,2019-02
2019-03-01,Chad,38725.19621807537,2019-03
2019-04-01,Chad,38577.76737093678,2019-04
2019-05-01,Chad,38435.62871811952,2019-05
2019-06-01,Chad,38289.30226959614,2019-06
2019-07-01,Chad,38148.226457987344,2019-07
2019-08-01,Chad,38002.994164898,2019-08
2019-09-01,Chad,37858.31477874339,2019-09
2019-10-01,Chad,37718.826927908514,2019-10
2019-11-01,Chad,37575.22938128567,2019-11
2019-12-01,Chad,37436.78455029795,2019-12
2020-01-01,Chad,37294.26075375608,2020-01
2020-02-01,Chad,37794.97448122003,2020-02
2020-03-01,Chad,38269.46835900758,2020-03
2020-04-01,Chad,38783.275249473154,2020-04
2020-05-01,Chad,39287.07496036704,2020-05
2020-06-01,Chad,39814.54426387319,2020-06
2020-07-01,Chad,40331.74029129698,2020-07
2020-08-01,Chad,40873.23529905978,2020-08
2020-09-01,Chad,41422.000433063455,2020-09
2020-10-01,Chad,41960.07752192675,2020-10
2020-11-01,Chad,42523.43462824944,2020-11
2020-12-01,Chad,43075.81948832435,2020-12
2021-01-01,Chad,43654.15657568412,2021-01
2021-02-01,Chad,44080.13538719762,2021-02
2021-03-01,Chad,44468.46210753273,2021-03
2021-04-01,Chad,44902.386941369776,2021-04
2021-05-01,Chad,45326.34535171153,2021-05
2021-06-01,Chad,45768.64144073796,2021-06
2021-07-01,Chad,46200.77883454861,2021-07
2021-08-01,Chad,46651.60767658152,2021-08
2021-09-01,Chad,47106.83572247931,2021-09
2021-10-01,Chad,47551.608050845934,2021-10
2021-11-01,Chad,48015.61833238559,2021-11
2021-12-01,Chad,48468.97118523847,2021-12
2022-01-01,Chad,48941.93312885029,2022-01
2022-02-01,Chad,49296.16548623736,2022-02
2022-03-01,Chad,49618.32047701508,2022-03
2022-04-01,Chad,49977.44839674571,2022-04
2022-05-01,Chad,50327.4662317107,2022-05
2022-06-01,Chad,50691.726812870045,2022-06
2022-07-01,Chad,51046.74710780036,2022-07
2022-08-01,Chad,51416.21370645987,2022-08
2022-09-01,Chad,51788.35443374185,2022-09
2022-10-01,Chad,52151.05497722294,2022-10
2022-11-01,Chad,52528.51434516757,2022-11
2022-12-01,Chad,52896.398610067736,2022-12
2023-01-01,Chad,53279.25263276437,2023-01
2023-02-01,Chad,53546.61351114912,2023-02
2023-03-01,Chad,53789.25374216827,2023-03
2023-04-01,Chad,54059.17385961606,2023-04
2023-05-01,Chad,54321.67645947832,2023-05
2023-06-01,Chad,54594.26832996951,2023-06
2023-07-01,Chad,54859.36926198533,2023-07
2023-08-01,Chad,55134.65933136025,2023-08
2023-09-01,Chad,55411.33083517966,2023-09
2023-10-01,Chad,55680.3992904955,2023-10
2023-11-01,Chad,55959.809374674594,2023-11
2023-12-01,Chad,56231.541153018,2023-12
2024-01-01,Chad,56513.71692487471,2024-01
2024-02-01,Chad,56786.72647144949,2024-02
2024-03-01,Chad,57043.31635667989,2024-03
2024-04-01,Chad,57318.88432107977,2024-04
2024-05-01,Chad,57586.8304376342,2024-05
2024-06-01,Chad,57865.02403950535,2024-06
2024-07-01,Chad,58135.52317184812,2024-07
2024-08-01,Chad,58416.36742851119,2024-08
2024-09-01,Chad,58698.568402929566,2024-09
2024-10-01,Chad,58972.96406916002,2024-10
2024-11-01,Chad,59257.8538809927,2024-11
2024-12-01,Chad,59534.86401492725,2024-12
2025-01-01,Chad,59822.46828366988,2025-01
2025-02-01,Chad,59822.4682836699,2025-02
2025-03-01,Chad,59822.4682836699,2025-03
2025-04-01,Chad,59822.4682836699,2025-04
2025-05-01,Chad,59822.4682836699,2025-05
2025-06-01,Chad,59822.4682836699,2025-06
2025-07-01,Chad,59822.4682836699,2025-07
2025-08-01,Chad,59822.4682836699,2025-08
2025-09-01,Chad,59822.4682836699,2025-09
2025-10-01,Chad,59822.4682836699,2025-10
2025-11-01,Chad,59822.4682836699,2025-11
2025-12-01,Chad,59822.4682836699,2025-12
2015-01-01,Comoros,2298.026954760169,2015-01
2015-02-01,Comoros,2306.262928225395,2015-02
2015-03-01,Comoros,2313.727239709949,2015-03
2015-04-01,Comoros,2322.019481936504,2015-04
2015-05-01,Comoros,2330.072527679456,2015-05
2015-06-01,Comoros,2338.4233503146165,2015-06
2015-07-01,Comoros,2346.533286666557,2015-07
2015-08-01,Comoros,2354.943103550656,2015-08
2015-09-01,Comoros,2363.383060650715,2015-09
2015-10-01,Comoros,2371.579560311291,2015-10
2015-11-01,Comoros,2380.079141349247,2015-11
2015-12-01,Comoros,2388.333545046648,2015-12
2016-01-01,Comoros,2396.89317123483,2016-01
2016-02-01,Comoros,2408.125470172756,2016-02
2016-03-01,Comoros,2418.680752235434,2016-03
2016-04-01,Comoros,2430.0151519369106,2016-04
2016-05-01,Comoros,2441.0344960038656,2016-05
2016-06-01,Comoros,2452.473649615697,2016-06
2016-07-01,Comoros,2463.594835810242,2016-07
2016-08-01,Comoros,2475.139711480898,2016-08
2016-09-01,Comoros,2486.738688642721,2016-09
2016-10-01,Comoros,2498.0152558661484,2016-10
2016-11-01,Comoros,2509.7214321956226,2016-11
2016-12-01,Comoros,2521.1022188345587,2016-12
2017-01-01,Comoros,2532.9165850795207,2017-01
2017-02-01,Comoros,2532.4761836373336,2017-02
2017-03-01,Comoros,2532.0784675061886,2017-03
2017-04-01,Comoros,2531.6382117885746,2017-04
2017-05-01,Comoros,2531.212230752165,2017-05
2017-06-01,Comoros,2530.7721256482423,2017-06
2017-07-01,Comoros,2530.346290342083,2017-07
2017-08-01,Comoros,2529.906335800325,2017-08
2017-09-01,Comoros,2529.4664577540284,2017-09
2017-10-01,Comoros,2529.0408421434645,2017-10
2017-11-01,Comoros,2528.6011145816524,2017-11
2017-12-01,Comoros,2528.1756445763253,2017-12
2018-01-01,Comoros,2527.73606744752,2018-01
2018-02-01,Comoros,2532.985861247823,2018-02
2018-03-01,Comoros,2537.736981366133,2018-03
2018-04-01,Comoros,2543.007545822268,2018-04
2018-05-01,Comoros,2548.1185141803667,2018-05
2018-06-01,Comoros,2553.410639790494,2018-06
2018-07-01,Comoros,2558.5425164169083,2018-07
2018-08-01,Comoros,2563.856291384746,2018-08
2018-09-01,Comoros,2569.181102403078,2018-09
2018-10-01,Comoros,2574.344674702412,2018-10
2018-11-01,Comoros,2579.69126878996,2018-11
2018-12-01,Comoros,2584.8759645530986,2018-12
2019-01-01,Comoros,2590.244430821401,2019-01
2019-02-01,Comoros,2591.3191750826154,2019-02
2019-03-01,Comoros,2592.290295118396,2019-03
2019-04-01,Comoros,2593.365888249658,2019-04
2019-05-01,Comoros,2594.4072097492776,2019-05
2019-06-01,Comoros,2595.483681230793,2019-06
2019-07-01,Comoros,2596.5258530937854,2019-07
2019-08-01,Comoros,2597.6032036428314,2019-08
2019-09-01,Comoros,2598.6810012061846,2019-09
2019-10-01,Comoros,2599.72445689806,2019-10
2019-11-01,Comoros,2600.803134611848,2019-11
2019-12-01,Comoros,2601.847442409919,2019-12
2020-01-01,Comoros,2602.9270009928905,2020-01
2020-02-01,Comoros,2616.17396143283,2020-02
2020-03-01,Comoros,2628.627305823029,2020-03
2020-04-01,Comoros,2642.0050616795315,2020-04
2020-05-01,Comoros,2655.0160973918364,2020-05
2020-06-01,Comoros,2668.528152549793,2020-06
2020-07-01,Comoros,2681.66980605974,2020-07
2020-08-01,Comoros,2695.3175087499426,2020-08
2020-09-01,Comoros,2709.0346680855187,2020-09
2020-10-01,Comoros,2722.375803317836,2020-10
2020-11-01,Comoros,2736.2306692266543,2020-11
2020-12-01,Comoros,2749.705736125951,2020-12
2021-01-01,Comoros,2763.69969104441,2021-01
2021-02-01,Comoros,2785.9481362111023,2021-02
2021-03-01,Comoros,2806.197410991423,2021-03
2021-04-01,Comoros,2828.787972993393,2021-04
2021-05-01,Comoros,2850.822946641547,2021-05
2021-06-01,Comoros,2873.7727549053866,2021-06
2021-07-01,Comoros,2896.1581395753174,2021-07
2021-08-01,Comoros,2919.4729070123176,2021-08
2021-09-01,Comoros,2942.975363917381,2021-09
2021-10-01,Comoros,2965.899805483948,2021-10
2021-11-01,Comoros,2989.7760100535097,2021-11
2021-12-01,Comoros,3013.0650073995025,2021-12
2022-01-01,Comoros,3037.3209031533115,2022-01
2022-02-01,Comoros,3054.354376176621,2022-02
2022-03-01,Comoros,3069.8215392815746,2022-03
2022-04-01,Comoros,3087.03727777053,2022-04
2022-05-01,Comoros,3103.7895897982166,2022-05
2022-06-01,Comoros,3121.195823098415,2022-06
2022-07-01,Comoros,3138.1335020518154,2022-07
2022-08-01,Comoros,3155.7323380178245,2022-08
2022-09-01,Comoros,3173.4298692838183,2022-09
2022-10-01,Comoros,3190.651004820807,2022-10
2022-11-01,Comoros,3208.544362009699,2022-11
2022-12-01,Comoros,3225.956052077102,2022-12
2023-01-01,Comoros,3244.0474020330416,2023-01
2023-02-01,Comoros,3259.891307231573,2023-02
2023-03-01,Comoros,3274.2684318877577,2023-03
2023-04-01,Comoros,3290.2599363882355,2023-04
2023-05-01,Comoros,3305.8099458901443,2023-05
2023-06-01,Comoros,3321.9554989280628,2023-06
2023-07-01,Comoros,3337.655303980533,2023-07
2023-08-01,Comoros,3353.956389528329,2023-08
2023-09-01,Comoros,3370.3370894658246,2023-09
2023-10-01,Comoros,3386.265549459584,2023-10
2023-11-01,Comoros,3402.804047111951,2023-11
2023-12-01,Comoros,3418.8859483260567,2023-12
2024-01-01,Comoros,3435.58376378212,2024-01
2024-02-01,Comoros,3453.409309122654,2024-02
2024-03-01,Comoros,3470.168539927493,2024-03
2024-04-01,Comoros,3488.173528570144,2024-04
2024-05-01,Comoros,3505.686653486549,2024-05
2024-06-01,Comoros,3523.875928057644,2024-06
2024-07-01,Comoros,3541.5683045442247,2024-07
2024-08-01,Comoros,3559.9437512600844,2024-08
2024-09-01,Comoros,3578.414539082757,2024-09
2024-10-01,Comoros,3596.3807383880207,2024-10
2024-11-01,Comoros,3615.040579719727,2024-11
2024-12-01,Comoros,3633.190667934076,2024-12
2025-01-01,Comoros,3652.041497788612,2025-01
2025-02-01,Comoros,3652.04149778861,2025-02
2025-03-01,Comoros,3652.04149778861,2025-03
2025-04-01,Comoros,3652.04149778861,2025-04
2025-05-01,Comoros,3652.04149778861,2025-05
2025-06-01,Comoros,3652.04149778861,2025-06
2025-07-01,Comoros,3652.04149778861,2025-07
2025-08-01,Comoros,3652.04149778861,2025-08
2025-09-01,Comoros,3652.04149778861,2025-09
2025-10-01,Comoros,3652.04149778861,2025-10
2025-11-01,Comoros,3652.04149778861,2025-11
2025-12-01,Comoros,3652.04149778861,2025-12
2015-01-01,Congo,25805.173834009784,2015-01
2015-02-01,Congo,25713.79530886233,2015-02
2015-03-01,Congo,25631.53802239722,2015-03
2015-04-01,Congo,25540.77435783857,2015-04
2015-05-01,Congo,25453.24458316805,2015-05
2015-06-01,Congo,25363.11227229161,2015-06
2015-07-01,Congo,25276.191356307107,2015-07
2015-08-01,Congo,25186.68600740533,2015-08
2015-09-01,Congo,25097.497605284327,2015-09
2015-10-01,Congo,25011.48696678897,2015-10
2015-11-01,Congo,24922.91896079636,2015-11
2015-12-01,Congo,24837.50661384844,2015-12
2016-01-01,Congo,24749.554688497617,2016-01
2016-02-01,Congo,24666.2147190316,2016-02
2016-03-01,Congo,24588.50559953436,2016-03
2016-04-01,Congo,24505.70793583204,2016-04
2016-05-01,Congo,24425.84663574512,2016-05
2016-06-01,Congo,24343.596698789665,2016-06
2016-07-01,Congo,24264.26370068785,2016-07
2016-08-01,Congo,24182.55786713317,2016-08
2016-09-01,Congo,24101.127164252903,2016-09
2016-10-01,Congo,24022.58434663925,2016-10
2016-11-01,Congo,23941.69232772652,2016-11
2016-12-01,Congo,23863.66909001472,2016-12
2017-01-01,Congo,23783.31219154361,2017-01
2017-02-01,Congo,24302.450031144694,2017-02
2017-03-01,Congo,24781.081699897928,2017-03
2017-04-01,Congo,25321.99867197709,2017-04
2017-05-01,Congo,25856.705958359667,2017-05
2017-06-01,Congo,26421.101462329723,2017-06
2017-07-01,Congo,26979.01774884295,2017-07
2017-08-01,Congo,27567.91087171394,2017-08
2017-09-01,Congo,28169.658247226485,2017-09
2017-10-01,Congo,28764.49760863789,2017-10
2017-11-01,Congo,29392.363863156817,2017-11
2017-12-01,Congo,30013.02226083025,2017-12
2018-01-01,Congo,30668.14108578209,2018-01
2018-02-01,Congo,30789.268062902567,2018-02
2018-03-01,Congo,30899.084220135563,2018-03
2018-04-01,Congo,31021.12333091529,2018-04
2018-05-01,Congo,31139.68461064564,2018-05
2018-06-01,Congo,31262.67399741096,2018-06
2018-07-01,Congo,31382.15847246966,2018-07
2018-08-01,Congo,31506.105534688188,2018-08
2018-09-01,Congo,31630.54213857563,2018-09
2018-10-01,Congo,31751.432588431675,2018-10
2018-11-01,Congo,31876.838136747232,2018-11
2018-12-01,Congo,31998.669918366933,2018-12
2019-01-01,Congo,32125.051955942883,2019-01
2019-02-01,Congo,31698.44829384921,2019-02
2019-03-01,Congo,31318.00019954852,2019-03
2019-04-01,Congo,30902.113757002,2019-04
2019-05-01,Congo,30504.90215462816,2019-05
2019-06-01,Congo,30099.813223135618,2019-06
2019-07-01,Congo,29712.91428361548,2019-07
2019-08-01,Congo,29318.34253125693,2019-08
2019-09-01,Congo,28929.01048262693,2019-09
2019-10-01,Congo,28557.160883623696,2019-10
2019-11-01,Congo,28177.93692381004,2019-11
2019-12-01,Congo,27815.74152303229,2019-12
2020-01-01,Congo,27446.36321933802,2020-01
2020-02-01,Congo,27899.90408342488,2020-02
2020-03-01,Congo,28330.966753081764,2020-03
2020-04-01,Congo,28799.12535897515,2020-04
2020-05-01,Congo,29259.546612012466,2020-05
2020-06-01,Congo,29743.04965200182,2020-06
2020-07-01,Congo,30218.56173854017,2020-07
2020-08-01,Congo,30717.912144014044,2020-08
2020-09-01,Congo,31225.51412775972,2020-09
2020-10-01,Congo,31724.72686989109,2020-10
2020-11-01,Congo,32248.966089583133,2020-11
2020-12-01,Congo,32764.541100665767,2020-12
2021-01-01,Congo,33305.96286075292,2021-01
2021-02-01,Congo,33551.64602674565,2021-02
2021-03-01,Congo,33775.11073847202,2021-03
2021-04-01,Congo,34024.25459816692,2021-04
2021-05-01,Congo,34267.11127256221,2021-05
2021-06-01,Congo,34519.88439976667,2021-06
2021-07-01,Congo,34766.27875652324,2021-07
2021-08-01,Congo,35022.73401861546,2021-08
2021-09-01,Congo,35281.08103627673,2021-09
2021-10-01,Congo,35532.9086254696,2021-10
2021-11-01,Congo,35795.01897263277,2021-11
2021-12-01,Congo,36050.5149231033,2021-12
2022-01-01,Congo,36316.443420021584,2022-01
2022-02-01,Congo,36489.29947548192,2022-02
2022-03-01,Congo,36646.13458505026,2022-03
2022-04-01,Congo,36820.55987771943,2022-04
2022-05-01,Congo,36990.14898321212,2022-05
2022-06-01,Congo,37166.21168765094,2022-06
2022-07-01,Congo,37337.39280536325,2022-07
2022-08-01,Congo,37515.10829272152,2022-08
2022-09-01,Congo,37693.669655811165,2022-09
2022-10-01,Congo,37867.28015334021,2022-10
2022-11-01,Congo,38047.51775542624,2022-11
2022-12-01,Congo,38222.75801586196,2022-12
2023-01-01,Congo,38404.68759258351,2023-01
2023-02-01,Congo,38553.13501401472,2023-02
2023-03-01,Congo,38687.70968847074,2023-03
2023-04-01,Congo,38837.251088345045,2023-04
2023-05-01,Congo,38982.51891013954,2023-05
2023-06-01,Congo,39133.19984978142,2023-06
2023-07-01,Congo,39279.57464569823,2023-07
2023-08-01,Congo,39431.40380866197,2023-08
2023-09-01,Congo,39583.81984393624,2023-09
2023-10-01,Congo,39731.88015010863,2023-10
2023-11-01,Congo,39885.457630531455,2023-11
2023-12-01,Congo,40034.64619019763,2023-12
2024-01-01,Congo,40189.39396624758,2024-01
2024-02-01,Congo,40360.71663143005,2024-02
2024-03-01,Congo,40521.64733228341,2024-03
2024-04-01,Congo,40694.38635453344,2024-04
2024-05-01,Congo,40862.25423682055,2024-05
2024-06-01,Congo,41036.44522629142,2024-06
2024-07-01,Congo,41205.72413116829,2024-07
2024-08-01,Congo,41381.379292449245,2024-08
2024-09-01,Congo,41557.78325104745,2024-09
2024-10-01,Congo,41729.212720609234,2024-10
2024-11-01,Congo,41907.09945224962,2024-11
2024-12-01,Congo,42079.96988151611,2024-12
2025-01-01,Congo,42259.35184972776,2025-01
2025-02-01,Congo,42259.3518497278,2025-02
2025-03-01,Congo,42259.3518497278,2025-03
2025-04-01,Congo,42259.3518497278,2025-04
2025-05-01,Congo,42259.3518497278,2025-05
2025-06-01,Congo,42259.3518497278,2025-06
2025-07-01,Congo,42259.3518497278,2025-07
2025-08-01,Congo,42259.3518497278,2025-08
2025-09-01,Congo,42259.3518497278,2025-09
2025-10-01,Congo,42259.3518497278,2025-10
2025-11-01,Congo,42259.3518497278,2025-11
2025-12-01,Congo,42259.3518497278,2025-12
2015-01-01,Congo DRC,84883.20526080347,2015-01
2015-02-01,Congo DRC,84979.77746647375,2015-02
2015-03-01,Congo DRC,85067.09840770578,2015-03
2015-04-01,Congo DRC,85163.87982987225,2015-04
2015-05-01,Congo DRC,85257.6441077246,2015-05
2015-06-01,Congo DRC,85354.64231504295,2015-06
2015-07-01,Congo DRC,85448.61661980678,2015-07
2015-08-01,Congo DRC,85545.83209786388,2015-08
2015-09-01,Congo DRC,85643.15817863811,2015-09
2015-10-01,Congo DRC,85737.45013545896,2015-10
2015-11-01,Congo DRC,85834.99422139075,2015-11
2015-12-01,Congo DRC,85929.49738709543,2015-12
2016-01-01,Congo DRC,86027.25996650454,2016-01
2016-02-01,Congo DRC,86419.29180023588,2016-02
2016-03-01,Congo DRC,86787.64844343887,2016-03
2016-04-01,Congo DRC,87183.14541704653,2016-04
2016-05-01,Congo DRC,87567.60037466904,2016-05
2016-06-01,Congo DRC,87966.65164009003,2016-06
2016-07-01,Congo DRC,88354.56165603055,2016-07
2016-08-01,Congo DRC,88757.19915533053,2016-08
2016-09-01,Congo DRC,89161.67149997187,2016-09
2016-10-01,Congo DRC,89554.8512421581,2016-10
2016-11-01,Congo DRC,89962.95853937627,2016-11
2016-12-01,Congo DRC,90359.6717486484,2016-12
2017-01-01,Congo DRC,90771.44666539897,2017-01
2017-02-01,Congo DRC,91303.22883749678,2017-02
2017-03-01,Congo DRC,91786.22549384896,2017-03
2017-04-01,Congo DRC,92323.95272146168,2017-04
2017-05-01,Congo DRC,92847.3331889289,2017-05
2017-06-01,Congo DRC,93391.27688852316,2017-06
2017-07-01,Congo DRC,93920.70797021376,2017-07
2017-08-01,Congo DRC,94470.94000819672,2017-08
2017-09-01,Congo DRC,95024.39556634011,2017-09
2017-10-01,Congo DRC,95563.08472669646,2017-10
2017-11-01,Congo DRC,96122.9385864202,2017-11
2017-12-01,Congo DRC,96667.85533931816,2017-12
2018-01-01,Congo DRC,97234.18146909632,2018-01
2018-02-01,Congo DRC,98000.4489686496,2018-02
2018-03-01,Congo DRC,98697.7506045452,2018-03
2018-04-01,Congo DRC,99475.55196436137,2018-04
2018-05-01,Congo DRC,100234.09863303088,2018-05
2018-06-01,Congo DRC,101024.00739730548,2018-06
2018-07-01,Congo DRC,101794.36174823526,2018-07
2018-08-01,Congo DRC,102596.56638313756,2018-08
2018-09-01,Congo DRC,103405.09290331138,2018-09
2018-10-01,Congo DRC,104193.60412236316,2018-10
2018-11-01,Congo DRC,105014.71632070732,2018-11
2018-12-01,Congo DRC,105815.5016559312,2018-12
2019-01-01,Congo DRC,106649.3954435149,2019-01
2019-02-01,Congo DRC,107430.7383146236,2019-02
2019-03-01,Congo DRC,108141.38638558389,2019-03
2019-04-01,Congo DRC,108933.65999363204,2019-04
2019-05-01,Congo DRC,109705.90253003256,2019-05
2019-06-01,Congo DRC,110509.63821464586,2019-06
2019-07-01,Congo DRC,111293.05303166911,2019-07
2019-08-01,Congo DRC,112108.41661838794,2019-08
2019-09-01,Congo DRC,112929.75378351472,2019-09
2019-10-01,Congo DRC,113730.32506241942,2019-10
2019-11-01,Congo DRC,114563.54477591944,2019-11
2019-12-01,Congo DRC,115375.69817645666,2019-12
2020-01-01,Congo DRC,116220.97234697091,2020-01
2020-02-01,Congo DRC,117768.5982685064,2020-02
2020-03-01,Congo DRC,119235.02909851389,2020-03
2020-04-01,Congo DRC,120822.79091173456,2020-04
2020-05-01,Congo DRC,122379.46269229735,2020-05
2020-06-01,Congo DRC,124009.09652603242,2020-06
2020-07-01,Congo DRC,125606.82042926677,2020-07
2020-08-01,Congo DRC,127279.43052099478,2020-08
2020-09-01,Congo DRC,128974.31348380884,2020-09
2020-10-01,Congo DRC,130636.00887010708,2020-10
2020-11-01,Congo DRC,132375.58882311042,2020-11
2020-12-01,Congo DRC,134081.1059859018,2020-12
2021-01-01,Congo DRC,135866.561665901,2021-01
2021-02-01,Congo DRC,137689.1906720876,2021-02
2021-03-01,Congo DRC,139356.44270880136,2021-03
2021-04-01,Congo DRC,141225.8879318626,2021-04
2021-05-01,Congo DRC,143058.90293866873,2021-05
2021-06-01,Congo DRC,144978.01609566802,2021-06
2021-07-01,Congo DRC,146859.73114842488,2021-07
2021-08-01,Congo DRC,148829.831830667,2021-08
2021-09-01,Congo DRC,150826.36111023708,2021-09
2021-10-01,Congo DRC,152783.98366362057,2021-10
2021-11-01,Congo DRC,154833.55728123235,2021-11
2021-12-01,Congo DRC,156843.19048807502,2021-12
2022-01-01,Congo DRC,158947.21774026507,2022-01
2022-02-01,Congo DRC,160544.85692739804,2022-02
2022-03-01,Congo DRC,162001.68401506406,2022-03
2022-04-01,Congo DRC,163630.0248092196,2022-04
2022-05-01,Congo DRC,165221.42043664373,2022-05
2022-06-01,Congo DRC,166882.12403118354,2022-06
2022-07-01,Congo DRC,168505.14818453262,2022-07
2022-08-01,Congo DRC,170198.85778071554,2022-08
2022-09-01,Congo DRC,171909.59149887398,2022-09
2022-10-01,Congo DRC,173581.5106502803,2022-10
2022-11-01,Congo DRC,175326.24470425912,2022-11
2022-12-01,Congo DRC,177031.39276324378,2022-12
2023-01-01,Congo DRC,178810.8028998431,2023-01
2023-02-01,Congo DRC,180139.05630950918,2023-02
2023-03-01,Congo DRC,181347.24760359107,2023-03
2023-04-01,Congo DRC,182694.34238789225,2023-04
2023-05-01,Congo DRC,184007.5093319025,2023-05
2023-06-01,Congo DRC,185374.36523607973,2023-06
2023-07-01,Congo DRC,186706.7955977056,2023-07
2023-08-01,Congo DRC,188093.7025062297,2023-08
2023-09-01,Congo DRC,189490.91172199816,2023-09
2023-10-01,Congo DRC,190852.9309187144,2023-10
2023-11-01,Congo DRC,192270.63640477243,2023-11
2023-12-01,Congo DRC,193652.6356540681,2023-12
2024-01-01,Congo DRC,195091.138079128,2024-01
2024-02-01,Congo DRC,196342.48360352824,2024-02
2024-03-01,Congo DRC,197520.362449442,2024-03
2024-04-01,Congo DRC,198787.28940451864,2024-04
2024-05-01,Congo DRC,200021.08450734869,2024-05
2024-06-01,Congo DRC,201304.051490618,2024-06
2024-07-01,Congo DRC,202553.46715322425,2024-07
2024-08-01,Congo DRC,203852.6772407226,2024-08
2024-09-01,Congo DRC,205160.22066793207,2024-09
2024-10-01,Congo DRC,206433.5700672521,2024-10
2024-11-01,Congo DRC,207757.66775068897,2024-11
2024-12-01,Congo DRC,209047.13849006128,2024-12
2025-01-01,Congo DRC,210388.00001618607,2025-01
2025-02-01,Congo DRC,210388.000016186,2025-02
2025-03-01,Congo DRC,210388.000016186,2025-03
2025-04-01,Congo DRC,210388.000016186,2025-04
2025-05-01,Congo DRC,210388.000016186,2025-05
2025-06-01,Congo DRC,210388.000016186,2025-06
2025-07-01,Congo DRC,210388.000016186,2025-07
2025-08-01,Congo DRC,210388.000016186,2025-08
2025-09-01,Congo DRC,210388.000016186,2025-09
2025-10-01,Congo DRC,210388.000016186,2025-10
2025-11-01,Congo DRC,210388.000016186,2025-11
2025-12-01,Congo DRC,210388.000016186,2025-12
2015-01-01,Djibouti,4249.591377596123,2015-01
2015-02-01,Djibouti,4277.934630160033,2015-02
2015-03-01,Djibouti,4303.697435768696,2015-03
2015-04-01,Djibouti,4332.401556363378,2015-04
2015-05-01,Djibouti,4360.362006820035,2015-05
2015-06-01,Djibouti,4389.444059810101,2015-06
2015-07-01,Djibouti,4417.77265113985,2015-07
2015-08-01,Djibouti,4447.237612566804,2015-08
2015-09-01,Djibouti,4476.899094734062,2015-09
2015-10-01,Djibouti,4505.792103313543,2015-10
2015-11-01,Djibouti,4535.8441229637065,2015-11
2015-12-01,Djibouti,4565.117550929535,2015-12
2016-01-01,Djibouti,4595.565250068817,2016-01
2016-02-01,Djibouti,4623.243128242428,2016-02
2016-03-01,Djibouti,4649.286228903708,2016-03
2016-04-01,Djibouti,4677.287654372733,2016-04
2016-05-01,Djibouti,4704.546370367387,2016-05
2016-06-01,Djibouti,4732.880613102638,2016-06
2016-07-01,Djibouti,4760.463318722325,2016-07
2016-08-01,Djibouti,4789.134334498583,2016-08
2016-09-01,Djibouti,4817.978028245584,2016-09
2016-10-01,Djibouti,4846.056672204461,2016-10
2016-11-01,Djibouti,4875.243194187524,2016-11
2016-12-01,Djibouti,4903.655573210435,2016-12
2017-01-01,Djibouti,4933.188998191972,2017-01
2017-02-01,Djibouti,4974.992686834793,2017-02
2017-03-01,Djibouti,5013.055253723488,2017-03
2017-04-01,Djibouti,5055.5357265074745,2017-04
2017-05-01,Djibouti,5096.988577483541,2017-05
2017-06-01,Djibouti,5140.180298617118,2017-06
2017-07-01,Djibouti,5182.327192524223,2017-07
2017-08-01,Djibouti,5226.242070401586,2017-08
2017-09-01,Djibouti,5270.529081574917,2017-09
2017-10-01,Djibouti,5313.744769961414,2017-10
2017-11-01,Djibouti,5358.773276262783,2017-11
2017-12-01,Djibouti,5402.712522675528,2017-12
2018-01-01,Djibouti,5448.494938919336,2018-01
2018-02-01,Djibouti,5483.629386422243,2018-02
2018-03-01,Djibouti,5515.558421719424,2018-03
2018-04-01,Djibouti,5551.125325972721,2018-04
2018-05-01,Djibouti,5585.763269325648,2018-05
2018-06-01,Djibouti,5621.782887321057,2018-06
2018-07-01,Djibouti,5656.861720126783,2018-07
2018-08-01,Djibouti,5693.339814236278,2018-08
2018-09-01,Djibouti,5730.053136183353,2018-09
2018-10-01,Djibouti,5765.807554303168,2018-10
2018-11-01,Djibouti,5802.988182182895,2018-11
2018-12-01,Djibouti,5839.197700817197,2018-12
2019-01-01,Djibouti,5876.851582738423,2019-01
2019-02-01,Djibouti,5896.169537059036,2019-02
2019-03-01,Djibouti,5913.672586231841,2019-03
2019-04-01,Djibouti,5933.111575847205,2019-04
2019-05-01,Djibouti,5951.984338936804,2019-05
2019-06-01,Djibouti,5971.549264128104,2019-06
2019-07-01,Djibouti,5990.544294492702,2019-07
2019-08-01,Djibouti,6010.235971134073,2019-08
2019-09-01,Djibouti,6029.992376806725,2019-09
2019-10-01,Djibouti,6049.173310133991,2019-10
2019-11-01,Djibouti,6069.057707763817,2019-11
2019-12-01,Djibouti,6088.362904848273,2019-12
2020-01-01,Djibouti,6108.376123631718,2020-01
2020-02-01,Djibouti,6155.050130278948,2020-02
2020-03-01,Djibouti,6199.035722219278,2020-03
2020-04-01,Djibouti,6246.4024574446885,2020-04
2020-05-01,Djibouti,6292.585809336284,2020-05
2020-06-01,Djibouti,6340.667359317626,2020-06
2020-07-01,Djibouti,6387.547667443451,2020-07
2020-08-01,Djibouti,6436.354819500831,2020-08
2020-09-01,Djibouti,6485.534906245518,2020-09
2020-10-01,Djibouti,6533.4863059225245,2020-10
2020-11-01,Djibouti,6583.408572839336,2020-11
2020-12-01,Djibouti,6632.083610484919,2020-12
2021-01-01,Djibouti,6682.759257867406,2021-01
2021-02-01,Djibouti,6750.691339841622,2021-02
2021-03-01,Djibouti,6812.642696235786,2021-03
2021-04-01,Djibouti,6881.895079008202,2021-04
2021-05-01,Djibouti,6949.58371358472,2021-05
2021-06-01,Djibouti,7020.228139382661,2021-06
2021-07-01,Djibouti,7089.277384062348,2021-07
2021-08-01,Djibouti,7161.34183436036,2021-08
2021-09-01,Djibouti,7234.1388395741,2021-09
2021-10-01,Djibouti,7305.292057512757,2021-10
2021-11-01,Djibouti,7379.552356252729,2021-11
2021-12-01,Djibouti,7452.135825928739,2021-12
2022-01-01,Djibouti,7527.888831876694,2022-01
2022-02-01,Djibouti,7596.909797520124,2022-02
2022-03-01,Djibouti,7659.795087548446,2022-03
2022-04-01,Djibouti,7730.025462276441,2022-04
2022-05-01,Djibouti,7798.603379628346,2022-05
2022-06-01,Djibouti,7870.10644615248,2022-06
2022-07-01,Djibouti,7939.927110010421,2022-07
2022-08-01,Djibouti,8012.725931633647,2022-08
2022-09-01,Djibouti,8086.192223922083,2022-09
2022-10-01,Djibouti,8157.929920612712,2022-10
2022-11-01,Djibouti,8232.727544933068,2022-11
2022-12-01,Djibouti,8305.765248613645,2022-12
2023-01-01,Djibouti,8381.918330927965,2023-01
2023-02-01,Djibouti,8444.5244341087,2023-02
2023-03-01,Djibouti,8501.473711943165,2023-03
2023-04-01,Djibouti,8564.972796446807,2023-04
2023-05-01,Djibouti,8626.875071053859,2023-05
2023-06-01,Djibouti,8691.310801575457,2023-06
2023-07-01,Djibouti,8754.126168386361,2023-07
2023-08-01,Djibouti,8819.51236096389,2023-08
2023-09-01,Djibouti,8885.386935145425,2023-09
2023-10-01,Djibouti,8949.604963050599,2023-10
2023-11-01,Djibouti,9016.45122301428,2023-11
2023-12-01,Djibouti,9081.616501743423,2023-12
2024-01-01,Djibouti,9149.4487803828,2024-01
2024-02-01,Djibouti,9213.50706045354,2024-02
2024-03-01,Djibouti,9273.838511033411,2024-03
2024-04-01,Djibouti,9338.767684247014,2024-04
2024-05-01,Djibouti,9402.035166042251,2024-05
2024-06-01,Djibouti,9467.861885919912,2024-06
2024-07-01,Djibouti,9532.003944032966,2024-07
2024-08-01,Djibouti,9598.74061778661,2024-08
2024-09-01,Djibouti,9665.944536796344,2024-09
2024-10-01,Djibouti,9731.428548251852,2024-10
2024-11-01,Djibouti,9799.56145881242,2024-11
2024-12-01,Djibouti,9865.950686723334,2024-12
2025-01-01,Djibouti,9935.025430724228,2025-01
2025-02-01,Djibouti,9935.02543072423,2025-02
2025-03-01,Djibouti,9935.02543072423,2025-03
2025-04-01,Djibouti,9935.02543072423,2025-04
2025-05-01,Djibouti,9935.02543072423,2025-05
2025-06-01,Djibouti,9935.02543072423,2025-06
2025-07-01,Djibouti,9935.02543072423,2025-07
2025-08-01,Djibouti,9935.02543072423,2025-08
2025-09-01,Djibouti,9935.02543072423,2025-09
2025-10-01,Djibouti,9935.02543072423,2025-10
2025-11-01,Djibouti,9935.02543072423,2025-11
2025-12-01,Djibouti,9935.02543072423,2025-12
2015-01-01,Egypt,1032670.7581939504,2015-01
2015-02-01,Egypt,1037236.2282802812,2015-02
2015-03-01,Egypt,1041377.224863583,2015-03
2015-04-01,Egypt,1045981.186514454,2015-04
2015-05-01,Egypt,1050456.012319805,2015-05
2015-06-01,Egypt,1055100.1115771907,2015-06
2015-07-01,Egypt,1059613.9491752165,2015-07
2015-08-01,Egypt,1064298.535961114,2015-08
2015-09-01,Egypt,1069003.833453368,2015-09
2015-10-01,Egypt,1073577.1527459442,2015-10
2015-11-01,Egypt,1078323.4712964974,2015-11
2015-12-01,Egypt,1082936.6610537174,2015-12
2016-01-01,Egypt,1087724.358286549,2016-01
2016-02-01,Egypt,1093154.359316588,2016-02
2016-03-01,Egypt,1098258.575197107,2016-03
2016-04-01,Egypt,1103741.1638227447,2016-04
2016-05-01,Egypt,1109072.952754525,2016-05
2016-06-01,Egypt,1114609.5275585807,2016-06
2016-07-01,Egypt,1119993.817768172,2016-07
2016-08-01,Egypt,1125584.9103439583,2016-08
2016-09-01,Egypt,1131203.9140704114,2016-09
2016-10-01,Egypt,1136668.3659784454,2016-10
2016-11-01,Egypt,1142342.6991411208,2016-11
2016-12-01,Egypt,1147860.9586382003,2016-12
2017-01-01,Egypt,1153591.166057261,2017-01
2017-02-01,Egypt,1165584.0769358345,2017-02
2017-03-01,Egypt,1176523.5129413486,2017-03
2017-04-01,Egypt,1188754.8320190392,2017-04
2017-05-01,Egypt,1200712.6509104362,2017-05
2017-06-01,Egypt,1213195.4439803248,2017-06
2017-07-01,Egypt,1225399.1137432016,2017-07
2017-08-01,Egypt,1238138.551070928,2017-08
2017-09-01,Egypt,1251010.4295450582,2017-09
2017-10-01,Egypt,1263594.4845114958,2017-10
2017-11-01,Egypt,1276731.0067780428,2017-11
2017-12-01,Egypt,1289573.7879309508,2017-12
2018-01-01,Egypt,1302980.3950245704,2018-01
2018-02-01,Egypt,1313884.1487003372,2018-02
2018-03-01,Egypt,1323811.1072307858,2018-03
2018-04-01,Egypt,1334889.1789205878,2018-04
2018-05-01,Egypt,1345698.1528715626,2018-05
2018-06-01,Egypt,1356959.3823089935,2018-06
2018-07-01,Egypt,1367947.064917797,2018-07
2018-08-01,Egypt,1379394.4803158394,2018-08
2018-09-01,Egypt,1390937.691320785,2018-09
2018-10-01,Egypt,1402200.505875229,2018-10
2018-11-01,Egypt,1413934.5649435597,2018-11
2018-12-01,Egypt,1425383.591665925,2018-12
2019-01-01,Egypt,1437311.6541573887,2019-01
2019-02-01,Egypt,1455380.5792593255,2019-02
2019-03-01,Egypt,1471896.0604987566,2019-03
2019-04-01,Egypt,1490399.7577296672,2019-04
2019-05-01,Egypt,1508528.0132278737,2019-05
2019-06-01,Egypt,1527492.2229776147,2019-06
2019-07-01,Egypt,1546071.64715294,2019-07
2019-08-01,Egypt,1565507.8304704763,2019-08
2019-09-01,Egypt,1585188.3525433666,2019-09
2019-10-01,Egypt,1604469.554998379,2019-10
2019-11-01,Egypt,1624639.8779299073,2019-11
2019-12-01,Egypt,1644400.9431387156,2019-12
2020-01-01,Egypt,1665073.2568941806,2020-01
2020-02-01,Egypt,1670362.297372998,2020-02
2020-03-01,Egypt,1675325.317943489,2020-03
2020-04-01,Egypt,1680646.9236957273,2020-04
2020-05-01,Egypt,1685812.9589363926,2020-05
2020-06-01,Egypt,1691167.878272591,2020-06
2020-07-01,Egypt,1696366.253216104,2020-07
2020-08-01,Egypt,1701754.6946813737,2020-08
2020-09-01,Egypt,1707160.252321508,2020-09
2020-10-01,Egypt,1712407.7852212542,2020-10
2020-11-01,Egypt,1717847.1819894009,2020-11
2020-12-01,Egypt,1723127.5647724275,2020-12
2021-01-01,Egypt,1728601.0125036386,2021-01
2021-02-01,Egypt,1748253.176280702,2021-02
2021-03-01,Egypt,1766195.4835464335,2021-03
2021-04-01,Egypt,1786275.052315566,2021-04
2021-05-01,Egypt,1805924.2205983696,2021-05
2021-06-01,Egypt,1826455.4584580315,2021-06
2021-07-01,Egypt,1846546.6144184528,2021-07
2021-08-01,Egypt,1867539.681196757,2021-08
2021-09-01,Egypt,1888771.4144941284,2021-09
2021-10-01,Egypt,1909548.0509494315,2021-10
2021-11-01,Egypt,1931257.3700843763,2021-11
2021-12-01,Egypt,1952501.3554454185,2021-12
2022-01-01,Egypt,1974699.00321642,2022-01
2022-02-01,Egypt,1987021.567337876,2022-02
2022-03-01,Egypt,1998217.7053468167,2022-03
2022-04-01,Egypt,2010687.0314378608,2022-04
2022-05-01,Egypt,2022828.2030456308,2022-05
2022-06-01,Egypt,2035451.1041551768,2022-06
2022-07-01,Egypt,2047741.8091571885,2022-07
2022-08-01,Egypt,2060520.1767496287,2022-08
2022-09-01,Egypt,2073378.2842182545,2022-09
2022-10-01,Egypt,2085898.005668149,2022-10
2022-11-01,Egypt,2098914.476473977,2022-11
2022-12-01,Egypt,2111588.393622923,2022-12
2023-01-01,Egypt,2124765.1782043497,2023-01
2023-02-01,Egypt,2133486.0682537067,2023-02
2023-03-01,Egypt,2141393.7628710005,2023-03
2023-04-01,Egypt,2150182.9033134086,2023-04
2023-05-01,Egypt,2158722.8689911,2023-05
2023-06-01,Egypt,2167583.135048083,2023-06
2023-07-01,Egypt,2176192.209907867,2023-07
2023-08-01,Egypt,2185124.1771593825,2023-08
2023-09-01,Egypt,2194092.804793474,2023-09
2023-10-01,Egypt,2202807.16914719,2023-10
2023-11-01,Egypt,2211848.3748856536,2023-11
2023-12-01,Egypt,2220633.259732739,2023-12
2024-01-01,Egypt,2229747.6309097186,2024-01
2024-02-01,Egypt,2242217.728512647,2024-02
2024-03-01,Egypt,2253946.432513787,2024-03
2024-04-01,Egypt,2266551.864453971,2024-04
2024-05-01,Egypt,2278817.788251796,2024-05
2024-06-01,Egypt,2291562.315858804,2024-06
2024-07-01,Egypt,2303963.58899317,2024-07
2024-08-01,Egypt,2316848.7471294818,2024-08
2024-09-01,Egypt,2329805.966864762,2024-09
2024-10-01,Egypt,2342414.2035883344,2024-10
2024-11-01,Egypt,2355514.400821559,2024-11
2024-12-01,Egypt,2368261.764161562,2024-12
2025-01-01,Egypt,2381506.516589589,2025-01
2025-02-01,Egypt,2381506.51658959,2025-02
2025-03-01,Egypt,2381506.51658959,2025-03
2025-04-01,Egypt,2381506.51658959,2025-04
2025-05-01,Egypt,2381506.51658959,2025-05
2025-06-01,Egypt,2381506.51658959,2025-06
2025-07-01,Egypt,2381506.51658959,2025-07
2025-08-01,Egypt,2381506.51658959,2025-08
2025-09-01,Egypt,2381506.51658959,2025-09
2025-10-01,Egypt,2381506.51658959,2025-10
2025-11-01,Egypt,2381506.51658959,2025-11
2025-12-01,Egypt,2381506.51658959,2025-12
2015-01-01,Equatorial Guinea,32586.272517890025,2015-01
2015-02-01,Equatorial Guinea,32357.814717548623,2015-02
2015-03-01,Equatorial Guinea,32152.842731563305,2015-03
2015-04-01,Equatorial Guinea,31927.423646850828,2015-04
2015-05-01,Equatorial Guinea,31710.78099301901,2015-05
2015-06-01,Equatorial Guinea,31488.461141345404,2015-06
2015-07-01,Equatorial Guinea,31274.79705550508,2015-07
2015-08-01,Equatorial Guinea,31055.533826257182,2015-08
2015-09-01,Equatorial Guinea,30837.807820851704,2015-09
2015-10-01,Equatorial Guinea,30628.558725197723,2015-10
2015-11-01,Equatorial Guinea,30413.826182525263,2015-11
2015-12-01,Equatorial Guinea,30207.454002601127,2015-12
2016-01-01,Equatorial Guinea,29995.67376625898,2016-01
2016-02-01,Equatorial Guinea,29892.716997770112,2016-02
2016-03-01,Equatorial Guinea,29796.72254924651,2016-03
2016-04-01,Equatorial Guinea,29694.448658380268,2016-04
2016-05-01,Equatorial Guinea,29595.808177895087,2016-05
2016-06-01,Equatorial Guinea,29494.22390295741,2016-06
2016-07-01,Equatorial Guinea,29396.248538915617,2016-07
2016-08-01,Equatorial Guinea,29295.349229940373,2016-08
2016-09-01,Equatorial Guinea,29194.796246467795,2016-09
2016-10-01,Equatorial Guinea,29097.81553594681,2016-10
2016-11-01,Equatorial Guinea,28997.940564608907,2016-11
2016-12-01,Equatorial Guinea,28901.613778977,2016-12
2017-01-01,Equatorial Guinea,28802.41224805009,2017-01
2017-02-01,Equatorial Guinea,28921.15520099713,2017-02
2017-03-01,Equatorial Guinea,29028.82761329781,2017-03
2017-04-01,Equatorial Guinea,29148.504002959475,2017-04
2017-05-01,Equatorial Guinea,29264.789613000143,2017-05
2017-06-01,Equatorial Guinea,29385.43879703704,2017-06
2017-07-01,Equatorial Guinea,29502.66963936365,2017-07
2017-08-01,Equatorial Guinea,29624.29952517421,2017-08
2017-09-01,Equatorial Guinea,29746.430851339257,2017-09
2017-10-01,Equatorial Guinea,29865.10184240382,2017-10
2017-11-01,Equatorial Guinea,29988.22591799484,2017-11
2017-12-01,Equatorial Guinea,30107.86153101146,2017-12
2018-01-01,Equatorial Guinea,30231.98642563221,2018-01
2018-02-01,Equatorial Guinea,29987.60858833599,2018-02
2018-03-01,Equatorial Guinea,29768.57856875839,2018-03
2018-04-01,Equatorial Guinea,29527.94665170228,2018-04
2018-05-01,Equatorial Guinea,29296.92923756112,2018-05
2018-06-01,Equatorial Guinea,29060.10986004164,2018-06
2018-07-01,Equatorial Guinea,28832.752654553813,2018-07
2018-08-01,Equatorial Guinea,28599.68541121047,2018-08
2018-09-01,Equatorial Guinea,28368.5021482338,2018-09
2018-10-01,Equatorial Guinea,28146.55586505177,2018-10
2018-11-01,Equatorial Guinea,27919.035438414936,2018-11
2018-12-01,Equatorial Guinea,27700.605642114675,2018-12
2019-01-01,Equatorial Guinea,27476.690018334288,2019-01
2019-02-01,Equatorial Guinea,27111.94502321269,2019-02
2019-03-01,Equatorial Guinea,26786.661420988006,2019-03
2019-04-01,Equatorial Guinea,26431.0763529612,2019-04
2019-05-01,Equatorial Guinea,26091.45675705528,2019-05
2019-06-01,Equatorial Guinea,25745.10032688789,2019-06
2019-07-01,Equatorial Guinea,25414.2950107209,2019-07
2019-08-01,Equatorial Guinea,25076.92770397771,2019-08
2019-09-01,Equatorial Guinea,24744.0388492085,2019-09
2019-10-01,Equatorial Guinea,24426.096425569514,2019-10
2019-11-01,Equatorial Guinea,24101.847164991217,2019-11
2019-12-01,Equatorial Guinea,23792.15642499067,2019-12
2020-01-01,Equatorial Guinea,23476.32253184797,2020-01
2020-02-01,Equatorial Guinea,23940.75354923707,2020-02
2020-03-01,Equatorial Guinea,24383.53555029185,2020-03
2020-04-01,Equatorial Guinea,24865.91392142738,2020-04
2020-05-01,Equatorial Guinea,25341.81585958008,2020-05
2020-06-01,Equatorial Guinea,25843.151846346544,2020-06
2020-07-01,Equatorial Guinea,26337.756874358474,2020-07
2020-08-01,Equatorial Guinea,26858.79551677408,2020-08
2020-09-01,Equatorial Guinea,27390.14184287688,2020-09
2020-10-01,Equatorial Guinea,27914.35429010445,2020-10
2020-11-01,Equatorial Guinea,28466.582687253333,2020-11
2020-12-01,Equatorial Guinea,29011.39684193333,2020-12
2021-01-01,Equatorial Guinea,29585.327981825416,2021-01
2021-02-01,Equatorial Guinea,29838.77341551909,2021-02
2021-03-01,Equatorial Guinea,30069.55751871562,2021-03
2021-04-01,Equatorial Guinea,30327.15114928101,2021-04
2021-05-01,Equatorial Guinea,30578.536186656234,2021-05
2021-06-01,Equatorial Guinea,30840.490029801244,2021-06
2021-07-01,Equatorial Guinea,31096.130188702024,2021-07
2021-08-01,Equatorial Guinea,31362.51804847873,2021-08
2021-09-01,Equatorial Guinea,31631.18794436109,2021-09
2021-10-01,Equatorial Guinea,31893.38228383181,2021-10
2021-11-01,Equatorial Guinea,32166.599877020213,2021-11
2021-12-01,Equatorial Guinea,32433.23230393409,2021-12
2022-01-01,Equatorial Guinea,32711.0745719802,2022-01
2022-02-01,Equatorial Guinea,32666.92661481252,2022-02
2022-03-01,Equatorial Guinea,32627.10225616392,2022-03
2022-04-01,Equatorial Guinea,32583.067630834164,2022-04
2022-05-01,Equatorial Guinea,32540.51006395671,2022-05
2022-06-01,Equatorial Guinea,32496.59230633749,2022-06
2022-07-01,Equatorial Guinea,32454.1476870636,2022-07
2022-08-01,Equatorial Guinea,32410.3464869884,2022-08
2022-09-01,Equatorial Guinea,32366.60440247366,2022-09
2022-10-01,Equatorial Guinea,32324.32956368129,2022-10
2022-11-01,Equatorial Guinea,32280.70357047488,2022-11
2022-12-01,Equatorial Guinea,32238.54092892698,2022-12
2023-01-01,Equatorial Guinea,32195.03071892312,2023-01
2023-02-01,Equatorial Guinea,32286.22034328796,2023-02
2023-03-01,Equatorial Guinea,32368.80714793778,2023-03
2023-04-01,Equatorial Guinea,32460.48897892369,2023-04
2023-05-01,Equatorial Guinea,32549.46057468729,2023-05
2023-06-01,Equatorial Guinea,32641.654090792286,2023-06
2023-07-01,Equatorial Guinea,32731.1222455914,2023-07
2023-08-01,Equatorial Guinea,32823.83030257924,2023-08
2023-09-01,Equatorial Guinea,32916.800947075324,2023-09
2023-10-01,Equatorial Guinea,33007.023257330584,2023-10
2023-11-01,Equatorial Guinea,33100.512779937824,2023-11
2023-12-01,Equatorial Guinea,33191.238629586565,2023-12
2024-01-01,Equatorial Guinea,33285.249926213684,2024-01
2024-02-01,Equatorial Guinea,33306.807404383755,2024-02
2024-03-01,Equatorial Guinea,33326.98671712733,2024-03
2024-04-01,Equatorial Guinea,33348.571226488726,2024-04
2024-05-01,Equatorial Guinea,33369.47277150599,2024-05
2024-06-01,Equatorial Guinea,33391.08479732563,2024-06
2024-07-01,Equatorial Guinea,33412.01298814163,2024-07
2024-08-01,Equatorial Guinea,33433.65256549817,2024-08
2024-09-01,Equatorial Guinea,33455.30615791295,2024-09
2024-10-01,Equatorial Guinea,33476.27460009828,2024-10
2024-11-01,Equatorial Guinea,33497.95579704007,2024-11
2024-12-01,Equatorial Guinea,33518.950970306265,2024-12
2025-01-01,Equatorial Guinea,33540.65980696598,2025-01
2025-02-01,Equatorial Guinea,33540.659806966,2025-02
2025-03-01,Equatorial Guinea,33540.659806966,2025-03
2025-04-01,Equatorial Guinea,33540.659806966,2025-04
2025-05-01,Equatorial Guinea,33540.659806966,2025-05
2025-06-01,Equatorial Guinea,33540.659806966,2025-06
2025-07-01,Equatorial Guinea,33540.659806966,2025-07
2025-08-01,Equatorial Guinea,33540.659806966,2025-08
2025-09-01,Equatorial Guinea,33540.659806966,2025-09
2025-10-01,Equatorial Guinea,33540.659806966,2025-10
2025-11-01,Equatorial Guinea,33540.659806966,2025-11
2025-12-01,Equatorial Guinea,33540.659806966,2025-12
2015-01-01,Eritrea,5359.887197936711,2015-01
2015-02-01,Eritrea,5396.779282901561,2015-02
2015-03-01,Eritrea,5430.319374339247,2015-03
2015-04-01,Eritrea,5467.696243729615,2015-04
2015-05-01,Eritrea,5504.112339974025,2015-05
2015-06-01,Eritrea,5541.997126090525,2015-06
2015-07-01,Eritrea,5578.90808305185,2015-07
2015-08-01,Eritrea,5617.307688008137,2015-08
2015-09-01,Eritrea,5655.971597311951,2015-09
2015-10-01,Eritrea,5693.641650084088,2015-10
2015-11-01,Eritrea,5732.83096578371,2015-11
2015-12-01,Eritrea,5771.012919370153,2015-12
2016-01-01,Eritrea,5810.734781247509,2016-01
2016-02-01,Eritrea,5767.695729371933,2016-02
2016-03-01,Eritrea,5727.722032511217,2016-03
2016-04-01,Eritrea,5685.297840913,2016-04
2016-05-01,Eritrea,5644.5413826394815,2016-05
2016-06-01,Eritrea,5602.733294931665,2016-06
2016-07-01,Eritrea,5562.568720947646,2016-07
2016-08-01,Eritrea,5521.36778978229,2016-08
2016-09-01,Eritrea,5480.472026393559,2016-09
2016-10-01,Eritrea,5441.183912434877,2016-10
2016-11-01,Eritrea,5400.882056389478,2016-11
2016-12-01,Eritrea,5362.164502739539,2016-12
2017-01-01,Eritrea,5322.447929038126,2017-01
2017-02-01,Eritrea,5384.054281195543,2017-02
2017-03-01,Eritrea,5440.311409501035,2017-03
2017-04-01,Eritrea,5503.282009685057,2017-04
2017-05-01,Eritrea,5564.915198315087,2017-05
2017-06-01,Eritrea,5629.328064350493,2017-06
2017-07-01,Eritrea,5692.372887029004,2017-07
2017-08-01,Eritrea,5758.261052280255,2017-08
2017-09-01,Eritrea,5824.911860880118,2017-09
2017-10-01,Eritrea,5890.147095208137,2017-10
2017-11-01,Eritrea,5958.324460406317,2017-11
2017-12-01,Eritrea,6025.053829306704,2017-12
2018-01-01,Eritrea,6094.7927150458345,2018-01
2018-02-01,Eritrea,6117.616527168398,2018-02
2018-03-01,Eritrea,6138.305038331875,2018-03
2018-04-01,Eritrea,6161.29179563373,2018-04
2018-05-01,Eritrea,6183.619001850076,2018-05
2018-06-01,Eritrea,6206.77545112313,2018-06
2018-07-01,Eritrea,6229.2674803975615,2018-07
2018-08-01,Eritrea,6252.594874335473,2018-08
2018-09-01,Eritrea,6276.009624822082,2018-09
2018-10-01,Eritrea,6298.752543962579,2018-10
2018-11-01,Eritrea,6322.340145935494,2018-11
2018-12-01,Eritrea,6345.25095699434,2018-12
2019-01-01,Eritrea,6369.012686471281,2019-01
2019-02-01,Eritrea,6377.444366823202,2019-02
2019-03-01,Eritrea,6385.069671988606,2019-03
2019-04-01,Eritrea,6393.522609539399,2019-04
2019-05-01,Eritrea,6401.713526384853,2019-05
2019-06-01,Eritrea,6410.188498066669,2019-06
2019-07-01,Eritrea,6418.400766038164,2019-07
2019-08-01,Eritrea,6426.897829287026,2019-08
2019-09-01,Eritrea,6435.406141456997,2019-09
2019-10-01,Eritrea,6443.650716441803,2019-10
2019-11-01,Eritrea,6452.18120708689,2019-11
2019-12-01,Eritrea,6460.447273067512,2019-12
2020-01-01,Eritrea,6469.0,2020-01
2020-02-01,Eritrea,6508.813003070035,2020-02
2020-03-01,Eritrea,6546.27922001436,2020-03
2020-04-01,Eritrea,6586.567832579476,2020-04
2020-05-01,Eritrea,6625.792881561863,2020-05
2020-06-01,Eritrea,6666.570855334476,2020-06
2020-07-01,Eritrea,6706.272347066116,2020-07
2020-08-01,Eritrea,6747.5456260183855,2020-08
2020-09-01,Eritrea,6789.0729184474885,2020-09
2020-10-01,Eritrea,6829.503947860694,2020-10
2020-11-01,Eritrea,6871.535646986215,2020-11
2020-12-01,Eritrea,6912.45776745752,2020-12
2021-01-01,Eritrea,6954.999999999995,2021-01
2021-02-01,Eritrea,7010.476414376867,2021-02
2021-03-01,Eritrea,7060.964389597195,2021-03
2021-04-01,Eritrea,7117.286026747106,2021-04
2021-05-01,Eritrea,7172.218544575368,2021-05
2021-06-01,Eritrea,7229.427598203011,2021-06
2021-07-01,Eritrea,7285.2256452302045,2021-07
2021-08-01,Eritrea,7343.336097670722,2021-08
2021-09-01,Eritrea,7401.910066939296,2021-09
2021-10-01,Eritrea,7459.039365268363,2021-10
2021-11-01,Eritrea,7518.536239269948,2021-11
2021-12-01,Eritrea,7576.565679769307,2021-12
2022-01-01,Eritrea,7636.999999999999,2022-01
2022-02-01,Eritrea,7679.685557310586,2022-02
2022-03-01,Eritrea,7718.445284320616,2022-03
2022-04-01,Eritrea,7761.586064539614,2022-04
2022-05-01,Eritrea,7803.564778097609,2022-05
2022-06-01,Eritrea,7847.181317519156,2022-06
2022-07-01,Eritrea,7889.622974936403,2022-07
2022-08-01,Eritrea,7933.720520262522,2022-08
2022-09-01,Eritrea,7978.064540421464,2022-09
2022-10-01,Eritrea,8021.214082706338,2022-10
2022-11-01,Eritrea,8066.047131472586,2022-11
2022-12-01,Eritrea,8109.672529588602,2022-12
2023-01-01,Eritrea,8154.999999999999,2023-01
2023-02-01,Eritrea,8189.776192596837,2023-02
2023-03-01,Eritrea,8221.314396391295,2023-03
2023-04-01,Eritrea,8256.373380186276,2023-04
2023-05-01,Eritrea,8290.443771721788,2023-05
2023-06-01,Eritrea,8325.79755091477,2023-06
2023-07-01,Eritrea,8360.154425215758,2023-07
2023-08-01,Eritrea,8395.805478610071,2023-08
2023-09-01,Eritrea,8431.608562402818,2023-09
2023-10-01,Eritrea,8466.40207182484,2023-10
2023-11-01,Eritrea,8502.506207821412,2023-11
2023-12-01,Eritrea,8537.592280385537,2023-12
2024-01-01,Eritrea,8574.000000000004,2024-01
2024-02-01,Eritrea,8608.71928001019,2024-02
2024-03-01,Eritrea,8641.325873535552,2024-03
2024-04-01,Eritrea,8676.31778077401,2024-04
2024-05-01,Eritrea,8710.315823555497,2024-05
2024-06-01,Eritrea,8745.587096480056,2024-06
2024-07-01,Eritrea,8779.856570209378,2024-07
2024-08-01,Eritrea,8815.409439198223,2024-08
2024-09-01,Eritrea,8851.106274831996,2024-09
2024-10-01,Eritrea,8885.789224142824,2024-10
2024-11-01,Eritrea,8921.771053415583,2024-11
2024-12-01,Eritrea,8956.730901778075,2024-12
2025-01-01,Eritrea,8992.999999999993,2025-01
2025-02-01,Eritrea,8993.0,2025-02
2025-03-01,Eritrea,8993.0,2025-03
2025-04-01,Eritrea,8993.0,2025-04
2025-05-01,Eritrea,8993.0,2025-05
2025-06-01,Eritrea,8993.0,2025-06
2025-07-01,Eritrea,8993.0,2025-07
2025-08-01,Eritrea,8993.0,2025-08
2025-09-01,Eritrea,8993.0,2025-09
2025-10-01,Eritrea,8993.0,2025-10
2025-11-01,Eritrea,8993.0,2025-11
2025-12-01,Eritrea,8993.0,2025-12
2015-01-01,Eswatini,9112.623239816983,2015-01
2015-02-01,Eswatini,9155.408345901593,2015-02
2015-03-01,Eswatini,9194.225594409176,2015-03
2015-04-01,Eswatini,9237.3938355479,2015-04
2015-05-01,Eswatini,9279.362522584432,2015-05
2015-06-01,Eswatini,9322.93049411996,2015-06
2015-07-01,Eswatini,9365.28780389118,2015-07
2015-08-01,Eswatini,9409.2592072574,2015-08
2015-09-01,Eswatini,9453.437062828252,2015-09
2015-10-01,Eswatini,9496.38730924759,2015-10
2015-11-01,Eswatini,9540.974244069115,2015-11
2015-12-01,Eswatini,9584.32220229214,2015-12
2016-01-01,Eswatini,9629.322004366955,2016-01
2016-02-01,Eswatini,9655.63327194329,2016-02
2016-03-01,Eswatini,9680.312119981842,2016-03
2016-04-01,Eswatini,9706.76271352267,2016-04
2016-05-01,Eswatini,9732.428874468342,2016-05
2016-06-01,Eswatini,9759.021872414389,2016-06
2016-07-01,Eswatini,9784.826214545956,2016-07
2016-08-01,Eswatini,9811.562383572404,2016-08
2016-09-01,Eswatini,9838.371606807348,2016-09
2016-10-01,Eswatini,9864.385761737894,2016-10
2016-11-01,Eswatini,9891.339320164496,2016-11
2016-12-01,Eswatini,9917.493529807023,2016-12
2017-01-01,Eswatini,9944.592200495466,2017-01
2017-02-01,Eswatini,9947.518316648657,2017-02
2017-03-01,Eswatini,9950.1620002998,2017-03
2017-04-01,Eswatini,9953.089755321736,2017-04
2017-05-01,Eswatini,9955.923886863266,2017-05
2017-06-01,Eswatini,9958.853337273911,2017-06
2017-07-01,Eswatini,9961.689109989167,2017-07
2017-08-01,Eswatini,9964.62025677028,2017-08
2017-09-01,Eswatini,9967.552266017705,2017-09
2017-10-01,Eswatini,9970.39051574353,2017-10
2017-11-01,Eswatini,9973.32422284318,2017-11
2017-12-01,Eswatini,9976.164116127466,2017-12
2018-01-01,Eswatini,9979.099522062525,2018-01
2018-02-01,Eswatini,10055.118847869422,2018-02
2018-03-01,Eswatini,10124.279095031652,2018-03
2018-04-01,Eswatini,10201.404377666968,2018-04
2018-05-01,Eswatini,10276.601108245502,2018-05
2018-06-01,Eswatini,10354.886757778117,2018-06
2018-07-01,Eswatini,10431.214839762642,2018-07
2018-08-01,Eswatini,10510.678314168556,2018-08
2018-09-01,Eswatini,10590.74712974152,2018-09
2018-10-01,Eswatini,10668.81378890504,2018-10
2018-11-01,Eswatini,10750.087257477897,2018-11
2018-12-01,Eswatini,10829.328446756304,2018-12
2019-01-01,Eswatini,10911.82469259931,2019-01
2019-02-01,Eswatini,10926.808170178769,2019-02
2019-03-01,Eswatini,10940.359317179504,2019-03
2019-04-01,Eswatini,10955.381976831572,2019-04
2019-05-01,Eswatini,10969.939675096806,2019-05
2019-06-01,Eswatini,10985.002952761184,2019-06
2019-07-01,Eswatini,10999.600011884011,2019-07
2019-08-01,Eswatini,11014.704017382988,2019-08
2019-09-01,Eswatini,11029.828762816333,2019-09
2019-10-01,Eswatini,11044.485387239436,2019-10
2019-11-01,Eswatini,11059.65102670289,2019-11
2019-12-01,Eswatini,11074.347279458456,2019-12
2020-01-01,Eswatini,11089.553923520603,2020-01
2020-02-01,Eswatini,11163.9762284587,2020-02
2020-03-01,Eswatini,11234.049184939438,2020-03
2020-04-01,Eswatini,11309.441201597374,2020-04
2020-05-01,Eswatini,11382.882922347051,2020-05
2020-06-01,Eswatini,11459.2737663579,2020-06
2020-07-01,Eswatini,11533.68847606295,2020-07
2020-08-01,Eswatini,11611.091380340824,2020-08
2020-09-01,Eswatini,11689.013737662974,2020-09
2020-10-01,Eswatini,11764.9203423712,2020-10
2020-11-01,Eswatini,11843.875050137698,2020-11
2020-12-01,Eswatini,11920.787299692844,2020-12
2021-01-01,Eswatini,12000.78803494679,2021-01
2021-02-01,Eswatini,12082.44999498301,2021-02
2021-03-01,Eswatini,12156.6867044338,2021-03
2021-04-01,Eswatini,12239.409510714471,2021-04
2021-05-01,Eswatini,12319.999760993076,2021-05
2021-06-01,Eswatini,12403.833866320052,2021-06
2021-07-01,Eswatini,12485.506766865265,2021-07
2021-08-01,Eswatini,12570.467100441596,2021-08
2021-09-01,Eswatini,12656.005564999386,2021-09
2021-10-01,Eswatini,12739.338887176207,2021-10
2021-11-01,Eswatini,12826.0264763631,2021-11
2021-12-01,Eswatini,12910.479299263194,2021-12
2022-01-01,Eswatini,12998.331450431491,2022-01
2022-02-01,Eswatini,13076.057523531405,2022-02
2022-03-01,Eswatini,13146.661128523498,2022-03
2022-04-01,Eswatini,13225.274168034925,2022-04
2022-05-01,Eswatini,13301.798855076891,2022-05
2022-06-01,Eswatini,13381.339571061326,2022-06
2022-07-01,Eswatini,13458.767290885296,2022-07
2022-08-01,Eswatini,13539.246630427857,2022-08
2022-09-01,Eswatini,13620.20721197076,2022-09
2022-10-01,Eswatini,13699.017078677494,2022-10
2022-11-01,Eswatini,13780.933038961704,2022-11
2022-12-01,Eswatini,13860.672904809002,2022-12
2023-01-01,Eswatini,13943.55551782141,2023-01
2023-02-01,Eswatini,14005.356695300348,2023-02
2023-03-01,Eswatini,14061.412518084717,2023-03
2023-04-01,Eswatini,14123.736066015086,2023-04
2023-05-01,Eswatini,14184.312174899693,2023-05
2023-06-01,Eswatini,14247.180443543026,2023-06
2023-07-01,Eswatini,14308.286000161555,2023-07
2023-08-01,Eswatini,14371.703750489669,2023-08
2023-09-01,Eswatini,14435.402583475498,2023-09
2023-10-01,Eswatini,14497.315416921474,2023-10
2023-11-01,Eswatini,14561.57099089643,2023-11
2023-12-01,Eswatini,14624.024955325713,2023-12
2024-01-01,Eswatini,14688.842136321287,2024-01
2024-02-01,Eswatini,14771.82818781474,2024-02
2024-03-01,Eswatini,14849.884691159345,2024-03
2024-04-01,Eswatini,14933.780568330298,2024-04
2024-05-01,Eswatini,15015.421389666666,2024-05
2024-06-01,Eswatini,15100.252482619702,2024-06
2024-07-01,Eswatini,15182.803381866335,2024-07
2024-08-01,Eswatini,15268.5801157688,2024-08
2024-09-01,Eswatini,15354.84145372586,2024-09
2024-10-01,Eswatini,15438.784154104778,2024-10
2024-11-01,Eswatini,15526.00707643715,2024-11
2024-12-01,Eswatini,15610.885514552325,2024-12
2025-01-01,Eswatini,15699.080740367,2025-01
2025-02-01,Eswatini,15699.080740367,2025-02
2025-03-01,Eswatini,15699.080740367,2025-03
2025-04-01,Eswatini,15699.080740367,2025-04
2025-05-01,Eswatini,15699.080740367,2025-05
2025-06-01,Eswatini,15699.080740367,2025-06
2025-07-01,Eswatini,15699.080740367,2025-07
2025-08-01,Eswatini,15699.080740367,2025-08
2025-09-01,Eswatini,15699.080740367,2025-09
2025-10-01,Eswatini,15699.080740367,2025-10
2025-11-01,Eswatini,15699.080740367,2025-11
2025-12-01,Eswatini,15699.080740367,2025-12
2015-01-01,Ethiopia,179752.0493445009,2015-01
2015-02-01,Ethiopia,181076.21931026503,2015-02
2015-03-01,Ethiopia,182280.6261739893,2015-03
2015-04-01,Ethiopia,183623.42327366315,2015-04
2015-05-01,Ethiopia,184932.32201172435,2015-05
2015-06-01,Ethiopia,186294.6532196297,2015-06
2015-07-01,Ethiopia,187622.59293537744,2015-07
2015-08-01,Ethiopia,189004.74242057005,2015-08
2015-09-01,Ethiopia,190397.07371366475,2015-09
2015-10-01,Ethiopia,191754.25617476585,2015-10
2015-11-01,Ethiopia,193166.84216619137,2015-11
2015-12-01,Ethiopia,194543.76800407708,2015-12
2016-01-01,Ethiopia,195976.90334554887,2016-01
2016-02-01,Ethiopia,197894.5461405648,2016-02
2016-03-01,Ethiopia,199705.45386010583,2016-03
2016-04-01,Ethiopia,201659.5806892505,2016-04
2016-05-01,Ethiopia,203568.8752054094,2016-05
2016-06-01,Ethiopia,205560.8057858148,2016-06
2016-07-01,Ethiopia,207507.0367453484,2016-07
2016-08-01,Ethiopia,209537.5024131736,2016-08
2016-09-01,Ethiopia,211587.83627868912,2016-09
2016-10-01,Ethiopia,213591.1306131908,2016-10
2016-11-01,Ethiopia,215681.1294125777,2016-11
2016-12-01,Ethiopia,217723.17867311285,2016-12
2017-01-01,Ethiopia,219853.6097482192,2017-01
2017-02-01,Ethiopia,221186.2648201449,2017-02
2017-03-01,Ethiopia,222396.89509918925,2017-03
2017-04-01,Ethiopia,223744.9664389044,2017-04
2017-05-01,Ethiopia,225057.3313712992,2017-05
2017-06-01,Ethiopia,226421.5290957283,2017-06
2017-07-01,Ethiopia,227749.59327278577,2017-07
2017-08-01,Ethiopia,229130.1102947784,2017-08
2017-09-01,Ethiopia,230518.99539866616,2017-09
2017-10-01,Ethiopia,231871.0930597981,2017-10
2017-11-01,Ethiopia,233276.59278551515,2017-11
2017-12-01,Ethiopia,234644.8649964739,2017-12
2018-01-01,Ethiopia,236067.1780974369,2018-01
2018-02-01,Ethiopia,237975.0214821053,2018-02
2018-03-01,Ethiopia,239711.48417925223,2018-03
2018-04-01,Ethiopia,241648.780049886,2018-04
2018-05-01,Ethiopia,243538.48857365464,2018-05
2018-06-01,Ethiopia,245506.71345812164,2018-06
2018-07-01,Ethiopia,247426.59126163647,2018-07
2018-08-01,Ethiopia,249426.23894300385,2018-08
2018-09-01,Ethiopia,251442.0473402801,2018-09
2018-10-01,Ethiopia,253408.3398247469,2018-10
2018-11-01,Ethiopia,255456.33069179955,2018-11
2018-12-01,Ethiopia,257454.0151223156,2018-12
2019-01-01,Ethiopia,259534.7022536909,2019-01
2019-02-01,Ethiopia,261697.6039607928,2019-02
2019-03-01,Ethiopia,263666.68141792086,2019-03
2019-04-01,Ethiopia,265864.0180761504,2019-04
2019-05-01,Ethiopia,268007.906897795,2019-05
2019-06-01,Ethiopia,270241.4223171681,2019-06
2019-07-01,Ethiopia,272420.6098907388,2019-07
2019-08-01,Ethiopia,274690.8997481871,2019-08
2019-09-01,Ethiopia,276980.1096720684,2019-09
2019-10-01,Ethiopia,279213.6370415891,2019-10
2019-11-01,Ethiopia,281540.5384037548,2019-11
2019-12-01,Ethiopia,283810.84040810773,2019-12
2020-01-01,Ethiopia,286176.0537914521,2020-01
2020-02-01,Ethiopia,288600.32284176984,2020-02
2020-03-01,Ethiopia,290886.7759763711,2020-03
2020-04-01,Ethiopia,293350.95073454326,2020-04
2020-05-01,Ethiopia,295755.50961724075,2020-05
2020-06-01,Ethiopia,298260.928637899,2020-06
2020-07-01,Ethiopia,300705.7339590409,2020-07
2020-08-01,Ethiopia,303253.08757032955,2020-08
2020-09-01,Ethiopia,305822.02045227424,2020-09
2020-10-01,Ethiopia,308328.8030413937,2020-10
2020-11-01,Ethiopia,310940.73358076543,2020-11
2020-12-01,Ethiopia,313489.47358331847,2020-12
2021-01-01,Ethiopia,316145.121455807,2021-01
2021-02-01,Ethiopia,319665.5128413304,2021-02
2021-03-01,Ethiopia,322878.9030847063,2021-03
2021-04-01,Ethiopia,326474.2775878852,2021-04
2021-05-01,Ethiopia,329991.7871391118,2021-05
2021-06-01,Ethiopia,333666.3662039049,2021-06
2021-07-01,Ethiopia,337261.36498517747,2021-07
2021-08-01,Ethiopia,341016.8934541804,2021-08
2021-09-01,Ethiopia,344814.2411042274,2021-09
2021-10-01,Ethiopia,348529.34967401833,2021-10
2021-11-01,Ethiopia,352410.3512676677,2021-11
2021-12-01,Ethiopia,356207.30208931834,2021-12
2022-01-01,Ethiopia,360173.80048714683,2022-01
2022-02-01,Ethiopia,363418.3562383583,2022-02
2022-03-01,Ethiopia,366374.0374880281,2022-03
2022-04-01,Ethiopia,369674.446870439,2022-04
2022-05-01,Ethiopia,372896.6966628858,2022-05
2022-06-01,Ethiopia,376255.8641540496,2022-06
2022-07-01,Ethiopia,379535.4805582703,2022-07
2022-08-01,Ethiopia,382954.4522451847,2022-08
2022-09-01,Ethiopia,386404.223074722,2022-09
2022-10-01,Ethiopia,389772.2971684116,2022-10
2022-11-01,Ethiopia,393283.4852302034,2022-11
2022-12-01,Ethiopia,396711.5220863725,2022-12
2023-01-01,Ethiopia,400285.22080853465,2023-01
2023-02-01,Ethiopia,403766.5475366458,2023-02
2023-03-01,Ethiopia,406936.9885515402,2023-03
2023-04-01,Ethiopia,410476.16647082486,2023-04
2023-05-01,Ethiopia,413930.48189352977,2023-05
2023-06-01,Ethiopia,417530.4830309317,2023-06
2023-07-01,Ethiopia,421044.16325111,2023-07
2023-08-01,Ethiopia,424706.03289566137,2023-08
2023-09-01,Ethiopia,428399.7502428144,2023-09
2023-10-01,Ethiopia,432004.89954312623,2023-10
2023-11-01,Ethiopia,435762.0959752512,2023-11
2023-12-01,Ethiopia,439429.2022574487,2023-12
2024-01-01,Ethiopia,443250.96870648576,2024-01
2024-02-01,Ethiopia,446785.75120052247,2024-02
2024-03-01,Ethiopia,450117.9983086125,2024-03
2024-04-01,Ethiopia,453707.543133106,2024-04
2024-05-01,Ethiopia,457208.549101693,2024-05
2024-06-01,Ethiopia,460854.6387655348,2024-06
2024-07-01,Ethiopia,464410.7948519577,2024-07
2024-08-01,Ethiopia,468114.3200861493,2024-08
2024-09-01,Ethiopia,471847.379731066,2024-09
2024-10-01,Ethiopia,475488.36061776895,2024-10
2024-11-01,Ethiopia,479280.2258406127,2024-11
2024-12-01,Ethiopia,482978.561820892,2024-12
2025-01-01,Ethiopia,486830.1589652854,2025-01
2025-02-01,Ethiopia,486830.158965285,2025-02
2025-03-01,Ethiopia,486830.158965285,2025-03
2025-04-01,Ethiopia,486830.158965285,2025-04
2025-05-01,Ethiopia,486830.158965285,2025-05
2025-06-01,Ethiopia,486830.158965285,2025-06
2025-07-01,Ethiopia,486830.158965285,2025-07
2025-08-01,Ethiopia,486830.158965285,2025-08
2025-09-01,Ethiopia,486830.158965285,2025-09
2025-10-01,Ethiopia,486830.158965285,2025-10
2025-11-01,Ethiopia,486830.158965285,2025-11
2025-12-01,Ethiopia,486830.158965285,2025-12
2015-01-01,Gabon,30279.41039152719,2015-01
2015-02-01,Gabon,30357.06148416457,2015-02
2015-03-01,Gabon,30427.36910161601,2015-03
2015-04-01,Gabon,30505.39963214055,2015-04
2015-05-01,Gabon,30581.10357311247,2015-05
2015-06-01,Gabon,30659.52835337746,2015-06
2015-07-01,Gabon,30735.61478898165,2015-07
2015-08-01,Gabon,30814.435810936404,2015-08
2015-09-01,Gabon,30893.45896821668,2015-09
2015-10-01,Gabon,30970.12593938738,2015-10
2015-11-01,Gabon,31049.548361661004,2015-11
2015-12-01,Gabon,31126.602693180048,2015-12
2016-01-01,Gabon,31206.426397735777,2016-01
2016-02-01,Gabon,31265.863758075066,2016-02
2016-03-01,Gabon,31321.56893329889,2016-03
2016-04-01,Gabon,31381.22560001718,2016-04
2016-05-01,Gabon,31439.06604219157,2016-05
2016-06-01,Gabon,31498.94649993011,2016-06
2016-07-01,Gabon,31557.003919892144,2016-07
2016-08-01,Gabon,31617.10900816175,2016-08
2016-09-01,Gabon,31677.32857566529,2016-09
2016-10-01,Gabon,31735.714781324543,2016-10
2016-11-01,Gabon,31796.16025146711,2016-11
2016-12-01,Gabon,31854.76548224534,2016-12
2017-01-01,Gabon,31915.43770245922,2017-01
2017-02-01,Gabon,32091.366360302327,2017-02
2017-03-01,Gabon,32251.10306113263,2017-03
2017-04-01,Gabon,32428.882019654247,2017-04
2017-05-01,Gabon,32601.859187024133,2017-05
2017-06-01,Gabon,32781.57163162335,2017-06
2017-07-01,Gabon,32956.430061813284,2017-07
2017-08-01,Gabon,33138.09702067276,2017-08
2017-09-01,Gabon,33320.76538908653,2017-09
2017-10-01,Gabon,33498.499903896736,2017-10
2017-11-01,Gabon,33683.15493456848,2017-11
2017-12-01,Gabon,33862.82245209596,2017-12
2018-01-01,Gabon,34049.48575154109,2018-01
2018-02-01,Gabon,34224.57440716886,2018-02
2018-03-01,Gabon,34383.49273066453,2018-03
2018-04-01,Gabon,34560.29891099655,2018-04
2018-05-01,Gabon,34732.26726888609,2018-05
2018-06-01,Gabon,34910.86691140018,2018-06
2018-07-01,Gabon,35084.579658234776,2018-07
2018-08-01,Gabon,35264.99095520562,2018-08
2018-09-01,Gabon,35446.32995991564,2018-09
2018-10-01,Gabon,35622.707113716184,2018-10
2018-11-01,Gabon,35805.88556004794,2018-11
2018-12-01,Gabon,35984.05182413031,2018-12
2019-01-01,Gabon,36169.08837075839,2019-01
2019-02-01,Gabon,35945.61424020972,2019-02
2019-03-01,Gabon,35744.95366462967,2019-03
2019-04-01,Gabon,35524.100090444386,2019-04
2019-05-01,Gabon,35311.67015888643,2019-05
2019-06-01,Gabon,35093.49366778752,2019-06
2019-07-01,Gabon,34883.638711884414,2019-07
2019-08-01,Gabon,34668.10685353062,2019-08
2019-09-01,Gabon,34453.90667913178,2019-09
2019-10-01,Gabon,34247.876378037094,2019-10
2019-11-01,Gabon,34036.27263734376,2019-11
2019-12-01,Gabon,33832.73973859529,2019-12
2020-01-01,Gabon,33623.70095885998,2020-01
2020-02-01,Gabon,34400.14281276871,2020-02
2020-03-01,Gabon,35142.71548978671,2020-03
2020-04-01,Gabon,35954.23457864788,2020-04
2020-05-01,Gabon,36757.41389925311,2020-05
2020-06-01,Gabon,37606.21976472712,2020-06
2020-07-01,Gabon,38446.30267554792,2020-07
2020-08-01,Gabon,39334.1085289803,2020-08
2020-09-01,Gabon,40242.41568367027,2020-09
2020-10-01,Gabon,41141.38840460578,2020-10
2020-11-01,Gabon,42091.429446320246,2020-11
2020-12-01,Gabon,43031.70716609884,2020-12
2021-01-01,Gabon,44025.39963706697,2021-01
2021-02-01,Gabon,44395.7513871817,2021-02
2021-03-01,Gabon,44732.93974513432,2021-03
2021-04-01,Gabon,45109.24348477008,2021-04
2021-05-01,Gabon,45476.422150417886,2021-05
2021-06-01,Gabon,45858.980234414994,2021-06
2021-07-01,Gabon,46232.261581421466,2021-07
2021-08-01,Gabon,46621.17795991188,2021-08
2021-09-01,Gabon,47013.36599209788,2021-09
2021-10-01,Gabon,47396.043768514566,2021-10
2021-11-01,Gabon,47794.7501494421,2021-11
2021-12-01,Gabon,48183.78820969607,2021-12
2022-01-01,Gabon,48589.12127737352,2022-01
2022-02-01,Gabon,48839.41898599453,2022-02
2022-03-01,Gabon,49066.60238554493,2022-03
2022-04-01,Gabon,49319.35974818205,2022-04
2022-05-01,Gabon,49565.20328677882,2022-05
2022-06-01,Gabon,49820.52909806886,2022-06
2022-07-01,Gabon,50068.87082899906,2022-07
2022-08-01,Gabon,50326.79118878906,2022-08
2022-09-01,Gabon,50586.04017674456,2022-09
2022-10-01,Gabon,50838.19777133101,2022-10
2022-11-01,Gabon,51100.08117399538,2022-11
2022-12-01,Gabon,51354.80112256204,2022-12
2023-01-01,Gabon,51619.3457101105,2023-01
2023-02-01,Gabon,51872.09846193937,2023-02
2023-03-01,Gabon,52101.45484337369,2023-03
2023-04-01,Gabon,52356.56822973673,2023-04
2023-05-01,Gabon,52604.64145228326,2023-05
2023-06-01,Gabon,52862.218678478646,2023-06
2023-07-01,Gabon,53112.68774820429,2023-07
2023-08-01,Gabon,53372.75260956027,2023-08
2023-09-01,Gabon,53634.090871585184,2023-09
2023-10-01,Gabon,53888.21718678761,2023-10
2023-11-01,Gabon,54152.07940739001,2023-11
2023-12-01,Gabon,54408.66002946661,2023-12
2024-01-01,Gabon,54675.07058459064,2024-01
2024-02-01,Gabon,54872.67012247227,2024-02
2024-03-01,Gabon,55058.1677675082,2024-03
2024-04-01,Gabon,55257.15184546448,2024-04
2024-05-01,Gabon,55450.4017749694,2024-05
2024-06-01,Gabon,55650.803414124726,2024-06
2024-07-01,Gabon,55845.43005479468,2024-07
2024-08-01,Gabon,56047.25935384535,2024-08
2024-09-01,Gabon,56249.818078131175,2024-09
2024-10-01,Gabon,56446.53964294625,2024-10
2024-11-01,Gabon,56650.54139418691,2024-11
2024-12-01,Gabon,56848.66440207302,2024-12
2025-01-01,Gabon,57054.11946038261,2025-01
2025-02-01,Gabon,57054.1194603826,2025-02
2025-03-01,Gabon,57054.1194603826,2025-03
2025-04-01,Gabon,57054.1194603826,2025-04
2025-05-01,Gabon,57054.1194603826,2025-05
2025-06-01,Gabon,57054.1194603826,2025-06
2025-07-01,Gabon,57054.1194603826,2025-07
2025-08-01,Gabon,57054.1194603826,2025-08
2025-09-01,Gabon,57054.1194603826,2025-09
2025-10-01,Gabon,57054.1194603826,2025-10
2025-11-01,Gabon,57054.1194603826,2025-11
2025-12-01,Gabon,57054.1194603826,2025-12
2015-01-01,Gambia,4349.099235143637,2015-01
2015-02-01,Gambia,4359.714928849493,2015-02
2015-03-01,Gambia,4369.3255673431295,2015-03
2015-04-01,Gambia,4379.9906313980655,2015-04
2015-05-01,Gambia,4390.336446694896,2015-05
2015-06-01,Gambia,4401.052796095976,2015-06
2015-07-01,Gambia,4411.448361559886,2015-07
2015-08-01,Gambia,4422.216242924169,2015-08
2015-09-01,Gambia,4433.010407554077,2015-09
2015-10-01,Gambia,4443.481458920423,2015-10
2015-11-01,Gambia,4454.327529705466,2015-11
2015-12-01,Gambia,4464.848933464545,2015-12
2016-01-01,Gambia,4475.747160007084,2016-01
2016-02-01,Gambia,4500.39890509373,2016-02
2016-03-01,Gambia,4523.583121353847,2016-03
2016-04-01,Gambia,4548.498339751861,2016-04
2016-05-01,Gambia,4572.740494263996,2016-05
2016-06-01,Gambia,4597.92646411038,2016-06
2016-07-01,Gambia,4622.432055945878,2016-07
2016-08-01,Gambia,4647.891719472389,2016-08
2016-09-01,Gambia,4673.491611012863,2016-09
2016-10-01,Gambia,4698.399942792428,2016-10
2016-11-01,Gambia,4724.278026063032,2016-11
2016-12-01,Gambia,4749.457034454701,2016-12
2017-01-01,Gambia,4775.616332540067,2017-01
2017-02-01,Gambia,4830.624053975742,2017-02
2017-03-01,Gambia,4880.852841933995,2017-03
2017-04-01,Gambia,4937.072725358932,2017-04
2017-05-01,Gambia,4992.095557286238,2017-05
2017-06-01,Gambia,5049.596784913001,2017-06
2017-07-01,Gambia,5105.8736782570695,2017-07
2017-08-01,Gambia,5164.685454040977,2017-08
2017-09-01,Gambia,5224.174650612943,2017-09
2017-10-01,Gambia,5282.397184440145,2017-10
2017-11-01,Gambia,5343.242238272124,2017-11
2017-12-01,Gambia,5402.791760018728,2017-12
2018-01-01,Gambia,5465.023573341973,2018-01
2018-02-01,Gambia,5504.613931733571,2018-02
2018-03-01,Gambia,5540.619422703288,2018-03
2018-04-01,Gambia,5580.757421325328,2018-04
2018-05-01,Gambia,5619.8774782797855,2018-05
2018-06-01,Gambia,5660.589647311813,2018-06
2018-07-01,Gambia,5700.269313113521,2018-07
2018-08-01,Gambia,5741.5638660109,2018-08
2018-09-01,Gambia,5783.157569703675,2018-09
2018-10-01,Gambia,5823.6964135242015,2018-10
2018-11-01,Gambia,5865.88511135524,2018-11
2018-12-01,Gambia,5907.003859639764,2018-12
2019-01-01,Gambia,5949.796062945975,2019-01
2019-02-01,Gambia,5984.127665832772,2019-02
2019-03-01,Gambia,6015.307095698537,2019-03
2019-04-01,Gambia,6050.016711333564,2019-04
2019-05-01,Gambia,6083.797345224054,2019-05
2019-06-01,Gambia,6118.902164328822,2019-06
2019-07-01,Gambia,6153.067424308635,2019-07
2019-08-01,Gambia,6188.571946667415,2019-08
2019-09-01,Gambia,6224.28133775605,2019-09
2019-10-01,Gambia,6259.034988718424,2019-10
2019-11-01,Gambia,6295.1509667139535,2019-11
2019-12-01,Gambia,6330.300322532024,2019-12
2020-01-01,Gambia,6366.827516830464,2020-01
2020-02-01,Gambia,6430.125523138013,2020-02
2020-03-01,Gambia,6489.9093743072535,2020-03
2020-04-01,Gambia,6554.43104124802,2020-04
2020-05-01,Gambia,6617.482058471363,2020-05
2020-06-01,Gambia,6683.27203314397,2020-06
2020-07-01,Gambia,6747.562449416289,2020-07
2020-08-01,Gambia,6814.645663050502,2020-08
2020-09-01,Gambia,6882.395807533469,2020-09
2020-10-01,Gambia,6948.601715241979,2020-10
2020-11-01,Gambia,7017.683629906283,2020-11
2020-12-01,Gambia,7085.190952606388,2020-12
2021-01-01,Gambia,7155.630816168377,2021-01
2021-02-01,Gambia,7230.272804070627,2021-02
2021-03-01,Gambia,7298.36037882003,2021-03
2021-04-01,Gambia,7374.491210761671,2021-04
2021-05-01,Gambia,7448.922249756014,2021-05
2021-06-01,Gambia,7526.623626299194,2021-06
2021-07-01,Gambia,7602.590143936004,2021-07
2021-08-01,Gambia,7681.89446470493,2021-08
2021-09-01,Gambia,7762.026026607938,2021-09
2021-10-01,Gambia,7840.368470222009,2021-10
2021-11-01,Gambia,7922.153109974686,2021-11
2021-12-01,Gambia,8002.111722737991,2021-12
2022-01-01,Gambia,8085.583542588095,2022-01
2022-02-01,Gambia,8144.502556788122,2022-02
2022-03-01,Gambia,8198.088669711957,2022-03
2022-04-01,Gambia,8257.827499964536,2022-04
2022-05-01,Gambia,8316.053713937174,2022-05
2022-06-01,Gambia,8376.652146230745,2022-06
2022-07-01,Gambia,8435.716196701995,2022-07
2022-08-01,Gambia,8497.186600138291,2022-08
2022-09-01,Gambia,8559.10493359151,2022-09
2022-10-01,Gambia,8619.455464682113,2022-10
2022-11-01,Gambia,8682.26476177801,2022-11
2022-12-01,Gambia,8743.483696877878,2022-12
2023-01-01,Gambia,8807.19677799078,2023-01
2023-02-01,Gambia,8864.594183805288,2023-02
2023-03-01,Gambia,8916.758451153308,2023-03
2023-04-01,Gambia,8974.869881642737,2023-04
2023-05-01,Gambia,9031.467314763337,2023-05
2023-06-01,Gambia,9090.32631469638,2023-06
2023-07-01,Gambia,9147.651840573117,2023-07
2023-08-01,Gambia,9207.26802699187,2023-08
2023-09-01,Gambia,9267.272738219492,2023-09
2023-10-01,Gambia,9325.71412577484,2023-10
2023-11-01,Gambia,9386.49076239148,2023-11
2023-12-01,Gambia,9445.683964094418,2023-12
2024-01-01,Gambia,9507.242456467107,2024-01
2024-02-01,Gambia,9573.83992858567,2024-02
2024-03-01,Gambia,9636.563060814864,2024-03
2024-04-01,Gambia,9704.0664134116,2024-04
2024-05-01,Gambia,9769.842426148496,2024-05
2024-06-01,Gambia,9838.27939002708,2024-06
2024-07-01,Gambia,9904.965123914184,2024-07
2024-08-01,Gambia,9974.348611470736,2024-08
2024-09-01,Gambia,10044.218124801744,2024-09
2024-10-01,Gambia,10112.29975070612,2024-10
2024-11-01,Gambia,10183.135600721083,2024-11
2024-12-01,Gambia,10252.158835769127,2024-12
2025-01-01,Gambia,10323.974387475797,2025-01
2025-02-01,Gambia,10323.9743874758,2025-02
2025-03-01,Gambia,10323.9743874758,2025-03
2025-04-01,Gambia,10323.9743874758,2025-04
2025-05-01,Gambia,10323.9743874758,2025-05
2025-06-01,Gambia,10323.9743874758,2025-06
2025-07-01,Gambia,10323.9743874758,2025-07
2025-08-01,Gambia,10323.9743874758,2025-08
2025-09-01,Gambia,10323.9743874758,2025-09
2025-10-01,Gambia,10323.9743874758,2025-10
2025-11-01,Gambia,10323.9743874758,2025-11
2025-12-01,Gambia,10323.9743874758,2025-12
2015-01-01,Ghana,135097.28378622394,2015-01
2015-02-01,Ghana,135587.37096850542,2015-02
2015-03-01,Ghana,136031.55829774277,2015-03
2015-04-01,Ghana,136525.03471147286,2015-04
2015-05-01,Ghana,137004.29694056194,2015-05
2015-06-01,Ghana,137501.30212057952,2015-06
2015-07-01,Ghana,137983.99147272823,2015-07
2015-08-01,Ghana,138484.55065264358,2015-08
2015-09-01,Ghana,138986.9256917026,2015-09
2015-10-01,Ghana,139474.83022849337,2015-10
2015-11-01,Ghana,139980.79766640306,2015-11
2015-12-01,Ghana,140472.19112593264,2015-12
2016-01-01,Ghana,140981.77665132895,2016-01
2016-02-01,Ghana,142131.6404550611,2016-02
2016-03-01,Ghana,143215.80836319568,2016-03
2016-04-01,Ghana,144383.89318997695,2016-04
2016-05-01,Ghana,145523.36807442084,2016-05
2016-06-01,Ghana,146710.27362718465,2016-06
2016-07-01,Ghana,147868.10826091398,2016-07
2016-08-01,Ghana,149074.13778795052,2016-08
2016-09-01,Ghana,150290.0038323889,2016-09
2016-10-01,Ghana,151476.08962746174,2016-10
2016-11-01,Ghana,152711.5462710839,2016-11
2016-12-01,Ghana,153916.74283211236,2016-12
2017-01-01,Ghana,155172.1057277631,2017-01
2017-02-01,Ghana,156350.20493252145,2017-02
2017-03-01,Ghana,157421.98054029152,2017-03
2017-04-01,Ghana,158617.1612669833,2017-04
2017-05-01,Ghana,159782.4267893396,2017-05
2017-06-01,Ghana,160995.5285195251,2017-06
2017-07-01,Ghana,162178.26648519584,2017-07
2017-08-01,Ghana,163409.55793335405,2017-08
2017-09-01,Ghana,164650.1976046936,2017-09
2017-10-01,Ghana,165859.78424075124,2017-10
2017-11-01,Ghana,167119.02654463693,2017-11
2017-12-01,Ghana,168346.75019198193,2017-12
2018-01-01,Ghana,169624.87406350288,2018-01
2018-02-01,Ghana,171084.74668748875,2018-02
2018-03-01,Ghana,172414.13766037996,2018-03
2018-04-01,Ghana,173898.01601812738,2018-04
2018-05-01,Ghana,175346.18586933002,2018-05
2018-06-01,Ghana,176855.29883335874,2018-06
2018-07-01,Ghana,178328.0960374925,2018-07
2018-08-01,Ghana,179862.87274362106,2018-08
2018-09-01,Ghana,181410.85847059355,2018-09
2018-10-01,Ghana,182921.5929915128,2018-10
2018-11-01,Ghana,184495.9035247909,2018-11
2018-12-01,Ghana,186032.32936375617,2018-12
2019-01-01,Ghana,187633.412378932,2019-01
2019-02-01,Ghana,188069.7027010781,2019-02
2019-03-01,Ghana,188464.64327595025,2019-03
2019-04-01,Ghana,188902.8663988229,2019-04
2019-05-01,Ghana,189327.92346126767,2019-05
2019-06-01,Ghana,189768.15390674563,2019-06
2019-07-01,Ghana,190195.15798340595,2019-07
2019-08-01,Ghana,190637.40494622104,2019-08
2019-09-01,Ghana,191080.68023372217,2019-09
2019-10-01,Ghana,191510.6376725816,2019-10
2019-11-01,Ghana,191955.94342460748,2019-11
2019-12-01,Ghana,192387.870324322,2019-12
2020-01-01,Ghana,192835.2158416081,2020-01
2020-02-01,Ghana,194610.31221370064,2020-02
2020-03-01,Ghana,196285.67622023256,2020-03
2020-04-01,Ghana,198092.5349427517,2020-04
2020-05-01,Ghana,199856.94277372723,2020-05
2020-06-01,Ghana,201696.67589771512,2020-06
2020-07-01,Ghana,203493.18576891537,2020-07
2020-08-01,Ghana,205366.3914187624,2020-08
2020-09-01,Ghana,207256.84039493185,2020-09
2020-10-01,Ghana,209102.8745845686,2020-10
2020-11-01,Ghana,211027.7188224282,2020-11
2020-12-01,Ghana,212907.34018095577,2020-12
2021-01-01,Ghana,214867.20547577585,2021-01
2021-02-01,Ghana,216813.52017479544,2021-02
2021-03-01,Ghana,218586.63091091227,2021-03
2021-04-01,Ghana,220566.6369886617,2021-04
2021-05-01,Ghana,222499.8470693369,2021-05
2021-06-01,Ghana,224515.2999250753,2021-06
2021-07-01,Ghana,226483.1190250386,2021-07
2021-08-01,Ghana,228534.65323968147,2021-08
2021-09-01,Ghana,230604.77070526136,2021-09
2021-10-01,Ghana,232625.96245695004,2021-10
2021-11-01,Ghana,234733.13990685923,2021-11
2021-12-01,Ghana,236790.5157572232,2021-12
2022-01-01,Ghana,238935.416652575,2022-01
2022-02-01,Ghana,240301.5523370657,2022-02
2022-03-01,Ghana,241542.1938350049,2022-03
2022-04-01,Ghana,242923.23401285344,2022-04
2022-05-01,Ghana,244267.2423057682,2022-05
2022-06-01,Ghana,245663.86320417307,2022-06
2022-07-01,Ghana,247023.0344286032,2022-07
2022-08-01,Ghana,248435.41182728249,2022-08
2022-09-01,Ghana,249855.86462638303,2022-09
2022-10-01,Ghana,251238.2287113,2022-10
2022-11-01,Ghana,252674.7068791633,2022-11
2022-12-01,Ghana,254072.66662078825,2022-12
2023-01-01,Ghana,255525.35095359723,2023-01
2023-02-01,Ghana,257263.36819173268,2023-02
2023-03-01,Ghana,258843.348856386,2023-03
2023-04-01,Ghana,260603.93425666075,2023-04
2023-05-01,Ghana,262319.12758566224,2023-05
2023-06-01,Ghana,264103.3543323827,2023-06
2023-07-01,Ghana,265841.57947779266,2023-07
2023-08-01,Ghana,267649.7650297204,2023-08
2023-09-01,Ghana,269470.2493913245,2023-09
2023-10-01,Ghana,271243.7973442314,2023-10
2023-11-01,Ghana,273088.727382532,2023-11
2023-12-01,Ghana,274886.0907445547,2023-12
2024-01-01,Ghana,276755.794718954,2024-01
2024-02-01,Ghana,278248.39732380665,2024-02
2024-03-01,Ghana,279651.98979280744,2024-03
2024-04-01,Ghana,281160.2121909721,2024-04
2024-05-01,Ghana,282627.526611581,2024-05
2024-06-01,Ghana,284151.7967098893,2024-06
2024-07-01,Ghana,285634.72356396046,2024-07
2024-08-01,Ghana,287175.21211221616,2024-08
2024-09-01,Ghana,288724.00884141604,2024-09
2024-10-01,Ghana,290230.79708306544,2024-10
2024-11-01,Ghana,291796.0732290436,2024-11
2024-12-01,Ghana,293318.8939112076,2024-12
2025-01-01,Ghana,294900.82481729385,2025-01
2025-02-01,Ghana,294900.824817294,2025-02
2025-03-01,Ghana,294900.824817294,2025-03
2025-04-01,Ghana,294900.824817294,2025-04
2025-05-01,Ghana,294900.824817294,2025-05
2025-06-01,Ghana,294900.824817294,2025-06
2025-07-01,Ghana,294900.824817294,2025-07
2025-08-01,Ghana,294900.824817294,2025-08
2025-09-01,Ghana,294900.824817294,2025-09
2025-10-01,Ghana,294900.824817294,2025-10
2025-11-01,Ghana,294900.824817294,2025-11
2025-12-01,Ghana,294900.824817294,2025-12
2015-01-01,Guinea,26496.59508331148,2015-01
2015-02-01,Guinea,26750.296498961103,2015-02
2015-03-01,Guinea,26981.533434381203,2015-03
2015-04-01,Guinea,27239.878071010065,2015-04
2015-05-01,Guinea,27492.243979647952,2015-05
2015-06-01,Guinea,27755.47860262842,2015-06
2015-07-01,Guinea,28012.62133135033,2015-07
2015-08-01,Guinea,28280.83849908358,2015-08
2015-09-01,Guinea,28551.62381094785,2015-09
2015-10-01,Guinea,28816.14248710909,2015-10
2015-11-01,Guinea,29092.053264307226,2015-11
2015-12-01,Guinea,29361.57878997403,2015-12
2016-01-01,Guinea,29642.712048089,2016-01
2016-02-01,Guinea,29934.84395041336,2016-02
2016-03-01,Guinea,30210.73445129853,2016-03
2016-04-01,Guinea,30508.46427141608,2016-04
2016-05-01,Guinea,30799.383317016207,2016-05
2016-06-01,Guinea,31102.914330785137,2016-06
2016-07-01,Guinea,31399.5018637398,2016-07
2016-08-01,Guinea,31708.947106017586,2016-08
2016-09-01,Guinea,32021.44196221548,2016-09
2016-10-01,Guinea,32326.788283535094,2016-10
2016-11-01,Guinea,32645.37202654705,2016-11
2016-12-01,Guinea,32956.66794720479,2016-12
2017-01-01,Guinea,33281.45921752008,2017-01
2017-02-01,Guinea,33515.05533055366,2017-02
2017-03-01,Guinea,33727.45429149837,2017-03
2017-04-01,Guinea,33964.18075753218,2017-04
2017-05-01,Guinea,34194.85277148728,2017-05
2017-06-01,Guinea,34434.85981688059,2017-06
2017-07-01,Guinea,34668.72850698471,2017-07
2017-08-01,Guinea,34912.06159433873,2017-08
2017-09-01,Guinea,35157.10258948036,2017-09
2017-10-01,Guinea,35395.87648239533,2017-10
2017-11-01,Guinea,35644.31328048355,2017-11
2017-12-01,Guinea,35886.3961262072,2017-12
2018-01-01,Guinea,36138.275786623424,2018-01
2018-02-01,Guinea,36488.37171013608,2018-02
2018-03-01,Guinea,36807.5016407227,2018-03
2018-04-01,Guinea,37164.08080778612,2018-04
2018-05-01,Guinea,37512.44615068792,2018-05
2018-06-01,Guinea,37875.8545920836,2018-06
2018-07-01,Guinea,38230.89189654197,2018-07
2018-08-01,Guinea,38601.26040787495,2018-08
2018-09-01,Guinea,38975.216929515365,2018-09
2018-10-01,Guinea,39340.55933850824,2018-10
2018-11-01,Guinea,39721.67794899318,2018-11
2018-12-01,Guinea,40094.01746765112,2018-12
2019-01-01,Guinea,40482.43533671463,2019-01
2019-02-01,Guinea,40813.03632845637,2019-02
2019-03-01,Guinea,41113.96365542603,2019-03
2019-04-01,Guinea,41449.7220416462,2019-04
2019-05-01,Guinea,41777.260014231455,2019-05
2019-06-01,Guinea,42118.43522955827,2019-06
2019-07-01,Guinea,42451.25741036064,2019-07
2019-08-01,Guinea,42797.93684512826,2019-08
2019-09-01,Guinea,43147.44744763561,2019-09
2019-10-01,Guinea,43488.40093931479,2019-10
2019-11-01,Guinea,43843.550237034055,2019-11
2019-12-01,Guinea,44190.00437106056,2019-12
2020-01-01,Guinea,44550.8833337176,2020-01
2020-02-01,Guinea,45083.42834420354,2020-02
2020-03-01,Guinea,45587.377182596334,2020-03
2020-04-01,Guinea,46132.31206251505,2020-04
2020-05-01,Guinea,46665.86975387329,2020-05
2020-06-01,Guinea,47223.696540634286,2020-06
2020-07-01,Guinea,47769.87698070143,2020-07
2020-08-01,Guinea,48340.90066719129,2020-08
2020-09-01,Guinea,48918.7501625621,2020-09
2020-10-01,Guinea,49484.53527572732,2020-10
2020-11-01,Guinea,50076.0553620947,2020-11
2020-12-01,Guinea,50655.22565070109,2020-12
2021-01-01,Guinea,51260.739742829166,2021-01
2021-02-01,Guinea,51731.60397737518,2021-02
2021-03-01,Guinea,52160.61721115881,2021-03
2021-04-01,Guinea,52639.747423087145,2021-04
2021-05-01,Guinea,53107.61187265242,2021-05
2021-06-01,Guinea,53595.44086494631,2021-06
2021-07-01,Guinea,54071.79956093225,2021-07
2021-08-01,Guinea,54568.48526306057,2021-08
2021-09-01,Guinea,55069.733356096935,2021-09
2021-10-01,Guinea,55559.19563024648,2021-10
2021-11-01,Guinea,56069.5440616908,2021-11
2021-12-01,Guinea,56567.89269849104,2021-12
2022-01-01,Guinea,57087.50668824198,2022-01
2022-02-01,Guinea,57559.16852076853,2022-02
2022-03-01,Guinea,57988.534246543866,2022-03
2022-04-01,Guinea,58467.64044534176,2022-04
2022-05-01,Guinea,58935.0602107512,2022-05
2022-06-01,Guinea,59421.98668751728,2022-06
2022-07-01,Guinea,59897.03597745069,2022-07
2022-08-01,Guinea,60391.91037976632,2022-08
2022-09-01,Guinea,60890.87347645673,2022-09
2022-10-01,Guinea,61377.66578719737,2022-10
2022-11-01,Guinea,61884.773278850254,2022-11
2022-12-01,Guinea,62379.511325196734,2022-12
2023-01-01,Guinea,62894.89614983845,2023-01
2023-02-01,Guinea,63342.41948746954,2023-02
2023-03-01,Guinea,63749.37047435897,2023-03
2023-04-01,Guinea,64202.973752097096,2023-04
2023-05-01,Guinea,64645.01751352583,2023-05
2023-06-01,Guinea,65104.99369235521,2023-06
2023-07-01,Guinea,65553.2479494039,2023-07
2023-08-01,Guinea,66019.68656542426,2023-08
2023-09-01,Guinea,66489.4440861415,2023-09
2023-10-01,Guinea,66947.23041972534,2023-10
2023-11-01,Guinea,67423.58780063612,2023-11
2023-12-01,Guinea,67887.80580517116,2023-12
2024-01-01,Guinea,68370.85577103806,2024-01
2024-02-01,Guinea,68915.15011380448,2024-02
2024-03-01,Guinea,69428.25078914288,2024-03
2024-04-01,Guinea,69980.96296023604,2024-04
2024-05-01,Guinea,70520.03482294758,2024-05
2024-06-01,Guinea,71081.43859028321,2024-06
2024-07-01,Guinea,71628.98755051762,2024-07
2024-08-01,Guinea,72199.21959255032,2024-08
2024-09-01,Guinea,72773.991201494,2024-09
2024-10-01,Guinea,73334.57810019434,2024-10
2024-11-01,Guinea,73918.3881979174,2024-11
2024-12-01,Guinea,74487.79052576385,2024-12
2025-01-01,Guinea,75080.78124572962,2025-01
2025-02-01,Guinea,75080.7812457296,2025-02
2025-03-01,Guinea,75080.7812457296,2025-03
2025-04-01,Guinea,75080.7812457296,2025-04
2025-05-01,Guinea,75080.7812457296,2025-05
2025-06-01,Guinea,75080.7812457296,2025-06
2025-07-01,Guinea,75080.7812457296,2025-07
2025-08-01,Guinea,75080.7812457296,2025-08
2025-09-01,Guinea,75080.7812457296,2025-09
2025-10-01,Guinea,75080.7812457296,2025-10
2025-11-01,Guinea,75080.7812457296,2025-11
2025-12-01,Guinea,75080.7812457296,2025-12
2015-01-01,Guinea-Bissau,3446.158120651668,2015-01
2015-02-01,Guinea-Bissau,3464.10641028012,2015-02
2015-03-01,Guinea-Bissau,3480.3981017920355,2015-03
2015-04-01,Guinea-Bissau,3498.5247201787406,2015-04
2015-05-01,Guinea-Bissau,3516.156492047282,2015-05
2015-06-01,Guinea-Bissau,3534.469347374504,2015-06
2015-07-01,Guinea-Bissau,3552.282272019517,2015-07
2015-08-01,Guinea-Bissau,3570.7832777273416,2015-08
2015-09-01,Guinea-Bissau,3589.380640420892,2015-09
2015-10-01,Guinea-Bissau,3607.470305540659,2015-10
2015-11-01,Guinea-Bissau,3626.258741707261,2015-11
2015-12-01,Guinea-Bissau,3644.53426410141,2015-12
2016-01-01,Guinea-Bissau,3663.515736872757,2016-01
2016-02-01,Guinea-Bissau,3683.5937404573488,2016-02
2016-03-01,Guinea-Bissau,3702.475995486536,2016-03
2016-04-01,Guinea-Bissau,3722.76752189136,2016-04
2016-05-01,Guinea-Bissau,3742.510361806701,2016-05
2016-06-01,Guinea-Bissau,3763.021297710001,2016-06
2016-07-01,Guinea-Bissau,3782.977614251885,2016-07
2016-08-01,Guinea-Bissau,3803.710332098544,2016-08
2016-09-01,Guinea-Bissau,3824.556676202906,2016-09
2016-10-01,Guinea-Bissau,3844.839331448348,2016-10
2016-11-01,Guinea-Bissau,3865.9110842190535,2016-11
2016-12-01,Guinea-Bissau,3886.413053040331,2016-12
2017-01-01,Guinea-Bissau,3907.7126517904526,2017-01
2017-02-01,Guinea-Bissau,3911.770900144524,2017-02
2017-03-01,Guinea-Bissau,3915.440037189666,2017-03
2017-04-01,Guinea-Bissau,3919.506310609004,2017-04
2017-05-01,Guinea-Bissau,3923.445434652905,2017-05
2017-06-01,Guinea-Bissau,3927.5200218593545,2017-06
2017-07-01,Guinea-Bissau,3931.467199724366,2017-07
2017-08-01,Guinea-Bissau,3935.55011771606,2017-08
2017-09-01,Guinea-Bissau,3939.6372759108326,2017-09
2017-10-01,Guinea-Bissau,3943.59663167862,2017-10
2017-11-01,Guinea-Bissau,3947.692146360923,2017-11
2017-12-01,Guinea-Bissau,3951.659597315028,2017-12
2018-01-01,Guinea-Bissau,3955.7634855702977,2018-01
2018-02-01,Guinea-Bissau,3969.2892150245375,2018-02
2018-03-01,Guinea-Bissau,3981.5457495087153,2018-03
2018-04-01,Guinea-Bissau,3995.15963487218,2018-04
2018-05-01,Guinea-Bissau,4008.378682078881,2018-05
2018-06-01,Guinea-Bissau,4022.084315846347,2018-06
2018-07-01,Guinea-Bissau,4035.3924505142136,2018-07
2018-08-01,Guinea-Bissau,4049.1904510080335,2018-08
2018-09-01,Guinea-Bissau,4063.035630263268,2018-09
2018-10-01,Guinea-Bissau,4076.4792632360654,2018-10
2018-11-01,Guinea-Bissau,4090.417749660109,2018-11
2018-12-01,Guinea-Bissau,4103.951983650641,2018-12
2019-01-01,Guinea-Bissau,4117.984406070872,2019-01
2019-02-01,Guinea-Bissau,4124.942666298474,2019-02
2019-03-01,Guinea-Bissau,4131.237651813866,2019-03
2019-04-01,Guinea-Bissau,4138.218306379001,2019-04
2019-05-01,Guinea-Bissau,4144.9850091123335,2019-05
2019-06-01,Guinea-Bissau,4151.988892927524,2019-06
2019-07-01,Guinea-Bissau,4158.778112951812,2019-07
2019-08-01,Guinea-Bissau,4165.805303316136,2019-08
2019-09-01,Guinea-Bissau,4172.84436769803,2019-09
2019-10-01,Guinea-Bissau,4179.667690031013,2019-10
2019-11-01,Guinea-Bissau,4186.730178031032,2019-11
2019-12-01,Guinea-Bissau,4193.576206065781,2019-12
2020-01-01,Guinea-Bissau,4200.6621956297695,2020-01
2020-02-01,Guinea-Bissau,4239.709661265856,2020-02
2020-03-01,Guinea-Bissau,4276.566467207349,2020-03
2020-04-01,Guinea-Bissau,4316.31950479806,2020-04
2020-05-01,Guinea-Bissau,4355.141989558723,2020-05
2020-06-01,Guinea-Bissau,4395.625429849287,2020-06
2020-07-01,Guinea-Bissau,4435.161219791206,2020-07
2020-08-01,Guinea-Bissau,4476.3884828404725,2020-08
2020-09-01,Guinea-Bissau,4517.998975976372,2020-09
2020-10-01,Guinea-Bissau,4558.635436321487,2020-10
2020-11-01,Guinea-Bissau,4601.010460129019,2020-11
2020-12-01,Guinea-Bissau,4642.393554747822,2020-12
2021-01-01,Guinea-Bissau,4685.547156336352,2021-01
2021-02-01,Guinea-Bissau,4731.006102732681,2021-02
2021-03-01,Guinea-Bissau,4772.444761597489,2021-03
2021-04-01,Guinea-Bissau,4818.746784255295,2021-04
2021-05-01,Guinea-Bissau,4863.982865977046,2021-05
2021-06-01,Guinea-Bissau,4911.172986788893,2021-06
2021-07-01,Guinea-Bissau,4957.276721333709,2021-07
2021-08-01,Guinea-Bissau,5005.371974508598,2021-08
2021-09-01,Guinea-Bissau,5053.93384544723,2021-09
2021-10-01,Guinea-Bissau,5101.377750405241,2021-10
2021-11-01,Guinea-Bissau,5150.87106462566,2021-11
2021-12-01,Guinea-Bissau,5199.224969665634,2021-12
2022-01-01,Guinea-Bissau,5249.6675927601145,2022-01
2022-02-01,Guinea-Bissau,5288.612659782391,2022-02
2022-03-01,Guinea-Bissau,5324.037120373876,2022-03
2022-04-01,Guinea-Bissau,5363.533903516479,2022-04
2022-05-01,Guinea-Bissau,5402.03555917306,2022-05
2022-06-01,Guinea-Bissau,5442.110979795665,2022-06
2022-07-01,Guinea-Bissau,5481.176694072508,2022-07
2022-08-01,Guinea-Bissau,5521.8392293549305,2022-08
2022-09-01,Guinea-Bissau,5562.803422815492,2022-09
2022-10-01,Guinea-Bissau,5602.735517162843,2022-10
2022-11-01,Guinea-Bissau,5644.299846021479,2022-11
2022-12-01,Guinea-Bissau,5684.816955263853,2022-12
2023-01-01,Guinea-Bissau,5726.990211650115,2023-01
2023-02-01,Guinea-Bissau,5761.827703656142,2023-02
2023-03-01,Guinea-Bissau,5793.475937607327,2023-03
2023-04-01,Guinea-Bissau,5828.71786472865,2023-04
2023-05-01,Guinea-Bissau,5863.027058512346,2023-05
2023-06-01,Guinea-Bissau,5898.69206765913,2023-06
2023-07-01,Guinea-Bissau,5933.413145933364,2023-07
2023-08-01,Guinea-Bissau,5969.506316237622,2023-08
2023-09-01,Guinea-Bissau,6005.819042623779,2023-09
2023-10-01,Guinea-Bissau,6041.17069527626,2023-10
2023-11-01,Guinea-Bissau,6077.9193587147965,2023-11
2023-12-01,Guinea-Bissau,6113.695410656116,2023-12
2024-01-01,Guinea-Bissau,6150.885244604626,2024-01
2024-02-01,Guinea-Bissau,6189.438992439579,2024-02
2024-03-01,Guinea-Bissau,6225.724144117124,2024-03
2024-04-01,Guinea-Bissau,6264.746982163536,2024-04
2024-05-01,Guinea-Bissau,6302.743890467042,2024-05
2024-06-01,Guinea-Bissau,6342.249488272578,2024-06
2024-07-01,Guinea-Bissau,6380.716464342008,2024-07
2024-08-01,Guinea-Bissau,6420.710794229461,2024-08
2024-09-01,Guinea-Bissau,6460.955808570936,2024-09
2024-10-01,Guinea-Bissau,6500.142761549293,2024-10
2024-11-01,Guinea-Bissau,6540.885655450588,2024-11
2024-12-01,Guinea-Bissau,6580.557398488503,2024-12
2025-01-01,Guinea-Bissau,6621.804331322652,2025-01
2025-02-01,Guinea-Bissau,6621.80433132265,2025-02
2025-03-01,Guinea-Bissau,6621.80433132265,2025-03
2025-04-01,Guinea-Bissau,6621.80433132265,2025-04
2025-05-01,Guinea-Bissau,6621.80433132265,2025-05
2025-06-01,Guinea-Bissau,6621.80433132265,2025-06
2025-07-01,Guinea-Bissau,6621.80433132265,2025-07
2025-08-01,Guinea-Bissau,6621.80433132265,2025-08
2025-09-01,Guinea-Bissau,6621.80433132265,2025-09
2025-10-01,Guinea-Bissau,6621.80433132265,2025-10
2025-11-01,Guinea-Bissau,6621.80433132265,2025-11
2025-12-01,Guinea-Bissau,6621.80433132265,2025-12
2015-01-01,Ivory Coast,105996.69670034591,2015-01
2015-02-01,Ivory Coast,106707.76422555212,2015-02
2015-03-01,Ivory Coast,107354.1178992348,2015-03
2015-04-01,Ivory Coast,108074.29153965594,2015-04
2015-05-01,Ivory Coast,108775.83339458382,2015-05
2015-06-01,Ivory Coast,109505.5444616444,2015-06
2015-07-01,Ivory Coast,110216.37699815308,2015-07
2015-08-01,Ivory Coast,110955.75179820773,2015-08
2015-09-01,Ivory Coast,111700.0866151838,2015-09
2015-10-01,Ivory Coast,112425.16456705608,2015-10
2015-11-01,Ivory Coast,113179.35678273988,2015-11
2015-12-01,Ivory Coast,113914.0371101862,2015-12
2016-01-01,Ivory Coast,114678.21726839602,2016-01
2016-02-01,Ivory Coast,115548.43419676156,2016-02
2016-03-01,Ivory Coast,116368.4853176306,2016-03
2016-04-01,Ivory Coast,117251.52856911974,2016-04
2016-05-01,Ivory Coast,118112.4661171019,2016-05
2016-06-01,Ivory Coast,119008.74328215014,2016-06
2016-07-01,Ivory Coast,119882.58345191284,2016-07
2016-08-01,Ivory Coast,120792.29286335132,2016-08
2016-09-01,Ivory Coast,121708.90545613135,2016-09
2016-10-01,Ivory Coast,122602.57198576856,2016-10
2016-11-01,Ivory Coast,123532.92158610695,2016-11
2016-12-01,Ivory Coast,124439.98123729708,2016-12
2017-01-01,Ivory Coast,125384.27371774908,2017-01
2017-02-01,Ivory Coast,126239.12767928,2017-02
2017-03-01,Ivory Coast,127016.26227376268,2017-03
2017-04-01,Ivory Coast,127882.24292479732,2017-04
2017-05-01,Ivory Coast,128725.90983760289,2017-05
2017-06-01,Ivory Coast,129603.54664733596,2017-06
2017-07-01,Ivory Coast,130458.5693744001,2017-07
2017-08-01,Ivory Coast,131348.0192355239,2017-08
2017-09-01,Ivory Coast,132243.5332521819,2017-09
2017-10-01,Ivory Coast,133115.9725438747,2017-10
2017-11-01,Ivory Coast,134023.5402403494,2017-11
2017-12-01,Ivory Coast,134907.72262448518,2017-12
2018-01-01,Ivory Coast,135827.50624413005,2018-01
2018-02-01,Ivory Coast,137398.66020213184,2018-02
2018-03-01,Ivory Coast,138833.38210578248,2018-03
2018-04-01,Ivory Coast,140439.3058529668,2018-04
2018-05-01,Ivory Coast,142011.11039325525,2018-05
2018-06-01,Ivory Coast,143653.79179368945,2018-06
2018-07-01,Ivory Coast,145261.57303982723,2018-07
2018-08-01,Ivory Coast,146941.85343175966,2018-08
2018-09-01,Ivory Coast,148641.57008709217,2018-09
2018-10-01,Ivory Coast,150305.17482594712,2018-10
2018-11-01,Ivory Coast,152043.7959408156,2018-11
2018-12-01,Ivory Coast,153745.478581092,2018-12
2019-01-01,Ivory Coast,155523.894631545,2019-01
2019-02-01,Ivory Coast,155924.18902804764,2019-02
2019-03-01,Ivory Coast,156286.63074482756,2019-03
2019-04-01,Ivory Coast,156688.8883058518,2019-04
2019-05-01,Ivory Coast,157079.1555790323,2019-05
2019-06-01,Ivory Coast,157483.45297612785,2019-06
2019-07-01,Ivory Coast,157875.6992829883,2019-07
2019-08-01,Ivory Coast,158282.04686010294,2019-08
2019-09-01,Ivory Coast,158689.4403128915,2019-09
2019-10-01,Ivory Coast,159084.69038979933,2019-10
2019-11-01,Ivory Coast,159494.14972261287,2019-11
2019-12-01,Ivory Coast,159891.40410084947,2019-12
2020-01-01,Ivory Coast,160302.93978970387,2020-01
2020-02-01,Ivory Coast,161821.4862809699,2020-02
2020-03-01,Ivory Coast,163255.0823701734,2020-03
2020-04-01,Ivory Coast,164801.5944481163,2020-04
2020-05-01,Ivory Coast,166312.16644738778,2020-05
2020-06-01,Ivory Coast,167887.63822067433,2020-06
2020-07-01,Ivory Coast,169426.49690811147,2020-07
2020-08-01,Ivory Coast,171031.47067056914,2020-08
2020-09-01,Ivory Coast,172651.64831686547,2020-09
2020-10-01,Ivory Coast,174234.17393774216,2020-10
2020-11-01,Ivory Coast,175884.69072700935,2020-11
2020-12-01,Ivory Coast,177496.8504260855,2020-12
2021-01-01,Ivory Coast,179178.27448342906,2021-01
2021-02-01,Ivory Coast,181178.99339990632,2021-02
2021-03-01,Ivory Coast,183005.28932876696,2021-03
2021-04-01,Ivory Coast,185048.74099851344,2021-04
2021-05-01,Ivory Coast,187047.99742258896,2021-05
2021-06-01,Ivory Coast,189136.5902936358,2021-06
2021-07-01,Ivory Coast,191180.0116167523,2021-07
2021-08-01,Ivory Coast,193314.7428881451,2021-08
2021-09-01,Ivory Coast,195473.31073932743,2021-09
2021-10-01,Ivory Coast,197585.1936417572,2021-10
2021-11-01,Ivory Coast,199791.44568695943,2021-11
2021-12-01,Ivory Coast,201949.9814819592,2021-12
2022-01-01,Ivory Coast,204204.9710966212,2022-01
2022-02-01,Ivory Coast,205926.44237652112,2022-02
2022-03-01,Ivory Coast,207493.78982277383,2022-03
2022-04-01,Ivory Coast,209242.986220978,2022-04
2022-05-01,Ivory Coast,210949.795744482,2022-05
2022-06-01,Ivory Coast,212728.1266681844,2022-06
2022-07-01,Ivory Coast,214463.364723576,2022-07
2022-08-01,Ivory Coast,216271.31543593973,2022-08
2022-09-01,Ivory Coast,218094.5073797489,2022-09
2022-10-01,Ivory Coast,219873.51937409423,2022-10
2022-11-01,Ivory Coast,221727.0783094149,2022-11
2022-12-01,Ivory Coast,223535.7214362988,2022-12
2023-01-01,Ivory Coast,225420.153154184,2023-01
2023-02-01,Ivory Coast,227010.79935244165,2023-02
2023-03-01,Ivory Coast,228457.15727404223,2023-03
2023-04-01,Ivory Coast,230069.23367270496,2023-04
2023-05-01,Ivory Coast,231640.13767740247,2023-05
2023-06-01,Ivory Coast,233274.6743379668,2023-06
2023-07-01,Ivory Coast,234867.464969996,2023-07
2023-08-01,Ivory Coast,236524.7748201649,2023-08
2023-09-01,Ivory Coast,238193.77924854943,2023-09
2023-10-01,Ivory Coast,239820.1573424061,2023-10
2023-11-01,Ivory Coast,241512.4151827304,2023-11
2023-12-01,Ivory Coast,243161.4527969232,2023-12
2024-01-01,Ivory Coast,244877.2880274568,2024-01
2024-02-01,Ivory Coast,246668.8856167068,2024-02
2024-03-01,Ivory Coast,248356.7610557097,2024-03
2024-04-01,Ivory Coast,250173.8155402867,2024-04
2024-05-01,Ivory Coast,251944.91215236427,2024-05
2024-06-01,Ivory Coast,253788.2186544575,2024-06
2024-07-01,Ivory Coast,255584.90330458072,2024-07
2024-08-01,Ivory Coast,257454.8411019882,2024-08
2024-09-01,Ivory Coast,259338.4599397113,2024-09
2024-10-01,Ivory Coast,261174.43732522844,2024-10
2024-11-01,Ivory Coast,263085.2698734607,2024-11
2024-12-01,Ivory Coast,264947.7726663849,2024-12
2025-01-01,Ivory Coast,266886.2120970478,2025-01
2025-02-01,Ivory Coast,266886.212097048,2025-02
2025-03-01,Ivory Coast,266886.212097048,2025-03
2025-04-01,Ivory Coast,266886.212097048,2025-04
2025-05-01,Ivory Coast,266886.212097048,2025-05
2025-06-01,Ivory Coast,266886.212097048,2025-06
2025-07-01,Ivory Coast,266886.212097048,2025-07
2025-08-01,Ivory Coast,266886.212097048,2025-08
2025-09-01,Ivory Coast,266886.212097048,2025-09
2025-10-01,Ivory Coast,266886.212097048,2025-10
2025-11-01,Ivory Coast,266886.212097048,2025-11
2025-12-01,Ivory Coast,266886.212097048,2025-12
2015-01-01,Kenya,184855.93907892497,2015-01
2015-02-01,Kenya,185654.10657358696,2015-02
2015-03-01,Kenya,186377.99381972683,2015-03
2015-04-01,Kenya,187182.7332137027,2015-04
2015-05-01,Kenya,187964.8214853257,2015-05
2015-06-01,Kenya,188776.4124539311,2015-06
2015-07-01,Kenya,189565.1594478688,2015-07
2015-08-01,Kenya,190383.6603256096,2015-08
2015-09-01,Kenya,191205.69531103564,2015-09
2015-10-01,Kenya,192004.592352461,2015-10
2015-11-01,Kenya,192833.62616768567,2015-11
2015-12-01,Kenya,193639.3250417809,2015-12
2016-01-01,Kenya,194475.4172750451,2016-01
2016-02-01,Kenya,195386.7260283458,2016-02
2016-03-01,Kenya,196243.1062828666,2016-03
2016-04-01,Kenya,197162.69839911623,2016-04
2016-05-01,Kenya,198056.72897393056,2016-05
2016-06-01,Kenya,198984.819697648,2016-06
2016-07-01,Kenya,199887.11264747108,2016-07
2016-08-01,Kenya,200823.7805203572,2016-08
2016-09-01,Kenya,201764.83760419604,2016-09
2016-10-01,Kenya,202679.73649331272,2016-10
2016-11-01,Kenya,203629.49055771364,2016-11
2016-12-01,Kenya,204552.8446808345,2016-12
2017-01-01,Kenya,205511.376100806,2017-01
2017-02-01,Kenya,206822.5919741122,2017-02
2017-03-01,Kenya,208014.1051785376,2017-03
2017-04-01,Kenya,209341.2891123744,2017-04
2017-05-01,Kenya,210633.72256123408,2017-05
2017-06-01,Kenya,211977.6203332985,2017-06
2017-07-01,Kenya,213286.3299915321,2017-07
2017-08-01,Kenya,214647.15208688384,2017-08
2017-09-01,Kenya,216016.65658009608,2017-09
2017-10-01,Kenya,217350.30248272105,2017-10
2017-11-01,Kenya,218737.05377644685,2017-11
2017-12-01,Kenya,220087.4948958476,2017-12
2018-01-01,Kenya,221491.71018698585,2018-01
2018-02-01,Kenya,223007.1282759345,2018-02
2018-03-01,Kenya,224384.8028112675,2018-03
2018-04-01,Kenya,225920.0150717093,2018-04
2018-05-01,Kenya,227415.70456857787,2018-05
2018-06-01,Kenya,228971.6538730607,2018-06
2018-07-01,Kenya,230487.5465560076,2018-07
2018-08-01,Kenya,232064.51301237528,2018-08
2018-09-01,Kenya,233652.26887251623,2018-09
2018-10-01,Kenya,235199.14927778312,2018-10
2018-11-01,Kenya,236808.35192026536,2018-11
2018-12-01,Kenya,238376.1269782892,2018-12
2019-01-01,Kenya,240007.0660978232,2019-01
2019-02-01,Kenya,240860.91853022025,2019-02
2019-03-01,Kenya,241634.75073101243,2019-03
2019-04-01,Kenya,242494.39383660007,2019-04
2019-05-01,Kenya,243329.2182962456,2019-05
2019-06-01,Kenya,244194.88966289963,2019-06
2019-07-01,Kenya,245035.56834245863,2019-07
2019-08-01,Kenya,245907.3102434564,2019-08
2019-09-01,Kenya,246782.1534654056,2019-09
2019-10-01,Kenya,247631.73920080083,2019-10
2019-11-01,Kenya,248512.7172748761,2019-11
2019-12-01,Kenya,249368.2607438679,2019-12
2020-01-01,Kenya,250255.4166908181,2020-01
2020-02-01,Kenya,252960.7723608955,2020-02
2020-03-01,Kenya,255518.0593509416,2020-03
2020-04-01,Kenya,258280.30617785544,2020-04
2020-05-01,Kenya,260981.8765577833,2020-05
2020-06-01,Kenya,263803.1893144431,2020-06
2020-07-01,Kenya,266562.5281619495,2020-07
2020-08-01,Kenya,269444.16987236263,2020-08
2020-09-01,Kenya,272356.9632191458,2020-09
2020-10-01,Kenya,275205.773163228,2020-10
2020-11-01,Kenya,278180.8516199113,2020-11
2020-12-01,Kenya,281090.57849812694,2020-12
2021-01-01,Kenya,284129.273925386,2021-01
2021-02-01,Kenya,286946.3736040583,2021-02
2021-03-01,Kenya,289514.85047436063,2021-03
2021-04-01,Kenya,292385.3473470494,2021-04
2021-05-01,Kenya,295190.34290057747,2021-05
2021-06-01,Kenya,298117.1114402765,2021-06
2021-07-01,Kenya,300977.09460840665,2021-07
2021-08-01,Kenya,303961.23793441907,2021-08
2021-09-01,Kenya,306974.96859963285,2021-09
2021-10-01,Kenya,309919.9295211674,2021-10
2021-11-01,Kenya,312992.7397311336,2021-11
2021-12-01,Kenya,315995.4320725877,2021-12
2022-01-01,Kenya,319128.47999072424,2022-01
2022-02-01,Kenya,321630.62153318216,2022-02
2022-03-01,Kenya,323907.47831361525,2022-03
2022-04-01,Kenya,326447.0898124856,2022-04
2022-05-01,Kenya,328923.7355845424,2022-05
2022-06-01,Kenya,331502.67727953126,2022-06
2022-07-01,Kenya,334017.67811651656,2022-07
2022-08-01,Kenya,336636.55910249177,2022-08
2022-09-01,Kenya,339275.97354542994,2022-09
2022-10-01,Kenya,341849.9478024048,2022-10
2022-11-01,Kenya,344530.2380595092,2022-11
2022-12-01,Kenya,347144.07467825775,2022-12
2023-01-01,Kenya,349865.8737809133,2023-01
2023-02-01,Kenya,351972.6449110275,2023-02
2023-03-01,Kenya,353886.43694862374,2023-03
2023-04-01,Kenya,356017.418517775,2023-04
2023-05-01,Kenya,358091.87576072564,2023-05
2023-06-01,Kenya,360248.18102602096,2023-06
2023-07-01,Kenya,362347.2902535984,2023-07
2023-08-01,Kenya,364529.220151281,2023-08
2023-09-01,Kenya,366724.2888751848,2023-09
2023-10-01,Kenya,368861.1333599016,2023-10
2023-11-01,Kenya,371082.2873649654,2023-11
2023-12-01,Kenya,373244.5252182694,2023-12
2024-01-01,Kenya,375492.0744910957,2024-01
2024-02-01,Kenya,377758.9019641861,2024-02
2024-03-01,Kenya,379891.86977709184,2024-03
2024-04-01,Kenya,382185.2586012948,2024-04
2024-05-01,Kenya,384417.8486441323,2024-05
2024-06-01,Kenya,386738.56058361626,2024-06
2024-07-01,Kenya,388997.749393515,2024-07
2024-08-01,Kenya,391346.10997207294,2024-08
2024-09-01,Kenya,393708.64748973976,2024-09
2024-10-01,Kenya,396008.55306271184,2024-10
2024-11-01,Kenya,398399.2375235702,2024-11
2024-12-01,Kenya,400726.5438514612,2024-12
2025-01-01,Kenya,403145.7105942752,2025-01
2025-02-01,Kenya,403145.710594275,2025-02
2025-03-01,Kenya,403145.710594275,2025-03
2025-04-01,Kenya,403145.710594275,2025-04
2025-05-01,Kenya,403145.710594275,2025-05
2025-06-01,Kenya,403145.710594275,2025-06
2025-07-01,Kenya,403145.710594275,2025-07
2025-08-01,Kenya,403145.710594275,2025-08
2025-09-01,Kenya,403145.710594275,2025-09
2025-10-01,Kenya,403145.710594275,2025-10
2025-11-01,Kenya,403145.710594275,2025-11
2025-12-01,Kenya,403145.710594275,2025-12
2015-01-01,Lesotho,5687.479123160834,2015-01
2015-02-01,Lesotho,5701.04583727972,2015-02
2015-03-01,Lesotho,5713.327456898186,2015-03
2015-04-01,Lesotho,5726.9558287298605,2015-04
2015-05-01,Lesotho,5740.175527427788,2015-05
2015-06-01,Lesotho,5753.867941709489,2015-06
2015-07-01,Lesotho,5767.149762420499,2015-07
2015-08-01,Lesotho,5780.9065201005305,2015-08
2015-09-01,Lesotho,5794.696092670007,2015-09
2015-10-01,Lesotho,5808.072158189305,2015-10
2015-11-01,Lesotho,5821.926530723375,2015-11
2015-12-01,Lesotho,5835.365453054771,2015-12
2016-01-01,Lesotho,5849.2849300614525,2016-01
2016-02-01,Lesotho,5844.349367329409,2016-02
2016-03-01,Lesotho,5839.735998285672,2016-03
2016-04-01,Lesotho,5834.808492837958,2016-04
2016-05-01,Lesotho,5830.04389797066,2016-05
2016-06-01,Lesotho,5825.124570611322,2016-06
2016-07-01,Lesotho,5820.367883452768,2016-07
2016-08-01,Lesotho,5815.45672060879,2016-08
2016-09-01,Lesotho,5810.549701750376,2016-09
2016-10-01,Lesotho,5805.804916155592,2016-10
2016-11-01,Lesotho,5800.906041384347,2016-11
2016-12-01,Lesotho,5796.16913062123,2016-12
2017-01-01,Lesotho,5791.278386420567,2017-01
2017-02-01,Lesotho,5790.161774080009,2017-02
2017-03-01,Lesotho,5789.153406048509,2017-03
2017-04-01,Lesotho,5788.037203423933,2017-04
2017-05-01,Lesotho,5786.9572122486925,2017-05
2017-06-01,Lesotho,5785.841433070708,2017-06
2017-07-01,Lesotho,5784.761851604757,2017-07
2017-08-01,Lesotho,5783.6464957127255,2017-08
2017-09-01,Lesotho,5782.531354871684,2017-09
2017-10-01,Lesotho,5781.452391033975,2017-10
2017-11-01,Lesotho,5780.337673236725,2017-11
2017-12-01,Lesotho,5779.25911871857,2017-12
2018-01-01,Lesotho,5778.144823804622,2018-01
2018-02-01,Lesotho,5766.618185772638,2018-02
2018-03-01,Lesotho,5756.226794053975,2018-03
2018-04-01,Lesotho,5744.743879605081,2018-04
2018-05-01,Lesotho,5733.65319264136,2018-05
2018-06-01,Lesotho,5722.215309554693,2018-06
2018-07-01,Lesotho,5711.168115795092,2018-07
2018-08-01,Lesotho,5699.775087475799,2018-08
2018-09-01,Lesotho,5688.404786747719,2018-09
2018-10-01,Lesotho,5677.422866903264,2018-10
2018-11-01,Lesotho,5666.097155911787,2018-11
2018-12-01,Lesotho,5655.158302730648,2018-12
2019-01-01,Lesotho,5643.877006612801,2019-01
2019-02-01,Lesotho,5656.595608003163,2019-02
2019-03-01,Lesotho,5668.108010509828,2019-03
2019-04-01,Lesotho,5680.881217002231,2019-04
2019-05-01,Lesotho,5693.269790782758,2019-05
2019-06-01,Lesotho,5706.099699902306,2019-06
2019-07-01,Lesotho,5718.54326885421,2019-07
2019-08-01,Lesotho,5731.430132314358,2019-08
2019-09-01,Lesotho,5744.346036605718,2019-09
2019-10-01,Lesotho,5756.873011202964,2019-10
2019-11-01,Lesotho,5769.846251583404,2019-11
2019-12-01,Lesotho,5782.428835738862,2019-12
2020-01-01,Lesotho,5795.45966673389,2020-01
2020-02-01,Lesotho,5801.014240292607,2020-02
2020-03-01,Lesotho,5806.215273750105,2020-03
2020-04-01,Lesotho,5811.7801558630645,2020-04
2020-05-01,Lesotho,5817.170603875918,2020-05
2020-06-01,Lesotho,5822.745985964813,2020-06
2020-07-01,Lesotho,5828.146604826442,2020-07
2020-08-01,Lesotho,5833.732506702925,2020-08
2020-09-01,Lesotho,5839.323762305357,2020-09
2020-10-01,Lesotho,5844.739757117061,2020-10
2020-11-01,Lesotho,5850.341562457682,2020-11
2020-12-01,Lesotho,5855.76777632058,2020-12
2021-01-01,Lesotho,5861.380151304921,2021-01
2021-02-01,Lesotho,5905.500112732088,2021-02
2021-03-01,Lesotho,5945.63577931385,2021-03
2021-04-01,Lesotho,5990.389952302427,2021-04
2021-05-01,Lesotho,6034.021166242209,2021-05
2021-06-01,Lesotho,6079.440636440888,2021-06
2021-07-01,Lesotho,6123.72045414137,2021-07
2021-08-01,Lesotho,6169.8151115860655,2021-08
2021-09-01,Lesotho,6216.256734157728,2021-09
2021-10-01,Lesotho,6261.533056672992,2021-10
2021-11-01,Lesotho,6308.665061389305,2021-11
2021-12-01,Lesotho,6354.614443175729,2021-12
2022-01-01,Lesotho,6402.447092974944,2022-01
2022-02-01,Lesotho,6433.499495748834,2022-02
2022-03-01,Lesotho,6461.676256770705,2022-03
2022-04-01,Lesotho,6493.015925932498,2022-04
2022-05-01,Lesotho,6523.489354742615,2022-05
2022-06-01,Lesotho,6555.128822588733,2022-06
2022-07-01,Lesotho,6585.893763533751,2022-07
2022-08-01,Lesotho,6617.835897971019,2022-08
2022-09-01,Lesotho,6649.932954426322,2022-09
2022-10-01,Lesotho,6681.142836057661,2022-10
2022-11-01,Lesotho,6713.546936446538,2022-11
2022-12-01,Lesotho,6745.055375200566,2022-12
2023-01-01,Lesotho,6777.769456738662,2023-01
2023-02-01,Lesotho,6804.391136856898,2023-02
2023-03-01,Lesotho,6828.526389365699,2023-03
2023-04-01,Lesotho,6855.347432243735,2023-04
2023-05-01,Lesotho,6881.403580831838,2023-05
2023-06-01,Lesotho,6908.432314408966,2023-06
2023-07-01,Lesotho,6934.690230681515,2023-07
2023-08-01,Lesotho,6961.92826322578,2023-08
2023-09-01,Lesotho,6989.273281142469,2023-09
2023-10-01,Lesotho,7015.838461818759,2023-10
2023-11-01,Lesotho,7043.395227873419,2023-11
2023-12-01,Lesotho,7070.166117961207,2023-12
2024-01-01,Lesotho,7097.936271840965,2024-01
2024-02-01,Lesotho,7120.954945687693,2024-02
2024-03-01,Lesotho,7142.556120054969,2024-03
2024-04-01,Lesotho,7165.719496487604,2024-04
2024-05-01,Lesotho,7188.20718807491,2024-05
2024-06-01,Lesotho,7211.518611348944,2024-06
2024-07-01,Lesotho,7234.150031192762,2024-07
2024-08-01,Lesotho,7257.610447537587,2024-08
2024-09-01,Lesotho,7281.146946232459,2024-09
2024-10-01,Lesotho,7303.996875958148,2024-10
2024-11-01,Lesotho,7327.683806275091,2024-11
2024-12-01,Lesotho,7350.67977947298,2024-12
2025-01-01,Lesotho,7374.518102883503,2025-01
2025-02-01,Lesotho,7374.5181028835,2025-02
2025-03-01,Lesotho,7374.5181028835,2025-03
2025-04-01,Lesotho,7374.5181028835,2025-04
2025-05-01,Lesotho,7374.5181028835,2025-05
2025-06-01,Lesotho,7374.5181028835,2025-06
2025-07-01,Lesotho,7374.5181028835,2025-07
2025-08-01,Lesotho,7374.5181028835,2025-08
2025-09-01,Lesotho,7374.5181028835,2025-09
2025-10-01,Lesotho,7374.5181028835,2025-10
2025-11-01,Lesotho,7374.5181028835,2025-11
2025-12-01,Lesotho,7374.5181028835,2025-12
2015-01-01,Liberia,7641.093223343384,2015-01
2015-02-01,Liberia,7636.566286723602,2015-02
2015-03-01,Liberia,7632.479745995832,2015-03
2015-04-01,Liberia,7627.957912397946,2015-04
2015-05-01,Liberia,7623.5844951269,2015-05
2015-06-01,Liberia,7619.067931486561,2015-06
2015-07-01,Liberia,7614.699611201709,2015-07
2015-08-01,Liberia,7610.188311377061,2015-08
2015-09-01,Liberia,7605.679684254836,2015-09
2015-10-01,Liberia,7601.319039994465,2015-10
2015-11-01,Liberia,7596.81566743834,2015-11
2015-12-01,Liberia,7592.46010527788,2015-12
2016-01-01,Liberia,7587.961981163936,2016-01
2016-02-01,Liberia,7615.09160883104,2016-02
2016-03-01,Liberia,7640.558744106812,2016-03
2016-04-01,Liberia,7667.876423664354,2016-04
2016-05-01,Liberia,7694.405879309163,2016-05
2016-06-01,Liberia,7721.916081276887,2016-06
2016-07-01,Liberia,7748.632504293166,2016-07
2016-08-01,Liberia,7776.336585480252,2016-08
2016-09-01,Liberia,7804.139718482466,2016-09
2016-10-01,Liberia,7831.140620305612,2016-10
2016-11-01,Liberia,7859.139696970073,2016-11
2016-12-01,Liberia,7886.330888699984,2016-12
2017-01-01,Liberia,7914.527289947265,2017-01
2017-02-01,Liberia,7962.345417165611,2017-02
2017-03-01,Liberia,8005.784258287064,2017-03
2017-04-01,Liberia,8054.153743427607,2017-04
2017-05-01,Liberia,8101.241155559636,2017-05
2017-06-01,Liberia,8150.187373825268,2017-06
2017-07-01,Liberia,8197.836232296308,2017-07
2017-08-01,Liberia,8247.366060359322,2017-08
2017-09-01,Liberia,8297.195138590116,2017-09
2017-10-01,Liberia,8345.703456096406,2017-10
2017-11-01,Liberia,8396.12667089751,2017-11
2017-12-01,Liberia,8445.213376895379,2017-12
2018-01-01,Liberia,8496.237812448897,2018-01
2018-02-01,Liberia,8529.018837754473,2018-02
2018-03-01,Liberia,8558.736203650607,2018-03
2018-04-01,Liberia,8591.7583664324,2018-04
2018-05-01,Liberia,8623.83660382462,2018-05
2018-06-01,Liberia,8657.109943411087,2018-06
2018-07-01,Liberia,8689.432177818922,2018-07
2018-08-01,Liberia,8722.958604738691,2018-08
2018-09-01,Liberia,8756.614386635762,2018-09
2018-10-01,Liberia,8789.308131392827,2018-10
2018-11-01,Liberia,8823.219909597943,2018-11
2018-12-01,Liberia,8856.162333110402,2018-12
2019-01-01,Liberia,8890.332054810824,2019-01
2019-02-01,Liberia,8826.618318412917,2019-02
2019-03-01,Liberia,8769.462986901957,2019-03
2019-04-01,Liberia,8706.615474609509,2019-04
2019-05-01,Liberia,8646.224180064119,2019-05
2019-06-01,Liberia,8584.259874923473,2019-06
2019-07-01,Liberia,8524.717269869592,2019-07
2019-08-01,Liberia,8463.623760015227,2019-08
2019-09-01,Liberia,8402.96808485123,2019-09
2019-10-01,Liberia,8344.682965662534,2019-10
2019-11-01,Liberia,8284.879695377398,2019-11
2019-12-01,Liberia,8227.413667227223,2019-12
2020-01-01,Liberia,8168.450822825185,2020-01
2020-02-01,Liberia,8161.264657754781,2020-02
2020-03-01,Liberia,8154.547839698755,2020-03
2020-04-01,Liberia,8147.373905727477,2020-04
2020-05-01,Liberia,8140.437398181383,2020-05
2020-06-01,Liberia,8133.275877819985,2020-06
2020-07-01,Liberia,8126.351373046577,2020-07
2020-08-01,Liberia,8119.202244814864,2020-08
2020-09-01,Liberia,8112.059406002858,2020-09
2020-10-01,Liberia,8105.15296449972,2020-10
2020-11-01,Liberia,8098.022485491248,2020-11
2020-12-01,Liberia,8091.127994735208,2020-12
2021-01-01,Liberia,8084.009854143181,2021-01
2021-02-01,Liberia,8163.8349279742915,2021-02
2021-03-01,Liberia,8236.612278164972,2021-03
2021-04-01,Liberia,8317.944215543275,2021-04
2021-05-01,Liberia,8397.417126242117,2021-05
2021-06-01,Liberia,8480.336921515434,2021-06
2021-07-01,Liberia,8561.361396000404,2021-07
2021-08-01,Liberia,8645.900049201118,2021-08
2021-09-01,Liberia,8731.27347429786,2021-09
2021-10-01,Liberia,8814.695495307977,2021-10
2021-11-01,Liberia,8901.735680984037,2021-11
2021-12-01,Liberia,8986.786364964064,2021-12
2022-01-01,Liberia,9075.525851683024,2022-01
2022-02-01,Liberia,9138.315516007464,2022-02
2022-03-01,Liberia,9195.402066740153,2022-03
2022-04-01,Liberia,9259.021103095123,2022-04
2022-05-01,Liberia,9321.00696542234,2022-05
2022-06-01,Liberia,9385.495008108695,2022-06
2022-07-01,Liberia,9448.327568372644,2022-07
2022-08-01,Liberia,9513.696487611114,2022-08
2022-09-01,Liberia,9579.5176663179,2022-09
2022-10-01,Liberia,9643.649139463249,2022-10
2022-11-01,Liberia,9710.369404737714,2022-11
2022-12-01,Liberia,9775.376883861732,2022-12
2023-01-01,Liberia,9843.008516806589,2023-01
2023-02-01,Liberia,9896.55373514098,2023-02
2023-03-01,Liberia,9945.167477306732,2023-03
2023-04-01,Liberia,9999.26843262291,2023-04
2023-05-01,Liberia,10051.904397105454,2023-05
2023-06-01,Liberia,10106.585993154104,2023-06
2023-07-01,Liberia,10159.78687529463,2023-07
2023-08-01,Liberia,10215.055343826349,2023-08
2023-09-01,Liberia,10270.624468626876,2023-09
2023-10-01,Liberia,10324.688846274792,2023-10
2023-11-01,Liberia,10380.85436899729,2023-11
2023-12-01,Liberia,10435.49899480635,2023-12
2024-01-01,Liberia,10492.267316316096,2024-01
2024-02-01,Liberia,10553.503575089037,2024-02
2024-03-01,Liberia,10611.1126187406,2024-03
2024-04-01,Liberia,10673.042497059612,2024-04
2024-05-01,Liberia,10733.318757453257,2024-05
2024-06-01,Liberia,10795.961870243736,2024-06
2024-07-01,Liberia,10856.932320709917,2024-07
2024-08-01,Liberia,10920.296882155792,2024-08
2024-09-01,Liberia,10984.031259635209,2024-09
2024-10-01,Liberia,11046.063836434192,2024-10
2024-11-01,Liberia,11110.532230454064,2024-11
2024-12-01,Liberia,11173.279224483113,2024-12
2025-01-01,Liberia,11238.490088570494,2025-01
2025-02-01,Liberia,11238.4900885705,2025-02
2025-03-01,Liberia,11238.4900885705,2025-03
2025-04-01,Liberia,11238.4900885705,2025-04
2025-05-01,Liberia,11238.4900885705,2025-05
2025-06-01,Liberia,11238.4900885705,2025-06
2025-07-01,Liberia,11238.4900885705,2025-07
2025-08-01,Liberia,11238.4900885705,2025-08
2025-09-01,Liberia,11238.4900885705,2025-09
2025-10-01,Liberia,11238.4900885705,2025-10
2025-11-01,Liberia,11238.4900885705,2025-11
2025-12-01,Liberia,11238.4900885705,2025-12
2015-01-01,Libya,90572.87480384386,2015-01
2015-02-01,Libya,90530.08158838692,2015-02
2015-03-01,Libya,90491.44703045252,2015-03
2015-04-01,Libya,90448.6922873998,2015-04
2015-05-01,Libya,90407.3359632247,2015-05
2015-06-01,Libya,90364.62096035958,2015-06
2015-07-01,Libya,90323.3030765529,2015-07
2015-08-01,Libya,90280.62777693688,2015-08
2015-09-01,Libya,90237.97264023728,2015-09
2015-10-01,Libya,90196.71266449816,2015-10
2015-11-01,Libya,90154.09717540257,2015-11
2015-12-01,Libya,90112.8755504769,2015-12
2016-01-01,Libya,90070.29967213333,2016-01
2016-02-01,Libya,92381.26190569552,2016-02
2016-03-01,Libya,94596.77883192744,2016-03
2016-04-01,Libya,97023.87837631664,2016-04
2016-05-01,Libya,99431.9601958926,2016-05
2016-06-01,Libya,101983.11752142856,2016-06
2016-07-01,Libya,104514.28505788292,2016-07
2016-08-01,Libya,107195.84120364588,2016-08
2016-09-01,Libya,109946.19888557126,2016-09
2016-10-01,Libya,112675.00592872954,2016-10
2016-11-01,Libya,115565.94427705892,2016-11
2016-12-01,Libya,118434.23045601737,2016-12
2017-01-01,Libya,121472.9350538831,2017-01
2017-02-01,Libya,122119.32007509025,2017-02
2017-03-01,Libya,122706.10757665148,2017-03
2017-04-01,Libya,123359.05458837056,2017-04
2017-05-01,Libya,123994.24677107208,2017-05
2017-06-01,Libya,124654.04826342204,2017-06
2017-07-01,Libya,125295.90854083098,2017-07
2017-08-01,Libya,125962.63647050053,2017-08
2017-09-01,Libya,126632.9122106082,2017-09
2017-10-01,Libya,127284.9619217322,2017-10
2017-11-01,Libya,127962.2740552921,2017-11
2017-12-01,Libya,128621.16882740146,2017-12
2018-01-01,Libya,129305.59122077913,2018-01
2018-02-01,Libya,127791.91733066864,2018-02
2018-03-01,Libya,126439.96392378288,2018-03
2018-04-01,Libya,124959.83556853542,2018-04
2018-05-01,Libya,123543.95264281248,2018-05
2018-06-01,Libya,122097.72550266371,2018-06
2018-07-01,Libya,120714.27229930212,2018-07
2018-08-01,Libya,119301.16989268496,2018-08
2018-09-01,Libya,117904.6095102506,2018-09
2018-10-01,Libya,116568.6672636074,2018-10
2018-11-01,Libya,115204.09403536524,2018-11
2018-12-01,Libya,113898.75053058294,2018-12
2019-01-01,Libya,112565.43181507604,2019-01
2019-02-01,Libya,109014.77718073005,2019-02
2019-03-01,Libya,105904.09810955536,2019-03
2019-04-01,Libya,102563.56211475129,2019-04
2019-05-01,Libya,99431.1465216099,2019-05
2019-06-01,Libya,96294.7870238268,2019-06
2019-07-01,Libya,93353.82742577592,2019-07
2019-08-01,Libya,90409.1649780024,2019-08
2019-09-01,Libya,87557.3861020162,2019-09
2019-10-01,Libya,84883.27732629137,2019-10
2019-11-01,Libya,82205.80168250593,2019-11
2019-12-01,Libya,79695.13678624514,2019-12
2020-01-01,Libya,77181.31080785964,2020-01
2020-02-01,Libya,78206.99098797778,2020-02
2020-03-01,Libya,79178.83452545403,2020-03
2020-04-01,Libya,80231.06025740328,2020-04
2020-05-01,Libya,81262.65526297086,2020-05
2020-06-01,Libya,82342.5733676852,2020-06
2020-07-01,Libya,83401.31778860101,2020-07
2020-08-01,Libya,84509.65707120854,2020-08
2020-09-01,Libya,85632.72532930417,2020-09
2020-10-01,Libya,86733.77386935118,2020-10
2020-11-01,Libya,87886.39892680984,2020-11
2020-12-01,Libya,89016.42475345767,2020-12
2021-01-01,Libya,90199.38448320227,2021-01
2021-02-01,Libya,90066.07133222441,2021-02
2021-03-01,Libya,89945.82881740875,2021-03
2021-04-01,Libya,89812.8904173779,2021-04
2021-05-01,Libya,89684.42743158984,2021-05
2021-06-01,Libya,89551.8753783463,2021-06
2021-07-01,Libya,89423.78573285614,2021-07
2021-08-01,Libya,89291.61890359539,2021-08
2021-09-01,Libya,89159.6474146528,2021-09
2021-10-01,Libya,89032.11878857842,2021-10
2021-11-01,Libya,88900.53083637735,2021-11
2021-12-01,Libya,88773.37283515616,2021-12
2022-01-01,Libya,88642.16730505865,2022-01
2022-02-01,Libya,89649.58222259147,2022-02
2022-03-01,Libya,90569.3426372174,2022-03
2022-04-01,Libya,91598.65983035271,2022-04
2022-05-01,Libya,92605.910084188,2022-05
2022-06-01,Libya,93658.37279022102,2022-06
2022-07-01,Libya,94688.27235361512,2022-07
2022-08-01,Libya,95764.40102899104,2022-08
2022-09-01,Libya,96852.7598665315,2022-09
2022-10-01,Libya,97917.78600491486,2022-10
2022-11-01,Libya,99030.61798220236,2022-11
2022-12-01,Libya,100119.59259476542,2022-12
2023-01-01,Libya,101257.44802163198,2023-01
2023-02-01,Libya,101632.62525095124,2023-02
2023-03-01,Libya,101972.68968419357,2023-03
2023-04-01,Libya,102350.51701373256,2023-04
2023-05-01,Libya,102717.48922105729,2023-05
2023-06-01,Libya,103098.07616810688,2023-06
2023-07-01,Libya,103467.72870808642,2023-07
2023-08-01,Libya,103851.09542864966,2023-08
2023-09-01,Libya,104235.88259251718,2023-09
2023-10-01,Libya,104609.6146754952,2023-10
2023-11-01,Libya,104997.2122908896,2023-11
2023-12-01,Libya,105373.6740800583,2023-12
2024-01-01,Libya,105764.10267426996,2024-01
2024-02-01,Libya,107285.85508403396,2024-02
2024-03-01,Libya,108729.2457222597,2024-03
2024-04-01,Libya,110293.66112886745,2024-04
2024-05-01,Libya,111829.03986352388,2024-05
2024-06-01,Libya,113438.05565045885,2024-06
2024-07-01,Libya,115017.20695039608,2024-07
2024-08-01,Libya,116672.09464305808,2024-08
2024-09-01,Libya,118350.79314931844,2024-09
2024-10-01,Libya,119998.33380733388,2024-10
2024-11-01,Libya,121724.89082452304,2024-11
2024-12-01,Libya,123419.4017051799,2024-12
2025-01-01,Libya,125195.1816457039,2025-01
2025-02-01,Libya,125195.181645704,2025-02
2025-03-01,Libya,125195.181645704,2025-03
2025-04-01,Libya,125195.181645704,2025-04
2025-05-01,Libya,125195.181645704,2025-05
2025-06-01,Libya,125195.181645704,2025-06
2025-07-01,Libya,125195.181645704,2025-07
2025-08-01,Libya,125195.181645704,2025-08
2025-09-01,Libya,125195.181645704,2025-09
2025-10-01,Libya,125195.181645704,2025-10
2025-11-01,Libya,125195.181645704,2025-11
2025-12-01,Libya,125195.181645704,2025-12
2015-01-01,Madagascar,37310.17543780669,2015-01
2015-02-01,Madagascar,37464.536612885066,2015-02
2015-03-01,Madagascar,37604.508452088194,2015-03
2015-04-01,Madagascar,37760.08735368261,2015-04
2015-05-01,Madagascar,37911.26041085555,2015-05
2015-06-01,Madagascar,38068.10841912818,2015-06
2015-07-01,Madagascar,38220.514643102375,2015-07
2015-08-01,Madagascar,38378.64211056086,2015-08
2015-09-01,Madagascar,38537.42378940806,2015-09
2015-10-01,Madagascar,38691.70892427139,2015-10
2015-11-01,Madagascar,38851.78583587153,2015-11
2015-12-01,Madagascar,39007.32952374556,2015-12
2016-01-01,Madagascar,39168.71223372482,2016-01
2016-02-01,Madagascar,39356.03651506267,2016-02
2016-03-01,Madagascar,39532.08632015698,2016-03
2016-04-01,Madagascar,39721.14843727531,2016-04
2016-05-01,Madagascar,39904.9726407231,2016-05
2016-06-01,Madagascar,40095.81808586116,2016-06
2016-07-01,Madagascar,40281.376210719005,2016-07
2016-08-01,Madagascar,40474.02180511444,2016-08
2016-09-01,Madagascar,40667.58872664748,2016-09
2016-10-01,Madagascar,40855.792930149386,2016-10
2016-11-01,Madagascar,41051.18567126013,2016-11
2016-12-01,Madagascar,41241.16511051333,2016-12
2017-01-01,Madagascar,41438.400893241225,2017-01
2017-02-01,Madagascar,41529.47665656597,2017-02
2017-03-01,Madagascar,41611.91067598836,2017-03
2017-04-01,Madagascar,41703.36778935479,2017-04
2017-05-01,Madagascar,41792.06605688019,2017-05
2017-06-01,Madagascar,41883.91912637615,2017-06
2017-07-01,Madagascar,41973.00140583261,2017-07
2017-08-01,Madagascar,42065.252145717954,2017-08
2017-09-01,Madagascar,42157.70563972438,2017-09
2017-10-01,Madagascar,42247.37023161002,2017-10
2017-11-01,Madagascar,42340.22399549488,2017-11
2017-12-01,Madagascar,42430.27678293418,2017-12
2018-01-01,Madagascar,42523.53254963333,2018-01
2018-02-01,Madagascar,42768.44285770601,2018-02
2018-03-01,Madagascar,42990.86433084146,2018-03
2018-04-01,Madagascar,43238.46619259384,2018-04
2018-05-01,Madagascar,43479.43859334842,2018-05
2018-06-01,Madagascar,43729.85435286453,2018-06
2018-07-01,Madagascar,43973.56531016631,2018-07
2018-08-01,Madagascar,44226.82694628736,2018-08
2018-09-01,Madagascar,44481.54721911158,2018-09
2018-10-01,Madagascar,44729.44743774847,2018-10
2018-11-01,Madagascar,44987.06250627818,2018-11
2018-12-01,Madagascar,45237.78001338743,2018-12
2019-01-01,Madagascar,45498.32277583716,2019-01
2019-02-01,Madagascar,45294.01875274899,2019-02
2019-03-01,Madagascar,45110.274725444,2019-03
2019-04-01,Madagascar,44907.71317928707,2019-04
2019-05-01,Madagascar,44712.551955007904,2019-05
2019-06-01,Madagascar,44511.77632879519,2019-06
2019-07-01,Madagascar,44318.33577820446,2019-07
2019-08-01,Madagascar,44119.33032605474,2019-08
2019-09-01,Madagascar,43921.21848079014,2019-09
2019-10-01,Madagascar,43730.34439338502,2019-10
2019-11-01,Madagascar,43533.97923648424,2019-11
2019-12-01,Madagascar,43344.788024462,2019-12
2020-01-01,Madagascar,43150.1541559361,2020-01
2020-02-01,Madagascar,43450.74057672844,2020-02
2020-03-01,Madagascar,43733.829665884325,2020-03
2020-04-01,Madagascar,44038.48200337781,2020-04
2020-05-01,Madagascar,44335.32733633698,2020-05
2020-06-01,Madagascar,44644.16974071233,2020-06
2020-07-01,Madagascar,44945.0977661231,2020-07
2020-08-01,Madagascar,45258.18786589096,2020-08
2020-09-01,Madagascar,45573.458969048406,2020-09
2020-10-01,Madagascar,45880.6509517496,2020-10
2020-11-01,Madagascar,46200.25816806144,2020-11
2020-12-01,Madagascar,46511.67514691294,2020-12
2021-01-01,Madagascar,46835.67811355225,2021-01
2021-02-01,Madagascar,47272.99745632257,2021-02
2021-03-01,Madagascar,47671.50427630479,2021-03
2021-04-01,Madagascar,48116.62798879683,2021-04
2021-05-01,Madagascar,48551.34978766229,2021-05
2021-06-01,Madagascar,49004.68889227128,2021-06
2021-07-01,Madagascar,49447.43410112197,2021-07
2021-08-01,Madagascar,49909.14022461086,2021-08
2021-09-01,Madagascar,50375.15744226151,2021-09
2021-10-01,Madagascar,50830.28449452565,2021-10
2021-11-01,Madagascar,51304.90272369019,2021-11
2021-12-01,Madagascar,51768.42979395483,2021-12
2022-01-01,Madagascar,52251.80777855143,2022-01
2022-02-01,Madagascar,52596.88890895261,2022-02
2022-03-01,Madagascar,52910.533509281166,2022-03
2022-04-01,Madagascar,53259.964992894005,2022-04
2022-05-01,Madagascar,53600.32158819043,2022-05
2022-06-01,Madagascar,53954.3085668211,2022-06
2022-07-01,Madagascar,54299.10234893907,2022-07
2022-08-01,Madagascar,54657.70421201247,2022-08
2022-09-01,Madagascar,55018.67435173569,2022-09
2022-10-01,Madagascar,55370.2699392014,2022-10
2022-11-01,Madagascar,55735.94600197441,2022-11
2022-12-01,Madagascar,56092.1252976121,2022-12
2023-01-01,Madagascar,56462.56863397166,2023-01
2023-02-01,Madagascar,56778.33801318543,2023-02
2023-03-01,Madagascar,57065.06666712921,2023-03
2023-04-01,Madagascar,57384.20554288751,2023-04
2023-05-01,Madagascar,57694.7488796656,2023-05
2023-06-01,Madagascar,58017.40928067797,2023-06
2023-07-01,Madagascar,58331.37929557653,2023-07
2023-08-01,Madagascar,58657.60007997358,2023-08
2023-09-01,Madagascar,58985.64526834424,2023-09
2023-10-01,Madagascar,59304.8550392271,2023-10
2023-11-01,Madagascar,59636.52002920476,2023-11
2023-12-01,Madagascar,59959.25210763114,2023-12
2024-01-01,Madagascar,60294.57684177291,2024-01
2024-02-01,Madagascar,60610.99207985264,2024-02
2024-03-01,Madagascar,60908.49651627879,2024-03
2024-04-01,Madagascar,61228.1334958509,2024-04
2024-05-01,Madagascar,61539.05662156292,2024-05
2024-06-01,Madagascar,61862.00266865456,2024-06
2024-07-01,Madagascar,62176.144651013805,2024-07
2024-08-01,Madagascar,62502.43402301252,2024-08
2024-09-01,Madagascar,62830.43570372519,2024-09
2024-10-01,Madagascar,63149.49549443671,2024-10
2024-11-01,Madagascar,63480.89283890982,2024-11
2024-12-01,Madagascar,63803.25572174702,2024-12
2025-01-01,Madagascar,64138.083883862455,2025-01
2025-02-01,Madagascar,64138.0838838625,2025-02
2025-03-01,Madagascar,64138.0838838625,2025-03
2025-04-01,Madagascar,64138.0838838625,2025-04
2025-05-01,Madagascar,64138.0838838625,2025-05
2025-06-01,Madagascar,64138.0838838625,2025-06
2025-07-01,Madagascar,64138.0838838625,2025-07
2025-08-01,Madagascar,64138.0838838625,2025-08
2025-09-01,Madagascar,64138.0838838625,2025-09
2025-10-01,Madagascar,64138.0838838625,2025-10
2025-11-01,Madagascar,64138.0838838625,2025-11
2025-12-01,Madagascar,64138.0838838625,2025-12
2015-01-01,Malawi,22781.59747319992,2015-01
2015-02-01,Malawi,22843.410598249822,2015-02
2015-03-01,Malawi,22899.385951750537,2015-03
2015-04-01,Malawi,22961.518671331185,2015-04
2015-05-01,Malawi,23021.80761957572,2015-05
2015-06-01,Malawi,23084.27250488228,2015-06
2015-07-01,Malawi,23144.88376192628,2015-07
2015-08-01,Malawi,23207.68258873921,2015-08
2015-09-01,Malawi,23270.65180710345,2015-09
2015-10-01,Malawi,23331.75243126063,2015-10
2015-11-01,Malawi,23395.05828732992,2015-11
2015-12-01,Malawi,23456.48555956099,2015-12
2016-01-01,Malawi,23520.129853023296,2016-01
2016-02-01,Malawi,23633.89872139802,2016-02
2016-03-01,Malawi,23740.82581022375,2016-03
2016-04-01,Malawi,23855.6622037126,2016-04
2016-05-01,Malawi,23967.323054601933,2016-05
2016-06-01,Malawi,24083.25503452436,2016-06
2016-07-01,Malawi,24195.981175864563,2016-07
2016-08-01,Malawi,24313.019194565823,2016-08
2016-09-01,Malawi,24430.623336117074,2016-09
2016-10-01,Malawi,24544.975399211056,2016-10
2016-11-01,Malawi,24663.70153265096,2016-11
2016-12-01,Malawi,24779.144561467307,2016-12
2017-01-01,Malawi,24899.00339106001,2017-01
2017-02-01,Malawi,24930.483313540848,2017-02
2017-03-01,Malawi,24958.950999643926,2017-03
2017-04-01,Malawi,24990.50671415713,2017-04
2017-05-01,Malawi,25021.082488216296,2017-05
2017-06-01,Malawi,25052.71675585122,2017-06
2017-07-01,Malawi,25083.36864362031,2017-07
2017-08-01,Malawi,25115.08165992292,2017-08
2017-09-01,Malawi,25146.83477113536,2017-09
2017-10-01,Malawi,25177.601811878463,2017-10
2017-11-01,Malawi,25209.43396760145,2017-11
2017-12-01,Malawi,25240.277598183613,2017-12
2018-01-01,Malawi,25272.188995186392,2018-01
2018-02-01,Malawi,25455.854109417425,2018-02
2018-03-01,Malawi,25622.89218589304,2018-03
2018-04-01,Malawi,25809.106028356306,2018-04
2018-05-01,Malawi,25990.60139904563,2018-05
2018-06-01,Malawi,26179.48756065981,2018-06
2018-07-01,Malawi,26363.58753661629,2018-07
2018-08-01,Malawi,26555.184367321177,2018-08
2018-09-01,Malawi,26748.17362405629,2018-09
2018-10-01,Malawi,26936.27272682357,2018-10
2018-11-01,Malawi,27132.03153538078,2018-11
2018-12-01,Malawi,27322.8300123082,2018-12
2019-01-01,Malawi,27521.398117994708,2019-01
2019-02-01,Malawi,27687.611245422297,2019-02
2019-03-01,Malawi,27838.601876927183,2019-03
2019-04-01,Malawi,28006.730729296432,2019-04
2019-05-01,Malawi,28170.402803475805,2019-05
2019-06-01,Malawi,28340.53553913065,2019-06
2019-07-01,Malawi,28506.158377436142,2019-07
2019-08-01,Malawi,28678.31888013102,2019-08
2019-09-01,Malawi,28851.51913144082,2019-09
2019-10-01,Malawi,29020.128171357395,2019-10
2019-11-01,Malawi,29195.392750614254,2019-11
2019-12-01,Malawi,29366.0113970447,2019-12
2020-01-01,Malawi,29543.36490842701,2020-01
2020-02-01,Malawi,29884.47378279934,2020-02
2020-03-01,Malawi,30207.140262733294,2020-03
2020-04-01,Malawi,30555.913113929026,2020-04
2020-05-01,Malawi,30897.268941682945,2020-05
2020-06-01,Malawi,31254.010046243795,2020-06
2020-07-01,Malawi,31603.164674030057,2020-07
2020-08-01,Malawi,31968.05607898599,2020-08
2020-09-01,Malawi,32337.16053471655,2020-09
2020-10-01,Malawi,32698.41559393805,2020-10
2020-11-01,Malawi,33075.95280987731,2020-11
2020-12-01,Malawi,33445.46129774568,2020-12
2021-01-01,Malawi,33831.62393329851,2021-01
2021-02-01,Malawi,34056.137067947144,2021-02
2021-03-01,Malawi,34260.203462682824,2021-03
2021-04-01,Malawi,34487.56073315473,2021-04
2021-05-01,Malawi,34709.02036139183,2021-05
2021-06-01,Malawi,34939.356066744986,2021-06
2021-07-01,Malawi,35163.71686933275,2021-07
2021-08-01,Malawi,35397.07002777988,2021-08
2021-09-01,Malawi,35631.97176246995,2021-09
2021-10-01,Malawi,35860.78015170129,2021-10
2021-11-01,Malawi,36098.75915556695,2021-11
2021-12-01,Malawi,36330.564989684026,2021-12
2022-01-01,Malawi,36571.66157569099,2022-01
2022-02-01,Malawi,36743.14556580492,2022-02
2022-03-01,Malawi,36898.7253556826,2022-03
2022-04-01,Malawi,37071.742943112,2022-04
2022-05-01,Malawi,37239.9517228638,2022-05
2022-06-01,Malawi,37414.5693157743,2022-06
2022-07-01,Malawi,37584.33363085393,2022-07
2022-08-01,Malawi,37760.56602553069,2022-08
2022-09-01,Malawi,37937.624771347226,2022-09
2022-10-01,Malawi,38109.76239053773,2022-10
2022-11-01,Malawi,38288.45851303945,2022-11
2022-12-01,Malawi,38462.18800007595,2022-12
2023-01-01,Malawi,38642.53664114369,2023-01
2023-02-01,Malawi,38781.81854371439,2023-02
2023-03-01,Malawi,38908.05300198277,2023-03
2023-04-01,Malawi,39048.29192309097,2023-04
2023-05-01,Malawi,39184.48826664734,2023-05
2023-06-01,Malawi,39325.72356203494,2023-06
2023-07-01,Malawi,39462.88755802756,2023-07
2023-08-01,Malawi,39605.126306768594,2023-08
2023-09-01,Malawi,39747.87773623056,2023-09
2023-10-01,Malawi,39886.51416167172,2023-10
2023-11-01,Malawi,40030.279816368304,2023-11
2023-12-01,Malawi,40169.90123062289,2023-12
2024-01-01,Malawi,40314.6883164562,2024-01
2024-02-01,Malawi,40477.95314225523,2024-02
2024-03-01,Malawi,40631.283275368296,2024-03
2024-04-01,Malawi,40795.830234875335,2024-04
2024-05-01,Malawi,40955.70367881863,2024-05
2024-06-01,Malawi,41121.56446320846,2024-06
2024-07-01,Malawi,41282.71441635856,2024-07
2024-08-01,Malawi,41449.8995158635,2024-08
2024-09-01,Malawi,41617.76167495367,2024-09
2024-10-01,Malawi,41780.85615911728,2024-10
2024-11-01,Malawi,41950.05861329503,2024-11
2024-12-01,Malawi,42114.45532505498,2024-12
2025-01-01,Malawi,42285.008775903785,2025-01
2025-02-01,Malawi,42285.0087759038,2025-02
2025-03-01,Malawi,42285.0087759038,2025-03
2025-04-01,Malawi,42285.0087759038,2025-04
2025-05-01,Malawi,42285.0087759038,2025-05
2025-06-01,Malawi,42285.0087759038,2025-06
2025-07-01,Malawi,42285.0087759038,2025-07
2025-08-01,Malawi,42285.0087759038,2025-08
2025-09-01,Malawi,42285.0087759038,2025-09
2025-10-01,Malawi,42285.0087759038,2025-10
2025-11-01,Malawi,42285.0087759038,2025-11
2025-12-01,Malawi,42285.0087759038,2025-12
2015-01-01,Mali,37841.5253336266,2015-01
2015-02-01,Mali,38055.31359265271,2015-02
2015-03-01,Mali,38249.45061594618,2015-03
2015-04-01,Mali,38465.54347646896,2015-04
2015-05-01,Mali,38675.82792299728,2015-05
2015-06-01,Mali,38894.32963097954,2015-06
2015-07-01,Mali,39106.95817695456,2015-07
2015-08-01,Mali,39327.89558449159,2015-08
2015-09-01,Mali,39550.081192868696,2015-09
2015-10-01,Mali,39766.294618759326,2015-10
2015-11-01,Mali,39990.956992157626,2015-11
2015-12-01,Mali,40209.58060948356,2015-12
2016-01-01,Mali,40436.74735709436,2016-01
2016-02-01,Mali,40675.29691383549,2016-02
2016-03-01,Mali,40899.73003706997,2016-03
2016-04-01,Mali,41141.01087959212,2016-04
2016-05-01,Mali,41375.86364430816,2016-05
2016-06-01,Mali,41619.95335421901,2016-06
2016-07-01,Mali,41857.54015395027,2016-07
2016-08-01,Mali,42104.4714306383,2016-08
2016-09-01,Mali,42352.85943543752,2016-09
2016-10-01,Mali,42594.63001713641,2016-10
2016-11-01,Mali,42845.9096272497,2016-11
2016-12-01,Mali,43090.49477762881,2016-12
2017-01-01,Mali,43344.69965563703,2017-01
2017-02-01,Mali,43563.46075186236,2017-02
2017-03-01,Mali,43762.00025340082,2017-03
2017-04-01,Mali,43982.86746956586,2017-04
2017-05-01,Mali,44197.67124013061,2017-05
2017-06-01,Mali,44420.73729175661,2017-06
2017-07-01,Mali,44637.67953337235,2017-07
2017-08-01,Mali,44862.96631088507,2017-08
2017-09-01,Mali,45089.39011282767,2017-09
2017-10-01,Mali,45309.59792477632,2017-10
2017-11-01,Mali,45538.27588056563,2017-11
2017-12-01,Mali,45760.67596330084,2017-12
2018-01-01,Mali,45991.63051408273,2018-01
2018-02-01,Mali,46329.755277714416,2018-02
2018-03-01,Mali,46637.29442656923,2018-03
2018-04-01,Mali,46980.16603120991,2018-04
2018-05-01,Mali,47314.37716142106,2018-05
2018-06-01,Mali,47662.22659435618,2018-06
2018-07-01,Mali,48001.28981963081,2018-07
2018-08-01,Mali,48354.18934923789,2018-08
2018-09-01,Mali,48709.68335241975,2018-09
2018-10-01,Mali,49056.19805640408,2018-10
2018-11-01,Mali,49416.85314053752,2018-11
2018-12-01,Mali,49768.398563527415,2018-12
2019-01-01,Mali,50134.28965746171,2019-01
2019-02-01,Mali,50114.66836773991,2019-02
2019-03-01,Mali,50096.95251309158,2019-03
2019-04-01,Mali,50077.34583618141,2019-04
2019-05-01,Mali,50058.37893899819,2019-05
2019-06-01,Mali,50038.78735880673,2019-06
2019-07-01,Mali,50019.835065725696,2019-07
2019-08-01,Mali,50000.25857062897,2019-08
2019-09-01,Mali,49980.689737275934,2019-09
2019-10-01,Mali,49961.75944878791,2019-10
2019-11-01,Mali,49942.20568301495,2019-11
2019-12-01,Mali,49923.28997044129,2019-12
2020-01-01,Mali,49903.751260646684,2020-01
2020-02-01,Mali,50123.44615626948,2020-02
2020-03-01,Mali,50329.84269851351,2020-03
2020-04-01,Mali,50551.413407308806,2020-04
2020-05-01,Mali,50766.76537569445,2020-05
2020-06-01,Mali,50990.25958081084,2020-06
2020-07-01,Mali,51207.4810594814,2020-07
2020-08-01,Mali,51432.91545914635,2020-08
2020-09-01,Mali,51659.34230498316,2020-09
2020-10-01,Mali,51879.41411506794,2020-10
2020-11-01,Mali,52107.80661425005,2020-11
2020-12-01,Mali,52329.78890843887,2020-12
2021-01-01,Mali,52560.164125166666,2021-01
2021-02-01,Mali,53021.38050038165,2021-02
2021-03-01,Mali,53441.44068968813,2021-03
2021-04-01,Mali,53910.39028243422,2021-04
2021-05-01,Mali,54368.13016725856,2021-05
2021-06-01,Mali,54845.211476655626,2021-06
2021-07-01,Mali,55310.88869867105,2021-07
2021-08-01,Mali,55796.24273095242,2021-08
2021-09-01,Mali,56285.85575350134,2021-09
2021-10-01,Mali,56763.76513228472,2021-10
2021-11-01,Mali,57261.86818111692,2021-11
2021-12-01,Mali,57748.064641738565,2021-12
2022-01-01,Mali,58254.80493627639,2022-01
2022-02-01,Mali,58661.17378670954,2022-02
2022-03-01,Mali,59030.65256827874,2022-03
2022-04-01,Mali,59442.43350979484,2022-04
2022-05-01,Mali,59843.66596060782,2022-05
2022-06-01,Mali,60261.118250916224,2022-06
2022-07-01,Mali,60667.87676898007,2022-07
2022-08-01,Mali,61091.07851805122,2022-08
2022-09-01,Mali,61517.232401430585,2022-09
2022-10-01,Mali,61932.46960600428,2022-10
2022-11-01,Mali,62364.492792860845,2022-11
2022-12-01,Mali,62785.4489484138,2022-12
2023-01-01,Mali,63223.42227509484,2023-01
2023-02-01,Mali,63602.8555356102,2023-02
2023-03-01,Mali,63947.52633424787,2023-03
2023-04-01,Mali,64331.30528112803,2023-04
2023-05-01,Mali,64704.8971086571,2023-05
2023-06-01,Mali,65093.22139098434,2023-06
2023-07-01,Mali,65471.2379014988,2023-07
2023-08-01,Mali,65864.16135253964,2023-08
2023-09-01,Mali,66259.44292056935,2023-09
2023-10-01,Mali,66644.23204094516,2023-10
2023-11-01,Mali,67044.19517719885,2023-11
2023-12-01,Mali,67433.54159714181,2023-12
2024-01-01,Mali,67838.24174837644,2024-01
2024-02-01,Mali,68257.94813076203,2024-02
2024-03-01,Mali,68652.9271521558,2024-03
2024-04-01,Mali,69077.67388722138,2024-04
2024-05-01,Mali,69491.22101442872,2024-05
2024-06-01,Mali,69921.15416463779,2024-06
2024-07-01,Mali,70339.75095298674,2024-07
2024-08-01,Mali,70774.93384761251,2024-08
2024-09-01,Mali,71212.80916223138,2024-09
2024-10-01,Mali,71639.13869813159,2024-10
2024-11-01,Mali,72082.36073580965,2024-11
2024-12-01,Mali,72513.89601381111,2024-12
2025-01-01,Mali,72962.53006127845,2025-01
2025-02-01,Mali,72962.5300612785,2025-02
2025-03-01,Mali,72962.5300612785,2025-03
2025-04-01,Mali,72962.5300612785,2025-04
2025-05-01,Mali,72962.5300612785,2025-05
2025-06-01,Mali,72962.5300612785,2025-06
2025-07-01,Mali,72962.5300612785,2025-07
2025-08-01,Mali,72962.5300612785,2025-08
2025-09-01,Mali,72962.5300612785,2025-09
2025-10-01,Mali,72962.5300612785,2025-10
2025-11-01,Mali,72962.5300612785,2025-11
2025-12-01,Mali,72962.5300612785,2025-12
2015-01-01,Mauritania,20383.27101243689,2015-01
2015-02-01,Mauritania,20421.371169057773,2015-02
2015-03-01,Mauritania,20455.845422021062,2015-03
2015-04-01,Mauritania,20494.081233825567,2015-04
2015-05-01,Mauritania,20531.15167984685,2015-05
2015-06-01,Mauritania,20569.52825317172,2015-06
2015-07-01,Mauritania,20606.73517052959,2015-07
2015-08-01,Mauritania,20645.253023575027,2015-08
2015-09-01,Mauritania,20683.84287371224,2015-09
2015-10-01,Mauritania,20721.25656754972,2015-10
2015-11-01,Mauritania,20759.988482565885,2015-11
2015-12-01,Mauritania,20797.53991137428,2015-12
2016-01-01,Mauritania,20836.414414267805,2016-01
2016-02-01,Mauritania,20975.536900161613,2016-02
2016-03-01,Mauritania,21106.524566159453,2016-03
2016-04-01,Mauritania,21247.450548329023,2016-04
2016-05-01,Mauritania,21384.726374253944,2016-05
2016-06-01,Mauritania,21527.509879812744,2016-06
2016-07-01,Mauritania,21666.595116986755,2016-07
2016-08-01,Mauritania,21811.260629660843,2016-08
2016-09-01,Mauritania,21956.892058319623,2016-09
2016-10-01,Mauritania,22098.75145388307,2016-10
2016-11-01,Mauritania,22246.302427687297,2016-11
2016-12-01,Mauritania,22390.031649816283,2016-12
2017-01-01,Mauritania,22539.52746999111,2017-01
2017-02-01,Mauritania,22623.66128429671,2017-02
2017-03-01,Mauritania,22699.923015256467,2017-03
2017-04-01,Mauritania,22784.65554171514,2017-04
2017-05-01,Mauritania,22866.95589239063,2017-05
2017-06-01,Mauritania,22952.311906324205,2017-06
2017-07-01,Mauritania,23035.21784779197,2017-07
2017-08-01,Mauritania,23121.201937009257,2017-08
2017-09-01,Mauritania,23207.50698102052,2017-09
2017-10-01,Mauritania,23291.33471145713,2017-10
2017-11-01,Mauritania,23378.27481400153,2017-11
2017-12-01,Mauritania,23462.71937415113,2017-12
2018-01-01,Mauritania,23550.29920818081,2018-01
2018-02-01,Mauritania,23675.25538647452,2018-02
2018-03-01,Mauritania,23788.688803862064,2018-03
2018-04-01,Mauritania,23914.909860047897,2018-04
2018-05-01,Mauritania,24037.69689534643,2018-05
2018-06-01,Mauritania,24165.239170392422,2018-06
2018-07-01,Mauritania,24289.311478938707,2018-07
2018-08-01,Mauritania,24418.1888027028,2018-08
2018-09-01,Mauritania,24547.74994019272,2018-09
2018-10-01,Mauritania,24673.786185198245,2018-10
2018-11-01,Mauritania,24804.703503848174,2018-11
2018-12-01,Mauritania,24932.059033202888,2018-12
2019-01-01,Mauritania,25064.34672883862,2019-01
2019-02-01,Mauritania,25175.779207840373,2019-02
2019-03-01,Mauritania,25276.85365539909,2019-03
2019-04-01,Mauritania,25389.230909618367,2019-04
2019-05-01,Mauritania,25498.4587666251,2019-05
2019-06-01,Mauritania,25611.82124528168,2019-06
2019-07-01,Mauritania,25722.00671559472,2019-07
2019-08-01,Mauritania,25836.36305626569,2019-08
2019-09-01,Mauritania,25951.227808772343,2019-09
2019-10-01,Mauritania,26062.87345138112,2019-10
2019-11-01,Mauritania,26178.74523651146,2019-11
2019-12-01,Mauritania,26291.36968943363,2019-12
2020-01-01,Mauritania,26408.257335959614,2020-01
2020-02-01,Mauritania,26510.05238780748,2020-02
2020-03-01,Mauritania,26605.63521739258,2020-03
2020-04-01,Mauritania,26708.19109534944,2020-04
2020-05-01,Mauritania,26807.81509975653,2020-05
2020-06-01,Mauritania,26911.150313939404,2020-06
2020-07-01,Mauritania,27011.531374862054,2020-07
2020-08-01,Mauritania,27115.65184755414,2020-08
2020-09-01,Mauritania,27220.17367005062,2020-09
2020-10-01,Mauritania,27321.707416457702,2020-10
2020-11-01,Mauritania,27427.023514663226,2020-11
2020-12-01,Mauritania,27529.32882997805,2020-12
2021-01-01,Mauritania,27635.445239703,2021-01
2021-02-01,Mauritania,27952.84437574028,2021-02
2021-03-01,Mauritania,28242.659606937657,2021-03
2021-04-01,Mauritania,28567.032732859185,2021-04
2021-05-01,Mauritania,28884.488941510925,2021-05
2021-06-01,Mauritania,29216.23361779142,2021-06
2021-07-01,Mauritania,29540.90418620918,2021-07
2021-08-01,Mauritania,29880.187935218302,2021-08
2021-09-01,Mauritania,30223.368432330204,2021-09
2021-10-01,Mauritania,30559.23096467416,2021-10
2021-11-01,Mauritania,30910.210419574218,2021-11
2021-12-01,Mauritania,31253.70560509753,2021-12
2022-01-01,Mauritania,31612.661253214606,2022-01
2022-02-01,Mauritania,31888.27744921053,2022-02
2022-03-01,Mauritania,32139.285934883694,2022-03
2022-04-01,Mauritania,32419.493528304745,2022-04
2022-05-01,Mauritania,32692.98801150826,2022-05
2022-06-01,Mauritania,32978.02307765778,2022-06
2022-07-01,Mauritania,33256.22937877791,2022-07
2022-08-01,Mauritania,33546.17508632611,2022-08
2022-09-01,Mauritania,33838.64869661308,2022-09
2022-10-01,Mauritania,34124.11533197262,2022-10
2022-11-01,Mauritania,34421.62773639148,2022-11
2022-12-01,Mauritania,34712.01244831083,2022-12
2023-01-01,Mauritania,35014.65045621958,2023-01
2023-02-01,Mauritania,35270.40570957975,2023-02
2023-03-01,Mauritania,35503.01574585871,2023-03
2023-04-01,Mauritania,35762.33813431103,2023-04
2023-05-01,Mauritania,36015.09862785007,2023-05
2023-06-01,Mauritania,36278.16139027503,2023-06
2023-07-01,Mauritania,36534.56761134639,2023-07
2023-08-01,Mauritania,36801.42469756877,2023-08
2023-09-01,Mauritania,37070.23097079746,2023-09
2023-10-01,Mauritania,37332.2353688487,2023-10
2023-11-01,Mauritania,37604.91880823358,2023-11
2023-12-01,Mauritania,37870.70226461064,2023-12
2024-01-01,Mauritania,38147.31879301847,2024-01
2024-02-01,Mauritania,38350.75192752099,2024-02
2024-03-01,Mauritania,38542.042375326826,2024-03
2024-04-01,Mauritania,38747.58050326406,2024-04
2024-05-01,Mauritania,38947.5319421802,2024-05
2024-06-01,Mauritania,39155.2324767086,2024-06
2024-07-01,Mauritania,39357.28754629292,2024-07
2024-08-01,Mauritania,39567.17323746042,2024-08
2024-09-01,Mauritania,39778.17821316461,2024-09
2024-10-01,Mauritania,39983.44790659779,2024-10
2024-11-01,Mauritania,40196.6728040013,2024-11
2024-12-01,Mauritania,40404.102079904646,2024-12
2025-01-01,Mauritania,40619.57025415492,2025-01
2025-02-01,Mauritania,40619.5702541549,2025-02
2025-03-01,Mauritania,40619.5702541549,2025-03
2025-04-01,Mauritania,40619.5702541549,2025-04
2025-05-01,Mauritania,40619.5702541549,2025-05
2025-06-01,Mauritania,40619.5702541549,2025-06
2025-07-01,Mauritania,40619.5702541549,2025-07
2025-08-01,Mauritania,40619.5702541549,2025-08
2025-09-01,Mauritania,40619.5702541549,2025-09
2025-10-01,Mauritania,40619.5702541549,2025-10
2025-11-01,Mauritania,40619.5702541549,2025-11
2025-12-01,Mauritania,40619.5702541549,2025-12
2015-01-01,Mauritius,25764.9299305067,2015-01
2015-02-01,Mauritius,25868.76291985404,2015-02
2015-03-01,Mauritius,25962.90717388021,2015-03
2015-04-01,Mauritius,26067.53801399049,2015-04
2015-05-01,Mauritius,26169.19512823371,2015-05
2015-06-01,Mauritius,26274.65731137597,2015-06
2015-07-01,Mauritius,26377.122140949454,2015-07
2015-08-01,Mauritius,26483.42227254929,2015-08
2015-09-01,Mauritius,26590.150795006903,2015-09
2015-10-01,Mauritius,26693.845973111627,2015-10
2015-11-01,Mauritius,26801.422505710023,2015-11
2015-12-01,Mauritius,26905.941592555948,2015-12
2016-01-01,Mauritius,27014.3728731492,2016-01
2016-02-01,Mauritius,27143.67230072153,2016-02
2016-03-01,Mauritius,27265.190038030763,2016-03
2016-04-01,Mauritius,27395.689956763737,2016-04
2016-05-01,Mauritius,27522.574886179773,2016-05
2016-06-01,Mauritius,27654.306731105804,2016-06
2016-07-01,Mauritius,27782.389461022987,2016-07
2016-08-01,Mauritius,27915.36486159104,2016-08
2016-09-01,Mauritius,28048.97672495079,2016-09
2016-10-01,Mauritius,28178.88739475156,2016-10
2016-11-01,Mauritius,28313.760561227617,2016-11
2016-12-01,Mauritius,28444.897594680147,2016-12
2017-01-01,Mauritius,28581.043971041207,2017-01
2017-02-01,Mauritius,28632.65222054793,2017-02
2017-03-01,Mauritius,28679.346215771715,2017-03
2017-04-01,Mauritius,28731.131967778936,2017-04
2017-05-01,Mauritius,28781.33624252456,2017-05
2017-06-01,Mauritius,28833.3061559905,2017-06
2017-07-01,Mauritius,28883.688968115763,2017-07
2017-08-01,Mauritius,28935.843697958782,2017-08
2017-09-01,Mauritius,28988.092602609133,2017-09
2017-10-01,Mauritius,29038.74588584925,2017-10
2017-11-01,Mauritius,29091.1805990304,2017-11
2017-12-01,Mauritius,29142.01401642254,2017-12
2018-01-01,Mauritius,29194.635198910204,2018-01
2018-02-01,Mauritius,29296.594793322103,2018-02
2018-03-01,Mauritius,29388.993358039967,2018-03
2018-04-01,Mauritius,29491.63173055409,2018-04
2018-05-01,Mauritius,29591.30047205123,2018-05
2018-06-01,Mauritius,29694.6453836658,2018-06
2018-07-01,Mauritius,29795.000222002163,2018-07
2018-08-01,Mauritius,29899.05653637088,2018-08
2018-09-01,Mauritius,30003.47625790454,2018-09
2018-10-01,Mauritius,30104.87480873711,2018-10
2018-11-01,Mauritius,30210.01333177077,2018-11
2018-12-01,Mauritius,30312.109887054667,2018-12
2019-01-01,Mauritius,30417.972159653586,2019-01
2019-02-01,Mauritius,30111.521024106525,2019-02
2019-03-01,Mauritius,29837.38099683172,2019-03
2019-04-01,Mauritius,29536.77912763953,2019-04
2019-05-01,Mauritius,29248.75790880667,2019-05
2019-06-01,Mauritius,28954.086224992592,2019-06
2019-07-01,Mauritius,28671.74700416298,2019-07
2019-08-01,Mauritius,28382.88851677188,2019-08
2019-09-01,Mauritius,28096.940184305207,2019-09
2019-10-01,Mauritius,27822.959229158176,2019-10
2019-11-01,Mauritius,27542.652001401453,2019-11
2019-12-01,Mauritius,27274.0760620598,2019-12
2020-01-01,Mauritius,26999.29865295619,2020-01
2020-02-01,Mauritius,27146.82081006372,2020-02
2020-03-01,Mauritius,27285.55504578444,2020-03
2020-04-01,Mauritius,27434.641286503866,2020-04
2020-05-01,Mauritius,27579.693852150136,2020-05
2020-06-01,Mauritius,27730.387245402,2020-06
2020-07-01,Mauritius,27877.003480486062,2020-07
2020-08-01,Mauritius,28029.321351405462,2020-08
2020-09-01,Mauritius,28182.47147582793,2020-09
2020-10-01,Mauritius,28331.47797280125,2020-10
2020-11-01,Mauritius,28486.27905850036,2020-11
2020-12-01,Mauritius,28636.89184836696,2020-12
2021-01-01,Mauritius,28793.36169273692,2021-01
2021-02-01,Mauritius,29167.64661401072,2021-02
2021-03-01,Mauritius,29509.89052133899,2021-03
2021-04-01,Mauritius,29893.489601170088,2021-04
2021-05-01,Mauritius,30269.46157708912,2021-05
2021-06-01,Mauritius,30662.934321407087,2021-06
2021-07-01,Mauritius,31048.58364365428,2021-07
2021-08-01,Mauritius,31452.18419605729,2021-08
2021-09-01,Mauritius,31861.03115221801,2021-09
2021-10-01,Mauritius,32261.74900071737,2021-10
2021-11-01,Mauritius,32681.11949012898,2021-11
2021-12-01,Mauritius,33092.15163237405,2021-12
2022-01-01,Mauritius,33522.31652595881,2022-01
2022-02-01,Mauritius,33765.763069774985,2022-02
2022-03-01,Mauritius,33987.16951738345,2022-03
2022-04-01,Mauritius,34233.991927364936,2022-04
2022-05-01,Mauritius,34474.55887025947,2022-05
2022-06-01,Mauritius,34724.92081049272,2022-06
2022-07-01,Mauritius,34968.937577785204,2022-07
2022-08-01,Mauritius,35222.889806523424,2022-08
2022-09-01,Mauritius,35478.68629302149,2022-09
2022-10-01,Mauritius,35727.99987343983,2022-10
2022-11-01,Mauritius,35987.464581969696,2022-11
2022-12-01,Mauritius,36240.35341700174,2022-12
2023-01-01,Mauritius,36503.53895130733,2023-01
2023-02-01,Mauritius,36729.31332226493,2023-02
2023-03-01,Mauritius,36934.438569430255,2023-03
2023-04-01,Mauritius,37162.87805431988,2023-04
2023-05-01,Mauritius,37385.293701429015,2023-05
2023-06-01,Mauritius,37616.521725094455,2023-06
2023-07-01,Mauritius,37841.65237857217,2023-07
2023-08-01,Mauritius,38075.70298043751,2023-08
2023-09-01,Mauritius,38311.20118516352,2023-09
2023-10-01,Mauritius,38540.48941711024,2023-10
2023-11-01,Mauritius,38778.862325724745,2023-11
2023-12-01,Mauritius,39010.9494570208,2023-12
2024-01-01,Mauritius,39252.23216075717,2024-01
2024-02-01,Mauritius,39437.27923662024,2024-02
2024-03-01,Mauritius,39611.17747299355,2024-03
2024-04-01,Mauritius,39797.91672728235,2024-04
2024-05-01,Mauritius,39979.47029904865,2024-05
2024-06-01,Mauritius,40167.94579881372,2024-06
2024-07-01,Mauritius,40351.18740113836,2024-07
2024-08-01,Mauritius,40541.41528946846,2024-08
2024-09-01,Mauritius,40732.53997047875,2024-09
2024-10-01,Mauritius,40918.35718722973,2024-10
2024-11-01,Mauritius,41111.25888809626,2024-11
2024-12-01,Mauritius,41298.80377749561,2024-12
2025-01-01,Mauritius,41493.49902041504,2025-01
2025-02-01,Mauritius,41493.499020415,2025-02
2025-03-01,Mauritius,41493.499020415,2025-03
2025-04-01,Mauritius,41493.499020415,2025-04
2025-05-01,Mauritius,41493.499020415,2025-05
2025-06-01,Mauritius,41493.499020415,2025-06
2025-07-01,Mauritius,41493.499020415,2025-07
2025-08-01,Mauritius,41493.499020415,2025-08
2025-09-01,Mauritius,41493.499020415,2025-09
2025-10-01,Mauritius,41493.499020415,2025-10
2025-11-01,Mauritius,41493.499020415,2025-11
2025-12-01,Mauritius,41493.499020415,2025-12
2015-01-01,Morocco,268907.46089617704,2015-01
2015-02-01,Morocco,269242.38226521865,2015-02
2015-03-01,Morocco,269545.25041604537,2015-03
2015-04-01,Morocco,269880.96614511864,2015-04
2015-05-01,Morocco,270206.2504450034,2015-05
2015-06-01,Morocco,270542.7894425494,2015-06
2015-07-01,Morocco,270868.87143013714,2015-07
2015-08-01,Morocco,271206.2357150394,2015-08
2015-09-01,Morocco,271544.02018355404,2015-09
2015-10-01,Morocco,271871.30894257606,2015-10
2015-11-01,Morocco,272209.92175268824,2015-11
2015-12-01,Morocco,272538.0131149053,2015-12
2016-01-01,Morocco,272877.45629793976,2016-01
2016-02-01,Morocco,274432.5436950734,2016-02
2016-03-01,Morocco,275895.3249100668,2016-03
2016-04-01,Morocco,277467.61068448145,2016-04
2016-05-01,Morocco,278997.7083629569,2016-05
2016-06-01,Morocco,280587.6741519617,2016-06
2016-07-01,Morocco,282134.97744898306,2016-07
2016-08-01,Morocco,283742.8220605308,2016-08
2016-09-01,Morocco,285359.82953560667,2016-09
2016-10-01,Morocco,286933.44892716536,2016-10
2016-11-01,Morocco,288568.6393027145,2016-11
2016-12-01,Morocco,290159.95370510063,2016-12
2017-01-01,Morocco,291813.5314439191,2017-01
2017-02-01,Morocco,291114.74299167853,2017-02
2017-03-01,Morocco,290485.0176169922,2017-03
2017-04-01,Morocco,289789.41047754564,2017-04
2017-05-01,Morocco,289117.8283147338,2017-05
2017-06-01,Morocco,288425.49510193383,2017-06
2017-07-01,Morocco,287757.0737904324,2017-07
2017-08-01,Morocco,287067.99909530027,2017-08
2017-09-01,Morocco,286380.5744862254,2017-09
2017-10-01,Morocco,285716.89224440826,2017-10
2017-11-01,Morocco,285032.70305029326,2017-11
2017-12-01,Morocco,284372.14447822183,2017-12
2018-01-01,Morocco,283691.17547134607,2018-01
2018-02-01,Morocco,284691.3433679507,2018-02
2018-03-01,Morocco,285597.75127423625,2018-03
2018-04-01,Morocco,286604.64090234105,2018-04
2018-05-01,Morocco,287582.43001368706,2018-05
2018-06-01,Morocco,288596.3167292302,2018-06
2018-07-01,Morocco,289580.90070241404,2018-07
2018-08-01,Morocco,290601.8331296254,2018-08
2018-09-01,Morocco,291626.3649068575,2018-09
2018-10-01,Morocco,292621.28628457687,2018-10
2018-11-01,Morocco,293652.93774824584,2018-11
2018-12-01,Morocco,294654.7730435193,2018-12
2019-01-01,Morocco,295693.5936698212,2019-01
2019-02-01,Morocco,294867.21679126314,2019-02
2019-03-01,Morocco,294122.7970959995,2019-03
2019-04-01,Morocco,293300.81013321003,2019-04
2019-05-01,Morocco,292507.5261969528,2019-05
2019-06-01,Morocco,291690.0534426284,2019-06
2019-07-01,Morocco,290901.12608284096,2019-07
2019-08-01,Morocco,290088.142745739,2019-08
2019-09-01,Morocco,289277.431458647,2019-09
2019-10-01,Morocco,288495.0294618926,2019-10
2019-11-01,Morocco,287688.77045922965,2019-11
2019-12-01,Morocco,286910.6652772383,2019-12
2020-01-01,Morocco,286108.8341078368,2020-01
2020-02-01,Morocco,289099.737531688,2020-02
2020-03-01,Morocco,291925.9785038292,2020-03
2020-04-01,Morocco,294977.69276263856,2020-04
2020-05-01,Morocco,297961.3359697218,2020-05
2020-06-01,Morocco,301076.142203182,2020-06
2020-07-01,Morocco,304121.47006538813,2020-07
2020-08-01,Morocco,307300.6726542268,2020-08
2020-09-01,Morocco,310513.10975655995,2020-09
2020-10-01,Morocco,313653.8907490432,2020-10
2020-11-01,Morocco,316932.74265402136,2020-11
2020-12-01,Morocco,320138.4570111502,2020-12
2021-01-01,Morocco,323485.0967965551,2021-01
2021-02-01,Morocco,325875.15145248146,2021-02
2021-03-01,Morocco,328049.085008626,2021-03
2021-04-01,Morocco,330472.86048008257,2021-04
2021-05-01,Morocco,332835.4990502974,2021-05
2021-06-01,Morocco,335294.63872022484,2021-06
2021-07-01,Morocco,337691.7494683693,2021-07
2021-08-01,Morocco,340186.7693196004,2021-08
2021-09-01,Morocco,342700.2235094489,2021-09
2021-10-01,Morocco,345150.27875727904,2021-10
2021-11-01,Morocco,347700.4056067299,2021-11
2021-12-01,Morocco,350186.2084892196,2021-12
2022-01-01,Morocco,352773.5430722629,2022-01
2022-02-01,Morocco,354944.5118426279,2022-02
2022-03-01,Morocco,356916.86791416147,2022-03
2022-04-01,Morocco,359113.33471014054,2022-04
2022-05-01,Morocco,361251.81692885095,2022-05
2022-06-01,Morocco,363474.9610058127,2022-06
2022-07-01,Morocco,365639.41625135456,2022-07
2022-08-01,Morocco,367889.5616193522,2022-08
2022-09-01,Morocco,370153.55438440846,2022-09
2022-10-01,Morocco,372357.7799525914,2022-10
2022-11-01,Morocco,374649.2701381626,2022-11
2022-12-01,Morocco,376880.2672218269,2022-12
2023-01-01,Morocco,379199.5887990059,2023-01
2023-02-01,Morocco,381193.6678046464,2023-02
2023-03-01,Morocco,383003.7829821088,2023-03
2023-04-01,Morocco,385017.8669244053,2023-04
2023-05-01,Morocco,386977.0642408411,2023-05
2023-06-01,Morocco,389012.04229002894,2023-06
2023-07-01,Morocco,390991.5643194968,2023-07
2023-08-01,Morocco,393047.6532310417,2023-08
2023-09-01,Morocco,395114.5544004407,2023-09
2023-10-01,Morocco,397125.1296001048,2023-10
2023-11-01,Morocco,399213.47280231176,2023-11
2023-12-01,Morocco,401244.9057091711,2023-12
2024-01-01,Morocco,403354.9133838338,2024-01
2024-02-01,Morocco,405651.3707113424,2024-02
2024-03-01,Morocco,407811.5046082398,2024-03
2024-04-01,Morocco,410133.33505315305,2024-04
2024-05-01,Morocco,412392.8533059148,2024-05
2024-06-01,Morocco,414740.7671613371,2024-06
2024-07-01,Morocco,417025.6688103191,2024-07
2024-08-01,Morocco,419399.9590969167,2024-08
2024-09-01,Morocco,421787.76714701584,2024-09
2024-10-01,Morocco,424111.4923290637,2024-10
2024-11-01,Morocco,426526.1249811591,2024-11
2024-12-01,Morocco,428875.9548591664,2024-12
2025-01-01,Morocco,431317.71346045897,2025-01
2025-02-01,Morocco,431317.713460459,2025-02
2025-03-01,Morocco,431317.713460459,2025-03
2025-04-01,Morocco,431317.713460459,2025-04
2025-05-01,Morocco,431317.713460459,2025-05
2025-06-01,Morocco,431317.713460459,2025-06
2025-07-01,Morocco,431317.713460459,2025-07
2025-08-01,Morocco,431317.713460459,2025-08
2025-09-01,Morocco,431317.713460459,2025-09
2025-10-01,Morocco,431317.713460459,2025-10
2025-11-01,Morocco,431317.713460459,2025-11
2025-12-01,Morocco,431317.713460459,2025-12
2015-01-01,Mozambique,32719.99506260332,2015-01
2015-02-01,Mozambique,32874.19482108526,2015-02
2015-03-01,Mozambique,33014.09654017175,2015-03
2015-04-01,Mozambique,33169.68231282403,2015-04
2015-05-01,Mozambique,33320.94728706384,2015-05
2015-06-01,Mozambique,33477.97915746064,2015-06
2015-07-01,Mozambique,33630.6500696236,2015-07
2015-08-01,Mozambique,33789.141478574136,2015-08
2015-09-01,Mozambique,33948.37981113933,2015-09
2015-10-01,Mozambique,34103.19590944215,2015-10
2015-11-01,Mozambique,34263.914288605614,2015-11
2015-12-01,Mozambique,34420.16933088612,2015-12
2016-01-01,Mozambique,34582.38151299602,2016-01
2016-02-01,Mozambique,34710.88798550665,2016-02
2016-03-01,Mozambique,34831.53598905287,2016-03
2016-04-01,Mozambique,34960.96830765701,2016-04
2016-05-01,Mozambique,35086.683313966176,2016-05
2016-06-01,Mozambique,35217.063747803004,2016-06
2016-07-01,Mozambique,35343.69963935741,2016-07
2016-08-01,Mozambique,35475.03513354314,2016-08
2016-09-01,Mozambique,35606.85866413159,2016-09
2016-10-01,Mozambique,35734.896206519414,2016-10
2016-11-01,Mozambique,35867.685368402534,2016-11
2016-12-01,Mozambique,35996.66080903404,2016-12
2017-01-01,Mozambique,36130.42267563631,2017-01
2017-02-01,Mozambique,36323.209063956696,2017-02
2017-03-01,Mozambique,36498.22272422972,2017-03
2017-04-01,Mozambique,36692.97163714133,2017-04
2017-05-01,Mozambique,36882.427679861146,2017-05
2017-06-01,Mozambique,37079.22665142932,2017-06
2017-07-01,Mozambique,37270.67703647752,2017-07
2017-08-01,Mozambique,37469.54764700496,2017-08
2017-09-01,Mozambique,37669.47940057771,2017-09
2017-10-01,Mozambique,37863.97742513468,2017-10
2017-11-01,Mozambique,38066.01379544703,2017-11
2017-12-01,Mozambique,38262.55923764027,2017-12
2018-01-01,Mozambique,38466.72237931017,2018-01
2018-02-01,Mozambique,38715.75497791735,2018-02
2018-03-01,Mozambique,38942.07310552037,2018-03
2018-04-01,Mozambique,39194.18311284015,2018-04
2018-05-01,Mozambique,39439.71445916869,2018-05
2018-06-01,Mozambique,39695.04618416573,2018-06
2018-07-01,Mozambique,39943.71517936106,2018-07
2018-08-01,Mozambique,40202.3097924152,2018-08
2018-09-01,Mozambique,40462.5785405267,2018-09
2018-10-01,Mozambique,40716.05573014888,2018-10
2018-11-01,Mozambique,40979.650456612166,2018-11
2018-12-01,Mozambique,41236.36683515523,2018-12
2019-01-01,Mozambique,41503.33004269903,2019-01
2019-02-01,Mozambique,41665.61423306257,2019-02
2019-03-01,Mozambique,41812.738846881286,2019-03
2019-04-01,Mozambique,41976.23287166598,2019-04
2019-05-01,Mozambique,42135.061555451175,2019-05
2019-06-01,Mozambique,42299.81590994296,2019-06
2019-07-01,Mozambique,42459.86895962639,2019-07
2019-08-01,Mozambique,42625.893359354384,2019-08
2019-09-01,Mozambique,42792.56693916662,2019-09
2019-10-01,Mozambique,42954.48444861816,2019-10
2019-11-01,Mozambique,43122.44286843778,2019-11
2019-12-01,Mozambique,43285.60855468065,2019-12
2020-01-01,Mozambique,43454.861718980064,2020-01
2020-02-01,Mozambique,43681.37017468395,2020-02
2020-03-01,Mozambique,43894.33393553296,2020-03
2020-04-01,Mozambique,44123.13314005423,2020-04
2020-05-01,Mozambique,44345.687190603145,2020-05
2020-06-01,Mozambique,44576.83907385224,2020-06
2020-07-01,Mozambique,44801.68158594363,2020-07
2020-08-01,Mozambique,45035.21033986285,2020-08
2020-09-01,Mozambique,45269.95636235282,2020-09
2020-10-01,Mozambique,45498.29491040276,2020-10
2020-11-01,Mozambique,45735.45476109929,2020-11
2020-12-01,Mozambique,45966.141251074296,2020-12
2021-01-01,Mozambique,46205.73975070317,2021-01
2021-02-01,Mozambique,46645.09256359833,2021-02
2021-03-01,Mozambique,47045.51703352912,2021-03
2021-04-01,Mozambique,47492.85496934204,2021-04
2021-05-01,Mozambique,47929.81219782235,2021-05
2021-06-01,Mozambique,48385.55856016318,2021-06
2021-07-01,Mozambique,48830.72909330053,2021-07
2021-08-01,Mozambique,49295.04193189191,2021-08
2021-09-01,Mozambique,49763.76974474413,2021-09
2021-10-01,Mozambique,50221.62048714376,2021-10
2021-11-01,Mozambique,50699.15878321323,2021-11
2021-12-01,Mozambique,51165.61555702682,2021-12
2022-01-01,Mozambique,51652.129943329885,2022-01
2022-02-01,Mozambique,52047.12750399698,2022-02
2022-03-01,Mozambique,52406.49516936121,2022-03
2022-04-01,Mozambique,52807.261561332205,2022-04
2022-05-01,Mozambique,53198.01783216472,2022-05
2022-06-01,Mozambique,53604.83720823081,2022-06
2022-07-01,Mozambique,54001.49527507157,2022-07
2022-08-01,Mozambique,54414.45905661228,2022-08
2022-09-01,Mozambique,54830.58088190696,2022-09
2022-10-01,Mozambique,55236.30904654802,2022-10
2022-11-01,Mozambique,55658.71577706569,2022-11
2022-12-01,Mozambique,56070.57186604529,2022-12
2023-01-01,Mozambique,56499.35842599154,2023-01
2023-02-01,Mozambique,56719.46625421359,2023-02
2023-03-01,Mozambique,56919.01026056906,2023-03
2023-04-01,Mozambique,57140.75295078762,2023-04
2023-05-01,Mozambique,57356.16512242045,2023-05
2023-06-01,Mozambique,57579.61086219425,2023-06
2023-07-01,Mozambique,57796.67746312407,2023-07
2023-08-01,Mozambique,58021.83933237825,2023-08
2023-09-01,Mozambique,58247.87837778832,2023-09
2023-10-01,Mozambique,58467.46424822952,2023-10
2023-11-01,Mozambique,58695.23934047565,2023-11
2023-12-01,Mozambique,58916.511695457215,2023-12
2024-01-01,Mozambique,59146.03616789335,2024-01
2024-02-01,Mozambique,59389.62088845442,2024-02
2024-03-01,Mozambique,59618.39856200292,2024-03
2024-04-01,Mozambique,59863.92864136109,2024-04
2024-05-01,Mozambique,60102.50113243161,2024-05
2024-06-01,Mozambique,60350.02492086955,2024-06
2024-07-01,Mozambique,60590.53462526604,2024-07
2024-08-01,Mozambique,60840.06831174075,2024-08
2024-09-01,Mozambique,61090.62966798387,2024-09
2024-10-01,Mozambique,61334.09086459648,2024-10
2024-11-01,Mozambique,61586.68678398676,2024-11
2024-12-01,Mozambique,61832.1248903105,2024-12
2025-01-01,Mozambique,62086.771893540776,2025-01
2025-02-01,Mozambique,62086.7718935408,2025-02
2025-03-01,Mozambique,62086.7718935408,2025-03
2025-04-01,Mozambique,62086.7718935408,2025-04
2025-05-01,Mozambique,62086.7718935408,2025-05
2025-06-01,Mozambique,62086.7718935408,2025-06
2025-07-01,Mozambique,62086.7718935408,2025-07
2025-08-01,Mozambique,62086.7718935408,2025-08
2025-09-01,Mozambique,62086.7718935408,2025-09
2025-10-01,Mozambique,62086.7718935408,2025-10
2025-11-01,Mozambique,62086.7718935408,2025-11
2025-12-01,Mozambique,62086.7718935408,2025-12
2015-01-01,Namibia,24364.42032737118,2015-01
2015-02-01,Namibia,24384.69816304349,2015-02
2015-03-01,Namibia,24403.02813300216,2015-03
2015-04-01,Namibia,24423.33810088729,2015-04
2015-05-01,Namibia,24443.00900268762,2015-05
2015-06-01,Namibia,24463.35224554887,2015-06
2015-07-01,Namibia,24483.055375307027,2015-07
2015-08-01,Namibia,24503.431947660767,2015-08
2015-09-01,Namibia,24523.825478874154,2015-09
2015-10-01,Namibia,24543.57731462939,2015-10
2015-11-01,Namibia,24564.004257725494,2015-11
2015-12-01,Namibia,24583.7884540373,2015-12
2016-01-01,Namibia,24604.248863756708,2016-01
2016-02-01,Namibia,24619.72673591597,2016-02
2016-03-01,Namibia,24634.214850273405,2016-03
2016-04-01,Namibia,24649.711573229983,2016-04
2016-05-01,Namibia,24664.717683774063,2016-05
2016-06-01,Namibia,24680.23359524397,2016-06
2016-07-01,Namibia,24695.25828681024,2016-07
2016-08-01,Namibia,24710.793410553284,2016-08
2016-09-01,Namibia,24726.33830702545,2016-09
2016-10-01,Namibia,24741.391065954627,2016-10
2016-11-01,Namibia,24756.95521059004,2016-11
2016-12-01,Namibia,24772.0266083028,2016-12
2017-01-01,Namibia,24787.610024935115,2017-01
2017-02-01,Namibia,24838.73490210602,2017-02
2017-03-01,Namibia,24885.00283753444,2017-03
2017-04-01,Namibia,24936.328589076715,2017-04
2017-05-01,Namibia,24986.09946204403,2017-05
2017-06-01,Namibia,25037.633727134213,2017-06
2017-07-01,Namibia,25087.606796873923,2017-07
2017-08-01,Namibia,25139.3504226092,2017-08
2017-09-01,Namibia,25191.20077047329,2017-09
2017-10-01,Namibia,25241.48034747524,2017-10
2017-11-01,Namibia,25293.54134008725,2017-11
2017-12-01,Namibia,25344.02518049836,2017-12
2018-01-01,Namibia,25396.297673613502,2018-01
2018-02-01,Namibia,25402.53915083629,2018-02
2018-03-01,Namibia,25408.17793256583,2018-03
2018-04-01,Namibia,25414.422329519894,2018-04
2018-05-01,Namibia,25420.46675549529,2018-05
2018-06-01,Namibia,25426.714172590688,2018-06
2018-07-01,Namibia,25432.76152199021,2018-07
2018-08-01,Namibia,25439.01196068766,2018-08
2018-09-01,Namibia,25445.26393551342,2018-09
2018-10-01,Namibia,25451.315696686164,2018-10
2018-11-01,Namibia,25457.570695318343,2018-11
2018-12-01,Namibia,25463.62538346293,2018-12
2019-01-01,Namibia,25469.883407364017,2019-01
2019-02-01,Namibia,25474.576621791228,2019-02
2019-03-01,Namibia,25478.816397483595,2019-03
2019-04-01,Namibia,25483.51125795046,2019-04
2019-05-01,Namibia,25488.05549499395,2019-05
2019-06-01,Namibia,25492.75205790543,2019-06
2019-07-01,Namibia,25497.297942774647,2019-07
2019-08-01,Namibia,25501.99620874807,2019-08
2019-09-01,Namibia,25506.695340448696,2019-09
2019-10-01,Namibia,25511.243711693533,2019-10
2019-11-01,Namibia,25515.94454738755,2019-11
2019-12-01,Namibia,25520.49456795725,2019-12
2020-01-01,Namibia,25525.19710826261,2020-01
2020-02-01,Namibia,25669.97587876721,2020-02
2020-03-01,Namibia,25806.15741680473,2020-03
2020-04-01,Namibia,25952.529792555903,2020-04
2020-05-01,Namibia,26094.970913759968,2020-05
2020-06-01,Namibia,26242.981437997005,2020-06
2020-07-01,Namibia,26387.01671045965,2020-07
2020-08-01,Namibia,26536.683716768028,2020-08
2020-09-01,Namibia,26687.19963347131,2020-09
2020-10-01,Namibia,26833.673008821355,2020-10
2020-11-01,Namibia,26985.873447073107,2020-11
2020-12-01,Namibia,27133.98610126124,2020-12
2021-01-01,Namibia,27287.889913637995,2021-01
2021-02-01,Namibia,27570.44226019753,2021-02
2021-03-01,Namibia,27828.164684216943,2021-03
2021-04-01,Namibia,28116.31130371938,2021-04
2021-05-01,Namibia,28398.0033525222,2021-05
2021-06-01,Namibia,28692.05036422795,2021-06
2021-07-01,Namibia,28979.510634678947,2021-07
2021-08-01,Namibia,29279.578861203245,2021-08
2021-09-01,Namibia,29582.75414297442,2021-09
2021-10-01,Namibia,29879.138207503565,2021-10
2021-11-01,Namibia,30188.52162411899,2021-11
2021-12-01,Namibia,30490.974759409884,2021-12
2022-01-01,Namibia,30806.69343514572,2022-01
2022-02-01,Namibia,31016.20040401076,2022-02
2022-03-01,Namibia,31206.65687698622,2022-03
2022-04-01,Namibia,31418.883875786745,2022-04
2022-05-01,Namibia,31625.63894769087,2022-05
2022-06-01,Namibia,31840.7153163475,2022-06
2022-07-01,Namibia,32050.24629175511,2022-07
2022-08-01,Namibia,32268.210286044137,2022-08
2022-09-01,Namibia,32487.656587282567,2022-09
2022-10-01,Namibia,32701.444823690184,2022-10
2022-11-01,Namibia,32923.83742148527,2022-11
2022-12-01,Namibia,33140.49598899997,2022-12
2023-01-01,Namibia,33365.87444047047,2023-01
2023-02-01,Namibia,33539.08768902738,2023-02
2023-03-01,Namibia,33696.311123537635,2023-03
2023-04-01,Namibia,33871.239777798015,2023-04
2023-05-01,Namibia,34041.39016789372,2023-05
2023-06-01,Namibia,34218.1102411798,2023-06
2023-07-01,Namibia,34390.0031167896,2023-07
2023-08-01,Namibia,34568.5329547643,2023-08
2023-09-01,Namibia,34747.98959995501,2023-09
2023-10-01,Namibia,34922.54429663161,2023-10
2023-11-01,Namibia,35103.83873134767,2023-11
2023-12-01,Namibia,35280.181017404495,2023-12
2024-01-01,Namibia,35463.332062182395,2024-01
2024-02-01,Namibia,35642.07217313604,2024-02
2024-03-01,Namibia,35810.09614411409,2024-03
2024-04-01,Namibia,35990.58399412312,2024-04
2024-05-01,Namibia,36166.115748676224,2024-05
2024-06-01,Namibia,36348.39798685807,2024-06
2024-07-01,Namibia,36525.674856687954,2024-07
2024-08-01,Namibia,36709.76932263079,2024-08
2024-09-01,Namibia,36894.79165020867,2024-09
2024-10-01,Namibia,37074.73336811153,2024-10
2024-11-01,Namibia,37261.59516508469,2024-11
2024-12-01,Namibia,37443.32584158171,2024-12
2025-01-01,Namibia,37632.045395730274,2025-01
2025-02-01,Namibia,37632.0453957303,2025-02
2025-03-01,Namibia,37632.0453957303,2025-03
2025-04-01,Namibia,37632.0453957303,2025-04
2025-05-01,Namibia,37632.0453957303,2025-05
2025-06-01,Namibia,37632.0453957303,2025-06
2025-07-01,Namibia,37632.0453957303,2025-07
2025-08-01,Namibia,37632.0453957303,2025-08
2025-09-01,Namibia,37632.0453957303,2025-09
2025-10-01,Namibia,37632.0453957303,2025-10
2025-11-01,Namibia,37632.0453957303,2025-11
2025-12-01,Namibia,37632.0453957303,2025-12
2015-01-01,Niger,22698.516846678795,2015-01
2015-02-01,Niger,22824.712047625504,2015-02
2015-03-01,Niger,22939.297740032376,2015-03
2015-04-01,Niger,23066.831592020702,2015-04
2015-05-01,Niger,23190.92650915852,2015-05
2015-06-01,Niger,23319.8593222904,2015-06
2015-07-01,Niger,23445.31547775417,2015-07
2015-08-01,Niger,23575.66259769858,2015-08
2015-09-01,Niger,23706.734398515506,2015-09
2015-10-01,Niger,23834.27186412091,2015-10
2015-11-01,Niger,23966.781435016084,2015-11
2015-12-01,Niger,24095.717901403925,2015-12
2016-01-01,Niger,24229.681013754493,2016-01
2016-02-01,Niger,24366.651057513205,2016-02
2016-03-01,Niger,24495.485209046816,2016-03
2016-04-01,Niger,24633.95784015861,2016-04
2016-05-01,Niger,24768.708881426835,2016-05
2016-06-01,Niger,24908.726042090653,2016-06
2016-07-01,Niger,25044.98010214129,2016-07
2016-08-01,Niger,25186.55902010472,2016-08
2016-09-01,Niger,25328.938281687108,2016-09
2016-10-01,Niger,25467.49095884205,2016-10
2016-11-01,Niger,25611.458324697105,2016-11
2016-12-01,Niger,25751.556424241,2016-12
2017-01-01,Niger,25897.12960815048,2017-01
2017-02-01,Niger,26089.00872545996,2017-02
2017-03-01,Niger,26263.54057420756,2017-03
2017-04-01,Niger,26458.134533424407,2017-04
2017-05-01,Niger,26647.82394594033,2017-05
2017-06-01,Niger,26845.26516874505,2017-06
2017-07-01,Niger,27037.730082409325,2017-07
2017-08-01,Niger,27238.0602294474,2017-08
2017-09-01,Niger,27439.8746788914,2017-09
2017-10-01,Niger,27636.60259637837,2017-10
2017-11-01,Niger,27841.36995831631,2017-11
2017-12-01,Niger,28040.976363082293,2017-12
2018-01-01,Niger,28248.739843995285,2018-01
2018-02-01,Niger,28597.143366887773,2018-02
2018-03-01,Niger,28915.522323981408,2018-03
2018-04-01,Niger,29272.149554066207,2018-04
2018-05-01,Niger,29621.46002018,2018-05
2018-06-01,Niger,29986.793875114483,2018-06
2018-07-01,Niger,30344.63233608666,2018-07
2018-08-01,Niger,30718.885377643688,2018-08
2018-09-01,Niger,31097.75423848516,2018-09
2018-10-01,Niger,31468.850013603143,2018-10
2018-11-01,Niger,31856.968501955653,2018-11
2018-12-01,Niger,32237.12413404667,2018-12
2019-01-01,Niger,32634.71806843988,2019-01
2019-02-01,Niger,32868.81536897027,2019-02
2019-03-01,Niger,33081.70110188653,2019-03
2019-04-01,Niger,33319.004727695814,2019-04
2019-05-01,Niger,33550.27403272035,2019-05
2019-06-01,Niger,33790.9388537445,2019-06
2019-07-01,Niger,34025.48388318633,2019-07
2019-08-01,Niger,34269.557507771955,2019-08
2019-09-01,Niger,34515.38193579722,2019-09
2019-10-01,Niger,34754.95537018355,2019-10
2019-11-01,Niger,35004.26168302349,2019-11
2019-12-01,Niger,35247.228462448285,2019-12
2020-01-01,Niger,35500.06597791058,2020-01
2020-02-01,Niger,35772.26276555244,2020-02
2020-03-01,Niger,36028.787597418785,2020-03
2020-04-01,Niger,36305.03835855119,2020-04
2020-05-01,Niger,36574.39440260433,2020-05
2020-06-01,Niger,36854.82860440356,2020-06
2020-07-01,Niger,37128.26367804536,2020-07
2020-08-01,Niger,37412.94467300949,2020-08
2020-09-01,Niger,37699.80845975717,2020-09
2020-10-01,Niger,37979.512647588985,2020-10
2020-11-01,Niger,38270.720594788574,2020-11
2020-12-01,Niger,38554.66052072029,2020-12
2021-01-01,Niger,38850.27841475161,2021-01
2021-02-01,Niger,39451.45980093078,2021-02
2021-03-01,Niger,40002.454383269855,2021-03
2021-04-01,Niger,40621.46490154632,2021-04
2021-05-01,Niger,41229.62608510614,2021-05
2021-06-01,Niger,41867.62624296554,2021-06
2021-07-01,Niger,42494.44423661679,2021-07
2021-08-01,Niger,43152.01658702188,2021-08
2021-09-01,Niger,43819.76441809951,2021-09
2021-10-01,Niger,44475.80870051064,2021-10
2021-11-01,Niger,45164.04130570762,2021-11
2021-12-01,Niger,45840.21132767487,2021-12
2022-01-01,Niger,46549.55712680958,2022-01
2022-02-01,Niger,46786.59306358524,2022-02
2022-03-01,Niger,47001.72732410029,2022-03
2022-04-01,Niger,47241.06576583875,2022-04
2022-05-01,Niger,47473.84395213049,2022-05
2022-06-01,Niger,47715.58646845303,2022-06
2022-07-01,Niger,47950.702833757496,2022-07
2022-08-01,Niger,48194.87357278919,2022-08
2022-09-01,Niger,48440.28765855576,2022-09
2022-10-01,Niger,48678.97495575807,2022-10
2022-11-01,Niger,48926.85414392065,2022-11
2022-12-01,Niger,49167.93897517817,2022-12
2023-01-01,Niger,49418.30802686561,2023-01
2023-02-01,Niger,49935.38315995224,2023-02
2023-03-01,Niger,50407.06744670779,2023-03
2023-04-01,Niger,50934.48819721879,2023-04
2023-05-01,Niger,51450.14915614099,2023-05
2023-06-01,Niger,51988.48391069754,2023-06
2023-07-01,Niger,52514.8155263702,2023-07
2023-08-01,Niger,53064.29013024688,2023-08
2023-09-01,Niger,53619.51401339415,2023-09
2023-10-01,Niger,54162.35818424417,2023-10
2023-11-01,Niger,54729.07140621817,2023-11
2023-12-01,Niger,55283.14874047895,2023-12
2024-01-01,Niger,55861.589052051146,2024-01
2024-02-01,Niger,56281.44208139945,2024-02
2024-03-01,Niger,56677.06414010068,2024-03
2024-04-01,Niger,57103.046241175936,2024-04
2024-05-01,Niger,57518.33514605904,2024-05
2024-06-01,Niger,57950.64019974525,2024-06
2024-07-01,Niger,58372.09333561093,2024-07
2024-08-01,Niger,58810.81519498246,2024-08
2024-09-01,Niger,59252.834466848304,2024-09
2024-10-01,Niger,59683.75797017646,2024-10
2024-11-01,Niger,60132.33823815499,2024-11
2024-12-01,Niger,60569.65804049115,2024-12
2025-01-01,Niger,61024.89669099204,2025-01
2025-02-01,Niger,61024.896690992,2025-02
2025-03-01,Niger,61024.896690992,2025-03
2025-04-01,Niger,61024.896690992,2025-04
2025-05-01,Niger,61024.896690992,2025-05
2025-06-01,Niger,61024.896690992,2025-06
2025-07-01,Niger,61024.896690992,2025-07
2025-08-01,Niger,61024.896690992,2025-08
2025-09-01,Niger,61024.896690992,2025-09
2025-10-01,Niger,61024.896690992,2025-10
2025-11-01,Niger,61024.896690992,2025-11
2025-12-01,Niger,61024.896690992,2025-12
2015-01-01,Nigeria,1382697.4547436088,2015-01
2015-02-01,Nigeria,1381894.030716437,2015-02
2015-03-01,Nigeria,1381168.7586628636,2015-03
2015-04-01,Nigeria,1380366.22289303,2015-04
2015-05-01,Nigeria,1379590.0193733256,2015-05
2015-06-01,Nigeria,1378788.400938715,2015-06
2015-07-01,Nigeria,1378013.084655263,2015-07
2015-08-01,Nigeria,1377212.382507319,2015-08
2015-09-01,Nigeria,1376412.1456118007,2015-09
2015-10-01,Nigeria,1375638.1655373329,2015-10
2015-11-01,Nigeria,1374838.8433493185,2015-11
2015-12-01,Nigeria,1374065.7479696025,2015-12
2016-01-01,Nigeria,1373267.3394435393,2016-01
2016-02-01,Nigeria,1376268.86545951,2016-02
2016-03-01,Nigeria,1379082.683516363,2016-03
2016-04-01,Nigeria,1382096.920026514,2016-04
2016-05-01,Nigeria,1385020.195762355,2016-05
2016-06-01,Nigeria,1388047.409787492,2016-06
2016-07-01,Nigeria,1390983.2714151663,2016-07
2016-08-01,Nigeria,1394023.5188287722,2016-08
2016-09-01,Nigeria,1397070.4112571145,2016-09
2016-10-01,Nigeria,1400025.3574517786,2016-10
2016-11-01,Nigeria,1403085.3679921273,2016-11
2016-12-01,Nigeria,1406053.0364328376,2016-12
2017-01-01,Nigeria,1409126.2215639993,2017-01
2017-02-01,Nigeria,1413950.4240008283,2017-02
2017-03-01,Nigeria,1418321.9623036706,2017-03
2017-04-01,Nigeria,1423177.6467427548,2017-04
2017-05-01,Nigeria,1427892.5235356756,2017-05
2017-06-01,Nigeria,1432780.9731906157,2017-06
2017-07-01,Nigeria,1437527.6650567336,2017-07
2017-08-01,Nigeria,1442449.1010208442,2017-08
2017-09-01,Nigeria,1447387.3857264,2017-09
2017-10-01,Nigeria,1452182.4675005877,2017-10
2017-11-01,Nigeria,1457154.0747925602,2017-11
2017-12-01,Nigeria,1461981.512847587,2017-12
2018-01-01,Nigeria,1466986.6675803198,2018-01
2018-02-01,Nigeria,1476413.8697720673,2018-02
2018-03-01,Nigeria,1484980.8223252064,2018-03
2018-04-01,Nigeria,1494523.6591977607,2018-04
2018-05-01,Nigeria,1503817.0477056114,2018-05
2018-06-01,Nigeria,1513480.930603403,2018-06
2018-07-01,Nigeria,1522892.2010110423,2018-07
2018-08-01,Nigeria,1532678.6653412508,2018-08
2018-09-01,Nigeria,1542528.019798566,2018-09
2018-10-01,Nigeria,1552119.9135661952,2018-10
2018-11-01,Nigeria,1562094.20206819,2018-11
2018-12-01,Nigeria,1571807.7641227895,2018-12
2019-01-01,Nigeria,1581908.571394191,2019-01
2019-02-01,Nigeria,1582317.79108213,2019-02
2019-03-01,Nigeria,1582687.499852907,2019-03
2019-04-01,Nigeria,1583096.9210397608,2019-04
2019-05-01,Nigeria,1583493.2359336738,2019-05
2019-06-01,Nigeria,1583902.8655542347,2019-06
2019-07-01,Nigeria,1584299.3822095247,2019-07
2019-08-01,Nigeria,1584709.220369905,2019-08
2019-09-01,Nigeria,1585119.1645502204,2019-09
2019-10-01,Nigeria,1585515.9856956531,2019-10
2019-11-01,Nigeria,1585926.1385759278,2019-11
2019-12-01,Nigeria,1586323.1617404672,2019-12
2020-01-01,Nigeria,1586733.5234269493,2020-01
2020-02-01,Nigeria,1592673.9283985149,2020-02
2020-03-01,Nigeria,1598251.2135346706,2020-03
2020-04-01,Nigeria,1604234.7383764363,2020-04
2020-05-01,Nigeria,1610046.5742515808,2020-05
2020-06-01,Nigeria,1616074.2585053777,2020-06
2020-07-01,Nigeria,1621928.9866993227,2020-07
2020-08-01,Nigeria,1628001.1562689813,2020-08
2020-09-01,Nigeria,1634096.0587964882,2020-09
2020-10-01,Nigeria,1640016.0765287762,2020-10
2020-11-01,Nigeria,1646155.9604542246,2020-11
2020-12-01,Nigeria,1652119.6689054756,2020-12
2021-01-01,Nigeria,1658304.86619909,2021-01
2021-02-01,Nigeria,1674010.9219621164,2021-02
2021-03-01,Nigeria,1688324.855484625,2021-03
2021-04-01,Nigeria,1704315.2350986693,2021-04
2021-05-01,Nigeria,1719933.9793672482,2021-05
2021-06-01,Nigeria,1736223.7337660138,2021-06
2021-07-01,Nigeria,1752134.89499503,2021-07
2021-08-01,Nigeria,1768729.6291274887,2021-08
2021-09-01,Nigeria,1785481.5344924328,2021-09
2021-10-01,Nigeria,1801844.1057522544,2021-10
2021-11-01,Nigeria,1818909.64332502,2021-11
2021-12-01,Nigeria,1835578.5576089995,2021-12
2022-01-01,Nigeria,1852963.59926862,2022-01
2022-02-01,Nigeria,1863863.739013036,2022-02
2022-03-01,Nigeria,1873764.129063897,2022-03
2022-04-01,Nigeria,1884786.628838276,2022-04
2022-05-01,Nigeria,1895515.29684376,2022-05
2022-06-01,Nigeria,1906665.748817792,2022-06
2022-07-01,Nigeria,1917518.9581431912,2022-07
2022-08-01,Nigeria,1928798.847621094,2022-08
2022-09-01,Nigeria,1940145.0915442,2022-09
2022-10-01,Nigeria,1951188.873504006,2022-10
2022-11-01,Nigeria,1962666.827737612,2022-11
2022-12-01,Nigeria,1973838.808946516,2022-12
2023-01-01,Nigeria,1985450.00242002,2023-01
2023-02-01,Nigeria,1996330.1611624588,2023-02
2023-03-01,Nigeria,2006208.639238554,2023-03
2023-04-01,Nigeria,2017202.5541892007,2023-04
2023-05-01,Nigeria,2027899.1856203475,2023-05
2023-06-01,Nigeria,2039011.96359326,2023-06
2023-07-01,Nigeria,2049824.2439034155,2023-07
2023-08-01,Nigeria,2061057.1700111416,2023-08
2023-09-01,Nigeria,2072351.651947041,2023-09
2023-10-01,Nigeria,2083340.7228118228,2023-10
2023-11-01,Nigeria,2094757.317413124,2023-11
2023-12-01,Nigeria,2105865.198927318,2023-12
2024-01-01,Nigeria,2117405.2264407687,2024-01
2024-02-01,Nigeria,2128659.976848316,2024-02
2024-03-01,Nigeria,2139242.766269393,2024-03
2024-04-01,Nigeria,2150613.5908498084,2024-04
2024-05-01,Nigeria,2161675.1582024097,2024-05
2024-06-01,Nigeria,2173165.2188029736,2024-06
2024-07-01,Nigeria,2184342.7792621865,2024-07
2024-08-01,Nigeria,2195953.326208101,2024-08
2024-09-01,Nigeria,2207625.5872776746,2024-09
2024-10-01,Nigeria,2218980.3928210307,2024-10
2024-11-01,Nigeria,2230775.050814963,2024-11
2024-12-01,Nigeria,2242248.92440066,2024-12
2025-01-01,Nigeria,2254167.262789831,2025-01
2025-02-01,Nigeria,2254167.26278983,2025-02
2025-03-01,Nigeria,2254167.26278983,2025-03
2025-04-01,Nigeria,2254167.26278983,2025-04
2025-05-01,Nigeria,2254167.26278983,2025-05
2025-06-01,Nigeria,2254167.26278983,2025-06
2025-07-01,Nigeria,2254167.26278983,2025-07
2025-08-01,Nigeria,2254167.26278983,2025-08
2025-09-01,Nigeria,2254167.26278983,2025-09
2025-10-01,Nigeria,2254167.26278983,2025-10
2025-11-01,Nigeria,2254167.26278983,2025-11
2025-12-01,Nigeria,2254167.26278983,2025-12
2015-01-01,Rwanda,21217.422664687,2015-01
2015-02-01,Rwanda,21339.290245296525,2015-02
2015-03-01,Rwanda,21449.96572291044,2015-03
2015-04-01,Rwanda,21573.168972811247,2015-04
2015-05-01,Rwanda,21693.07165861312,2015-05
2015-06-01,Rwanda,21817.67124833729,2015-06
2015-07-01,Rwanda,21938.932866596297,2015-07
2015-08-01,Rwanda,22064.944621740186,2015-08
2015-09-01,Rwanda,22191.6801569572,2015-09
2015-10-01,Rwanda,22315.02049961288,2015-10
2015-11-01,Rwanda,22443.192408261617,2015-11
2015-12-01,Rwanda,22567.930644498963,2015-12
2016-01-01,Rwanda,22697.55520590181,2016-01
2016-02-01,Rwanda,22806.0601714011,2016-02
2016-03-01,Rwanda,22908.034355271,2016-03
2016-04-01,Rwanda,23017.54550987892,2016-04
2016-05-01,Rwanda,23124.022476739872,2016-05
2016-06-01,Rwanda,23234.56615592833,2016-06
2016-07-01,Rwanda,23342.04703956776,2016-07
2016-08-01,Rwanda,23453.63297848212,2016-08
2016-09-01,Rwanda,23565.752350550065,2016-09
2016-10-01,Rwanda,23674.765269890493,2016-10
2016-11-01,Rwanda,23787.94175808537,2016-11
2016-12-01,Rwanda,23897.98250440121,2016-12
2017-01-01,Rwanda,24012.226075729483,2017-01
2017-02-01,Rwanda,24217.43133984977,2017-02
2017-03-01,Rwanda,24404.28492078648,2017-03
2017-04-01,Rwanda,24612.84066722339,2017-04
2017-05-01,Rwanda,24816.365630283097,2017-05
2017-06-01,Rwanda,25028.442963205387,2017-06
2017-07-01,Rwanda,25235.40456501317,2017-07
2017-08-01,Rwanda,25451.062948480536,2017-08
2017-09-01,Rwanda,25668.56431957432,2017-09
2017-10-01,Rwanda,25880.8191208616,2017-10
2017-11-01,Rwanda,26101.993130576284,2017-11
2017-12-01,Rwanda,26317.831979066446,2017-12
2018-01-01,Rwanda,26542.74064206609,2018-01
2018-02-01,Rwanda,26808.52751780572,2018-02
2018-03-01,Rwanda,27050.879934873454,2018-03
2018-04-01,Rwanda,27321.7550852904,2018-04
2018-05-01,Rwanda,27586.47463536883,2018-05
2018-06-01,Rwanda,27862.712986369585,2018-06
2018-07-01,Rwanda,28132.673859040144,2018-07
2018-08-01,Rwanda,28414.38159947392,2018-08
2018-09-01,Rwanda,28698.910232490423,2018-09
2018-10-01,Rwanda,28976.972991664155,2018-10
2018-11-01,Rwanda,29267.13515779862,2018-11
2018-12-01,Rwanda,29550.703428829216,2018-12
2019-01-01,Rwanda,29846.610669387825,2019-01
2019-02-01,Rwanda,29847.17524052131,2019-02
2019-03-01,Rwanda,29847.68518491769,2019-03
2019-04-01,Rwanda,29848.249776376448,2019-04
2019-05-01,Rwanda,29848.796165376,2019-05
2019-06-01,Rwanda,29849.360777849783,2019-06
2019-07-01,Rwanda,29849.907187186785,2019-07
2019-08-01,Rwanda,29850.47182067639,2019-08
2019-09-01,Rwanda,29851.03646484646,2019-09
2019-10-01,Rwanda,29851.582904857907,2019-10
2019-11-01,Rwanda,29852.147570044974,2019-11
2019-12-01,Rwanda,29852.69403039577,2019-12
2020-01-01,Rwanda,29853.258716600616,2020-01
2020-02-01,Rwanda,30364.007101107803,2020-02
2020-03-01,Rwanda,30849.71183795555,2020-03
2020-04-01,Rwanda,31377.50817112396,2020-04
2020-05-01,Rwanda,31896.87488290281,2020-05
2020-06-01,Rwanda,32442.586742097978,2020-06
2020-07-01,Rwanda,32979.5828447187,2020-07
2020-08-01,Rwanda,33543.81835480372,2020-08
2020-09-01,Rwanda,34117.7071619708,2020-09
2020-10-01,Rwanda,34682.43018858932,2020-10
2020-11-01,Rwanda,35275.7990853576,2020-11
2020-12-01,Rwanda,35859.69107819577,2020-12
2021-01-01,Rwanda,36473.20129699579,2021-01
2021-02-01,Rwanda,36931.660270487126,2021-02
2021-03-01,Rwanda,37350.703420711936,2021-03
2021-04-01,Rwanda,37820.19237535579,2021-04
2021-05-01,Rwanda,38280.15464702261,2021-05
2021-06-01,Rwanda,38761.32656998216,2021-06
2021-07-01,Rwanda,39232.73474382227,2021-07
2021-08-01,Rwanda,39725.88035918658,2021-08
2021-09-01,Rwanda,40225.22469099364,2021-09
2021-10-01,Rwanda,40714.43652639499,2021-10
2021-11-01,Rwanda,41226.20676076997,2021-11
2021-12-01,Rwanda,41727.592357270754,2021-12
2022-01-01,Rwanda,42252.09770580333,2022-01
2022-02-01,Rwanda,42669.176107805295,2022-02
2022-03-01,Rwanda,43049.42966035829,2022-03
2022-04-01,Rwanda,43474.37867602272,2022-04
2022-05-01,Rwanda,43889.61319835791,2022-05
2022-06-01,Rwanda,44322.85582372326,2022-06
2022-07-01,Rwanda,44746.19436074184,2022-07
2022-08-01,Rwanda,45187.89245984199,2022-08
2022-09-01,Rwanda,45633.95064394013,2022-09
2022-10-01,Rwanda,46069.81177122877,2022-10
2022-11-01,Rwanda,46524.575546695465,2022-11
2022-12-01,Rwanda,46968.943252280056,2022-12
2023-01-01,Rwanda,47432.58252367868,2023-01
2023-02-01,Rwanda,47876.575151680736,2023-02
2023-03-01,Rwanda,48281.171839449176,2023-03
2023-04-01,Rwanda,48733.10768665545,2023-04
2023-05-01,Rwanda,49174.49240553774,2023-05
2023-06-01,Rwanda,49634.7901787595,2023-06
2023-07-01,Rwanda,50084.34160180229,2023-07
2023-08-01,Rwanda,50553.15601726112,2023-08
2023-09-01,Rwanda,51026.35876945571,2023-09
2023-10-01,Rwanda,51488.51388514958,2023-10
2023-11-01,Rwanda,51970.47205346935,2023-11
2023-12-01,Rwanda,52441.17817680953,2023-12
2024-01-01,Rwanda,52932.05375801202,2024-01
2024-02-01,Rwanda,53349.32370224655,2024-02
2024-03-01,Rwanda,53742.65040948096,2024-03
2024-04-01,Rwanda,54166.31038764657,2024-04
2024-05-01,Rwanda,54579.483546214826,2024-05
2024-06-01,Rwanda,55009.74038377871,2024-06
2024-07-01,Rwanda,55429.347110242576,2024-07
2024-08-01,Rwanda,55866.30352767888,2024-08
2024-09-01,Rwanda,56306.70452674385,2024-09
2024-10-01,Rwanda,56736.20431713737,2024-10
2024-11-01,Rwanda,57183.46285200779,2024-11
2024-12-01,Rwanda,57619.65043420333,2024-12
2025-01-01,Rwanda,58073.87328437667,2025-01
2025-02-01,Rwanda,58073.8732843767,2025-02
2025-03-01,Rwanda,58073.8732843767,2025-03
2025-04-01,Rwanda,58073.8732843767,2025-04
2025-05-01,Rwanda,58073.8732843767,2025-05
2025-06-01,Rwanda,58073.8732843767,2025-06
2025-07-01,Rwanda,58073.8732843767,2025-07
2025-08-01,Rwanda,58073.8732843767,2025-08
2025-09-01,Rwanda,58073.8732843767,2025-09
2025-10-01,Rwanda,58073.8732843767,2025-10
2025-11-01,Rwanda,58073.8732843767,2025-11
2025-12-01,Rwanda,58073.8732843767,2025-12
2015-01-01,Sao Tome and Principe,632.0604557031951,2015-01
2015-02-01,Sao Tome and Principe,635.2858192620814,2015-02
2015-03-01,Sao Tome and Principe,638.2131952462063,2015-03
2015-04-01,Sao Tome and Principe,641.4699558363897,2015-04
2015-05-01,Sao Tome and Principe,644.6374823042777,2015-05
2015-06-01,Sao Tome and Principe,647.9270256151358,2015-06
2015-07-01,Sao Tome and Principe,651.1264365684042,2015-07
2015-08-01,Sao Tome and Principe,654.4490925925004,2015-08
2015-09-01,Sao Tome and Principe,657.7887039150371,2015-09
2015-10-01,Sao Tome and Principe,661.0368110336502,2015-10
2015-11-01,Sao Tome and Principe,664.4100390566214,2015-11
2015-12-01,Sao Tome and Principe,667.6908417896167,2015-12
2016-01-01,Sao Tome and Principe,671.0980249004703,2016-01
2016-02-01,Sao Tome and Principe,674.406200898481,2016-02
2016-03-01,Sao Tome and Principe,677.5157080487369,2016-03
2016-04-01,Sao Tome and Principe,680.8555199994196,2016-04
2016-05-01,Sao Tome and Principe,684.1032707856928,2016-05
2016-06-01,Sao Tome and Principe,687.4755561100453,2016-06
2016-07-01,Sao Tome and Principe,690.7548851487546,2016-07
2016-08-01,Sao Tome and Principe,694.1599595891043,2016-08
2016-09-01,Sao Tome and Principe,697.5818193352023,2016-09
2016-10-01,Sao Tome and Principe,700.9093562878841,2016-10
2016-11-01,Sao Tome and Principe,704.364487167753,2016-11
2016-12-01,Sao Tome and Principe,707.7243781428949,2016-12
2017-01-01,Sao Tome and Principe,711.2131036555749,2017-01
2017-02-01,Sao Tome and Principe,720.4827499262349,2017-02
2017-03-01,Sao Tome and Principe,728.9591345860331,2017-03
2017-04-01,Sao Tome and Principe,738.4600750055045,2017-04
2017-05-01,Sao Tome and Principe,747.7724207832703,2017-05
2017-06-01,Sao Tome and Principe,757.5185654985296,2017-06
2017-07-01,Sao Tome and Principe,767.0712482416649,2017-07
2017-08-01,Sao Tome and Principe,777.0689255890676,2017-08
2017-09-01,Sao Tome and Principe,787.1969083710338,2017-09
2017-10-01,Sao Tome and Principe,797.123849656092,2017-10
2017-11-01,Sao Tome and Principe,807.5132197088077,2017-11
2017-12-01,Sao Tome and Principe,817.6963597004848,2017-12
2018-01-01,Sao Tome and Principe,828.3538630173816,2018-01
2018-02-01,Sao Tome and Principe,841.2388148980717,2018-02
2018-03-01,Sao Tome and Principe,853.0490185719128,2018-03
2018-04-01,Sao Tome and Principe,866.3181008408494,2018-04
2018-05-01,Sao Tome and Principe,879.3556348881599,2018-05
2018-06-01,Sao Tome and Principe,893.0339136376253,2018-06
2018-07-01,Sao Tome and Principe,906.4735036025032,2018-07
2018-08-01,Sao Tome and Principe,920.5735977729996,2018-08
2018-09-01,Sao Tome and Principe,934.893017334504,2018-09
2018-10-01,Sao Tome and Principe,948.9625600720516,2018-10
2018-11-01,Sao Tome and Principe,963.7235667734212,2018-11
2018-12-01,Sao Tome and Principe,978.2269908641896,2018-12
2019-01-01,Sao Tome and Principe,993.4432025201168,2019-01
2019-02-01,Sao Tome and Principe,1003.5055595273672,2019-02
2019-03-01,Sao Tome and Principe,1012.6817133128848,2019-03
2019-04-01,Sao Tome and Principe,1022.9389327575584,2019-04
2019-05-01,Sao Tome and Principe,1032.9641833930648,2019-05
2019-06-01,Sao Tome and Principe,1043.4268392979388,2019-06
2019-07-01,Sao Tome and Principe,1053.6528804122183,2019-07
2019-08-01,Sao Tome and Principe,1064.3250873562397,2019-08
2019-09-01,Sao Tome and Principe,1075.105390622278,2019-09
2019-10-01,Sao Tome and Principe,1085.6418954471724,2019-10
2019-11-01,Sao Tome and Principe,1096.6381117444969,2019-11
2019-12-01,Sao Tome and Principe,1107.3856466897646,2019-12
2020-01-01,Sao Tome and Principe,1118.60210042706,2020-01
2020-02-01,Sao Tome and Principe,1130.8770707740975,2020-02
2020-03-01,Sao Tome and Principe,1142.482023053402,2020-03
2020-04-01,Sao Tome and Principe,1155.0190395221268,2020-04
2020-05-01,Sao Tome and Principe,1167.282610264534,2020-05
2020-06-01,Sao Tome and Principe,1180.0917757596983,2020-06
2020-07-01,Sao Tome and Principe,1192.6215596674597,2020-07
2020-08-01,Sao Tome and Principe,1205.7087819018598,2020-08
2020-09-01,Sao Tome and Principe,1218.9396166547683,2020-09
2020-10-01,Sao Tome and Principe,1231.881872763164,2020-10
2020-11-01,Sao Tome and Principe,1245.3999176992927,2020-11
2020-12-01,Sao Tome and Principe,1258.6231196298957,2020-12
2021-01-01,Sao Tome and Principe,1272.4346094041905,2021-01
2021-02-01,Sao Tome and Principe,1280.0648808406563,2021-02
2021-03-01,Sao Tome and Principe,1286.9960592539137,2021-03
2021-04-01,Sao Tome and Principe,1294.7136497667714,2021-04
2021-05-01,Sao Tome and Principe,1302.2263469135676,2021-05
2021-06-01,Sao Tome and Principe,1310.035267250402,2021-06
2021-07-01,Sao Tome and Principe,1317.6368695168549,2021-07
2021-08-01,Sao Tome and Principe,1325.5382004731205,2021-08
2021-09-01,Sao Tome and Principe,1333.4869124888608,2021-09
2021-10-01,Sao Tome and Principe,1341.2245951220436,2021-10
2021-11-01,Sao Tome and Principe,1349.2673720493683,2021-11
2021-12-01,Sao Tome and Principe,1357.0966222763095,2021-12
2022-01-01,Sao Tome and Principe,1365.2345772776505,2022-01
2022-02-01,Sao Tome and Principe,1369.886086989732,2022-02
2022-03-01,Sao Tome and Principe,1374.1010709910058,2022-03
2022-04-01,Sao Tome and Principe,1378.7827898571086,2022-04
2022-05-01,Sao Tome and Principe,1383.3286725969456,2022-05
2022-06-01,Sao Tome and Principe,1388.041830952791,2022-06
2022-07-01,Sao Tome and Principe,1392.6182409920798,2022-07
2022-08-01,Sao Tome and Principe,1397.3630499655778,2022-08
2022-09-01,Sao Tome and Principe,1402.124025043707,2022-09
2022-10-01,Sao Tome and Principe,1406.7468644433905,2022-10
2022-11-01,Sao Tome and Principe,1411.5398112463106,2022-11
2022-12-01,Sao Tome and Principe,1416.193694738142,2022-12
2023-01-01,Sao Tome and Principe,1421.0188279679196,2023-01
2023-02-01,Sao Tome and Principe,1425.3168702931755,2023-02
2023-03-01,Sao Tome and Principe,1429.2101456800483,2023-03
2023-04-01,Sao Tome and Principe,1433.5329636307454,2023-04
2023-05-01,Sao Tome and Principe,1437.7287844663863,2023-05
2023-06-01,Sao Tome and Principe,1442.0773680644731,2023-06
2023-07-01,Sao Tome and Principe,1446.298197596156,2023-07
2023-08-01,Sao Tome and Principe,1450.672700414741,2023-08
2023-09-01,Sao Tome and Principe,1455.0604344431438,2023-09
2023-10-01,Sao Tome and Principe,1459.319264231397,2023-10
2023-11-01,Sao Tome and Principe,1463.7331508318282,2023-11
2023-12-01,Sao Tome and Principe,1468.017364873565,2023-12
2024-01-01,Sao Tome and Principe,1472.4575599253503,2024-01
2024-02-01,Sao Tome and Principe,1479.0344348285362,2024-02
2024-03-01,Sao Tome and Principe,1485.213587195533,2024-03
2024-04-01,Sao Tome and Principe,1491.847438135177,2024-04
2024-05-01,Sao Tome and Principe,1498.2955049413413,2024-05
2024-06-01,Sao Tome and Principe,1504.987787538948,2024-06
2024-07-01,Sao Tome and Principe,1511.4926495968557,2024-07
2024-08-01,Sao Tome and Principe,1518.243878524627,2024-08
2024-09-01,Sao Tome and Principe,1525.0252624730313,2024-09
2024-10-01,Sao Tome and Principe,1531.6167305562597,2024-10
2024-11-01,Sao Tome and Principe,1538.4578456489105,2024-11
2024-12-01,Sao Tome and Principe,1545.1073720774384,2024-12
2025-01-01,Sao Tome and Principe,1552.00874443255,2025-01
2025-02-01,Sao Tome and Principe,1552.00874443255,2025-02
2025-03-01,Sao Tome and Principe,1552.00874443255,2025-03
2025-04-01,Sao Tome and Principe,1552.00874443255,2025-04
2025-05-01,Sao Tome and Principe,1552.00874443255,2025-05
2025-06-01,Sao Tome and Principe,1552.00874443255,2025-06
2025-07-01,Sao Tome and Principe,1552.00874443255,2025-07
2025-08-01,Sao Tome and Principe,1552.00874443255,2025-08
2025-09-01,Sao Tome and Principe,1552.00874443255,2025-09
2025-10-01,Sao Tome and Principe,1552.00874443255,2025-10
2025-11-01,Sao Tome and Principe,1552.00874443255,2025-11
2025-12-01,Sao Tome and Principe,1552.00874443255,2025-12
2015-01-01,Senegal,42638.926380775534,2015-01
2015-02-01,Senegal,42897.112436831376,2015-02
2015-03-01,Senegal,43131.65622571992,2015-03
2015-04-01,Senegal,43392.82584600135,2015-04
2015-05-01,Senegal,43647.07627118631,2015-05
2015-06-01,Senegal,43911.366848772406,2015-06
2015-07-01,Senegal,44168.65554740143,2015-07
2015-08-01,Senegal,44436.10437749708,2015-08
2015-09-01,Senegal,44705.172656403935,2015-09
2015-10-01,Senegal,44967.11248019416,2015-10
2015-11-01,Senegal,45239.39610478175,2015-11
2015-12-01,Senegal,45504.46608975052,2015-12
2016-01-01,Senegal,45780.0034831577,2016-01
2016-02-01,Senegal,46127.229576719736,2016-02
2016-03-01,Senegal,46454.43781007382,2016-03
2016-04-01,Senegal,46806.77926359396,2016-04
2016-05-01,Senegal,47150.2991304496,2016-05
2016-06-01,Senegal,47507.9184605436,2016-06
2016-07-01,Senegal,47856.5840615723,2016-07
2016-08-01,Senegal,48219.56032785931,2016-08
2016-09-01,Senegal,48585.28964834916,2016-09
2016-10-01,Senegal,48941.86218962908,2016-10
2016-11-01,Senegal,49313.0699294015,2016-11
2016-12-01,Senegal,49674.98372656735,2016-12
2017-01-01,Senegal,50051.75194925828,2017-01
2017-02-01,Senegal,50359.24121511862,2017-02
2017-03-01,Senegal,50638.59680225906,2017-03
2017-04-01,Senegal,50949.69130641767,2017-04
2017-05-01,Senegal,51252.57008785479,2017-05
2017-06-01,Senegal,51567.43649184703,2017-06
2017-07-01,Senegal,51873.98756067587,2017-07
2017-08-01,Senegal,52192.6715973197,2017-08
2017-09-01,Senegal,52513.31344596108,2017-09
2017-10-01,Senegal,52825.48743520239,2017-10
2017-11-01,Senegal,53150.01694151483,2017-11
2017-12-01,Senegal,53465.97591892634,2017-12
2018-01-01,Senegal,53794.44021924662,2018-01
2018-02-01,Senegal,54268.99664928037,2018-02
2018-03-01,Senegal,54701.22552231376,2018-03
2018-04-01,Senegal,55183.781306824974,2018-04
2018-05-01,Senegal,55654.82357034447,2018-05
2018-06-01,Senegal,56145.79167559955,2018-06
2018-07-01,Senegal,56625.04554642295,2018-07
2018-08-01,Senegal,57124.57262311497,2018-08
2018-09-01,Senegal,57628.5063594034,2018-09
2018-10-01,Senegal,58120.41650829027,2018-10
2018-11-01,Senegal,58633.13524386661,2018-11
2018-12-01,Senegal,59133.620786692205,2018-12
2019-01-01,Senegal,59655.27766909736,2019-01
2019-02-01,Senegal,59926.36250963518,2019-02
2019-03-01,Senegal,60172.27198886244,2019-03
2019-04-01,Senegal,60445.706149162215,2019-04
2019-05-01,Senegal,60711.50285511921,2019-05
2019-06-01,Senegal,60987.38738224491,2019-06
2019-07-01,Senegal,61255.56601235508,2019-07
2019-08-01,Senegal,61533.92286514893,2019-08
2019-09-01,Senegal,61813.54462401637,2019-09
2019-10-01,Senegal,62085.35609899601,2019-10
2019-11-01,Senegal,62367.4836745508,2019-11
2019-12-01,Senegal,62641.73097474141,2019-12
2020-01-01,Senegal,62926.38682273685,2020-01
2020-02-01,Senegal,63648.47561296898,2020-02
2020-03-01,Senegal,64331.47761778485,2020-03
2020-04-01,Senegal,65069.69001471985,2020-04
2020-05-01,Senegal,65792.15371937421,2020-05
2020-06-01,Senegal,66547.1275719143,2020-06
2020-07-01,Senegal,67285.99515079528,2020-07
2020-08-01,Senegal,68058.11103558095,2020-08
2020-09-01,Senegal,68839.08705445845,2020-09
2020-10-01,Senegal,69603.4020811189,2020-10
2020-11-01,Senegal,70402.11052351489,2020-11
2020-12-01,Senegal,71183.77967812127,2020-12
2021-01-01,Senegal,72000.62316695404,2021-01
2021-02-01,Senegal,72663.55433935231,2021-02
2021-03-01,Senegal,73267.57567817884,2021-03
2021-04-01,Senegal,73942.17205952524,2021-04
2021-05-01,Senegal,74600.9205821176,2021-05
2021-06-01,Senegal,75287.79346693719,2021-06
2021-07-01,Senegal,75958.53008900514,2021-07
2021-08-01,Senegal,76657.90288872091,2021-08
2021-09-01,Senegal,77363.71502201015,2021-09
2021-10-01,Senegal,78052.94596496878,2021-10
2021-11-01,Senegal,78771.6026751713,2021-11
2021-12-01,Senegal,79473.37644566223,2021-12
2022-01-01,Senegal,80205.11148216887,2022-01
2022-02-01,Senegal,80741.17891653282,2022-02
2022-03-01,Senegal,81228.44778847716,2022-03
2022-04-01,Senegal,81771.35490248358,2022-04
2022-05-01,Senegal,82300.20357676287,2022-05
2022-06-01,Senegal,82850.27399202356,2022-06
2022-07-01,Senegal,83386.1004757185,2022-07
2022-08-01,Senegal,83943.42870726858,2022-08
2022-09-01,Senegal,84504.48195720793,2022-09
2022-10-01,Senegal,85051.0068779095,2022-10
2022-11-01,Senegal,85619.46285539727,2022-11
2022-12-01,Senegal,86173.19881192622,2022-12
2023-01-01,Senegal,86749.1551910694,2023-01
2023-02-01,Senegal,87389.44320062277,2023-02
2023-03-01,Senegal,87971.82891002772,2023-03
2023-04-01,Senegal,88621.14136852381,2023-04
2023-05-01,Senegal,89254.0710188841,2023-05
2023-06-01,Senegal,89912.84759545531,2023-06
2023-07-01,Senegal,90555.00257464749,2023-07
2023-08-01,Senegal,91223.38121448456,2023-08
2023-09-01,Senegal,91896.6930992388,2023-09
2023-10-01,Senegal,92553.0166461304,2023-10
2023-11-01,Senegal,93236.1424549753,2023-11
2023-12-01,Senegal,93902.0323107556,2023-12
2024-01-01,Senegal,94595.115087514,2024-01
2024-02-01,Senegal,95253.3796449576,2024-02
2024-03-01,Senegal,95873.32184514914,2024-03
2024-04-01,Senegal,96540.4811346818,2024-04
2024-05-01,Senegal,97190.53920054944,2024-05
2024-06-01,Senegal,97866.8646874984,2024-06
2024-07-01,Senegal,98525.85399461126,2024-07
2024-08-01,Senegal,99211.47161468092,2024-08
2024-09-01,Senegal,99901.8602821651,2024-09
2024-10-01,Senegal,100574.55228979044,2024-10
2024-11-01,Senegal,101274.4263064548,2024-11
2024-12-01,Senegal,101956.36052630591,2024-12
2025-01-01,Senegal,102665.85021272703,2025-01
2025-02-01,Senegal,102665.850212727,2025-02
2025-03-01,Senegal,102665.850212727,2025-03
2025-04-01,Senegal,102665.850212727,2025-04
2025-05-01,Senegal,102665.850212727,2025-05
2025-06-01,Senegal,102665.850212727,2025-06
2025-07-01,Senegal,102665.850212727,2025-07
2025-08-01,Senegal,102665.850212727,2025-08
2025-09-01,Senegal,102665.850212727,2025-09
2025-10-01,Senegal,102665.850212727,2025-10
2025-11-01,Senegal,102665.850212727,2025-11
2025-12-01,Senegal,102665.850212727,2025-12
2015-01-01,Seychelles,2385.809759495331,2015-01
2015-02-01,Seychelles,2411.036590922532,2015-02
2015-03-01,Seychelles,2434.051307594404,2015-03
2015-04-01,Seychelles,2459.7882305730554,2015-04
2015-05-01,Seychelles,2484.9540090899054,2015-05
2015-06-01,Seychelles,2511.2291618518434,2015-06
2015-07-01,Seychelles,2536.921225951807,2015-07
2015-08-01,Seychelles,2563.7458643608293,2015-08
2015-09-01,Seychelles,2590.8541383902275,2015-09
2015-10-01,Seychelles,2617.3608354326025,2015-10
2015-11-01,Seychelles,2645.036017964164,2015-11
2015-12-01,Seychelles,2672.0970428808,2015-12
2016-01-01,Seychelles,2700.3509895291413,2016-01
2016-02-01,Seychelles,2719.862758459268,2016-02
2016-03-01,Seychelles,2738.2433185435075,2016-03
2016-04-01,Seychelles,2758.028883869295,2016-04
2016-05-01,Seychelles,2777.3123148019554,2016-05
2016-06-01,Seychelles,2797.380178699404,2016-06
2016-07-01,Seychelles,2816.9387437977766,2016-07
2016-08-01,Seychelles,2837.292934076162,2016-08
2016-09-01,Seychelles,2857.794196442217,2016-09
2016-10-01,Seychelles,2877.7751608654567,2016-10
2016-11-01,Seychelles,2898.5689333007385,2016-11
2016-12-01,Seychelles,2918.8349842314497,2016-12
2017-01-01,Seychelles,2939.92544024192,2017-01
2017-02-01,Seychelles,2953.6173538560624,2017-02
2017-03-01,Seychelles,2966.039043940309,2017-03
2017-04-01,Seychelles,2979.852574654361,2017-04
2017-05-01,Seychelles,2993.281757945045,2017-05
2017-06-01,Seychelles,3007.222164287185,2017-06
2017-07-01,Seychelles,3020.774693020826,2017-07
2017-08-01,Seychelles,3034.843140328536,2017-08
2017-09-01,Seychelles,3048.9771076533752,2017-09
2017-10-01,Seychelles,3062.7178117325107,2017-10
2017-11-01,Seychelles,3076.9815978574047,2017-11
2017-12-01,Seychelles,3090.848508660696,2017-12
2018-01-01,Seychelles,3105.2433059557907,2018-01
2018-02-01,Seychelles,3124.5760285954493,2018-02
2018-03-01,Seychelles,3142.141275798276,2018-03
2018-04-01,Seychelles,3161.7037189933453,2018-04
2018-05-01,Seychelles,3180.7510705477835,2018-05
2018-06-01,Seychelles,3200.5538918322723,2018-06
2018-07-01,Seychelles,3219.8352921672936,2018-07
2018-08-01,Seychelles,3239.88144524312,2018-08
2018-09-01,Seychelles,3260.052402296992,2018-09
2018-10-01,Seychelles,3279.692245151146,2018-10
2018-11-01,Seychelles,3300.111057550592,2018-11
2018-12-01,Seychelles,3319.992229560557,2018-12
2019-01-01,Seychelles,3340.6619428860195,2019-01
2019-02-01,Seychelles,3315.6594202133656,2019-02
2019-03-01,Seychelles,3293.237374577752,2019-03
2019-04-01,Seychelles,3268.5897916938698,2019-04
2019-05-01,Seychelles,3244.912946256244,2019-05
2019-06-01,Seychelles,3220.627037985181,2019-06
2019-07-01,Seychelles,3197.2976227173463,2019-07
2019-08-01,Seychelles,3173.3680819047995,2019-08
2019-09-01,Seychelles,3149.61763700107,2019-09
2019-10-01,Seychelles,3126.8025960410814,2019-10
2019-11-01,Seychelles,3103.4006612937146,2019-11
2019-12-01,Seychelles,3080.9204045251167,2019-12
2020-01-01,Seychelles,3057.861865952898,2020-01
2020-02-01,Seychelles,3050.8214847160984,2020-02
2020-03-01,Seychelles,3044.249997088641,2020-03
2020-04-01,Seychelles,3037.2409556409984,2020-04
2020-05-01,Seychelles,3030.4733777589167,2020-05
2020-06-01,Seychelles,3023.496055419752,2020-06
2020-07-01,Seychelles,3016.759103913413,2020-07
2020-08-01,Seychelles,3009.8133571392964,2020-08
2020-09-01,Seychelles,3002.883602161869,2020-09
2020-10-01,Seychelles,2996.1925793074884,2020-10
2020-11-01,Seychelles,2989.294184631108,2020-11
2020-12-01,Seychelles,2982.633441706063,2020-12
2021-01-01,Seychelles,2975.7662654110686,2021-01
2021-02-01,Seychelles,3023.7560551589136,2021-02
2021-03-01,Seychelles,3067.766532221909,2021-03
2021-04-01,Seychelles,3117.239998128167,2021-04
2021-05-01,Seychelles,3165.8770760182406,2021-05
2021-06-01,Seychelles,3216.932757713277,2021-06
2021-07-01,Seychelles,3267.125302784553,2021-07
2021-08-01,Seychelles,3319.8138012674253,2021-08
2021-09-01,Seychelles,3373.352000210214,2021-09
2021-10-01,Seychelles,3425.985093614444,2021-10
2021-11-01,Seychelles,3481.2355029738283,2021-11
2021-12-01,Seychelles,3535.551860525226,2021-12
2022-01-01,Seychelles,3592.569238671278,2022-01
2022-02-01,Seychelles,3610.516468263399,2022-02
2022-03-01,Seychelles,3626.803919861324,2022-03
2022-04-01,Seychelles,3644.9221740440735,2022-04
2022-05-01,Seychelles,3662.54214375867,2022-05
2022-06-01,Seychelles,3680.838933709799,2022-06
2022-07-01,Seychelles,3698.632529139112,2022-07
2022-08-01,Seychelles,3717.109614135224,2022-08
2022-09-01,Seychelles,3735.679004237956,2022-09
2022-10-01,Seychelles,3753.737702826057,2022-10
2022-11-01,Seychelles,3772.490074152973,2022-11
2022-12-01,Seychelles,3790.72672165358,2022-12
2023-01-01,Seychelles,3809.663877286429,2023-01
2023-02-01,Seychelles,3827.0381364526015,2023-02
2023-03-01,Seychelles,3842.7991112560994,2023-03
2023-04-01,Seychelles,3860.324486153492,2023-04
2023-05-01,Seychelles,3877.360622649705,2023-05
2023-06-01,Seychelles,3895.043617923978,2023-06
2023-07-01,Seychelles,3912.2329746663113,2023-07
2023-08-01,Seychelles,3930.075007929555,2023-08
2023-09-01,Seychelles,3947.998411129866,2023-09
2023-10-01,Seychelles,3965.421464570085,2023-10
2023-11-01,Seychelles,3983.506067949227,2023-11
2023-12-01,Seychelles,4001.085821503752,2023-12
2024-01-01,Seychelles,4019.333074869951,2024-01
2024-02-01,Seychelles,4040.605793137777,2024-02
2024-03-01,Seychelles,4060.607993056184,2024-03
2024-04-01,Seychelles,4082.0991629152936,2024-04
2024-05-01,Seychelles,4103.005362651244,2024-05
2024-06-01,Seychelles,4124.720924786856,2024-06
2024-07-01,Seychelles,4145.845409045356,2024-07
2024-08-01,Seychelles,4167.787706368262,2024-08
2024-09-01,Seychelles,4189.846135472337,2024-09
2024-10-01,Seychelles,4211.304154171844,2024-10
2024-11-01,Seychelles,4233.592898384644,2024-11
2024-12-01,Seychelles,4255.274963224812,2024-12
2025-01-01,Seychelles,4277.796427298239,2025-01
2025-02-01,Seychelles,4277.79642729824,2025-02
2025-03-01,Seychelles,4277.79642729824,2025-03
2025-04-01,Seychelles,4277.79642729824,2025-04
2025-05-01,Seychelles,4277.79642729824,2025-05
2025-06-01,Seychelles,4277.79642729824,2025-06
2025-07-01,Seychelles,4277.79642729824,2025-07
2025-08-01,Seychelles,4277.79642729824,2025-08
2025-09-01,Seychelles,4277.79642729824,2025-09
2025-10-01,Seychelles,4277.79642729824,2025-10
2025-11-01,Seychelles,4277.79642729824,2025-11
2025-12-01,Seychelles,4277.79642729824,2025-12
2015-01-01,Sierra Leone,16716.842004300004,2015-01
2015-02-01,Sierra Leone,16795.32686235888,2015-02
2015-03-01,Sierra Leone,16866.53308271061,2015-03
2015-04-01,Sierra Leone,16945.720733978804,2015-04
2015-05-01,Sierra Leone,17022.707913622657,2015-05
2015-06-01,Sierra Leone,17102.628799040805,2015-06
2015-07-01,Sierra Leone,17180.328837676152,2015-07
2015-08-01,Sierra Leone,17260.98974658963,2015-08
2015-09-01,Sierra Leone,17342.02935501976,2015-09
2015-10-01,Sierra Leone,17420.81702951901,2015-10
2015-11-01,Sierra Leone,17502.607020205072,2015-11
2015-12-01,Sierra Leone,17582.12422528909,2015-12
2016-01-01,Sierra Leone,17664.67154635849,2016-01
2016-02-01,Sierra Leone,17749.263090374847,2016-02
2016-03-01,Sierra Leone,17828.76380581518,2016-03
2016-04-01,Sierra Leone,17914.141145228416,2016-04
2016-05-01,Sierra Leone,17997.15363655539,2016-05
2016-06-01,Sierra Leone,18083.33735132305,2016-06
2016-07-01,Sierra Leone,18167.13388239146,2016-07
2016-08-01,Sierra Leone,18254.13158860013,2016-08
2016-09-01,Sierra Leone,18341.545904326576,2016-09
2016-10-01,Sierra Leone,18426.53895020932,2016-10
2016-11-01,Sierra Leone,18514.778880206595,2016-11
2016-12-01,Sierra Leone,18600.57467185265,2016-12
2017-01-01,Sierra Leone,18689.648013915885,2017-01
2017-02-01,Sierra Leone,18793.335555660287,2017-02
2017-03-01,Sierra Leone,18887.483165236976,2017-03
2017-04-01,Sierra Leone,18992.26826860989,2017-04
2017-05-01,Sierra Leone,19094.22668086453,2017-05
2017-06-01,Sierra Leone,19200.15876821979,2017-06
2017-07-01,Sierra Leone,19303.23322332741,2017-07
2017-08-01,Sierra Leone,19410.324849619967,2017-08
2017-09-01,Sierra Leone,19518.01060521145,2017-09
2017-10-01,Sierra Leone,19622.79142146422,2017-10
2017-11-01,Sierra Leone,19731.65591174992,2017-11
2017-12-01,Sierra Leone,19837.58366505793,2017-12
2018-01-01,Sierra Leone,19947.639792538088,2018-01
2018-02-01,Sierra Leone,20027.44136775889,2018-02
2018-03-01,Sierra Leone,20099.7945770252,2018-03
2018-04-01,Sierra Leone,20180.20485541117,2018-04
2018-05-01,Sierra Leone,20258.32752814915,2018-05
2018-06-01,Sierra Leone,20339.372025889177,2018-06
2018-07-01,Sierra Leone,20418.110874967235,2018-07
2018-08-01,Sierra Leone,20499.79459433462,2018-08
2018-09-01,Sierra Leone,20581.80509368917,2018-09
2018-10-01,Sierra Leone,20661.48246243798,2018-10
2018-11-01,Sierra Leone,20744.1398025568,2018-11
2018-12-01,Sierra Leone,20824.445609987262,2018-12
2019-01-01,Sierra Leone,20907.754892692406,2019-01
2019-02-01,Sierra Leone,20958.717878177093,2019-02
2019-03-01,Sierra Leone,21004.855725845424,2019-03
2019-04-01,Sierra Leone,21056.05539615712,2019-04
2019-05-01,Sierra Leone,21105.72228732205,2019-05
2019-06-01,Sierra Leone,21157.167821483567,2019-06
2019-07-01,Sierra Leone,21207.07321600204,2019-07
2019-08-01,Sierra Leone,21258.76579466608,2019-08
2019-09-01,Sierra Leone,21310.584374813803,2019-09
2019-10-01,Sierra Leone,21360.85164733429,2019-10
2019-11-01,Sierra Leone,21412.91906337346,2019-11
2019-12-01,Sierra Leone,21463.427722314314,2019-12
2020-01-01,Sierra Leone,21515.745169169702,2020-01
2020-02-01,Sierra Leone,21642.365234726552,2020-02
2020-03-01,Sierra Leone,21761.49077576356,2020-03
2020-04-01,Sierra Leone,21889.55705313285,2020-04
2020-05-01,Sierra Leone,22014.209708652223,2020-05
2020-06-01,Sierra Leone,22143.763235828494,2020-06
2020-07-01,Sierra Leone,22269.86349833441,2020-07
2020-08-01,Sierra Leone,22400.92154693696,2020-08
2020-09-01,Sierra Leone,22532.750871578308,2020-09
2020-10-01,Sierra Leone,22661.066269897325,2020-10
2020-11-01,Sierra Leone,22794.42654508752,2020-11
2020-12-01,Sierra Leone,22924.23208628643,2020-12
2021-01-01,Sierra Leone,23059.141091146983,2021-01
2021-02-01,Sierra Leone,23296.30746487504,2021-02
2021-03-01,Sierra Leone,23512.61818055888,2021-03
2021-04-01,Sierra Leone,23754.448627265127,2021-04
2021-05-01,Sierra Leone,23990.84603221091,2021-05
2021-06-01,Sierra Leone,24237.59511682065,2021-06
2021-07-01,Sierra Leone,24478.80065594508,2021-07
2021-08-01,Sierra Leone,24730.568419619987,2021-08
2021-09-01,Sierra Leone,24984.92564867422,2021-09
2021-10-01,Sierra Leone,25233.568405186343,2021-10
2021-11-01,Sierra Leone,25493.0990568798,2021-11
2021-12-01,Sierra Leone,25746.799008229333,2021-12
2022-01-01,Sierra Leone,26011.60830584151,2022-01
2022-02-01,Sierra Leone,26215.343524728592,2022-02
2022-03-01,Sierra Leone,26400.73366798424,2022-03
2022-04-01,Sierra Leone,26607.51670075118,2022-04
2022-05-01,Sierra Leone,26809.171279850823,2022-05
2022-06-01,Sierra Leone,27019.153389171468,2022-06
2022-07-01,Sierra Leone,27223.927704099104,2022-07
2022-08-01,Sierra Leone,27437.15838190062,2022-08
2022-09-01,Sierra Leone,27652.05918322173,2022-09
2022-10-01,Sierra Leone,27861.630201011405,2022-10
2022-11-01,Sierra Leone,28079.85566638101,2022-11
2022-12-01,Sierra Leone,28292.668892781207,2022-12
2023-01-01,Sierra Leone,28514.270457051884,2023-01
2023-02-01,Sierra Leone,28678.997496603013,2023-02
2023-03-01,Sierra Leone,28828.60100270932,2023-03
2023-04-01,Sierra Leone,28995.14393091533,2023-04
2023-05-01,Sierra Leone,29157.23051528745,2023-05
2023-06-01,Sierra Leone,29325.671937330004,2023-06
2023-07-01,Sierra Leone,29489.606215775493,2023-07
2023-08-01,Sierra Leone,29659.96777339521,2023-08
2023-09-01,Sierra Leone,29831.313510325504,2023-09
2023-10-01,Sierra Leone,29998.07439020738,2023-10
2023-11-01,Sierra Leone,30171.373370238267,2023-11
2023-12-01,Sierra Leone,30340.03522848075,2023-12
2024-01-01,Sierra Leone,30515.309717463108,2024-01
2024-02-01,Sierra Leone,30688.913621812026,2024-02
2024-03-01,Sierra Leone,30852.21128761356,2024-03
2024-04-01,Sierra Leone,31027.73185046934,2024-04
2024-05-01,Sierra Leone,31198.54115397656,2024-05
2024-06-01,Sierra Leone,31376.03201362925,2024-06
2024-07-01,Sierra Leone,31548.75872794069,2024-07
2024-08-01,Sierra Leone,31728.242001852814,2024-08
2024-09-01,Sierra Leone,31908.74636968156,2024-09
2024-10-01,Sierra Leone,32084.405704674533,2024-10
2024-11-01,Sierra Leone,32266.93631473937,2024-11
2024-12-01,Sierra Leone,32444.56750430856,2024-12
2025-01-01,Sierra Leone,32629.14710208457,2025-01
2025-02-01,Sierra Leone,32629.1471020846,2025-02
2025-03-01,Sierra Leone,32629.1471020846,2025-03
2025-04-01,Sierra Leone,32629.1471020846,2025-04
2025-05-01,Sierra Leone,32629.1471020846,2025-05
2025-06-01,Sierra Leone,32629.1471020846,2025-06
2025-07-01,Sierra Leone,32629.1471020846,2025-07
2025-08-01,Sierra Leone,32629.1471020846,2025-08
2025-09-01,Sierra Leone,32629.1471020846,2025-09
2025-10-01,Sierra Leone,32629.1471020846,2025-10
2025-11-01,Sierra Leone,32629.1471020846,2025-11
2025-12-01,Sierra Leone,32629.1471020846,2025-12
2015-01-01,Somalia,23216.92296931029,2015-01
2015-02-01,Somalia,23210.27696882257,2015-02
2015-03-01,Somalia,23204.27576489446,2015-03
2015-04-01,Somalia,23197.63338475415,2015-04
2015-05-01,Somalia,23191.207085357324,2015-05
2015-06-01,Somalia,23184.568446214504,2015-06
2015-07-01,Somalia,23178.1457661182,2015-07
2015-08-01,Somalia,23171.510865865937,2015-08
2015-09-01,Somalia,23164.87786489853,2015-09
2015-10-01,Somalia,23158.460639564302,2015-10
2015-11-01,Somalia,23151.83137431203,2015-11
2015-12-01,Somalia,23145.417763167803,2015-12
2016-01-01,Somalia,23138.7922315267,2016-01
2016-02-01,Somalia,23352.42817485029,2016-02
2016-03-01,Somalia,23554.06648117925,2016-03
2016-04-01,Somalia,23771.536570432923,2016-04
2016-05-01,Somalia,23983.90305519007,2016-05
2016-06-01,Somalia,24205.34174146669,2016-06
2016-07-01,Somalia,24421.583687911727,2016-07
2016-08-01,Somalia,24647.063393871245,2016-08
2016-09-01,Somalia,24874.624909857885,2016-09
2016-10-01,Somalia,25096.845994982366,2016-10
2016-11-01,Somalia,25328.560265759206,2016-11
2016-12-01,Somalia,25554.8366485105,2016-12
2017-01-01,Somalia,25790.77945742022,2017-01
2017-02-01,Somalia,25631.35606811878,2017-02
2017-03-01,Somalia,25488.20794300976,2017-03
2017-04-01,Somalia,25330.65487237837,2017-04
2017-05-01,Somalia,25179.11150327681,2017-05
2017-06-01,Somalia,25023.46908455587,2017-06
2017-07-01,Somalia,24873.763487492262,2017-07
2017-08-01,Somalia,24720.00855013548,2017-08
2017-09-01,Somalia,24567.204035129267,2017-09
2017-10-01,Somalia,24420.22809283148,2017-10
2017-11-01,Somalia,24269.276643826182,2017-11
2017-12-01,Somalia,24124.08308421266,2017-12
2018-01-01,Somalia,23974.962229008408,2018-01
2018-02-01,Somalia,24045.390244139813,2018-02
2018-03-01,Somalia,24109.180451759847,2018-03
2018-04-01,Somalia,24180.002741673943,2018-04
2018-05-01,Somalia,24248.73852198004,2018-05
2018-06-01,Somalia,24319.97077282702,2018-06
2018-07-01,Somalia,24389.104436125184,2018-07
2018-08-01,Somalia,24460.749020999257,2018-08
2018-09-01,Somalia,24532.60406651391,2018-09
2018-10-01,Somalia,24602.34217620176,2018-10
2018-11-01,Somalia,24674.61316084416,2018-11
2018-12-01,Somalia,24744.754955594184,2018-12
2019-01-01,Somalia,24817.444287063783,2019-01
2019-02-01,Somalia,24765.72481486741,2019-02
2019-03-01,Somalia,24719.103101083103,2019-03
2019-04-01,Somalia,24667.588571594537,2019-04
2019-05-01,Somalia,24617.83802072941,2019-05
2019-06-01,Somalia,24566.53452733494,2019-06
2019-07-01,Somalia,24516.987786191807,2019-07
2019-08-01,Somalia,24465.89446435412,2019-08
2019-09-01,Somalia,24414.907620831,2019-09
2019-10-01,Somalia,24365.66668672293,2019-10
2019-11-01,Somalia,24314.88871755844,2019-11
2019-12-01,Somalia,24265.84950545982,2019-12
2020-01-01,Somalia,24215.279554972487,2020-01
2020-02-01,Somalia,24201.224359093947,2020-02
2020-03-01,Somalia,24188.083335643245,2020-03
2020-04-01,Somalia,24174.04392517776,2020-04
2020-05-01,Somalia,24160.46515775918,2020-05
2020-06-01,Somalia,24146.441777622767,2020-06
2020-07-01,Somalia,24132.878514566768,2020-07
2020-08-01,Somalia,24118.87114645585,2020-08
2020-09-01,Somalia,24104.87190859601,2020-09
2020-10-01,Somalia,24091.33199569131,2020-10
2020-11-01,Somalia,24077.34874229109,2020-11
2020-12-01,Somalia,24063.82428938452,2020-12
2021-01-01,Somalia,24049.85700219272,2021-01
2021-02-01,Somalia,24245.953641087952,2021-02
2021-03-01,Somalia,24424.447134448004,2021-03
2021-04-01,Somalia,24623.59808946212,2021-04
2021-05-01,Somalia,24817.870785460185,2021-05
2021-06-01,Somalia,25020.2296204887,2021-06
2021-07-01,Somalia,25217.631618572123,2021-07
2021-08-01,Somalia,25423.250005444417,2021-08
2021-09-01,Somalia,25630.54495424209,2021-09
2021-10-01,Somalia,25832.76215459069,2021-10
2021-11-01,Somalia,26043.39616507289,2021-11
2021-12-01,Somalia,26248.870635844884,2021-12
2022-01-01,Somalia,26462.89749288672,2022-01
2022-02-01,Somalia,26637.95319807993,2022-02
2022-03-01,Somalia,26797.063157357385,2022-03
2022-04-01,Somalia,26974.329414364165,2022-04
2022-05-01,Somalia,27146.9938358325,2022-05
2022-06-01,Somalia,27326.57493238796,2022-06
2022-07-01,Somalia,27501.494100124502,2022-07
2022-08-01,Somalia,27683.420264667075,2022-08
2022-09-01,Somalia,27866.5498958004,2022-09
2022-10-01,Somalia,28044.925478086967,2022-10
2022-11-01,Somalia,28230.446515908963,2022-11
2022-12-01,Somalia,28411.151423919266,2022-12
2023-01-01,Somalia,28599.09509672388,2023-01
2023-02-01,Somalia,28756.69165797696,2023-02
2023-03-01,Somalia,28899.78325167008,2023-03
2023-04-01,Somalia,29059.036768119426,2023-04
2023-05-01,Somalia,29213.98859173373,2023-05
2023-06-01,Somalia,29374.97355041766,2023-06
2023-07-01,Somalia,29531.61004723551,2023-07
2023-08-01,Somalia,29694.345272807182,2023-08
2023-09-01,Somalia,29857.9772579392,2023-09
2023-10-01,Somalia,30017.189280776423,2023-10
2023-11-01,Somalia,30182.6003118994,2023-11
2023-12-01,Somalia,30343.54332584271,2023-12
2024-01-01,Somalia,30510.75274516921,2024-01
2024-02-01,Somalia,30649.553499118163,2024-02
2024-03-01,Somalia,30779.97095509897,2024-03
2024-04-01,Somalia,30919.99644744847,2024-04
2024-05-01,Somalia,31056.111476830287,2024-05
2024-06-01,Somalia,31197.39319884185,2024-06
2024-07-01,Somalia,31334.72937541981,2024-07
2024-08-01,Somalia,31477.27859727679,2024-08
2024-09-01,Somalia,31620.476309835845,2024-09
2024-10-01,Somalia,31759.67496948955,2024-10
2024-11-01,Somalia,31904.157371079484,2024-11
2024-12-01,Somalia,32044.60484251912,2024-12
2025-01-01,Somalia,32190.383458644614,2025-01
2025-02-01,Somalia,32190.3834586446,2025-02
2025-03-01,Somalia,32190.3834586446,2025-03
2025-04-01,Somalia,32190.3834586446,2025-04
2025-05-01,Somalia,32190.3834586446,2025-05
2025-06-01,Somalia,32190.3834586446,2025-06
2025-07-01,Somalia,32190.3834586446,2025-07
2025-08-01,Somalia,32190.3834586446,2025-08
2025-09-01,Somalia,32190.3834586446,2025-09
2025-10-01,Somalia,32190.3834586446,2025-10
2025-11-01,Somalia,32190.3834586446,2025-11
2025-12-01,Somalia,32190.3834586446,2025-12
2015-01-01,South Africa,756714.8018823337,2015-01
2015-02-01,South Africa,757749.0040082714,2015-02
2015-03-01,South Africa,758684.3368892806,2015-03
2015-04-01,South Africa,759721.2307787285,2015-04
2015-05-01,South Africa,760726.0257481132,2015-05
2015-06-01,South Africa,761765.7100137412,2015-06
2015-07-01,South Africa,762773.208978181,2015-07
2015-08-01,South Africa,763815.691129145,2015-08
2015-09-01,South Africa,764859.5980404746,2015-09
2015-10-01,South Africa,765871.1889310041,2015-10
2015-11-01,South Africa,766917.9050911963,2015-11
2015-12-01,South Africa,767932.2182652231,2015-12
2016-01-01,South Africa,768981.7512342233,2016-01
2016-02-01,South Africa,770890.1118398856,2016-02
2016-03-01,South Africa,772679.6396440801,2016-03
2016-04-01,South Africa,774597.17719647,2016-04
2016-05-01,South Africa,776457.3894937728,2016-05
2016-06-01,South Africa,778384.3021828022,2016-06
2016-07-01,South Africa,780253.6093447385,2016-07
2016-08-01,South Africa,782189.9430068956,2016-08
2016-09-01,South Africa,784131.0820143998,2016-09
2016-10-01,South Africa,786014.1901955319,2016-10
2016-11-01,South Africa,787964.8197308275,2016-11
2016-12-01,South Africa,789857.1347180967,2016-12
2017-01-01,South Africa,791817.3011818366,2017-01
2017-02-01,South Africa,791006.990289187,2017-02
2017-03-01,South Africa,790275.8093496232,2017-03
2017-04-01,South Africa,789467.0759517071,2017-04
2017-05-01,South Africa,788685.2187430459,2017-05
2017-06-01,South Africa,787878.1130853829,2017-06
2017-07-01,South Africa,787097.8295231828,2017-07
2017-08-01,South Africa,786292.348329615,2017-08
2017-09-01,South Africa,785487.6914299659,2017-09
2017-10-01,South Africa,784709.7752475591,2017-10
2017-11-01,South Africa,783906.7378833807,2017-11
2017-12-01,South Africa,783130.3874153219,2017-12
2018-01-01,South Africa,782328.9663269718,2018-01
2018-02-01,South Africa,783496.1582958028,2018-02
2018-03-01,South Africa,784551.8928899643,2018-03
2018-04-01,South Africa,785722.4013434768,2018-04
2018-05-01,South Africa,786856.8141761626,2018-05
2018-06-01,South Africa,788030.7614459913,2018-06
2018-07-01,South Africa,789168.5070503001,2018-07
2018-08-01,South Africa,790345.9032392834,2018-08
2018-09-01,South Africa,791525.0560388921,2018-09
2018-10-01,South Africa,792667.8466471637,2018-10
2018-11-01,South Africa,793850.4636591618,2018-11
2018-12-01,South Africa,794996.6116519768,2018-12
2019-01-01,South Africa,796182.7030538133,2019-01
2019-02-01,South Africa,793695.9713888443,2019-02
2019-03-01,South Africa,791456.5676247198,2019-03
2019-04-01,South Africa,788984.5971829968,2019-04
2019-05-01,South Africa,786599.7191521918,2019-05
2019-06-01,South Africa,784142.918192098,2019-06
2019-07-01,South Africa,781772.6751920639,2019-07
2019-08-01,South Africa,779330.950624636,2019-08
2019-09-01,South Africa,776896.852339184,2019-09
2019-10-01,South Africa,774548.5121536333,2019-10
2019-11-01,South Africa,772129.3509437258,2019-11
2019-12-01,South Africa,769795.4215709836,2019-12
2020-01-01,South Africa,767391.105773835,2020-01
2020-02-01,South Africa,773404.7608514962,2020-02
2020-03-01,South Africa,779073.0944730757,2020-03
2020-04-01,South Africa,785178.2953741505,2020-04
2020-05-01,South Africa,791132.1037354367,2020-05
2020-06-01,South Africa,797331.8049789531,2020-06
2020-07-01,South Africa,803377.7703286969,2020-07
2020-08-01,South Africa,809673.4346535337,2020-08
2020-09-01,South Africa,816018.4349081843,2020-09
2020-10-01,South Africa,822206.0962449064,2020-10
2020-11-01,South Africa,828649.3086151896,2020-11
2020-12-01,South Africa,834932.7466715819,2020-12
2021-01-01,South Africa,841475.6913496597,2021-01
2021-02-01,South Africa,847866.2789771765,2021-02
2021-03-01,South Africa,853680.1278674474,2021-03
2021-04-01,South Africa,860163.402095199,2021-04
2021-05-01,South Africa,866484.4150247934,2021-05
2021-06-01,South Africa,873064.9314188107,2021-06
2021-07-01,South Africa,879480.7527690696,2021-07
2021-08-01,South Africa,886159.9698576471,2021-08
2021-09-01,South Africa,892889.9122642896,2021-09
2021-10-01,South Africa,899451.4198410817,2021-10
2021-11-01,South Africa,906282.3041723564,2021-11
2021-12-01,South Africa,912942.2273318188,2021-12
2022-01-01,South Africa,919875.5676084307,2022-01
2022-02-01,South Africa,923347.8608153798,2022-02
2022-03-01,South Africa,926495.3900335188,2022-03
2022-04-01,South Africa,929992.6713641288,2022-04
2022-05-01,South Africa,933389.7060882392,2022-05
2022-06-01,South Africa,936913.0116852244,2022-06
2022-07-01,South Africa,940335.3247121616,2022-07
2022-08-01,South Africa,943884.8482294997,2022-08
2022-09-01,South Africa,947447.7702833707,2022-09
2022-10-01,South Africa,950908.5641950164,2022-10
2022-11-01,South Africa,954497.9989665784,2022-11
2022-12-01,South Africa,957984.5456313232,2022-12
2023-01-01,South Africa,961600.6904092588,2023-01
2023-02-01,South Africa,964042.1762534546,2023-02
2023-03-01,South Africa,966252.7169127548,2023-03
2023-04-01,South Africa,968706.014163669,2023-04
2023-05-01,South Africa,971086.103350441,2023-05
2023-06-01,South Africa,973551.6724774936,2023-06
2023-07-01,South Africa,975943.6673392452,2023-07
2023-08-01,South Africa,978421.569728778,2023-08
2023-09-01,South Africa,980905.7634653004,2023-09
2023-10-01,South Africa,983315.8271654624,2023-10
2023-11-01,South Africa,985812.4473284308,2023-11
2023-12-01,South Africa,988234.566641995,2023-12
2024-01-01,South Africa,990743.6753908402,2024-01
2024-02-01,South Africa,993723.3133201756,2024-02
2024-03-01,South Africa,996518.8286477792,2024-03
2024-04-01,South Africa,999515.8352125344,2024-04
2024-05-01,South Africa,1002424.7458505934,2024-05
2024-06-01,South Africa,1005439.5143202106,2024-06
2024-07-01,South Africa,1008365.6647583446,2024-07
2024-08-01,South Africa,1011398.3003996152,2024-08
2024-09-01,South Africa,1014440.0566201102,2024-09
2024-10-01,South Africa,1017392.4015139237,2024-10
2024-11-01,South Africa,1020452.1848502874,2024-11
2024-12-01,South Africa,1023422.0269594006,2024-12
2025-01-01,South Africa,1026499.9442502102,2025-01
2025-02-01,South Africa,1026499.94425021,2025-02
2025-03-01,South Africa,1026499.94425021,2025-03
2025-04-01,South Africa,1026499.94425021,2025-04
2025-05-01,South Africa,1026499.94425021,2025-05
2025-06-01,South Africa,1026499.94425021,2025-06
2025-07-01,South Africa,1026499.94425021,2025-07
2025-08-01,South Africa,1026499.94425021,2025-08
2025-09-01,South Africa,1026499.94425021,2025-09
2025-10-01,South Africa,1026499.94425021,2025-10
2025-11-01,South Africa,1026499.94425021,2025-11
2025-12-01,South Africa,1026499.94425021,2025-12
2015-01-01,South Sudan,4332.110640397021,2015-01
2015-02-01,South Sudan,4283.3619069853785,2015-02
2015-03-01,South Sudan,4239.802466895289,2015-03
2015-04-01,South Sudan,4192.092466543639,2015-04
2015-05-01,South Sudan,4146.432737043759,2015-05
2015-06-01,South Sudan,4099.773415321327,2015-06
2015-07-01,South Sudan,4055.119212999129,2015-07
2015-08-01,South Sudan,4009.487431662906,2015-08
2015-09-01,South Sudan,3964.3691394150464,2015-09
2015-10-01,South Sudan,3921.18974297091,2015-10
2015-11-01,South Sudan,3877.06505426743,2015-11
2015-12-01,South Sudan,3834.836562638457,2015-12
2016-01-01,South Sudan,3791.683596154631,2016-01
2016-02-01,South Sudan,3778.241272982208,2016-02
2016-03-01,South Sudan,3765.7093429669535,2016-03
2016-04-01,South Sudan,3752.359104035385,2016-04
2016-05-01,South Sudan,3739.4845836140985,2016-05
2016-06-01,South Sudan,3726.227317020912,2016-06
2016-07-01,South Sudan,3713.442455988889,2016-07
2016-08-01,South Sudan,3700.2775142658375,2016-08
2016-09-01,South Sudan,3687.159245055596,2016-09
2016-10-01,South Sudan,3674.50842841442,2016-10
2016-11-01,South Sudan,3661.481516083276,2016-11
2016-12-01,South Sudan,3648.918800936882,2016-12
2017-01-01,South Sudan,3635.9826092668095,2017-01
2017-02-01,South Sudan,3825.490121767441,2017-02
2017-03-01,South Sudan,4005.133733406489,2017-03
2017-04-01,South Sudan,4213.881412538892,2017-04
2017-05-01,South Sudan,4426.248713461268,2017-05
2017-06-01,South Sudan,4656.944916809253,2017-06
2017-07-01,South Sudan,4891.641322736607,2017-07
2017-08-01,South Sudan,5146.593801539589,2017-08
2017-09-01,South Sudan,5414.834410472983,2017-09
2017-10-01,South Sudan,5687.726230653767,2017-10
2017-11-01,South Sudan,5984.1706765124245,2017-11
2017-12-01,South Sudan,6285.755379643422,2017-12
2018-01-01,South Sudan,6613.369121014941,2018-01
2018-02-01,South Sudan,6706.490784289887,2018-02
2018-03-01,South Sudan,6791.727193404377,2018-03
2018-04-01,South Sudan,6887.3602846754775,2018-04
2018-05-01,South Sudan,6981.190379409084,2018-05
2018-06-01,South Sudan,7079.49126778742,2018-06
2018-07-01,South Sudan,7175.938862927776,2018-07
2018-08-01,South Sudan,7276.981969738757,2018-08
2018-09-01,South Sudan,7379.44784639617,2018-09
2018-10-01,South Sudan,7479.981906164992,2018-10
2018-11-01,South Sudan,7585.306188482046,2018-11
2018-12-01,South Sudan,7688.644763615426,2018-12
2019-01-01,South Sudan,7796.907190166356,2019-01
2019-02-01,South Sudan,7863.805931051062,2019-02
2019-03-01,South Sudan,7924.723831100541,2019-03
2019-04-01,South Sudan,7992.719259701792,2019-04
2019-05-01,South Sudan,8059.076722095413,2019-05
2019-06-01,South Sudan,8128.224920509446,2019-06
2019-07-01,South Sudan,8195.707383231365,2019-07
2019-08-01,South Sudan,8266.027895099094,2019-08
2019-09-01,South Sudan,8336.95176847767,2019-09
2019-10-01,South Sudan,8406.167131294624,2019-10
2019-11-01,South Sudan,8478.293422275636,2019-11
2019-12-01,South Sudan,8548.682237227174,2019-12
2020-01-01,South Sudan,8622.031331162168,2020-01
2020-02-01,South Sudan,9010.136338242994,2020-02
2020-03-01,South Sudan,9389.002749572528,2020-03
2020-04-01,South Sudan,9811.631575500654,2020-04
2020-05-01,South Sudan,10238.73180020305,2020-05
2020-06-01,South Sudan,10699.609628778591,2020-06
2020-07-01,South Sudan,11165.363529290911,2020-07
2020-08-01,South Sudan,11667.951994254328,2020-08
2020-09-01,South Sudan,12193.163561855814,2020-09
2020-10-01,South Sudan,12723.931850190746,2020-10
2020-11-01,South Sudan,13296.6764240786,2020-11
2020-12-01,South Sudan,13875.480616308882,2020-12
2021-01-01,South Sudan,14500.060056582914,2021-01
2021-02-01,South Sudan,14519.112505415867,2021-02
2021-03-01,South Sudan,14536.342685300438,2021-03
2021-04-01,South Sudan,14555.442807930887,2021-04
2021-05-01,South Sudan,14573.9506926666,2021-05
2021-06-01,South Sudan,14593.100230584543,2021-06
2021-07-01,South Sudan,14611.65599838687,2021-07
2021-08-01,South Sudan,14630.855079438095,2021-08
2021-09-01,South Sudan,14650.079387247528,2021-09
2021-10-01,South Sudan,14668.707606549828,2021-10
2021-11-01,South Sudan,14687.981650935077,2021-11
2021-12-01,South Sudan,14706.658064630114,2021-12
2022-01-01,South Sudan,14725.981974268192,2022-01
2022-02-01,South Sudan,14808.37808803056,2022-02
2022-03-01,South Sudan,14883.196578043497,2022-03
2022-04-01,South Sudan,14966.472352829514,2022-04
2022-05-01,South Sudan,15047.50543397784,2022-05
2022-06-01,South Sudan,15131.70056417316,2022-06
2022-07-01,South Sudan,15213.628241639348,2022-07
2022-08-01,South Sudan,15298.752876826764,2022-08
2022-09-01,South Sudan,15384.353808884402,2022-09
2022-10-01,South Sudan,15467.64942866846,2022-10
2022-11-01,South Sudan,15554.195385616384,2022-11
2022-12-01,South Sudan,15638.41057989637,2022-12
2023-01-01,South Sudan,15725.911994705604,2023-01
2023-02-01,South Sudan,15358.31593074112,2023-02
2023-03-01,South Sudan,15033.684829025517,2023-03
2023-04-01,South Sudan,14682.26970143909,2023-04
2023-05-01,South Sudan,14350.013719534838,2023-05
2023-06-01,South Sudan,14014.579528950962,2023-06
2023-07-01,South Sudan,13697.433203685545,2023-07
2023-08-01,South Sudan,13377.253201801645,2023-08
2023-09-01,South Sudan,13064.557465917194,2023-09
2023-10-01,South Sudan,12768.909895258706,2023-10
2023-11-01,South Sudan,12470.434295230263,2023-11
2023-12-01,South Sudan,12188.231578907182,2023-12
2024-01-01,South Sudan,11903.32944053821,2024-01
2024-02-01,South Sudan,12149.6767469089,2024-02
2024-03-01,South Sudan,12384.744181276348,2024-03
2024-04-01,South Sudan,12641.05468535743,2024-04
2024-05-01,South Sudan,12894.146596511991,2024-05
2024-06-01,South Sudan,13160.999521810503,2024-06
2024-07-01,South Sudan,13424.501468806851,2024-07
2024-08-01,South Sudan,13702.3304403337,2024-08
2024-09-01,South Sudan,13985.909266899784,2024-09
2024-10-01,South Sudan,14265.927081370131,2024-10
2024-11-01,South Sudan,14561.169914640572,2024-11
2024-12-01,South Sudan,14852.7052662447,2024-12
2025-01-01,South Sudan,15160.091863661406,2025-01
2025-02-01,South Sudan,15160.0918636614,2025-02
2025-03-01,South Sudan,15160.0918636614,2025-03
2025-04-01,South Sudan,15160.0918636614,2025-04
2025-05-01,South Sudan,15160.0918636614,2025-05
2025-06-01,South Sudan,15160.0918636614,2025-06
2025-07-01,South Sudan,15160.0918636614,2025-07
2025-08-01,South Sudan,15160.0918636614,2025-08
2025-09-01,South Sudan,15160.0918636614,2025-09
2025-10-01,South Sudan,15160.0918636614,2025-10
2025-11-01,South Sudan,15160.0918636614,2025-11
2025-12-01,South Sudan,15160.0918636614,2025-12
2015-01-01,Sudan,171286.20517127588,2015-01
2015-02-01,Sudan,172093.83803300618,2015-02
2015-03-01,Sudan,172826.58550097496,2015-03
2015-04-01,Sudan,173641.48142147044,2015-04
2015-05-01,Sudan,174433.74859368557,2015-05
2015-06-01,Sudan,175256.2224608492,2015-06
2015-07-01,Sudan,176055.85714862947,2015-07
2015-08-01,Sudan,176885.97943192188,2015-08
2015-09-01,Sudan,177720.01583097526,2015-09
2015-10-01,Sudan,178530.8919720663,2015-10
2015-11-01,Sudan,179372.6843104889,2015-11
2015-12-01,Sudan,180191.10101718764,2015-12
2016-01-01,Sudan,181040.721419644,2016-01
2016-02-01,Sudan,181430.6208036868,2016-02
2016-03-01,Sudan,181796.1255480156,2016-03
2016-04-01,Sudan,182187.6518124753,2016-04
2016-05-01,Sudan,182567.35102972927,2016-05
2016-06-01,Sudan,182960.538248354,2016-06
2016-07-01,Sudan,183341.84824642545,2016-07
2016-08-01,Sudan,183736.703465406,2016-08
2016-09-01,Sudan,184132.40906658515,2016-09
2016-10-01,Sudan,184516.1613730566,2016-10
2016-11-01,Sudan,184913.5456582116,2016-11
2016-12-01,Sudan,185298.92593973764,2016-12
2017-01-01,Sudan,185697.996030274,2017-01
2017-02-01,Sudan,186249.75138697447,2017-02
2017-03-01,Sudan,186749.52003146068,2017-03
2017-04-01,Sudan,187304.3997299033,2017-04
2017-05-01,Sudan,187842.9498026072,2017-05
2017-06-01,Sudan,188401.0783553522,2017-06
2017-07-01,Sudan,188942.7816714096,2017-07
2017-08-01,Sudan,189504.1781006964,2017-08
2017-09-01,Sudan,190067.24257968628,2017-09
2017-10-01,Sudan,190613.7365619821,2017-10
2017-11-01,Sudan,191180.0978176611,2017-11
2017-12-01,Sudan,191729.7915553831,2017-12
2018-01-01,Sudan,192299.4688905791,2018-01
2018-02-01,Sudan,191543.7440596312,2018-02
2018-03-01,Sudan,190863.70695003765,2018-03
2018-04-01,Sudan,190113.62457331,2018-04
2018-05-01,Sudan,189390.54519697145,2018-05
2018-06-01,Sudan,188646.2522533775,2018-06
2018-07-01,Sudan,187928.75389031105,2018-07
2018-08-01,Sudan,187190.2056947109,2018-08
2018-09-01,Sudan,186454.5599471182,2018-09
2018-10-01,Sudan,185745.3974805952,2018-10
2018-11-01,Sudan,185015.42973850924,2018-11
2018-12-01,Sudan,184311.7408690313,2018-12
2019-01-01,Sudan,183587.4073073551,2019-01
2019-02-01,Sudan,184732.13188981728,2019-02
2019-03-01,Sudan,185772.21045935687,2019-03
2019-04-01,Sudan,186930.557968972,2019-04
2019-05-01,Sudan,188058.41590102264,2019-05
2019-06-01,Sudan,189231.0186126037,2019-06
2019-07-01,Sudan,190372.7565266784,2019-07
2019-08-01,Sudan,191559.78987184825,2019-08
2019-09-01,Sudan,192754.2247391073,2019-09
2019-10-01,Sudan,193917.2201512558,2019-10
2019-11-01,Sudan,195126.35432949592,2019-11
2019-12-01,Sudan,196303.66214301653,2019-12
2020-01-01,Sudan,197527.676529288,2020-01
2020-02-01,Sudan,195139.14453303613,2020-02
2020-03-01,Sudan,192930.8656886513,2020-03
2020-04-01,Sudan,190597.9189651392,2020-04
2020-05-01,Sudan,188367.0920678624,2020-05
2020-06-01,Sudan,186089.33112645685,2020-06
2020-07-01,Sudan,183911.2743699764,2020-07
2020-08-01,Sudan,181687.3937927193,2020-08
2020-09-01,Sudan,179490.40468711837,2020-09
2020-10-01,Sudan,177389.58414955335,2020-10
2020-11-01,Sudan,175244.56475283983,2020-11
2020-12-01,Sudan,173193.43905968004,2020-12
2021-01-01,Sudan,171099.16003000896,2021-01
2021-02-01,Sudan,171730.86708616305,2021-02
2021-03-01,Sudan,172303.44562064263,2021-03
2021-04-01,Sudan,172939.59896224368,2021-04
2021-05-01,Sudan,173557.46742574187,2021-05
2021-06-01,Sudan,174198.25068149745,2021-06
2021-07-01,Sudan,174820.6159820909,2021-07
2021-08-01,Sudan,175466.06284844445,2021-08
2021-09-01,Sudan,176113.89273841874,2021-09
2021-10-01,Sudan,176743.1021326809,2021-10
2021-11-01,Sudan,177395.64691854772,2021-11
2021-12-01,Sudan,178029.43568902338,2021-12
2022-01-01,Sudan,178686.7296857219,2022-01
2022-02-01,Sudan,175732.48273013087,2022-02
2022-03-01,Sudan,173106.13463330542,2022-03
2022-04-01,Sudan,170244.1522570314,2022-04
2022-05-01,Sudan,167519.55246374206,2022-05
2022-06-01,Sudan,164749.933652438,2022-06
2022-07-01,Sudan,162113.26373324974,2022-07
2022-08-01,Sudan,159433.0276760606,2022-08
2022-09-01,Sudan,156797.10425040344,2022-09
2022-10-01,Sudan,154287.7119913144,2022-10
2022-11-01,Sudan,151736.85662428645,2022-11
2022-12-01,Sudan,149308.44893619925,2022-12
2023-01-01,Sudan,146839.91626178302,2023-01
2023-02-01,Sudan,143857.96100786075,2023-02
2023-03-01,Sudan,141216.6656428175,2023-03
2023-04-01,Sudan,138348.9046907869,2023-04
2023-05-01,Sudan,135629.11383020924,2023-05
2023-06-01,Sudan,132874.82222567176,2023-06
2023-07-01,Sudan,130262.6459464451,2023-07
2023-08-01,Sudan,127617.3340220136,2023-08
2023-09-01,Sudan,125025.74183532168,2023-09
2023-10-01,Sudan,122567.87004558358,2023-10
2023-11-01,Sudan,120078.81997426036,2023-11
2023-12-01,Sudan,117718.19935464012,2023-12
2024-01-01,Sudan,115327.634091568,2024-01
2024-02-01,Sudan,115873.68131152164,2024-02
2024-03-01,Sudan,116386.8400172811,2024-03
2024-04-01,Sudan,116937.90230977676,2024-04
2024-05-01,Sudan,117473.67252251015,2024-05
2024-06-01,Sudan,118029.88069242465,2024-06
2024-07-01,Sudan,118570.65398353392,2024-07
2024-08-01,Sudan,119132.05608360964,2024-08
2024-09-01,Sudan,119696.11628084014,2024-09
2024-10-01,Sudan,120244.5237040658,2024-10
2024-11-01,Sudan,120813.85115451124,2024-11
2024-12-01,Sudan,121367.37966370831,2024-12
2025-01-01,Sudan,121942.02355353102,2025-01
2025-02-01,Sudan,121942.023553531,2025-02
2025-03-01,Sudan,121942.023553531,2025-03
2025-04-01,Sudan,121942.023553531,2025-04
2025-05-01,Sudan,121942.023553531,2025-05
2025-06-01,Sudan,121942.023553531,2025-06
2025-07-01,Sudan,121942.023553531,2025-07
2025-08-01,Sudan,121942.023553531,2025-08
2025-09-01,Sudan,121942.023553531,2025-09
2025-10-01,Sudan,121942.023553531,2025-10
2025-11-01,Sudan,121942.023553531,2025-11
2025-12-01,Sudan,121942.023553531,2025-12
2015-01-01,Tanzania,115456.65858700807,2015-01
2015-02-01,Tanzania,116203.06799329018,2015-02
2015-03-01,Tanzania,116881.39092021756,2015-03
2015-04-01,Tanzania,117637.0110002534,2015-04
2015-05-01,Tanzania,118372.90705518713,2015-05
2015-06-01,Tanzania,119138.16955590606,2015-06
2015-07-01,Tanzania,119883.45633446977,2015-07
2015-08-01,Tanzania,120658.48430220038,2015-08
2015-09-01,Tanzania,121438.5227056419,2015-09
2015-10-01,Tanzania,122198.19969008915,2015-10
2015-11-01,Tanzania,122988.19211491504,2015-11
2015-12-01,Tanzania,123757.56328994942,2015-12
2016-01-01,Tanzania,124557.63675880487,2016-01
2016-02-01,Tanzania,125434.84895017857,2016-02
2016-03-01,Tanzania,126261.05883240708,2016-03
2016-04-01,Tanzania,127150.26757934252,2016-04
2016-05-01,Tanzania,128016.75432320528,2016-05
2016-06-01,Tanzania,128918.32776755263,2016-06
2016-07-01,Tanzania,129796.86325299184,2016-07
2016-08-01,Tanzania,130710.97332934198,2016-08
2016-09-01,Tanzania,131631.5211362408,2016-09
2016-10-01,Tanzania,132528.54613123613,2016-10
2016-11-01,Tanzania,133461.89441397908,2016-11
2016-12-01,Tanzania,134371.3927935115,2016-12
2017-01-01,Tanzania,135317.7195463109,2017-01
2017-02-01,Tanzania,136197.2697881989,2017-02
2017-03-01,Tanzania,136996.61510209556,2017-03
2017-04-01,Tanzania,137887.07797979488,2017-04
2017-05-01,Tanzania,138754.3267256608,2017-05
2017-06-01,Tanzania,139656.21453491275,2017-06
2017-07-01,Tanzania,140534.59036738586,2017-07
2017-08-01,Tanzania,141448.04969381916,2017-08
2017-09-01,Tanzania,142367.44640505503,2017-09
2017-10-01,Tanzania,143262.8746870657,2017-10
2017-11-01,Tanzania,144194.06756045323,2017-11
2017-12-01,Tanzania,145100.984481787,2017-12
2018-01-01,Tanzania,146044.12486596603,2018-01
2018-02-01,Tanzania,147556.96343918092,2018-02
2018-03-01,Tanzania,148936.86348583412,2018-03
2018-04-01,Tanzania,150479.66729435296,2018-04
2018-05-01,Tanzania,151987.91812257317,2018-05
2018-06-01,Tanzania,153562.32712676586,2018-06
2018-07-01,Tanzania,155101.4753136057,2018-07
2018-08-01,Tanzania,156708.1369635167,2018-08
2018-09-01,Tanzania,158331.4416637406,2018-09
2018-10-01,Tanzania,159918.39046763125,2018-10
2018-11-01,Tanzania,161574.9494691516,2018-11
2018-12-01,Tanzania,163194.40780354402,2018-12
2019-01-01,Tanzania,164884.90233925197,2019-01
2019-02-01,Tanzania,166628.11957602075,2019-02
2019-03-01,Tanzania,168218.47384499968,2019-03
2019-04-01,Tanzania,169996.9346924713,2019-04
2019-05-01,Tanzania,171735.92626238178,2019-05
2019-06-01,Tanzania,173551.57476982984,2019-06
2019-07-01,Tanzania,175326.9286961544,2019-07
2019-08-01,Tanzania,177180.54245846253,2019-08
2019-09-01,Tanzania,179053.75323307997,2019-09
2019-10-01,Tanzania,180885.391950545,2019-10
2019-11-01,Tanzania,182797.7716084417,2019-11
2019-12-01,Tanzania,184667.70993645035,2019-12
2020-01-01,Tanzania,186620.07749993712,2020-01
2020-02-01,Tanzania,188086.39907439923,2020-02
2020-03-01,Tanzania,189468.54777774928,2020-03
2020-04-01,Tanzania,190957.2505101153,2020-04
2020-05-01,Tanzania,192409.0668483007,2020-05
2020-06-01,Tanzania,193920.87398942644,2020-06
2020-07-01,Tanzania,195395.22226591737,2020-07
2020-08-01,Tanzania,196930.4923922275,2020-08
2020-09-01,Tanzania,198477.82552772216,2020-09
2020-10-01,Tanzania,199986.81955177145,2020-10
2020-11-01,Tanzania,201558.16702973467,2020-11
2020-12-01,Tanzania,203090.58037987887,2020-12
2021-01-01,Tanzania,204686.31489875,2021-01
2021-02-01,Tanzania,206683.099553848,2021-02
2021-03-01,Tanzania,208503.3846152473,2021-03
2021-04-01,Tanzania,210537.4060843508,2021-04
2021-05-01,Tanzania,212524.7047519476,2021-05
2021-06-01,Tanzania,214597.9555674105,2021-06
2021-07-01,Tanzania,216623.5824576617,2021-07
2021-08-01,Tanzania,218736.81921996205,2021-08
2021-09-01,Tanzania,220870.6713259977,2021-09
2021-10-01,Tanzania,222955.50745560025,2021-10
2021-11-01,Tanzania,225130.51430096297,2021-11
2021-12-01,Tanzania,227255.55981865368,2021-12
2022-01-01,Tanzania,229472.5151380949,2022-01
2022-02-01,Tanzania,231165.48746786432,2022-02
2022-03-01,Tanzania,232705.3568006465,2022-03
2022-04-01,Tanzania,234422.1799670961,2022-04
2022-05-01,Tanzania,236095.68065144744,2022-05
2022-06-01,Tanzania,237837.5165060832,2022-06
2022-07-01,Tanzania,239535.39870602355,2022-07
2022-08-01,Tanzania,241302.61166294545,2022-08
2022-09-01,Tanzania,243082.8625326437,2022-09
2022-10-01,Tanzania,244818.19037943523,2022-10
2022-11-01,Tanzania,246624.37802629647,2022-11
2022-12-01,Tanzania,248384.9881591028,2022-12
2023-01-01,Tanzania,250217.49046043685,2023-01
2023-02-01,Tanzania,251874.5255291601,2023-02
2023-03-01,Tanzania,253380.6323238285,2023-03
2023-04-01,Tanzania,255058.61491698475,2023-04
2023-05-01,Tanzania,256693.04861677843,2023-05
2023-06-01,Tanzania,258392.9672862239,2023-06
2023-07-01,Tanzania,260048.76775255887,2023-07
2023-08-01,Tanzania,261770.909266133,2023-08
2023-09-01,Tanzania,263504.4554536012,2023-09
2023-10-01,Tanzania,265193.0106987532,2023-10
2023-11-01,Tanzania,266949.2193390825,2023-11
2023-12-01,Tanzania,268659.8488756046,2023-12
2024-01-01,Tanzania,270439.01623247314,2024-01
2024-02-01,Tanzania,272330.2080396569,2024-02
2024-03-01,Tanzania,274111.3585285776,2024-03
2024-04-01,Tanzania,276028.2311852199,2024-04
2024-05-01,Tanzania,277896.0314122375,2024-05
2024-06-01,Tanzania,279839.37045102403,2024-06
2024-07-01,Tanzania,281732.9595140433,2024-07
2024-08-01,Tanzania,283703.1303579891,2024-08
2024-09-01,Tanzania,285687.0786923678,2024-09
2024-10-01,Tanzania,287620.2374426391,2024-10
2024-11-01,Tanzania,289631.5782772916,2024-11
2024-12-01,Tanzania,291591.4282728336,2024-12
2025-01-01,Tanzania,293630.5398177468,2025-01
2025-02-01,Tanzania,293630.539817747,2025-02
2025-03-01,Tanzania,293630.539817747,2025-03
2025-04-01,Tanzania,293630.539817747,2025-04
2025-05-01,Tanzania,293630.539817747,2025-05
2025-06-01,Tanzania,293630.539817747,2025-06
2025-07-01,Tanzania,293630.539817747,2025-07
2025-08-01,Tanzania,293630.539817747,2025-08
2025-09-01,Tanzania,293630.539817747,2025-09
2025-10-01,Tanzania,293630.539817747,2025-10
2025-11-01,Tanzania,293630.539817747,2025-11
2025-12-01,Tanzania,293630.539817747,2025-12
2015-01-01,Togo,14156.597147933591,2015-01
2015-02-01,Togo,14235.224982474314,2015-02
2015-03-01,Togo,14306.61896668358,2015-03
2015-04-01,Togo,14386.080044596223,2015-04
2015-05-01,Togo,14463.398049983254,2015-05
2015-06-01,Togo,14543.729902114588,2015-06
2015-07-01,Togo,14621.89519686018,2015-07
2015-08-01,Togo,14703.107365589463,2015-08
2015-09-01,Togo,14784.770598716445,2015-09
2015-10-01,Togo,14864.231366990629,2015-10
2015-11-01,Togo,14946.789506654108,2015-11
2015-12-01,Togo,15027.12104575386,2015-12
2016-01-01,Togo,15110.583898787112,2016-01
2016-02-01,Togo,15183.77292079782,2016-02
2016-03-01,Togo,15252.56096421979,2016-03
2016-04-01,Togo,15326.4376606868,2016-04
2016-05-01,Togo,15398.271918415878,2016-05
2016-06-01,Togo,15472.854374654004,2016-06
2016-07-01,Togo,15545.374880303169,2016-07
2016-08-01,Togo,15620.669838585369,2016-08
2016-09-01,Togo,15696.329492527002,2016-09
2016-10-01,Togo,15769.897415036412,2016-10
2016-11-01,Togo,15846.27986172058,2016-11
2016-12-01,Togo,15920.550594217912,2016-12
2017-01-01,Togo,15997.662738637187,2017-01
2017-02-01,Togo,16086.174218137288,2017-02
2017-03-01,Togo,16166.5409153472,2017-03
2017-04-01,Togo,16255.986759918002,2017-04
2017-05-01,Togo,16343.018421959552,2017-05
2017-06-01,Togo,16433.440676988805,2017-06
2017-07-01,Togo,16521.422395742786,2017-07
2017-08-01,Togo,16612.831719941187,2017-08
2017-09-01,Togo,16704.7467914264,2017-09
2017-10-01,Togo,16794.181034866226,2017-10
2017-11-01,Togo,16887.099471432488,2017-11
2017-12-01,Togo,16977.50999869027,2017-12
2018-01-01,Togo,17071.442753290885,2018-01
2018-02-01,Togo,17207.433363303426,2018-02
2018-03-01,Togo,17331.194470002607,2018-03
2018-04-01,Togo,17469.254254537645,2018-04
2018-05-01,Togo,17603.907545339127,2018-05
2018-06-01,Togo,17744.139754197604,2018-06
2018-07-01,Togo,17880.911866820723,2018-07
2018-08-01,Togo,18023.350683943,2018-08
2018-09-01,Togo,18166.92416448593,2018-09
2018-10-01,Togo,18306.955106095986,2018-10
2018-11-01,Togo,18452.78777111024,2018-11
2018-12-01,Togo,18595.022153965783,2018-12
2019-01-01,Togo,18743.14955259629,2019-01
2019-02-01,Togo,18878.649534760712,2019-02
2019-03-01,Togo,19001.878381608785,2019-03
2019-04-01,Togo,19139.248793906536,2019-04
2019-05-01,Togo,19273.13338591488,2019-05
2019-06-01,Togo,19412.464783912623,2019-06
2019-07-01,Togo,19548.260600951096,2019-07
2019-08-01,Togo,19689.580978048954,2019-08
2019-09-01,Togo,19831.923003537468,2019-09
2019-10-01,Togo,19970.653052384256,2019-10
2019-11-01,Togo,20115.02703418579,2019-11
2019-12-01,Togo,20255.7374777726,2019-12
2020-01-01,Togo,20402.172422404685,2020-01
2020-02-01,Togo,20599.5966358398,2020-02
2020-03-01,Togo,20786.01294313856,2020-03
2020-04-01,Togo,20987.15143813749,2020-04
2020-05-01,Togo,21183.65457926218,2020-05
2020-06-01,Togo,21388.640904071355,2020-06
2020-07-01,Togo,21588.90319952516,2020-07
2020-08-01,Togo,21797.81096409304,2020-08
2020-09-01,Togo,22008.74025118544,2020-09
2020-10-01,Togo,22214.808549892063,2020-10
2020-11-01,Togo,22429.77296710078,2020-11
2020-12-01,Togo,22639.783403997884,2020-12
2021-01-01,Togo,22858.8601443732,2021-01
2021-02-01,Togo,23103.20461018257,2021-02
2021-03-01,Togo,23326.14701775605,2021-03
2021-04-01,Togo,23575.48643785165,2021-04
2021-05-01,Togo,23819.32003840068,2021-05
2021-06-01,Togo,24073.93111672945,2021-06
2021-07-01,Togo,24322.919968731927,2021-07
2021-08-01,Togo,24582.914161318426,2021-08
2021-09-01,Togo,24845.68750132084,2021-09
2021-10-01,Togo,25102.6583789964,2021-10
2021-11-01,Togo,25370.98740385899,2021-11
2021-12-01,Togo,25633.391287845647,2021-12
2022-01-01,Togo,25907.39345862549,2022-01
2022-02-01,Togo,26108.003274610903,2022-02
2022-03-01,Togo,26290.534076887267,2022-03
2022-04-01,Togo,26494.11068183385,2022-04
2022-05-01,Togo,26692.62108266662,2022-05
2022-06-01,Togo,26899.311184938528,2022-06
2022-07-01,Togo,27100.857600652253,2022-07
2022-08-01,Togo,27310.70881802755,2022-08
2022-09-01,Togo,27522.184985213768,2022-09
2022-10-01,Togo,27728.398359907434,2022-10
2022-11-01,Togo,27943.1088401969,2022-11
2022-12-01,Togo,28152.476038930035,2022-12
2023-01-01,Togo,28370.47029785549,2023-01
2023-02-01,Togo,28554.589600809748,2023-02
2023-03-01,Togo,28721.9177354099,2023-03
2023-04-01,Togo,28908.31786968448,2023-04
2023-05-01,Togo,29089.856815205145,2023-05
2023-06-01,Togo,29278.64480862306,2023-06
2023-07-01,Togo,29462.509339544296,2023-07
2023-08-01,Togo,29653.71578152176,2023-08
2023-09-01,Togo,29846.16311927733,2023-09
2023-10-01,Togo,30033.591561324232,2023-10
2023-11-01,Togo,30228.50422528179,2023-11
2023-12-01,Togo,30418.333699499643,2023-12
2024-01-01,Togo,30615.74327145888,2024-01
2024-02-01,Togo,30810.124434738464,2024-02
2024-03-01,Togo,30993.081998788697,2024-03
2024-04-01,Togo,31189.85890794708,2024-04
2024-05-01,Togo,31381.47763971404,2024-05
2024-06-01,Togo,31580.72049574904,2024-06
2024-07-01,Togo,31774.740533721764,2024-07
2024-08-01,Togo,31976.48023911085,2024-08
2024-09-01,Togo,32179.50080181133,2024-09
2024-10-01,Togo,32377.19952019083,2024-10
2024-11-01,Togo,32582.764273287485,2024-11
2024-12-01,Togo,32782.94049036938,2024-12
2025-01-01,Togo,32991.08131686318,2025-01
2025-02-01,Togo,32991.0813168632,2025-02
2025-03-01,Togo,32991.0813168632,2025-03
2025-04-01,Togo,32991.0813168632,2025-04
2025-05-01,Togo,32991.0813168632,2025-05
2025-06-01,Togo,32991.0813168632,2025-06
2025-07-01,Togo,32991.0813168632,2025-07
2025-08-01,Togo,32991.0813168632,2025-08
2025-09-01,Togo,32991.0813168632,2025-09
2025-10-01,Togo,32991.0813168632,2025-10
2025-11-01,Togo,32991.0813168632,2025-11
2025-12-01,Togo,32991.0813168632,2025-12
2015-01-01,Tunisia,123787.16519622706,2015-01
2015-02-01,Tunisia,124003.6119117658,2015-02
2015-03-01,Tunisia,124199.43745185778,2015-03
2015-04-01,Tunisia,124416.60504161258,2015-04
2015-05-01,Tunisia,124627.12876823028,2015-05
2015-06-01,Tunisia,124845.0441930334,2015-06
2015-07-01,Tunisia,125056.2928759926,2015-07
2015-08-01,Tunisia,125274.95871107778,2015-08
2015-09-01,Tunisia,125494.0068919557,2015-09
2015-10-01,Tunisia,125706.35367629588,2015-10
2015-11-01,Tunisia,125926.15616819765,2015-11
2015-12-01,Tunisia,126139.2341867333,2015-12
2016-01-01,Tunisia,126359.79358719304,2016-01
2016-02-01,Tunisia,126788.89340602166,2016-02
2016-03-01,Tunisia,127191.6284479861,2016-03
2016-04-01,Tunisia,127623.5530592422,2016-04
2016-05-01,Tunisia,128042.94111304377,2016-05
2016-06-01,Tunisia,128477.75666056956,2016-06
2016-07-01,Tunisia,128899.95174157986,2016-07
2016-08-01,Tunisia,129337.6775748463,2016-08
2016-09-01,Tunisia,129776.88986254904,2016-09
2016-10-01,Tunisia,130203.3540689061,2016-10
2016-11-01,Tunisia,130645.50607039116,2016-11
2016-12-01,Tunisia,131074.82466570838,2016-12
2017-01-01,Tunisia,131519.93605692187,2017-01
2017-02-01,Tunisia,132165.0997273427,2017-02
2017-03-01,Tunisia,132750.54799930015,2017-03
2017-04-01,Tunisia,133401.74836758908,2017-04
2017-05-01,Tunisia,134034.98363203328,2017-05
2017-06-01,Tunisia,134692.4847272848,2017-06
2017-07-01,Tunisia,135331.84689628636,2017-07
2017-08-01,Tunisia,135995.70968154992,2017-08
2017-09-01,Tunisia,136662.82900847608,2017-09
2017-10-01,Tunisia,137311.54406450657,2017-10
2017-11-01,Tunisia,137985.1181432034,2017-11
2017-12-01,Tunisia,138640.1098794137,2017-12
2018-01-01,Tunisia,139320.2011632069,2018-01
2018-02-01,Tunisia,140067.4046760129,2018-02
2018-03-01,Tunisia,140745.74203031202,2018-03
2018-04-01,Tunisia,141500.59101832303,2018-04
2018-05-01,Tunisia,142234.94444609276,2018-05
2018-06-01,Tunisia,142997.78033957115,2018-06
2018-07-01,Tunisia,143739.90381340333,2018-07
2018-08-01,Tunisia,144510.81112019048,2018-08
2018-09-01,Tunisia,145285.85296484703,2018-09
2018-10-01,Tunisia,146039.85097547984,2018-10
2018-11-01,Tunisia,146823.0933821625,2018-11
2018-12-01,Tunisia,147585.06929424178,2018-12
2019-01-01,Tunisia,148376.59903144906,2019-01
2019-02-01,Tunisia,147886.70250896958,2019-02
2019-03-01,Tunisia,147445.6057481734,2019-03
2019-04-01,Tunisia,146958.78309566338,2019-04
2019-05-01,Tunisia,146489.19486277644,2019-05
2019-06-01,Tunisia,146005.5300017909,2019-06
2019-07-01,Tunisia,145538.98776878513,2019-07
2019-08-01,Tunisia,145058.46021620257,2019-08
2019-09-01,Tunisia,144579.51922631587,2019-09
2019-10-01,Tunisia,144117.53363066126,2019-10
2019-11-01,Tunisia,143641.6993076291,2019-11
2019-12-01,Tunisia,143182.71039709332,2019-12
2020-01-01,Tunisia,142709.9625894161,2020-01
2020-02-01,Tunisia,143240.90428229558,2020-02
2020-03-01,Tunisia,143739.37980829197,2020-03
2020-04-01,Tunisia,144274.151370586,2020-04
2020-05-01,Tunisia,144793.5665043133,2020-05
2020-06-01,Tunisia,145332.26008900016,2020-06
2020-07-01,Tunisia,145855.48462085074,2020-07
2020-08-01,Tunisia,146398.1289921001,2020-08
2020-09-01,Tunisia,146942.79223095925,2020-09
2020-10-01,Tunisia,147471.81499319235,2020-10
2020-11-01,Tunisia,148020.47280014426,2020-11
2020-12-01,Tunisia,148553.3754229872,2020-12
2021-01-01,Tunisia,149106.0570942519,2021-01
2021-02-01,Tunisia,150315.22256931974,2021-02
2021-03-01,Tunisia,151415.7979923245,2021-03
2021-04-01,Tunisia,152643.69415482864,2021-04
2021-05-01,Tunisia,153841.46084383997,2021-05
2021-06-01,Tunisia,155089.0277550137,2021-06
2021-07-01,Tunisia,156305.98252215714,2021-07
2021-08-01,Tunisia,157573.5353050255,2021-08
2021-09-01,Tunisia,158851.3672213693,2021-09
2021-10-01,Tunisia,160097.84436682353,2021-10
2021-11-01,Tunisia,161396.1469966005,2021-11
2021-12-01,Tunisia,162662.5925558335,2021-12
2022-01-01,Tunisia,163981.69383740792,2022-01
2022-02-01,Tunisia,164515.2397923627,2022-02
2022-03-01,Tunisia,164998.64423546943,2022-03
2022-04-01,Tunisia,165535.49903398217,2022-04
2022-05-01,Tunisia,166056.6990260572,2022-05
2022-06-01,Tunisia,166596.99640916844,2022-06
2022-07-01,Tunisia,167121.5385993023,2022-07
2022-08-01,Tunisia,167665.30064260628,2022-08
2022-09-01,Tunisia,168210.83192021854,2022-09
2022-10-01,Tunisia,168740.45538331455,2022-10
2022-11-01,Tunisia,169289.48488349927,2022-11
2022-12-01,Tunisia,169822.50456021255,2022-12
2023-01-01,Tunisia,170375.05471534288,2023-01
2023-02-01,Tunisia,170965.96821475914,2023-02
2023-03-01,Tunisia,171501.45790410927,2023-03
2023-04-01,Tunisia,172096.2781189255,2023-04
2023-05-01,Tunisia,172673.87478234453,2023-05
2023-06-01,Tunisia,173272.76130229826,2023-06
2023-07-01,Tunisia,173854.30652735248,2023-07
2023-08-01,Tunisia,174457.287150486,2023-08
2023-09-01,Tunisia,175062.35909732085,2023-09
2023-10-01,Tunisia,175649.91064468815,2023-10
2023-11-01,Tunisia,176259.11897946827,2023-11
2023-12-01,Tunisia,176850.6871419672,2023-12
2024-01-01,Tunisia,177464.06014183405,2024-01
2024-02-01,Tunisia,178192.63235960045,2024-02
2024-03-01,Tunisia,178876.90756713224,2024-03
2024-04-01,Tunisia,179611.2801784044,2024-04
2024-05-01,Tunisia,180324.83384840703,2024-05
2024-06-01,Tunisia,181065.15086814747,2024-06
2024-07-01,Tunisia,181784.4804268657,2024-07
2024-08-01,Tunisia,182530.7899723264,2024-08
2024-09-01,Tunisia,183280.1634643704,2024-09
2024-10-01,Tunisia,184008.2927508424,2024-10
2024-11-01,Tunisia,184763.7320765838,2024-11
2024-12-01,Tunisia,185497.7552346818,2024-12
2025-01-01,Tunisia,186259.3094942541,2025-01
2025-02-01,Tunisia,186259.309494254,2025-02
2025-03-01,Tunisia,186259.309494254,2025-03
2025-04-01,Tunisia,186259.309494254,2025-04
2025-05-01,Tunisia,186259.309494254,2025-05
2025-06-01,Tunisia,186259.309494254,2025-06
2025-07-01,Tunisia,186259.309494254,2025-07
2025-08-01,Tunisia,186259.309494254,2025-08
2025-09-01,Tunisia,186259.309494254,2025-09
2025-10-01,Tunisia,186259.309494254,2025-10
2025-11-01,Tunisia,186259.309494254,2025-11
2025-12-01,Tunisia,186259.309494254,2025-12
2015-01-01,Uganda,82913.09311316613,2015-01
2015-02-01,Uganda,82991.51011622972,2015-02
2015-03-01,Uganda,83062.40212127638,2015-03
2015-04-01,Uganda,83140.96033683751,2015-04
2015-05-01,Uganda,83217.05515754789,2015-05
2015-06-01,Uganda,83295.7596398463,2015-06
2015-07-01,Uganda,83371.99614072446,2015-07
2015-08-01,Uganda,83450.84716209282,2015-08
2015-09-01,Uganda,83529.77275866475,2015-09
2015-10-01,Uganda,83606.22344020952,2015-10
2015-11-01,Uganda,83685.29598754182,2015-11
2015-12-01,Uganda,83761.88901182814,2015-12
2016-01-01,Uganda,83841.10878352675,2016-01
2016-02-01,Uganda,84436.10815684272,2016-02
2016-03-01,Uganda,84996.54260603803,2016-03
2016-04-01,Uganda,85599.74180412106,2016-04
2016-05-01,Uganda,86187.55850088861,2016-05
2016-06-01,Uganda,86799.2100408039,2016-06
2016-07-01,Uganda,87395.26353177088,2016-07
2016-08-01,Uganda,88015.48585214176,2016-08
2016-09-01,Uganda,88640.10973515033,2016-09
2016-10-01,Uganda,89248.80475463836,2016-10
2016-11-01,Uganda,89882.1811933412,2016-11
2016-12-01,Uganda,90499.40556497798,2016-12
2017-01-01,Uganda,91141.65720475125,2017-01
2017-02-01,Uganda,91959.39436455855,2017-02
2017-03-01,Uganda,92704.30004173714,2017-03
2017-04-01,Uganda,93536.05747673455,2017-04
2017-05-01,Uganda,94348.08878664736,2017-05
2017-06-01,Uganda,95194.59455057392,2017-06
2017-07-01,Uganda,96021.02441510768,2017-07
2017-08-01,Uganda,96882.540018347,2017-08
2017-09-01,Uganda,97751.78527391156,2017-09
2017-10-01,Uganda,98600.415335768,2017-10
2017-11-01,Uganda,99485.0736365421,2017-11
2017-12-01,Uganda,100348.75120475616,2017-12
2018-01-01,Uganda,101249.09584755808,2018-01
2018-02-01,Uganda,102069.15022451858,2018-02
2018-03-01,Uganda,102815.5518908262,2018-03
2018-04-01,Uganda,103648.29358241272,2018-04
2018-05-01,Uganda,104460.59392113343,2018-05
2018-06-01,Uganda,105306.65942470984,2018-06
2018-07-01,Uganda,106131.95651512669,2018-07
2018-08-01,Uganda,106991.559010804,2018-08
2018-09-01,Uganda,107858.1237492856,2018-09
2018-10-01,Uganda,108703.4168788407,2018-10
2018-11-01,Uganda,109583.84659582592,2018-11
2018-12-01,Uganda,110442.6643595485,2018-12
2019-01-01,Uganda,111337.180893776,2019-01
2019-02-01,Uganda,111540.45590434756,2019-02
2019-03-01,Uganda,111724.37811632689,2019-03
2019-04-01,Uganda,111928.36005623572,2019-04
2019-05-01,Uganda,112126.11652208929,2019-05
2019-06-01,Uganda,112330.8319400512,2019-06
2019-07-01,Uganda,112529.29949840454,2019-07
2019-08-01,Uganda,112734.7510318592,2019-08
2019-09-01,Uganda,112940.5776705779,2019-09
2019-10-01,Uganda,113140.12253552856,2019-10
2019-11-01,Uganda,113346.68928546643,2019-11
2019-12-01,Uganda,113546.95167364075,2019-12
2020-01-01,Uganda,113754.261196089,2020-01
2020-02-01,Uganda,114868.3355907624,2020-02
2020-03-01,Uganda,115920.40985995276,2020-03
2020-04-01,Uganda,117055.69885121415,2020-04
2020-05-01,Uganda,118164.95096224782,2020-05
2020-06-01,Uganda,119322.2223016302,2020-06
2020-07-01,Uganda,120452.95261446656,2020-07
2020-08-01,Uganda,121632.63194128525,2020-08
2020-09-01,Uganda,122823.864686131,2020-09
2020-10-01,Uganda,123987.77752869624,2020-10
2020-11-01,Uganda,125202.07584811542,2020-11
2020-12-01,Uganda,126388.52527606528,2020-12
2021-01-01,Uganda,127626.33578364592,2021-01
2021-02-01,Uganda,129029.33193167798,2021-02
2021-03-01,Uganda,130309.80608554425,2021-03
2021-04-01,Uganda,131742.30161921488,2021-04
2021-05-01,Uganda,133143.57949506064,2021-05
2021-06-01,Uganda,134607.22669624205,2021-06
2021-07-01,Uganda,136038.97736690808,2021-07
2021-08-01,Uganda,137534.45367323677,2021-08
2021-09-01,Uganda,139046.36974871135,2021-09
2021-10-01,Uganda,140525.33739426488,2021-10
2021-11-01,Uganda,142070.13225070617,2021-11
2021-12-01,Uganda,143581.262166417,2021-12
2022-01-01,Uganda,145159.6508000181,2022-01
2022-02-01,Uganda,146201.74899317272,2022-02
2022-03-01,Uganda,147149.4277404464,2022-03
2022-04-01,Uganda,148205.81050195714,2022-04
2022-05-01,Uganda,149235.3365843726,2022-05
2022-06-01,Uganda,150306.69404322768,2022-06
2022-07-01,Uganda,151350.81411756913,2022-07
2022-08-01,Uganda,152437.35854678997,2022-08
2022-09-01,Uganda,153531.70325646224,2022-09
2022-10-01,Uganda,154598.22617108244,2022-10
2022-11-01,Uganda,155708.08370566514,2022-11
2022-12-01,Uganda,156789.72505882784,2022-12
2023-01-01,Uganda,157915.31531954094,2023-01
2023-02-01,Uganda,159066.69513443747,2023-02
2023-03-01,Uganda,160113.86495574375,2023-03
2023-04-01,Uganda,161281.27466405535,2023-04
2023-05-01,Uganda,162419.1296578435,2023-05
2023-06-01,Uganda,163603.3473321248,2023-06
2023-07-01,Uganda,164757.58477320452,2023-07
2023-08-01,Uganda,165958.8524088048,2023-08
2023-09-01,Uganda,167168.8786331788,2023-09
2023-10-01,Uganda,168348.27124248786,2023-10
2023-11-01,Uganda,169575.71901086363,2023-11
2023-12-01,Uganda,170772.0921118553,2023-12
2024-01-01,Uganda,172017.21225366913,2024-01
2024-02-01,Uganda,173276.61656444147,2024-02
2024-03-01,Uganda,174463.11513176028,2024-03
2024-04-01,Uganda,175740.4268402171,2024-04
2024-05-01,Uganda,176985.4383012649,2024-05
2024-06-01,Uganda,178281.21690981393,2024-06
2024-07-01,Uganda,179544.22828592762,2024-07
2024-08-01,Uganda,180858.74078217792,2024-08
2024-09-01,Uganda,182182.87733106027,2024-09
2024-10-01,Uganda,183473.52954103844,2024-10
2024-11-01,Uganda,184816.8099662313,2024-11
2024-12-01,Uganda,186126.1219483369,2024-12
2025-01-01,Uganda,187488.82302492103,2025-01
2025-02-01,Uganda,187488.823024921,2025-02
2025-03-01,Uganda,187488.823024921,2025-03
2025-04-01,Uganda,187488.823024921,2025-04
2025-05-01,Uganda,187488.823024921,2025-05
2025-06-01,Uganda,187488.823024921,2025-06
2025-07-01,Uganda,187488.823024921,2025-07
2025-08-01,Uganda,187488.823024921,2025-08
2025-09-01,Uganda,187488.823024921,2025-09
2025-10-01,Uganda,187488.823024921,2025-10
2025-11-01,Uganda,187488.823024921,2025-11
2025-12-01,Uganda,187488.823024921,2025-12
2015-01-01,Zambia,53593.51753319804,2015-01
2015-02-01,Zambia,53805.72803074738,2015-02
2015-03-01,Zambia,53998.12417070728,2015-03
2015-04-01,Zambia,54211.93676081949,2015-04
2015-05-01,Zambia,54419.6582301225,2015-05
2015-06-01,Zambia,54635.13993912444,2015-06
2015-07-01,Zambia,54844.4829772416,2015-07
2015-08-01,Zambia,55061.6468350389,2015-08
2015-09-01,Zambia,55279.67058135322,2015-09
2015-10-01,Zambia,55491.483238893954,2015-10
2015-11-01,Zambia,55711.20897830977,2015-11
2015-12-01,Zambia,55924.675142351705,2015-12
2016-01-01,Zambia,56146.11616140578,2016-01
2016-02-01,Zambia,56394.87484808027,2016-02
2016-03-01,Zambia,56628.58226735661,2016-03
2016-04-01,Zambia,56879.47854863413,2016-04
2016-05-01,Zambia,57123.3397526656,2016-05
2016-06-01,Zambia,57376.42808622887,2016-06
2016-07-01,Zambia,57622.41987787601,2016-07
2016-08-01,Zambia,57877.71941543664,2016-08
2016-09-01,Zambia,58134.150072690114,2016-09
2016-10-01,Zambia,58383.39046999715,2016-10
2016-11-01,Zambia,58642.06153275009,2016-11
2016-12-01,Zambia,58893.47951507289,2016-12
2017-01-01,Zambia,59154.41055749344,2017-01
2017-02-01,Zambia,59380.33721521375,2017-02
2017-03-01,Zambia,59585.14157091611,2017-03
2017-04-01,Zambia,59812.713306616606,2017-04
2017-05-01,Zambia,60033.77153869468,2017-05
2017-06-01,Zambia,60263.05671331239,2017-06
2017-07-01,Zambia,60485.77934266994,2017-07
2017-08-01,Zambia,60716.79085707285,2017-08
2017-09-01,Zambia,60948.68466679156,2017-09
2017-10-01,Zambia,61173.941267522205,2017-10
2017-11-01,Zambia,61407.58105802795,2017-11
2017-12-01,Zambia,61634.53366650253,2017-12
2018-01-01,Zambia,61869.93258367861,2018-01
2018-02-01,Zambia,61900.65120481863,2018-02
2018-03-01,Zambia,61928.41016528972,2018-03
2018-04-01,Zambia,61959.15782073768,2018-04
2018-05-01,Zambia,61988.92815181551,2018-05
2018-06-01,Zambia,62019.70585463903,2018-06
2018-07-01,Zambia,62049.50527802667,2018-07
2018-08-01,Zambia,62080.3130575888,2018-08
2018-09-01,Zambia,62111.13613331287,2018-09
2018-10-01,Zambia,62140.97948740857,2018-10
2018-11-01,Zambia,62171.83268421078,2018-11
2018-12-01,Zambia,62201.7052019761,2018-12
2019-01-01,Zambia,62232.58854929151,2019-01
2019-02-01,Zambia,62055.24139772391,2019-02
2019-03-01,Zambia,61895.4913111033,2019-03
2019-04-01,Zambia,61719.104801482106,2019-04
2019-05-01,Zambia,61548.88679034097,2019-05
2019-06-01,Zambia,61373.48801601909,2019-06
2019-07-01,Zambia,61204.22319760524,2019-07
2019-08-01,Zambia,61029.80662742826,2019-08
2019-09-01,Zambia,60855.88710040227,2019-09
2019-10-01,Zambia,60688.04979780725,2019-10
2019-11-01,Zambia,60515.10419138569,2019-11
2019-12-01,Zambia,60348.20674994372,2019-12
2020-01-01,Zambia,60176.2296103324,2020-01
2020-02-01,Zambia,60853.13417649172,2020-02
2020-03-01,Zambia,61493.25909552208,2020-03
2020-04-01,Zambia,62184.97853589443,2020-04
2020-05-01,Zambia,62861.7920502715,2020-05
2020-06-01,Zambia,63568.90571211648,2020-06
2020-07-01,Zambia,64260.781716468366,2020-07
2020-08-01,Zambia,64983.63219830341,2020-08
2020-09-01,Zambia,65714.61381090163,2020-09
2020-10-01,Zambia,66429.84343333555,2020-10
2020-11-01,Zambia,67177.0930473518,2020-11
2020-12-01,Zambia,67908.24011054117,2020-12
2021-01-01,Zambia,68672.11977047214,2021-01
2021-02-01,Zambia,69372.69369316043,2021-02
2021-03-01,Zambia,70011.61117477885,2021-03
2021-04-01,Zambia,70725.85021732449,2021-04
2021-05-01,Zambia,71423.98622038683,2021-05
2021-06-01,Zambia,72152.63392148717,2021-06
2021-07-01,Zambia,72864.85372940158,2021-07
2021-08-01,Zambia,73608.2007612674,2021-08
2021-09-01,Zambia,74359.13121341754,2021-09
2021-10-01,Zambia,75093.13139152789,2021-10
2021-11-01,Zambia,75859.2106941872,2021-11
2021-12-01,Zambia,76608.01818093736,2021-12
2022-01-01,Zambia,77389.55193853476,2022-01
2022-02-01,Zambia,77974.23540632155,2022-02
2022-03-01,Zambia,78506.13246418892,2022-03
2022-04-01,Zambia,79099.25177580022,2022-04
2022-05-01,Zambia,79677.5044243466,2022-05
2022-06-01,Zambia,80279.47353289531,2022-06
2022-07-01,Zambia,80866.35415631617,2022-07
2022-08-01,Zambia,81477.30510758852,2022-08
2022-09-01,Zambia,82092.87183595066,2022-09
2022-10-01,Zambia,82693.009251921,2022-10
2022-11-01,Zambia,83317.76070996716,2022-11
2022-12-01,Zambia,83926.85263839715,2022-12
2023-01-01,Zambia,84560.92586936793,2023-01
2023-02-01,Zambia,85022.9577261062,2023-02
2023-03-01,Zambia,85442.44629593272,2023-03
2023-04-01,Zambia,85909.29468601944,2023-04
2023-05-01,Zambia,86363.51201870182,2023-05
2023-06-01,Zambia,86835.39301340711,2023-06
2023-07-01,Zambia,87294.506788478,2023-07
2023-08-01,Zambia,87771.4746390527,2023-08
2023-09-01,Zambia,88251.04859096029,2023-09
2023-10-01,Zambia,88717.64718246207,2023-10
2023-11-01,Zambia,89202.39091997119,2023-11
2023-12-01,Zambia,89674.01942327392,2023-12
2024-01-01,Zambia,90163.98867644086,2024-01
2024-02-01,Zambia,90783.47831540744,2024-02
2024-03-01,Zambia,91366.85359502216,2024-03
2024-04-01,Zambia,91994.60775694398,2024-04
2024-05-01,Zambia,92606.21813693404,2024-05
2024-06-01,Zambia,93242.48759974136,2024-06
2024-07-01,Zambia,93862.39429495516,2024-07
2024-08-01,Zambia,94507.29456620423,2024-08
2024-09-01,Zambia,95156.62575318868,2024-09
2024-10-01,Zambia,95789.25826779495,2024-10
2024-11-01,Zambia,96447.39744167446,2024-11
2024-12-01,Zambia,97088.61143058803,2024-12
2025-01-01,Zambia,97755.6780691186,2025-01
2025-02-01,Zambia,97755.6780691186,2025-02
2025-03-01,Zambia,97755.6780691186,2025-03
2025-04-01,Zambia,97755.6780691186,2025-04
2025-05-01,Zambia,97755.6780691186,2025-05
2025-06-01,Zambia,97755.6780691186,2025-06
2025-07-01,Zambia,97755.6780691186,2025-07
2025-08-01,Zambia,97755.6780691186,2025-08
2025-09-01,Zambia,97755.6780691186,2025-09
2025-10-01,Zambia,97755.6780691186,2025-10
2025-11-01,Zambia,97755.6780691186,2025-11
2025-12-01,Zambia,97755.6780691186,2025-12
2015-01-01,Zimbabwe,58188.35851118564,2015-01
2015-02-01,Zimbabwe,58272.28194805421,2015-02
2015-03-01,Zimbabwe,58348.18779398312,2015-03
2015-04-01,Zimbabwe,58432.34174814188,2015-04
2015-05-01,Zimbabwe,58513.89661998117,2015-05
2015-06-01,Zimbabwe,58598.28957133032,2015-06
2015-07-01,Zimbabwe,58680.07605896732,2015-07
2015-08-01,Zimbabwe,58764.70868625876,2015-08
2015-09-01,Zimbabwe,58849.463376813976,2015-09
2015-10-01,Zimbabwe,58931.60043139573,2015-10
2015-11-01,Zimbabwe,59016.59582523231,2015-11
2015-12-01,Zimbabwe,59098.966149010594,2015-12
2016-01-01,Zimbabwe,59184.20292972595,2016-01
2016-02-01,Zimbabwe,59528.43637963238,2016-02
2016-03-01,Zimbabwe,59852.27356939426,2016-03
2016-04-01,Zimbabwe,60200.39272274334,2016-04
2016-05-01,Zimbabwe,60539.209954048674,2016-05
2016-06-01,Zimbabwe,60891.32453979103,2016-06
2016-07-01,Zimbabwe,61234.03044349,2016-07
2016-08-01,Zimbabwe,61590.18631799364,2016-08
2016-09-01,Zimbabwe,61948.41370413918,2016-09
2016-10-01,Zimbabwe,62297.0690710844,2016-10
2016-11-01,Zimbabwe,62659.40790381067,2016-11
2016-12-01,Zimbabwe,63012.0648573787,2016-12
2017-01-01,Zimbabwe,63378.56232457173,2017-01
2017-02-01,Zimbabwe,63264.00541750854,2017-02
2017-03-01,Zimbabwe,63160.71264723632,2017-03
2017-04-01,Zimbabwe,63046.54950400008,2017-04
2017-05-01,Zimbabwe,62936.265519462686,2017-05
2017-06-01,Zimbabwe,62822.50806496116,2017-06
2017-07-01,Zimbabwe,62712.61598422806,2017-07
2017-08-01,Zimbabwe,62599.26277681076,2017-08
2017-09-01,Zimbabwe,62486.11445559416,2017-09
2017-10-01,Zimbabwe,62376.81081035694,2017-10
2017-11-01,Zimbabwe,62264.06457161606,2017-11
2017-12-01,Zimbabwe,62155.14934646153,2017-12
2018-01-01,Zimbabwe,62042.80376136104,2018-01
2018-02-01,Zimbabwe,63110.88416783599,2018-02
2018-03-01,Zimbabwe,64091.39744159152,2018-03
2018-04-01,Zimbabwe,65194.74483534013,2018-04
2018-05-01,Zimbabwe,66280.58221124405,2018-05
2018-06-01,Zimbabwe,67421.61689855246,2018-06
2018-07-01,Zimbabwe,68544.5434742638,2018-07
2018-08-01,Zimbabwe,69724.55274878381,2018-08
2018-09-01,Zimbabwe,70924.87614048031,2018-09
2018-10-01,Zimbabwe,72106.15051449936,2018-10
2018-11-01,Zimbabwe,73347.47363147339,2018-11
2018-12-01,Zimbabwe,74569.09706904237,2018-12
2019-01-01,Zimbabwe,75852.82034844668,2019-01
2019-02-01,Zimbabwe,76282.9061568313,2019-02
2019-03-01,Zimbabwe,76673.46639386895,2019-03
2019-04-01,Zimbabwe,77108.20526876082,2019-04
2019-05-01,Zimbabwe,77531.26714703646,2019-05
2019-06-01,Zimbabwe,77970.86975578377,2019-06
2019-07-01,Zimbabwe,78398.66472902536,2019-07
2019-08-01,Zimbabwe,78843.18548568762,2019-08
2019-09-01,Zimbabwe,79290.22667689793,2019-09
2019-10-01,Zimbabwe,79725.26043381018,2019-10
2019-11-01,Zimbabwe,80177.30299366277,2019-11
2019-12-01,Zimbabwe,80617.20378348578,2019-12
2020-01-01,Zimbabwe,81074.3036658587,2020-01
2020-02-01,Zimbabwe,82301.00115604026,2020-02
2020-03-01,Zimbabwe,83465.35445658803,2020-03
2020-04-01,Zimbabwe,84728.22982152474,2020-04
2020-05-01,Zimbabwe,85968.5576634897,2020-05
2020-06-01,Zimbabwe,87269.30782910279,2020-06
2020-07-01,Zimbabwe,88546.83425066799,2020-07
2020-08-01,Zimbabwe,89886.59511727361,2020-08
2020-09-01,Zimbabwe,91246.62728092662,2020-09
2020-10-01,Zimbabwe,92582.37727287535,2020-10
2020-11-01,Zimbabwe,93983.19805949292,2020-11
2020-12-01,Zimbabwe,95359.00842960976,2020-12
2021-01-01,Zimbabwe,96801.8411277346,2021-01
2021-02-01,Zimbabwe,97862.35233935891,2021-02
2021-03-01,Zimbabwe,98830.21619123532,2021-03
2021-04-01,Zimbabwe,99912.9492373946,2021-04
2021-05-01,Zimbabwe,100972.04816141308,2021-05
2021-06-01,Zimbabwe,102078.24601765582,2021-06
2021-07-01,Zimbabwe,103160.29755700252,2021-07
2021-08-01,Zimbabwe,104290.46874878122,2021-08
2021-09-01,Zimbabwe,105433.02151518672,2021-09
2021-10-01,Zimbabwe,106550.63440215532,2021-10
2021-11-01,Zimbabwe,107717.9483816494,2021-11
2021-12-01,Zimbabwe,108859.78198879692,2021-12
2022-01-01,Zimbabwe,110052.39380226193,2022-01
2022-02-01,Zimbabwe,110881.05725726877,2022-02
2022-03-01,Zimbabwe,111634.88924562318,2022-03
2022-04-01,Zimbabwe,112475.46844454385,2022-04
2022-05-01,Zimbabwe,113294.95805798763,2022-05
2022-06-01,Zimbabwe,114148.03710638956,2022-06
2022-07-01,Zimbabwe,114979.71295621996,2022-07
2022-08-01,Zimbabwe,115845.47773336068,2022-08
2022-09-01,Zimbabwe,116717.76147484774,2022-09
2022-10-01,Zimbabwe,117568.16018450246,2022-10
2022-11-01,Zimbabwe,118453.41523849392,2022-11
2022-12-01,Zimbabwe,119316.45981885729,2022-12
2023-01-01,Zimbabwe,120214.87907550998,2023-01
2023-02-01,Zimbabwe,120642.37647636655,2023-02
2023-03-01,Zimbabwe,121029.80967967876,2023-03
2023-04-01,Zimbabwe,121460.20506386188,2023-04
2023-05-01,Zimbabwe,121878.17394212076,2023-05
2023-06-01,Zimbabwe,122311.5862034156,2023-06
2023-07-01,Zimbabwe,122732.48485459624,2023-07
2023-08-01,Zimbabwe,123168.9351399478,2023-08
2023-09-01,Zimbabwe,123606.93749076768,2023-09
2023-10-01,Zimbabwe,124032.293705018,2023-10
2023-11-01,Zimbabwe,124473.3662543475,2023-11
2023-12-01,Zimbabwe,124901.70402340595,2023-12
2024-01-01,Zimbabwe,125345.86829194898,2024-01
2024-02-01,Zimbabwe,126226.79530994348,2024-02
2024-03-01,Zimbabwe,127056.49235327836,2024-03
2024-04-01,Zimbabwe,127949.4415860757,2024-04
2024-05-01,Zimbabwe,128819.56078081005,2024-05
2024-06-01,Zimbabwe,129724.90080584928,2024-06
2024-07-01,Zimbabwe,130607.09399737048,2024-07
2024-08-01,Zimbabwe,131524.9967524581,2024-08
2024-09-01,Zimbabwe,132449.35050068866,2024-09
2024-10-01,Zimbabwe,133350.07129143327,2024-10
2024-11-01,Zimbabwe,134287.2516090047,2024-11
2024-12-01,Zimbabwe,135200.47103211962,2024-12
2025-01-01,Zimbabwe,136150.65590379303,2025-01
2025-02-01,Zimbabwe,136150.655903793,2025-02
2025-03-01,Zimbabwe,136150.655903793,2025-03
2025-04-01,Zimbabwe,136150.655903793,2025-04
2025-05-01,Zimbabwe,136150.655903793,2025-05
2025-06-01,Zimbabwe,136150.655903793,2025-06
2025-07-01,Zimbabwe,136150.655903793,2025-07
2025-08-01,Zimbabwe,136150.655903793,2025-08
2025-09-01,Zimbabwe,136150.655903793,2025-09
2025-10-01,Zimbabwe,136150.655903793,2025-10
2025-11-01,Zimbabwe,136150.655903793,2025-11
2025-12-01,Zimbabwe,136150.655903793,2025-12
