Country,Period,AERI
Algeria,2015-01,60.91800156932968
Algeria,2015-02,63.33910338546046
Algeria,2015-03,58.6943294792405
Algeria,2015-04,56.66044090378469
Algeria,2015-05,59.17236560896015
Algeria,2015-06,61.26644020459741
Algeria,2015-07,68.64042326557488
Algeria,2015-08,71.61124113349834
Algeria,2015-09,72.83160271571685
Algeria,2015-10,67.2697386103909
Algeria,2015-11,62.22428444972485
Algeria,2015-12,66.50580891220723
Algeria,2016-01,75.73599182497263
Algeria,2016-02,71.11283368436769
Algeria,2016-03,67.14285728226307
Algeria,2016-04,66.18801339834077
Algeria,2016-05,69.37769666210319
Algeria,2016-06,68.19728852143034
Algeria,2016-07,68.2100776538414
Algeria,2016-08,62.84181385996699
Algeria,2016-09,63.66728868605529
Algeria,2016-10,72.88183630831553
Algeria,2016-11,78.70115015816091
Algeria,2016-12,66.56741605605677
Algeria,2017-01,61.460572561995434
Algeria,2017-02,60.11428761889359
Algeria,2017-03,58.11539481566631
Algeria,2017-04,65.70373140564779
Algeria,2017-05,55.551379990073094
Algeria,2017-06,58.56547378145121
Algeria,2017-07,55.8799868548821
Algeria,2017-08,53.002477777011684
Algeria,2017-09,62.42193185796841
Algeria,2017-10,68.45575120129371
Algeria,2017-11,61.90933799859622
Algeria,2017-12,62.20814858448237
Algeria,2018-01,63.40771196467169
Algeria,2018-02,64.52833359815925
Algeria,2018-03,60.65718715226939
Algeria,2018-04,60.43723998917443
Algeria,2018-05,62.0949364186941
Algeria,2018-06,61.68564612435818
Algeria,2018-07,57.289217145512815
Algeria,2018-08,59.414884750657706
Algeria,2018-09,57.4832803009173
Algeria,2018-10,56.933222688432735
Algeria,2018-11,62.75908948979041
Algeria,2018-12,63.722709526103294
Algeria,2019-01,62.47687094158363
Algeria,2019-02,56.517224202400214
Algeria,2019-03,47.02346488076009
Algeria,2019-04,53.00310377600539
Algeria,2019-05,61.88912293954394
Algeria,2019-06,63.98417002773473
Algeria,2019-07,61.27180917226143
Algeria,2019-08,66.42401777019155
Algeria,2019-09,62.48466283459867
Algeria,2019-10,62.60365411020066
Algeria,2019-11,60.72546128640778
Algeria,2019-12,56.511815370683195
Algeria,2020-01,60.76575473784978
Algeria,2020-02,60.990969697212904
Algeria,2020-03,68.29439429001275
Algeria,2020-04,83.91086656361736
Algeria,2020-05,74.4378245158549
Algeria,2020-06,67.1461903728549
Algeria,2020-07,66.56645971231879
Algeria,2020-08,66.58899285238913
Algeria,2020-09,56.02042764706588
Algeria,2020-10,59.417070318134286
Algeria,2020-11,58.04383008222366
Algeria,2020-12,61.99163292517155
Algeria,2021-01,68.07398245517695
Algeria,2021-02,66.50841593285224
Algeria,2021-03,76.32229955662491
Algeria,2021-04,74.60476403041639
Algeria,2021-05,67.30010954776621
Algeria,2021-06,65.35823962526186
Algeria,2021-07,69.24263585892031
Algeria,2021-08,64.0373403726864
Algeria,2021-09,66.31720057160896
Algeria,2021-10,69.1091968430783
Algeria,2021-11,65.54617154331343
Algeria,2021-12,64.72154239023598
Algeria,2022-01,71.7683210735137
Algeria,2022-02,72.88446124747789
Algeria,2022-03,74.85548542784747
Algeria,2022-04,76.9928953774677
Algeria,2022-05,72.94337298906233
Algeria,2022-06,77.86388729328365
Algeria,2022-07,76.50970132563195
Algeria,2022-08,76.8523776684827
Algeria,2022-09,79.70091906787334
Algeria,2022-10,76.01627658241101
Algeria,2022-11,74.42356850950117
Algeria,2022-12,77.5138795916461
Algeria,2023-01,72.66538857858097
Algeria,2023-02,68.46627787909806
Algeria,2023-03,70.37675625770221
Algeria,2023-04,70.45867337378209
Algeria,2023-05,67.00897630635927
Algeria,2023-06,66.34064775624348
Algeria,2023-07,58.30260084651496
Algeria,2023-08,64.44088584016781
Algeria,2023-09,65.5500245014935
Algeria,2023-10,64.86657719237736
Algeria,2023-11,68.34292164641997
Algeria,2023-12,66.88486256638807
Algeria,2024-01,63.61423592939978
Algeria,2024-02,64.43016919047105
Algeria,2024-03,61.024735397673986
Algeria,2024-04,62.43610913532526
Algeria,2024-05,56.984955011942176
Algeria,2024-06,62.38830127415286
Algeria,2024-07,62.72887055876046
Algeria,2024-08,63.79862796047414
Algeria,2024-09,63.5080217707288
Algeria,2024-10,67.48322671850678
Algeria,2024-11,70.89440753927062
Algeria,2024-12,63.30310067248274
Algeria,2025-01,64.61076209996408
Algeria,2025-02,71.67510546010315
Algeria,2025-03,69.16734458444854
Algeria,2025-04,70.23318028942741
Algeria,2025-05,68.02259946668045
Algeria,2025-06,63.00391252254156
Algeria,2025-07,64.80023229462897
Algeria,2025-08,63.6476496420555
Algeria,2025-09,64.72330406144678
Algeria,2025-10,62.31225708394685
Algeria,2025-11,61.32324478641391
Algeria,2025-12,47.26230408302992
Angola,2015-01,46.550778807979974
Angola,2015-02,51.525275188160094
Angola,2015-03,48.009156350983275
Angola,2015-04,44.700439581648425
Angola,2015-05,42.675555225116256
Angola,2015-06,50.92966969180211
Angola,2015-07,52.002689823142696
Angola,2015-08,47.67043455576473
Angola,2015-09,47.37796030901355
Angola,2015-10,53.3797293561629
Angola,2015-11,48.05805733526101
Angola,2015-12,55.01967683596484
Angola,2016-01,50.73288074381132
Angola,2016-02,58.122192220896586
Angola,2016-03,57.1850578830612
Angola,2016-04,56.17042990437805
Angola,2016-05,57.23931819649192
Angola,2016-06,57.07627418152594
Angola,2016-07,52.85592132327918
Angola,2016-08,47.40807129179821
Angola,2016-09,50.04419007332304
Angola,2016-10,46.83104291830114
Angola,2016-11,51.70502752220563
Angola,2016-12,43.13717014536132
Angola,2017-01,48.98629303071874
Angola,2017-02,47.32352084306908
Angola,2017-03,42.47470983771564
Angola,2017-04,41.29854575248787
Angola,2017-05,44.16226025211679
Angola,2017-06,42.77454453206441
Angola,2017-07,41.45833382039649
Angola,2017-08,34.98645164314113
Angola,2017-09,36.12980890633689
Angola,2017-10,44.680392337687564
Angola,2017-11,48.11936871389147
Angola,2017-12,47.0850670104525
Angola,2018-01,52.296409065307365
Angola,2018-02,47.78938384442857
Angola,2018-03,45.481756119709985
Angola,2018-04,43.22818699541044
Angola,2018-05,44.48509993010443
Angola,2018-06,44.442240123242115
Angola,2018-07,48.71610164266637
Angola,2018-08,48.32763780127648
Angola,2018-09,52.41893908545089
Angola,2018-10,49.60501682809039
Angola,2018-11,50.10140763872732
Angola,2018-12,48.072786982029314
Angola,2019-01,49.32940836941076
Angola,2019-02,47.724841447743735
Angola,2019-03,48.013151655646354
Angola,2019-04,53.99182525322484
Angola,2019-05,53.38689283746301
Angola,2019-06,48.77571382654261
Angola,2019-07,48.900602816551206
Angola,2019-08,53.0648655227027
Angola,2019-09,51.47305351438071
Angola,2019-10,72.69136217185185
Angola,2019-11,54.60957496317382
Angola,2019-12,69.32099159861112
Angola,2020-01,58.781097661716416
Angola,2020-02,55.252814291573046
Angola,2020-03,69.67901488444444
Angola,2020-04,77.36421971722044
Angola,2020-05,74.7695062129876
Angola,2020-06,60.681647541767795
Angola,2020-07,54.04984649687228
Angola,2020-08,52.2836961319163
Angola,2020-09,56.32196214447762
Angola,2020-10,56.74262458989263
Angola,2020-11,55.069399983460535
Angola,2020-12,55.6478428110082
Angola,2021-01,50.6412120687669
Angola,2021-02,50.71428842085884
Angola,2021-03,54.06681163355846
Angola,2021-04,53.711791922421305
Angola,2021-05,49.135979110002985
Angola,2021-06,48.011009353616345
Angola,2021-07,48.793377151041014
Angola,2021-08,47.47321486721428
Angola,2021-09,49.59691425067486
Angola,2021-10,45.74404983050594
Angola,2021-11,42.819924487302686
Angola,2021-12,43.92074404535413
Angola,2022-01,39.38596671725147
Angola,2022-02,39.7964858385569
Angola,2022-03,41.307622129260785
Angola,2022-04,43.72490094228915
Angola,2022-05,44.359893257690246
Angola,2022-06,37.32870868388552
Angola,2022-07,42.734443733978964
Angola,2022-08,41.122997035401056
Angola,2022-09,37.08074767724047
Angola,2022-10,48.10040957677318
Angola,2022-11,45.27293389021028
Angola,2022-12,44.55104836160127
Angola,2023-01,49.09029207614642
Angola,2023-02,50.22646937051364
Angola,2023-03,49.410500240334464
Angola,2023-04,45.27307148961195
Angola,2023-05,49.76852275586986
Angola,2023-06,47.40578465935514
Angola,2023-07,47.512359321060416
Angola,2023-08,47.681687703507116
Angola,2023-09,44.52702920185986
Angola,2023-10,52.09701808972935
Angola,2023-11,45.801420753100395
Angola,2023-12,43.38195339535765
Angola,2024-01,49.25224593262579
Angola,2024-02,56.22317675394397
Angola,2024-03,52.03268832745227
Angola,2024-04,50.80483165838185
Angola,2024-05,48.24339008448843
Angola,2024-06,42.74510012131001
Angola,2024-07,40.921913900395545
Angola,2024-08,48.860915591096756
Angola,2024-09,46.426038686454056
Angola,2024-10,42.76511652943818
Angola,2024-11,33.03520886263603
Angola,2024-12,40.40761253280316
Angola,2025-01,44.499581638178874
Angola,2025-02,43.345905183864716
Angola,2025-03,41.86802639081853
Angola,2025-04,50.30663120043568
Angola,2025-05,51.22650433262352
Angola,2025-06,48.796394238040364
Angola,2025-07,54.75881563719605
Angola,2025-08,46.48510029838258
Angola,2025-09,48.66867209092139
Angola,2025-10,56.348685680470034
Angola,2025-11,62.38052240840727
Angola,2025-12,36.62477674084001
Benin,2015-01,44.67213101602682
Benin,2015-02,36.323024776632295
Benin,2015-03,48.618619193093096
Benin,2015-04,45.09638616443374
Benin,2015-05,44.840358651979564
Benin,2015-06,44.22835564570891
Benin,2015-07,43.07966824862069
Benin,2015-08,45.406505564725606
Benin,2015-09,51.398079142796156
Benin,2015-10,38.91542275679602
Benin,2015-11,46.811280307548806
Benin,2015-12,41.097563592
Benin,2016-01,42.30263267583334
Benin,2016-02,50.28754338990416
Benin,2016-03,42.28388556139981
Benin,2016-04,45.63218581602809
Benin,2016-05,54.39950934531863
Benin,2016-06,49.52380865308943
Benin,2016-07,50.02214832272425
Benin,2016-08,53.29243542229039
Benin,2016-09,45.046949662500005
Benin,2016-10,54.63499315359212
Benin,2016-11,57.62448118406639
Benin,2016-12,56.494378771853924
Benin,2017-01,45.680346552742975
Benin,2017-02,43.21966013563854
Benin,2017-03,49.70498492726348
Benin,2017-04,52.95635002946428
Benin,2017-05,45.35224223563586
Benin,2017-06,47.2970208771223
Benin,2017-07,45.29262217384224
Benin,2017-08,44.18060165403568
Benin,2017-09,51.44578281114457
Benin,2017-10,53.53760808248063
Benin,2017-11,47.773154340655566
Benin,2017-12,58.69080859166203
Benin,2018-01,44.103512243807764
Benin,2018-02,46.47269451620412
Benin,2018-03,51.27186053561208
Benin,2018-04,47.29366974990403
Benin,2018-05,46.86985343472817
Benin,2018-06,37.157039991606496
Benin,2018-07,37.504243003565364
Benin,2018-08,36.0919532906366
Benin,2018-09,41.11769720098222
Benin,2018-10,35.472755989583334
Benin,2018-11,39.4705894612437
Benin,2018-12,43.213702803458396
Benin,2019-01,37.14044076101523
Benin,2019-02,43.75977263242359
Benin,2019-03,46.343950058522296
Benin,2019-04,41.75015153770067
Benin,2019-05,41.07545042621622
Benin,2019-06,38.19053548711204
Benin,2019-07,39.016394377868856
Benin,2019-08,36.88133592258795
Benin,2019-09,33.220227591849635
Benin,2019-10,37.01801328807205
Benin,2019-11,47.299054529586286
Benin,2019-12,47.74390343088228
Benin,2020-01,38.316833005806636
Benin,2020-02,40.245703030712534
Benin,2020-03,41.932992665528346
Benin,2020-04,72.2004712796711
Benin,2020-05,48.1417734049179
Benin,2020-06,42.29181796582187
Benin,2020-07,44.16408094686474
Benin,2020-08,39.96902583190501
Benin,2020-09,40.727192128775506
Benin,2020-10,38.33905652317596
Benin,2020-11,35.01515892870507
Benin,2020-12,40.241706439786974
Benin,2021-01,31.633663380521703
Benin,2021-02,31.821691138703834
Benin,2021-03,32.64653085974227
Benin,2021-04,28.540609831159056
Benin,2021-05,42.17514212038683
Benin,2021-06,41.40967055714078
Benin,2021-07,33.085714584660586
Benin,2021-08,36.37774262593366
Benin,2021-09,35.38877956120651
Benin,2021-10,34.73601740284893
Benin,2021-11,40.892263707347716
Benin,2021-12,42.03153302663514
Benin,2022-01,32.63422039786253
Benin,2022-02,32.33687454718848
Benin,2022-03,43.61817352820342
Benin,2022-04,39.20187795591549
Benin,2022-05,47.2125757444627
Benin,2022-06,42.54743814195523
Benin,2022-07,34.117365804877345
Benin,2022-08,28.578564297084135
Benin,2022-09,34.535645519518305
Benin,2022-10,38.61568575097711
Benin,2022-11,43.07397301012382
Benin,2022-12,36.196945383599314
Benin,2023-01,27.878678272168543
Benin,2023-02,28.943542750265184
Benin,2023-03,39.85841327510587
Benin,2023-04,36.934385197796665
Benin,2023-05,38.10943410996981
Benin,2023-06,41.813725545001226
Benin,2023-07,38.6103752018175
Benin,2023-08,46.02132906625102
Benin,2023-09,46.94637012327432
Benin,2023-10,45.475165864857246
Benin,2023-11,49.59537705354016
Benin,2023-12,51.90796786022315
Benin,2024-01,42.64324004300672
Benin,2024-02,46.17115633756389
Benin,2024-03,42.65320436702071
Benin,2024-04,50.81895336172364
Benin,2024-05,49.19234316078372
Benin,2024-06,49.74765333301057
Benin,2024-07,43.57575719481533
Benin,2024-08,40.496390221381844
Benin,2024-09,44.906417860700536
Benin,2024-10,41.60493932357017
Benin,2024-11,49.260479701378216
Benin,2024-12,53.127726790676085
Benin,2025-01,47.53090179186286
Benin,2025-02,49.10785765517031
Benin,2025-03,47.09677405986756
Benin,2025-04,50.49736142505787
Benin,2025-05,52.59100199077645
Benin,2025-06,51.781242420687455
Benin,2025-07,54.431154011021604
Benin,2025-08,48.550384492098296
Benin,2025-09,49.565805307639295
Benin,2025-10,47.13235366545214
Benin,2025-11,43.11641033288078
Benin,2025-12,28.44699180384001
Botswana,2015-01,63.538729893172246
Botswana,2015-02,73.49091362179395
Botswana,2015-03,80.87897977611465
Botswana,2015-04,75.89285911327427
Botswana,2015-05,69.88805778808229
Botswana,2015-06,70.82382499519039
Botswana,2015-07,61.754146730805424
Botswana,2015-08,57.552445020293845
Botswana,2015-09,63.96122123574246
Botswana,2015-10,61.25720996000666
Botswana,2015-11,56.364795259065026
Botswana,2015-12,58.09748675370406
Botswana,2016-01,55.36254100827518
Botswana,2016-02,69.00680341296886
Botswana,2016-03,61.81818205136214
Botswana,2016-04,60.645162439709416
Botswana,2016-05,60.5646212942508
Botswana,2016-06,59.79145202044676
Botswana,2016-07,60.85875543897001
Botswana,2016-08,64.92324215246248
Botswana,2016-09,63.29218473326292
Botswana,2016-10,64.25623780024802
Botswana,2016-11,62.78965271892426
Botswana,2016-12,52.763972895384086
Botswana,2017-01,56.3428598757308
Botswana,2017-02,55.165561968692884
Botswana,2017-03,56.39549614696065
Botswana,2017-04,59.8803217156411
Botswana,2017-05,56.135769304060055
Botswana,2017-06,54.19947062295552
Botswana,2017-07,55.93865195869805
Botswana,2017-08,53.70786394118214
Botswana,2017-09,50.612248078772645
Botswana,2017-10,60.8831168452358
Botswana,2017-11,65.57071966528014
Botswana,2017-12,49.55626342960046
Botswana,2018-01,44.19491607532784
Botswana,2018-02,58.03797667214923
Botswana,2018-03,66.2485502098111
Botswana,2018-04,74.04699705010995
Botswana,2018-05,61.42241348151007
Botswana,2018-06,57.01891190331358
Botswana,2018-07,59.46094614143418
Botswana,2018-08,62.07842810324357
Botswana,2018-09,63.027638583856785
Botswana,2018-10,62.70833654818461
Botswana,2018-11,60.88998704150475
Botswana,2018-12,68.77132983735136
Botswana,2019-01,63.7392536608822
Botswana,2019-02,73.56533991173818
Botswana,2019-03,72.28486586999686
Botswana,2019-04,70.74962433967649
Botswana,2019-05,65.74913312823116
Botswana,2019-06,71.36000004258099
Botswana,2019-07,69.2675658187617
Botswana,2019-08,68.19149027309813
Botswana,2019-09,62.066422442663594
Botswana,2019-10,46.952999040784796
Botswana,2019-11,66.12057373871212
Botswana,2019-12,68.2825034182208
Botswana,2020-01,58.029081208361966
Botswana,2020-02,79.72222288974517
Botswana,2020-03,78.76794287139381
Botswana,2020-04,82.34094257124661
Botswana,2020-05,77.4285714832
Botswana,2020-06,83.36518157909038
Botswana,2020-07,76.59959894146031
Botswana,2020-08,71.61111169105556
Botswana,2020-09,80.22245155877812
Botswana,2020-10,72.62828579553917
Botswana,2020-11,69.97593875230284
Botswana,2020-12,65.53642228937541
Botswana,2021-01,68.65414953744009
Botswana,2021-02,81.18063792409
Botswana,2021-03,71.48319762722996
Botswana,2021-04,70.00000091201018
Botswana,2021-05,67.77922060271561
Botswana,2021-06,70.04223713754405
Botswana,2021-07,78.38084872100823
Botswana,2021-08,80.61484983283552
Botswana,2021-09,79.37209675155569
Botswana,2021-10,71.93853716941398
Botswana,2021-11,71.54672381315622
Botswana,2021-12,64.37058040892207
Botswana,2022-01,62.10145349754855
Botswana,2022-02,67.7443610411331
Botswana,2022-03,66.74584336674955
Botswana,2022-04,68.76772277128852
Botswana,2022-05,73.64526425891985
Botswana,2022-06,70.03188189079195
Botswana,2022-07,63.10797180387061
Botswana,2022-08,71.73641905997745
Botswana,2022-09,67.06349329419488
Botswana,2022-10,67.06930698515687
Botswana,2022-11,60.61463639263621
Botswana,2022-12,54.77876126472819
Botswana,2023-01,59.527898142934994
Botswana,2023-02,63.57311505619287
Botswana,2023-03,68.1617670200632
Botswana,2023-04,51.96743787692132
Botswana,2023-05,59.508414847832704
Botswana,2023-06,59.3278467579994
Botswana,2023-07,57.54573097938703
Botswana,2023-08,66.66666921255694
Botswana,2023-09,62.41162191031231
Botswana,2023-10,56.25356765465055
Botswana,2023-11,54.63575899497807
Botswana,2023-12,43.485402283062335
Botswana,2024-01,55.25252899171007
Botswana,2024-02,60.31593621010988
Botswana,2024-03,62.8530721403018
Botswana,2024-04,48.64774761484799
Botswana,2024-05,49.95549283929328
Botswana,2024-06,62.486112648821624
Botswana,2024-07,58.89192768899272
Botswana,2024-08,61.74446862256429
Botswana,2024-09,64.17274933695029
Botswana,2024-10,61.547474394245675
Botswana,2024-11,69.37499652544182
Botswana,2024-12,63.57239541575101
Botswana,2025-01,65.10172192143315
Botswana,2025-02,74.06711245778315
Botswana,2025-03,65.51266386390833
Botswana,2025-04,75.5486222909936
Botswana,2025-05,77.62260136766808
Botswana,2025-06,75.01207636539854
Botswana,2025-07,64.4444447836077
Botswana,2025-08,68.19371939686478
Botswana,2025-09,64.41610886433556
Botswana,2025-10,66.85354758729495
Botswana,2025-11,70.32584308390537
Botswana,2025-12,85.71661450181813
Burkina-Faso,2015-01,47.28051359804792
Burkina-Faso,2015-02,50.09565814710817
Burkina-Faso,2015-03,55.6903777065551
Burkina-Faso,2015-04,47.223442060326775
Burkina-Faso,2015-05,49.86217235586917
Burkina-Faso,2015-06,48.95075082542123
Burkina-Faso,2015-07,56.362969515061785
Burkina-Faso,2015-08,34.5825774684238
Burkina-Faso,2015-09,43.50106327559393
Burkina-Faso,2015-10,48.394495198817296
Burkina-Faso,2015-11,49.613558361997946
Burkina-Faso,2015-12,42.2091322406112
Burkina-Faso,2016-01,45.599760268981306
Burkina-Faso,2016-02,52.92667560803355
Burkina-Faso,2016-03,50.858103929952925
Burkina-Faso,2016-04,59.7812879240261
Burkina-Faso,2016-05,53.44360067098913
Burkina-Faso,2016-06,50.60273937035234
Burkina-Faso,2016-07,46.68822766930593
Burkina-Faso,2016-08,45.573123014413106
Burkina-Faso,2016-09,50.50772578041173
Burkina-Faso,2016-10,58.86696591845837
Burkina-Faso,2016-11,58.02757181718885
Burkina-Faso,2016-12,46.72225193556697
Burkina-Faso,2017-01,49.588853430229804
Burkina-Faso,2017-02,45.40632512294551
Burkina-Faso,2017-03,51.71860343583626
Burkina-Faso,2017-04,52.98140275396465
Burkina-Faso,2017-05,54.844421998707524
Burkina-Faso,2017-06,51.29135602927702
Burkina-Faso,2017-07,49.65015909831262
Burkina-Faso,2017-08,37.80545214639012
Burkina-Faso,2017-09,51.61975267162768
Burkina-Faso,2017-10,44.84741610386559
Burkina-Faso,2017-11,45.33238522760684
Burkina-Faso,2017-12,55.942111955548526
Burkina-Faso,2018-01,51.705756202454765
Burkina-Faso,2018-02,48.408600693380734
Burkina-Faso,2018-03,48.421053426599784
Burkina-Faso,2018-04,57.41725197677008
Burkina-Faso,2018-05,53.77349467742461
Burkina-Faso,2018-06,56.523648549767884
Burkina-Faso,2018-07,39.03077189284258
Burkina-Faso,2018-08,44.56075561307366
Burkina-Faso,2018-09,44.90147753147913
Burkina-Faso,2018-10,50.23164105200351
Burkina-Faso,2018-11,55.71658534863449
Burkina-Faso,2018-12,59.27795949658308
Burkina-Faso,2019-01,51.88333396357029
Burkina-Faso,2019-02,49.83597979603704
Burkina-Faso,2019-03,40.34146327063755
Burkina-Faso,2019-04,48.15326164480867
Burkina-Faso,2019-05,47.20391822972685
Burkina-Faso,2019-06,45.4941116695131
Burkina-Faso,2019-07,49.91506421325903
Burkina-Faso,2019-08,41.32614271487309
Burkina-Faso,2019-09,45.48574870036446
Burkina-Faso,2019-10,49.6977897902977
Burkina-Faso,2019-11,52.42813174814192
Burkina-Faso,2019-12,46.698843779266404
Burkina-Faso,2020-01,42.767444439516275
Burkina-Faso,2020-02,45.8581481147918
Burkina-Faso,2020-03,55.18020263454734
Burkina-Faso,2020-04,67.76364737639429
Burkina-Faso,2020-05,44.39582443247442
Burkina-Faso,2020-06,61.234570099380136
Burkina-Faso,2020-07,51.526339435695846
Burkina-Faso,2020-08,43.69763881876901
Burkina-Faso,2020-09,51.81630994629631
Burkina-Faso,2020-10,49.58495010351184
Burkina-Faso,2020-11,44.581559912245865
Burkina-Faso,2020-12,41.010565059338546
Burkina-Faso,2021-01,41.346243851095664
Burkina-Faso,2021-02,42.81573535547161
Burkina-Faso,2021-03,43.69971974014053
Burkina-Faso,2021-04,48.17214266711406
Burkina-Faso,2021-05,50.26118012076274
Burkina-Faso,2021-06,50.54283685311669
Burkina-Faso,2021-07,47.841165003570666
Burkina-Faso,2021-08,39.92461457952146
Burkina-Faso,2021-09,48.68183474263457
Burkina-Faso,2021-10,44.74373816887611
Burkina-Faso,2021-11,54.04248162086466
Burkina-Faso,2021-12,41.08779417297901
Burkina-Faso,2022-01,44.332619734165796
Burkina-Faso,2022-02,43.410741786169126
Burkina-Faso,2022-03,47.041877961962534
Burkina-Faso,2022-04,46.34598278208584
Burkina-Faso,2022-05,55.48690827079055
Burkina-Faso,2022-06,49.09300194453639
Burkina-Faso,2022-07,49.33333481814643
Burkina-Faso,2022-08,43.39542914596824
Burkina-Faso,2022-09,38.988550535217804
Burkina-Faso,2022-10,44.55819961703741
Burkina-Faso,2022-11,50.686489195053625
Burkina-Faso,2022-12,50.211865925506594
Burkina-Faso,2023-01,49.067182681127605
Burkina-Faso,2023-02,42.86969225521418
Burkina-Faso,2023-03,47.1635847301175
Burkina-Faso,2023-04,46.64746200351207
Burkina-Faso,2023-05,46.19528623667881
Burkina-Faso,2023-06,46.36395662301884
Burkina-Faso,2023-07,38.560946010669994
Burkina-Faso,2023-08,36.6842480236825
Burkina-Faso,2023-09,44.82267076303409
Burkina-Faso,2023-10,44.75840733017493
Burkina-Faso,2023-11,44.51727826611545
Burkina-Faso,2023-12,49.059305364525926
Burkina-Faso,2024-01,30.157143210661793
Burkina-Faso,2024-02,41.23371783051724
Burkina-Faso,2024-03,42.39239649253128
Burkina-Faso,2024-04,45.50266573827875
Burkina-Faso,2024-05,45.293677754056496
Burkina-Faso,2024-06,45.23790694849566
Burkina-Faso,2024-07,45.49942628062995
Burkina-Faso,2024-08,35.25017998906362
Burkina-Faso,2024-09,46.033497072251684
Burkina-Faso,2024-10,45.20045020642869
Burkina-Faso,2024-11,45.091617025832
Burkina-Faso,2024-12,49.901692468172634
Burkina-Faso,2025-01,43.128590883009274
Burkina-Faso,2025-02,45.125607040164
Burkina-Faso,2025-03,48.85238327707619
Burkina-Faso,2025-04,54.62505372993716
Burkina-Faso,2025-05,49.85306416430107
Burkina-Faso,2025-06,43.95687176252887
Burkina-Faso,2025-07,51.161313575398594
Burkina-Faso,2025-08,38.763462636619884
Burkina-Faso,2025-09,42.38984552352129
Burkina-Faso,2025-10,49.51269580966954
Burkina-Faso,2025-11,47.316535217778984
Burkina-Faso,2025-12,40.359898370921265
Burundi,2015-01,34.02739799334247
Burundi,2015-02,35.558912036737155
Burundi,2015-03,35.64383571999999
Burundi,2015-04,34.31192713000001
Burundi,2015-05,28.84488562
Burundi,2015-06,38.02083433
Burundi,2015-07,36.06060701
Burundi,2015-08,34.67336731
Burundi,2015-09,36.90537114
Burundi,2015-10,40.07853513
Burundi,2015-11,47.242342060000006
Burundi,2015-12,53.53448308433908
Burundi,2016-01,42.12643908
Burundi,2016-02,46.99324724
Burundi,2016-03,40.67375914
Burundi,2016-04,47.02797203
Burundi,2016-05,48.44370836
Burundi,2016-06,37.23183371
Burundi,2016-07,48.358209239701495
Burundi,2016-08,38.91238763398791
Burundi,2016-09,24.707792021980516
Burundi,2016-10,42.73437460559896
Burundi,2016-11,38.16546922446043
Burundi,2016-12,46.82310600541516
Burundi,2017-01,59.999999364828774
Burundi,2017-02,29.76109322354949
Burundi,2017-03,37.84375086
Burundi,2017-04,34.14141465652025
Burundi,2017-05,52.81457142625827
Burundi,2017-06,35.304877598353656
Burundi,2017-07,41.00719733
Burundi,2017-08,45.320513312243584
Burundi,2017-09,47.14285727
Burundi,2017-10,43.37662443
Burundi,2017-11,38.60317593504762
Burundi,2017-12,42.290503220000005
Burundi,2018-01,37.92929234149401
Burundi,2018-02,30.810057246899444
Burundi,2018-03,38.09264349000001
Burundi,2018-04,38.94894989243243
Burundi,2018-05,26.89102674346154
Burundi,2018-06,34.98039283
Burundi,2018-07,37.59197471
Burundi,2018-08,37.54777096
Burundi,2018-09,38.49858427
Burundi,2018-10,30.358054757237852
Burundi,2018-11,40.70588504698017
Burundi,2018-12,29.917355674797875
Burundi,2019-01,45.49342237
Burundi,2019-02,36.3698623
Burundi,2019-03,38.14814767592593
Burundi,2019-04,43.05466287000001
Burundi,2019-05,44.04761798928571
Burundi,2019-06,44.35986227
Burundi,2019-07,46.72672812999999
Burundi,2019-08,50.2830195
Burundi,2019-09,58.17829315
Burundi,2019-10,43.99999865
Burundi,2019-11,47.10097709000001
Burundi,2019-12,38.66666888
Burundi,2020-01,48.2802549
Burundi,2020-02,45.45751716849673
Burundi,2020-03,45.93060047
Burundi,2020-04,37.094017170598285
Burundi,2020-05,35.47945186
Burundi,2020-06,36.61538271
Burundi,2020-07,52.9745083
Burundi,2020-08,34.0372669
Burundi,2020-09,32.33146266
Burundi,2020-10,38.163842720000005
Burundi,2020-11,40.16806846
Burundi,2020-12,42.25071230267805
Burundi,2021-01,50.91633246
Burundi,2021-02,50.98901213999999
Burundi,2021-03,49.22619277866071
Burundi,2021-04,44.10448163
Burundi,2021-05,43.89175478
Burundi,2021-06,47.81862667
Burundi,2021-07,52.48768471029556
Burundi,2021-08,41.57635548999999
Burundi,2021-09,42.177985815831384
Burundi,2021-10,48.42246044
Burundi,2021-11,45.82716112
Burundi,2021-12,45.54644934
Burundi,2022-01,61.06770659
Burundi,2022-02,62.009458052651595
Burundi,2022-03,59.25925793385109
Burundi,2022-04,70.12820915841881
Burundi,2022-05,60.816324975419505
Burundi,2022-06,54.94279054
Burundi,2022-07,56.465115382399134
Burundi,2022-08,84.80000201
Burundi,2022-09,50.09615375557692
Burundi,2022-10,67.09051338
Burundi,2022-11,61.65399569347909
Burundi,2022-12,66.1603390443038
Burundi,2023-01,68.53012061686748
Burundi,2023-02,69.29577684420188
Burundi,2023-03,61.928251128834084
Burundi,2023-04,50.879631051597215
Burundi,2023-05,54.42210974999999
Burundi,2023-06,79.81072946
Burundi,2023-07,65.04425144
Burundi,2023-08,58.15899602
Burundi,2023-09,79.73895628610768
Burundi,2023-10,53.665944863817785
Burundi,2023-11,58.695651843135
Burundi,2023-12,57.48166076171945
Burundi,2024-01,52.69487547
Burundi,2024-02,58.179868260000006
Burundi,2024-03,56.30733857275229
Burundi,2024-04,52.4121748526736
Burundi,2024-05,54.96551557627587
Burundi,2024-06,73.91213652327723
Burundi,2024-07,59.166663699999994
Burundi,2024-08,65.23076707185331
Burundi,2024-09,68.65882194515677
Burundi,2024-10,69.98168688458472
Burundi,2024-11,73.69077276546541
Burundi,2024-12,65.50480861197114
Burundi,2025-01,61.49560363653959
Burundi,2025-02,70.25701131
Burundi,2025-03,55.73059848
Burundi,2025-04,64.89559182
Burundi,2025-05,59.39546484
Burundi,2025-06,63.071066959999996
Burundi,2025-07,66.98529229
Burundi,2025-08,67.01530625293783
Burundi,2025-09,63.27999776
Burundi,2025-10,66.09022576
Burundi,2025-11,72.75000049
Burundi,2025-12,49.05325675000001
Cameroon,2015-01,47.8502417818599
Cameroon,2015-02,51.33858293091863
Cameroon,2015-03,47.82608886504909
Cameroon,2015-04,46.71052587470992
Cameroon,2015-05,46.87585180201848
Cameroon,2015-06,57.603747582489966
Cameroon,2015-07,52.51708443843963
Cameroon,2015-08,53.6784742724387
Cameroon,2015-09,56.18064597763812
Cameroon,2015-10,56.620307628872794
Cameroon,2015-11,62.76334046322846
Cameroon,2015-12,53.44978100861718
Cameroon,2016-01,55.52857501585714
Cameroon,2016-02,63.72788326510069
Cameroon,2016-03,53.89901235043291
Cameroon,2016-04,63.4486168196854
Cameroon,2016-05,60.51436765698472
Cameroon,2016-06,55.334000993274735
Cameroon,2016-07,58.06709282522625
Cameroon,2016-08,56.85771979174611
Cameroon,2016-09,60.127758559713506
Cameroon,2016-10,53.51833560842914
Cameroon,2016-11,56.07128640481639
Cameroon,2016-12,66.31024143441593
Cameroon,2017-01,63.68691434770506
Cameroon,2017-02,57.71257991545892
Cameroon,2017-03,58.73779609591759
Cameroon,2017-04,64.80431691080877
Cameroon,2017-05,55.00956828208301
Cameroon,2017-06,57.801684162079546
Cameroon,2017-07,53.458074706786576
Cameroon,2017-08,44.965953401068624
Cameroon,2017-09,47.352792692873585
Cameroon,2017-10,55.2457393853822
Cameroon,2017-11,45.41069949099042
Cameroon,2017-12,57.32458380801111
Cameroon,2018-01,47.51510481394451
Cameroon,2018-02,46.95670806490536
Cameroon,2018-03,48.26555141501071
Cameroon,2018-04,46.90737244900791
Cameroon,2018-05,54.181990515893446
Cameroon,2018-06,58.29767017938786
Cameroon,2018-07,55.81733370466448
Cameroon,2018-08,50.317204691789485
Cameroon,2018-09,48.9354687016236
Cameroon,2018-10,47.5262918894099
Cameroon,2018-11,60.918413574218384
Cameroon,2018-12,48.232459662629054
Cameroon,2019-01,49.20694670703228
Cameroon,2019-02,49.12673038501822
Cameroon,2019-03,56.80577972747698
Cameroon,2019-04,54.431309842669336
Cameroon,2019-05,58.484952659829005
Cameroon,2019-06,46.34859385228447
Cameroon,2019-07,51.61759217700121
Cameroon,2019-08,50.84455327673603
Cameroon,2019-09,42.74674520277703
Cameroon,2019-10,48.51651315976128
Cameroon,2019-11,49.74017210804103
Cameroon,2019-12,54.38705275972227
Cameroon,2020-01,46.03643118476741
Cameroon,2020-02,43.890135807493316
Cameroon,2020-03,65.76670295880182
Cameroon,2020-04,64.62371689650097
Cameroon,2020-05,54.790808086406045
Cameroon,2020-06,49.95436911928053
Cameroon,2020-07,55.32104013461498
Cameroon,2020-08,47.1465305477396
Cameroon,2020-09,38.15659050607203
Cameroon,2020-10,44.35059625254734
Cameroon,2020-11,50.78031695620876
Cameroon,2020-12,44.507672145006545
Cameroon,2021-01,38.054622454922516
Cameroon,2021-02,47.48160483104084
Cameroon,2021-03,47.01694798800119
Cameroon,2021-04,39.98882678313003
Cameroon,2021-05,47.47105851459204
Cameroon,2021-06,54.52634766079365
Cameroon,2021-07,43.22648642287998
Cameroon,2021-08,49.34357553248603
Cameroon,2021-09,39.4847796548498
Cameroon,2021-10,36.367453160616726
Cameroon,2021-11,39.59718818893298
Cameroon,2021-12,34.738103614666215
Cameroon,2022-01,34.344378975836875
Cameroon,2022-02,39.45500591993414
Cameroon,2022-03,47.09272480848754
Cameroon,2022-04,34.20877552247926
Cameroon,2022-05,40.95064104650669
Cameroon,2022-06,39.735976021012554
Cameroon,2022-07,43.58548249219728
Cameroon,2022-08,35.27150856417457
Cameroon,2022-09,31.58017954913157
Cameroon,2022-10,32.90304675654854
Cameroon,2022-11,35.46256932053355
Cameroon,2022-12,32.257871563329594
Cameroon,2023-01,31.19712305629701
Cameroon,2023-02,33.96861704004287
Cameroon,2023-03,32.851742304171225
Cameroon,2023-04,30.311190169694793
Cameroon,2023-05,34.29668860184346
Cameroon,2023-06,40.75880771074557
Cameroon,2023-07,34.71167838040515
Cameroon,2023-08,33.10365034999708
Cameroon,2023-09,32.68938158408473
Cameroon,2023-10,34.31015527941167
Cameroon,2023-11,38.653322760415804
Cameroon,2023-12,36.8256677897689
Cameroon,2024-01,33.546483468201195
Cameroon,2024-02,46.169455864508016
Cameroon,2024-03,44.09367419148602
Cameroon,2024-04,49.00309027608426
Cameroon,2024-05,36.62427771311789
Cameroon,2024-06,43.224232628420694
Cameroon,2024-07,43.546327651307266
Cameroon,2024-08,38.46369704757247
Cameroon,2024-09,38.84554834525181
Cameroon,2024-10,33.721223296608194
Cameroon,2024-11,42.90053130281436
Cameroon,2024-12,51.487635198871985
Cameroon,2025-01,48.836066669514814
Cameroon,2025-02,39.68733704138203
Cameroon,2025-03,39.602684250767894
Cameroon,2025-04,54.14856727824803
Cameroon,2025-05,44.74624828353976
Cameroon,2025-06,41.83951599076836
Cameroon,2025-07,44.18239000618079
Cameroon,2025-08,44.19639514763794
Cameroon,2025-09,45.96064909794834
Cameroon,2025-10,47.90267401003427
Cameroon,2025-11,55.19291250086852
Cameroon,2025-12,39.19698343950579
Cape Verde,2015-01,31.534090904232958
Cape Verde,2015-02,34.350650343603895
Cape Verde,2015-03,45.29616725226481
Cape Verde,2015-04,49.28315412415771
Cape Verde,2015-05,24.226804127628867
Cape Verde,2015-06,41.844661180841435
Cape Verde,2015-07,46.41975120351852
Cape Verde,2015-08,29.40062995097792
Cape Verde,2015-09,24.226804127628867
Cape Verde,2015-10,39.09967797067524
Cape Verde,2015-11,43.8487967238488
Cape Verde,2015-12,41.02473713978798
Cape Verde,2016-01,37.16216216391892
Cape Verde,2016-02,24.74226803628866
Cape Verde,2016-03,24.74226803628866
Cape Verde,2016-04,24.74226803628866
Cape Verde,2016-05,24.74226803628866
Cape Verde,2016-06,22.499999996399996
Cape Verde,2016-07,23.195876289278353
Cape Verde,2016-08,24.226804127628867
Cape Verde,2016-09,24.226804127628867
Cape Verde,2016-10,24.226804127628867
Cape Verde,2016-11,24.226804127628867
Cape Verde,2016-12,24.226804127628867
Cape Verde,2017-01,24.226804127628867
Cape Verde,2017-02,24.226804127628867
Cape Verde,2017-03,23.195876289278353
Cape Verde,2017-04,23.437499997083332
Cape Verde,2017-05,23.437499997083332
Cape Verde,2017-06,23.195876289278353
Cape Verde,2017-07,23.195876289278353
Cape Verde,2017-08,23.195876289278353
Cape Verde,2017-09,23.437499997083332
Cape Verde,2017-10,23.437499997083332
Cape Verde,2017-11,23.195876289278353
Cape Verde,2017-12,27.282608854021735
Cape Verde,2018-01,38.96385468289157
Cape Verde,2018-02,37.86571179734594
Cape Verde,2018-03,39.589846133535154
Cape Verde,2018-04,42.316831082970296
Cape Verde,2018-05,23.195876289278353
Cape Verde,2018-06,39.01515151280304
Cape Verde,2018-07,35.580587137227035
Cape Verde,2018-08,42.49091131281818
Cape Verde,2018-09,23.195876289278353
Cape Verde,2018-10,42.891343262836095
Cape Verde,2018-11,44.54720557549133
Cape Verde,2018-12,50.25262772509473
Cape Verde,2019-01,34.72698869219968
Cape Verde,2019-02,36.39860403770979
Cape Verde,2019-03,35.6680198242915
Cape Verde,2019-04,40.771994423913824
Cape Verde,2019-05,41.69811474566038
Cape Verde,2019-06,41.83774958096026
Cape Verde,2019-07,45.51118402872204
Cape Verde,2019-08,41.0714319725
Cape Verde,2019-09,43.096331286123856
Cape Verde,2019-10,38.888888849256425
Cape Verde,2019-11,35.03448404456896
Cape Verde,2019-12,45.00881830645503
Cape Verde,2020-01,46.32270394093809
Cape Verde,2020-02,43.97683622459459
Cape Verde,2020-03,42.00782324764228
Cape Verde,2020-04,63.6512703799702
Cape Verde,2020-05,49.85652838855093
Cape Verde,2020-06,41.52394683204645
Cape Verde,2020-07,47.68817283303763
Cape Verde,2020-08,33.91478027233022
Cape Verde,2020-09,31.117480668166188
Cape Verde,2020-10,41.45038182412214
Cape Verde,2020-11,36.49933978018494
Cape Verde,2020-12,37.81874095877112
Cape Verde,2021-01,40.9999995925
Cape Verde,2021-02,37.66721243970636
Cape Verde,2021-03,41.049798079221574
Cape Verde,2021-04,43.09744813016241
Cape Verde,2021-05,31.676472356691175
Cape Verde,2021-06,43.13066033376456
Cape Verde,2021-07,40.89533588273643
Cape Verde,2021-08,35.88377684687652
Cape Verde,2021-09,35.56231162942249
Cape Verde,2021-10,41.00689947448276
Cape Verde,2021-11,51.515150825050505
Cape Verde,2021-12,35.7981950376506
Cape Verde,2022-01,39.734041813510636
Cape Verde,2022-02,44.75291007911337
Cape Verde,2022-03,60.213475547751834
Cape Verde,2022-04,51.933963085579514
Cape Verde,2022-05,40.82536046665072
Cape Verde,2022-06,58.356530690775344
Cape Verde,2022-07,67.42744244186676
Cape Verde,2022-08,51.798217135415236
Cape Verde,2022-09,41.71898262164424
Cape Verde,2022-10,43.21688564442505
Cape Verde,2022-11,39.29178531951841
Cape Verde,2022-12,35.05763835319852
Cape Verde,2023-01,40.15736872871245
Cape Verde,2023-02,52.34271800774834
Cape Verde,2023-03,42.86852870988048
Cape Verde,2023-04,58.777699992946125
Cape Verde,2023-05,43.90703458066583
Cape Verde,2023-06,46.4416063005292
Cape Verde,2023-07,57.17312440916466
Cape Verde,2023-08,42.61935671
Cape Verde,2023-09,48.06329365287975
Cape Verde,2023-10,57.24010023480918
Cape Verde,2023-11,54.24933075951073
Cape Verde,2023-12,57.60937392848437
Cape Verde,2024-01,46.25637871446428
Cape Verde,2024-02,47.7808067437032
Cape Verde,2024-03,46.7166218476383
Cape Verde,2024-04,51.261746456375846
Cape Verde,2024-05,47.1307748341054
Cape Verde,2024-06,46.537951685752326
Cape Verde,2024-07,48.87466225076145
Cape Verde,2024-08,42.96631134792112
Cape Verde,2024-09,43.546206319038326
Cape Verde,2024-10,42.42187369061311
Cape Verde,2024-11,47.26472755116562
Cape Verde,2024-12,40.385990312917535
Cape Verde,2025-01,49.193434404068526
Cape Verde,2025-02,38.50082541726524
Cape Verde,2025-03,49.20216862099922
Cape Verde,2025-04,47.01566390037923
Cape Verde,2025-05,49.10742411185624
Cape Verde,2025-06,54.08146288458854
Cape Verde,2025-07,51.213961707405154
Cape Verde,2025-08,48.514682724283254
Cape Verde,2025-09,59.0008074
Cape Verde,2025-10,50.308340349145055
Cape Verde,2025-11,61.2180048862062
Cape Verde,2025-12,38.07635902267254
Central African Republic,2015-01,78.30708749362846
Central African Republic,2015-02,38.57143053
Central African Republic,2015-03,53.27103160000001
Central African Republic,2015-04,65.50633771199294
Central African Republic,2015-05,74.99999742
Central African Republic,2015-06,61.21951545
Central African Republic,2015-07,69.02655288999999
Central African Republic,2015-08,45.63380227999999
Central African Republic,2015-09,82.68292821999998
Central African Republic,2015-10,72.85714377
Central African Republic,2015-11,85.96491395
Central African Republic,2015-12,63.9516144071099
Central African Republic,2016-01,54.48000183
Central African Republic,2016-02,75.35432981
Central African Republic,2016-03,55.87719783
Central African Republic,2016-04,63.87096605
Central African Republic,2016-05,46.356592070012624
Central African Republic,2016-06,40.82192134
Central African Republic,2016-07,80.24194202
Central African Republic,2016-08,91.66666685646734
Central African Republic,2016-09,93.96226361
Central African Republic,2016-10,64.18033115
Central African Republic,2016-11,86.52173829999998
Central African Republic,2016-12,61.578945739999995
Central African Republic,2017-01,72.64705663
Central African Republic,2017-02,52.24138046
Central African Republic,2017-03,92.6400034
Central African Republic,2017-04,116.37795460000001
Central African Republic,2017-05,83.39869259189543
Central African Republic,2017-06,54.31372386862744
Central African Republic,2017-07,101.35135379999998
Central African Republic,2017-08,48.97058939
Central African Republic,2017-09,76.73913379
Central African Republic,2017-10,83.82550518120806
Central African Republic,2017-11,79.79729772
Central African Republic,2017-12,63.243236409999994
Central African Republic,2018-01,59.13580097
Central African Republic,2018-02,55.53333488999999
Central African Republic,2018-03,56.72316268000001
Central African Republic,2018-04,51.58940325
Central African Republic,2018-05,54.70588688
Central African Republic,2018-06,67.19512523
Central African Republic,2018-07,36.06451627
Central African Republic,2018-08,44.143426467251
Central African Republic,2018-09,35.85585782012012
Central African Republic,2018-10,34.345048
Central African Republic,2018-11,39.9999999
Central African Republic,2018-12,47.96407472999999
Central African Republic,2019-01,45.93123220999999
Central African Republic,2019-02,37.42753638956522
Central African Republic,2019-03,49.79228450000001
Central African Republic,2019-04,59.05013286154753
Central African Republic,2019-05,52.47950818000001
Central African Republic,2019-06,41.52597746659091
Central African Republic,2019-07,39.26952216
Central African Republic,2019-08,33.427835002448454
Central African Republic,2019-09,35.84905801552561
Central African Republic,2019-10,39.76293278
Central African Republic,2019-11,42.89044478
Central African Republic,2019-12,40.76677527
Central African Republic,2020-01,64.07692203
Central African Republic,2020-02,71.46843106073112
Central African Republic,2020-03,77.89808754563622
Central African Republic,2020-04,90.8653889255
Central African Republic,2020-05,80.02638546799471
Central African Republic,2020-06,78.39260657989082
Central African Republic,2020-07,70.89761725
Central African Republic,2020-08,53.43167596770186
Central African Republic,2020-09,57.582731659856115
Central African Republic,2020-10,63.636365895937665
Central African Republic,2020-11,57.81115878
Central African Republic,2020-12,64.43708767
Central African Republic,2021-01,59.713468950825956
Central African Republic,2021-02,57.263466570000006
Central African Republic,2021-03,50.62914012913906
Central African Republic,2021-04,63.05795315879909
Central African Republic,2021-05,63.076928386870925
Central African Republic,2021-06,72.51596456985952
Central African Republic,2021-07,62.79314698181818
Central African Republic,2021-08,53.97208106
Central African Republic,2021-09,54.71626677999999
Central African Republic,2021-10,64.56209451
Central African Republic,2021-11,67.66073977976204
Central African Republic,2021-12,58.105551275236806
Central African Republic,2022-01,62.41839912
Central African Republic,2022-02,63.12782050711278
Central African Republic,2022-03,70.67775086
Central African Republic,2022-04,72.36948243374833
Central African Republic,2022-05,77.6211478798238
Central African Republic,2022-06,67.70318211189046
Central African Republic,2022-07,96.34454245366574
Central African Republic,2022-08,67.77397419
Central African Republic,2022-09,69.37409162532752
Central African Republic,2022-10,69.12813722021136
Central African Republic,2022-11,71.27007832245256
Central African Republic,2022-12,67.68094764
Central African Republic,2023-01,71.87088516378344
Central African Republic,2023-02,67.12328789118722
Central African Republic,2023-03,51.96560706
Central African Republic,2023-04,48.42246089
Central African Republic,2023-05,59.49425418142529
Central African Republic,2023-06,46.05700759843231
Central African Republic,2023-07,40.072819100000004
Central African Republic,2023-08,44.09871460000001
Central African Republic,2023-09,47.93911125014052
Central African Republic,2023-10,51.386139416584165
Central African Republic,2023-11,56.92722404999999
Central African Republic,2023-12,57.34042246
Central African Republic,2024-01,63.862069999908044
Central African Republic,2024-02,58.94736685
Central African Republic,2024-03,50.35176026
Central African Republic,2024-04,53.00926025
Central African Republic,2024-05,56.43031924
Central African Republic,2024-06,48.868780109999996
Central African Republic,2024-07,57.70526675
Central African Republic,2024-08,67.85024238
Central African Republic,2024-09,68.86198492
Central African Republic,2024-10,62.58772130999999
Central African Republic,2024-11,64.47837468
Central African Republic,2024-12,64.66981038
Central African Republic,2025-01,52.45119326
Central African Republic,2025-02,65.99531821
Central African Republic,2025-03,74.51063633
Central African Republic,2025-04,81.85615307
Central African Republic,2025-05,59.557400242544944
Central African Republic,2025-06,60.44540577000001
Central African Republic,2025-07,60.25490396
Central African Republic,2025-08,69.35267864
Central African Republic,2025-09,69.31034411
Central African Republic,2025-10,67.18686033
Central African Republic,2025-11,77.79816552999999
Central African Republic,2025-12,43.2071278
Chad,2015-01,20.952381407142855
Chad,2015-02,16.29629665
Chad,2015-03,23.333333925203544
Chad,2015-04,14.736843108473687
Chad,2015-05,23.33333333
Chad,2015-06,21.21212121818182
Chad,2015-07,37.272727491892205
Chad,2015-08,33.33333333380953
Chad,2015-09,36.36363635954546
Chad,2015-10,23.33333333
Chad,2015-11,37.27272640802335
Chad,2015-12,35.65217412144595
Chad,2016-01,29.67741951
Chad,2016-02,23.99999936
Chad,2016-03,45.75757691
Chad,2016-04,20.78431401
Chad,2016-05,17.69230778
Chad,2016-06,57.8125
Chad,2016-07,65.69620355443038
Chad,2016-08,53.10345353747127
Chad,2016-09,61.88679461509434
Chad,2016-10,93.66973037
Chad,2016-11,45.05747653
Chad,2016-12,59.52380952
Chad,2017-01,57.17647328
Chad,2017-02,47.8461559
Chad,2017-03,31.442307969534887
Chad,2017-04,58.57143174738095
Chad,2017-05,73.5384640307657
Chad,2017-06,45.60975912707876
Chad,2017-07,70.67961184
Chad,2017-08,54.00000571999999
Chad,2017-09,69.11392816
Chad,2017-10,59.13043333
Chad,2017-11,69.63855445
Chad,2017-12,57.53623436956523
Chad,2018-01,86.07595057000002
Chad,2018-02,67.09677276
Chad,2018-03,66.53846472
Chad,2018-04,50.26666673
Chad,2018-05,62.16216602887181
Chad,2018-06,60.451978208868766
Chad,2018-07,68.58757579
Chad,2018-08,65.35484068
Chad,2018-09,66.66667245000001
Chad,2018-10,60.516130999999994
Chad,2018-11,53.13187011893688
Chad,2018-12,85.47945545424656
Chad,2019-01,53.60360532
Chad,2019-02,54.80769230551282
Chad,2019-03,46.44787615
Chad,2019-04,42.56830476
Chad,2019-05,50.96774101584394
Chad,2019-06,47.99999925298191
Chad,2019-07,52.79279357
Chad,2019-08,47.32876934
Chad,2019-09,49.44444444
Chad,2019-10,54.861880134189896
Chad,2019-11,43.64197459999999
Chad,2019-12,54.40993813
Chad,2020-01,54.906833242722804
Chad,2020-02,72.25424103838625
Chad,2020-03,83.90151967124913
Chad,2020-04,102.89974263360433
Chad,2020-05,88.84553366209755
Chad,2020-06,79.7435933956142
Chad,2020-07,77.50442235106195
Chad,2020-08,63.918921569999995
Chad,2020-09,75.95505446597683
Chad,2020-10,66.37417630839366
Chad,2020-11,55.588756504645445
Chad,2020-12,78.86148267870966
Chad,2021-01,65.06986313963377
Chad,2021-02,57.386141110000004
Chad,2021-03,54.969319539999994
Chad,2021-04,57.49611357558977
Chad,2021-05,72.87619563790476
Chad,2021-06,71.49046624273831
Chad,2021-07,71.14018805897501
Chad,2021-08,62.72566589
Chad,2021-09,60.86655324157994
Chad,2021-10,76.27586101751723
Chad,2021-11,69.42760967964645
Chad,2021-12,60.53191719
Chad,2022-01,72.12851268
Chad,2022-02,64.15662804313254
Chad,2022-03,71.98214258571429
Chad,2022-04,64.84052325
Chad,2022-05,70.09823692
Chad,2022-06,68.13747111
Chad,2022-07,70.00000003
Chad,2022-08,69.26680369
Chad,2022-09,77.94303652803798
Chad,2022-10,71.41731923
Chad,2022-11,78.21305789
Chad,2022-12,64.43414069
Chad,2023-01,59.07571543465093
Chad,2023-02,48.421053048340085
Chad,2023-03,36.821807189999994
Chad,2023-04,47.31277712
Chad,2023-05,49.943979510000005
Chad,2023-06,39.19484696
Chad,2023-07,32.126248
Chad,2023-08,32.53543283
Chad,2023-09,41.82400024
Chad,2023-10,42.92101469
Chad,2023-11,35.55869921
Chad,2023-12,36.4177221
Chad,2024-01,36.80597106
Chad,2024-02,52.42835745000001
Chad,2024-03,34.92732769
Chad,2024-04,29.584056909462742
Chad,2024-05,28.702532789999996
Chad,2024-06,42.10526434
Chad,2024-07,41.46567576
Chad,2024-08,32.67441997
Chad,2024-09,31.479592878316325
Chad,2024-10,35.49606545088445
Chad,2024-11,35.80592181
Chad,2024-12,48.03324036
Chad,2025-01,39.79021119435314
Chad,2025-02,42.78084700395949
Chad,2025-03,39.24528407
Chad,2025-04,40.81504621
Chad,2025-05,43.15044369
Chad,2025-06,38.4870874
Chad,2025-07,49.76868443
Chad,2025-08,33.00000215
Chad,2025-09,40.33182699
Chad,2025-10,39.152761170000005
Chad,2025-11,46.17333323
Chad,2025-12,34.35863924
Comoros,2015-01,5.731707083999999
Comoros,2015-02,18.10810845
Comoros,2015-03,29.26136363568182
Comoros,2015-04,15.913042815130437
Comoros,2015-05,34.388488655971216
Comoros,2015-06,53.088803088262544
Comoros,2015-07,43.97993311277591
Comoros,2015-08,28.97163282606383
Comoros,2015-09,50.22857229925715
Comoros,2015-10,40.64308485482315
Comoros,2015-11,23.307691715884616
Comoros,2015-12,41.818184593309084
Comoros,2016-01,38.94366412394366
Comoros,2016-02,16.43678219586207
Comoros,2016-03,20.784315224
Comoros,2016-04,19.401993864717607
Comoros,2016-05,33.28267709215805
Comoros,2016-06,41.67857034042857
Comoros,2016-07,31.348313464044942
Comoros,2016-08,37.29508196401639
Comoros,2016-09,36.451615717050686
Comoros,2016-10,36.23853210518348
Comoros,2016-11,45.95744680800001
Comoros,2016-12,48.11110885388889
Comoros,2017-01,48.48276072941379
Comoros,2017-02,47.450980396000006
Comoros,2017-03,53.17241405768965
Comoros,2017-04,46.02006766
Comoros,2017-05,46.923080496187296
Comoros,2017-06,44.84107709621027
Comoros,2017-07,51.902439771
Comoros,2017-08,40.09732527360097
Comoros,2017-09,47.38636450071022
Comoros,2017-10,42.660334902232776
Comoros,2017-11,43.20158374029644
Comoros,2017-12,40.342465923698626
Comoros,2018-01,37.37843615915434
Comoros,2018-02,32.39179884833714
Comoros,2018-03,46.60147035481662
Comoros,2018-04,50.96703497727473
Comoros,2018-05,53.397132109043056
Comoros,2018-06,52.450000765824996
Comoros,2018-07,29.616369068235294
Comoros,2018-08,47.73223959860656
Comoros,2018-09,35.31986712121212
Comoros,2018-10,26.84210686585263
Comoros,2018-11,43.938619707672636
Comoros,2018-12,40.20512996907693
Comoros,2019-01,37.54430457063291
Comoros,2019-02,40.06651985915743
Comoros,2019-03,31.90990825654054
Comoros,2019-04,28.205128203626373
Comoros,2019-05,39.83050847616526
Comoros,2019-06,39.97652508244896
Comoros,2019-07,35.64792343804401
Comoros,2019-08,53.535033340000005
Comoros,2019-09,36.61625939576559
Comoros,2019-10,31.441123708471
Comoros,2019-11,34.38077493175601
Comoros,2019-12,34.805653707756186
Comoros,2020-01,32.212390052955755
Comoros,2020-02,37.11729561749503
Comoros,2020-03,32.86624255
Comoros,2020-04,43.98413037419048
Comoros,2020-05,38.28813584984746
Comoros,2020-06,38.51485271
Comoros,2020-07,49.45122013
Comoros,2020-08,41.41777053
Comoros,2020-09,36.76954704
Comoros,2020-10,44.94330996675737
Comoros,2020-11,37.34693916
Comoros,2020-12,49.23303655
Comoros,2021-01,32.21333415
Comoros,2021-02,44.15151423
Comoros,2021-03,42.031250003531255
Comoros,2021-04,43.832753672195125
Comoros,2021-05,44.50160468
Comoros,2021-06,54.84018456054794
Comoros,2021-07,56.11353711999998
Comoros,2021-08,48.18181961905956
Comoros,2021-09,44.358973494188035
Comoros,2021-10,63.012045740000005
Comoros,2021-11,48.40236845999999
Comoros,2021-12,37.02786545
Comoros,2022-01,43.68217121
Comoros,2022-02,38.18929902
Comoros,2022-03,67.12264227
Comoros,2022-04,52.5957489
Comoros,2022-05,46.08888922293333
Comoros,2022-06,74.78873382422535
Comoros,2022-07,61.04045796036564
Comoros,2022-08,43.39285919
Comoros,2022-09,60.98654676
Comoros,2022-10,27.084871150000005
Comoros,2022-11,43.86861202
Comoros,2022-12,33.86792597
Comoros,2023-01,43.40909394
Comoros,2023-02,44.20833588
Comoros,2023-03,60.82143068659469
Comoros,2023-04,45.22875618
Comoros,2023-05,45.298011730000006
Comoros,2023-06,43.380950969999994
Comoros,2023-07,50.81081455000001
Comoros,2023-08,44.72906742
Comoros,2023-09,56.80723176
Comoros,2023-10,33.58381525
Comoros,2023-11,39.33735124
Comoros,2023-12,53.937499079999995
Comoros,2024-01,42.57425896
Comoros,2024-02,63.15789697
Comoros,2024-03,52.54777191248407
Comoros,2024-04,42.26994193
Comoros,2024-05,56.06667026
Comoros,2024-06,53.01204589
Comoros,2024-07,66.02339717
Comoros,2024-08,46.3333346
Comoros,2024-09,37.94117675
Comoros,2024-10,48.77862566
Comoros,2024-11,40.13513745
Comoros,2024-12,40.47120378999999
Comoros,2025-01,41.61073906
Comoros,2025-02,72.44318791
Comoros,2025-03,58.57143002658385
Comoros,2025-04,54.491017539999994
Comoros,2025-05,44.77987469
Comoros,2025-06,30.41176403
Comoros,2025-07,51.47435849
Comoros,2025-08,46.07143027000001
Comoros,2025-09,42.70073271
Comoros,2025-10,34.61538545
Comoros,2025-11,51.36000156000001
Comoros,2025-12,90.00000149
Congo,2015-01,43.93490806498833
Congo,2015-02,44.9999990830178
Congo,2015-03,46.21082302765259
Congo,2015-04,43.32352623681193
Congo,2015-05,44.52662629886407
Congo,2015-06,32.281877126933075
Congo,2015-07,43.85964710354418
Congo,2015-08,43.45132425677303
Congo,2015-09,44.99999697819669
Congo,2015-10,46.37982066456973
Congo,2015-11,45.7272712441946
Congo,2015-12,44.741378225747134
Congo,2016-01,43.196479806451606
Congo,2016-02,47.32240412755251
Congo,2016-03,52.190721214587626
Congo,2016-04,53.33333231555556
Congo,2016-05,49.28767119473972
Congo,2016-06,53.936170583281765
Congo,2016-07,45.238093698375344
Congo,2016-08,49.480519041818894
Congo,2016-09,45.88397596968016
Congo,2016-10,49.01595679836228
Congo,2016-11,57.11340025561856
Congo,2016-12,54.06947698467547
Congo,2017-01,61.69999748772499
Congo,2017-02,58.147206346294425
Congo,2017-03,43.80530698843116
Congo,2017-04,51.92824853867713
Congo,2017-05,50.649350027116874
Congo,2017-06,57.71226107169811
Congo,2017-07,58.7089700317943
Congo,2017-08,60.85846706058493
Congo,2017-09,55.89999270072569
Congo,2017-10,56.67469639739759
Congo,2017-11,56.68304499846245
Congo,2017-12,62.88503018272522
Congo,2018-01,60.3519651017642
Congo,2018-02,59.9634388456817
Congo,2018-03,60.16161350220627
Congo,2018-04,68.80073810897797
Congo,2018-05,57.54716964843911
Congo,2018-06,54.19688957714709
Congo,2018-07,52.0646331572276
Congo,2018-08,59.58000011162423
Congo,2018-09,62.06766914004897
Congo,2018-10,56.838843250194664
Congo,2018-11,56.203703529988786
Congo,2018-12,47.690801940184386
Congo,2019-01,48.052738450677914
Congo,2019-02,50.348836504263566
Congo,2019-03,52.010870497775564
Congo,2019-04,55.0483568918645
Congo,2019-05,59.415925794831864
Congo,2019-06,58.24686623680164
Congo,2019-07,59.34782771558685
Congo,2019-08,54.16666648674242
Congo,2019-09,67.6156541222598
Congo,2019-10,60.16917103741739
Congo,2019-11,57.64344578335633
Congo,2019-12,56.93359319025802
Congo,2020-01,61.87155806684016
Congo,2020-02,69.68944050553449
Congo,2020-03,84.9733772086604
Congo,2020-04,87.18421320682617
Congo,2020-05,89.6125652658975
Congo,2020-06,75.53939668857706
Congo,2020-07,82.13733262030948
Congo,2020-08,78.9070681083928
Congo,2020-09,78.39249912534899
Congo,2020-10,73.1415599846691
Congo,2020-11,61.760001754707375
Congo,2020-12,73.6194335728794
Congo,2021-01,66.44444481760684
Congo,2021-02,71.30832820160856
Congo,2021-03,59.99999929056836
Congo,2021-04,71.57473934230804
Congo,2021-05,66.84765104494818
Congo,2021-06,62.84219967094663
Congo,2021-07,64.77624914129767
Congo,2021-08,60.510441317930564
Congo,2021-09,63.61858242927316
Congo,2021-10,65.09212967919598
Congo,2021-11,71.97664928889427
Congo,2021-12,68.6252182536289
Congo,2022-01,74.62365511284277
Congo,2022-02,71.27460030675357
Congo,2022-03,74.97797363638976
Congo,2022-04,78.82758627279026
Congo,2022-05,72.1557486722812
Congo,2022-06,73.11245131464648
Congo,2022-07,69.01276148097665
Congo,2022-08,65.81873072612578
Congo,2022-09,64.17986208959604
Congo,2022-10,70.30197335982929
Congo,2022-11,72.22745845595558
Congo,2022-12,66.17728410457903
Congo,2023-01,66.01213060263697
Congo,2023-02,64.58737626717956
Congo,2023-03,55.668317922904286
Congo,2023-04,59.87387459656566
Congo,2023-05,71.47179374938675
Congo,2023-06,63.455582601470425
Congo,2023-07,59.334975431375845
Congo,2023-08,63.44765377876544
Congo,2023-09,58.364661917761424
Congo,2023-10,62.90865371028183
Congo,2023-11,62.37306721159609
Congo,2023-12,55.006785247750486
Congo,2024-01,60.44943734573713
Congo,2024-02,63.5367253423592
Congo,2024-03,65.51075187300829
Congo,2024-04,60.804019712593245
Congo,2024-05,63.06547664426456
Congo,2024-06,62.798591746295465
Congo,2024-07,63.75286136683308
Congo,2024-08,67.82227794549931
Congo,2024-09,66.4069306844287
Congo,2024-10,73.29399278771263
Congo,2024-11,71.81286549651463
Congo,2024-12,63.1001235791534
Congo,2025-01,67.8395043501085
Congo,2025-02,69.24870700053381
Congo,2025-03,69.55866449765735
Congo,2025-04,76.04698586903581
Congo,2025-05,70.84051781765086
Congo,2025-06,73.45803765120509
Congo,2025-07,73.29918136698394
Congo,2025-08,70.66095438433292
Congo,2025-09,73.58452108050301
Congo,2025-10,77.50260256662852
Congo,2025-11,58.0597033367295
Congo,2025-12,83.53480157102564
Congo DRC,2015-01,31.91011294
Congo DRC,2015-02,22.8597302
Congo DRC,2015-03,27.896475712466962
Congo DRC,2015-04,26.35843745
Congo DRC,2015-05,26.29173883
Congo DRC,2015-06,23.588602240000004
Congo DRC,2015-07,33.91523777
Congo DRC,2015-08,28.058877400000004
Congo DRC,2015-09,34.54305765086116
Congo DRC,2015-10,35.070631066557624
Congo DRC,2015-11,39.126364826592535
Congo DRC,2015-12,43.97515686
Congo DRC,2016-01,38.77009838
Congo DRC,2016-02,44.07925493
Congo DRC,2016-03,37.5191431
Congo DRC,2016-04,39.8177679
Congo DRC,2016-05,35.44905687871698
Congo DRC,2016-06,39.01706056074056
Congo DRC,2016-07,47.615324320000006
Congo DRC,2016-08,36.875835807898284
Congo DRC,2016-09,38.45794440000001
Congo DRC,2016-10,34.5188292
Congo DRC,2016-11,42.19645462
Congo DRC,2016-12,38.47129627
Congo DRC,2017-01,36.716519209999994
Congo DRC,2017-02,41.80565608368382
Congo DRC,2017-03,59.273129149999995
Congo DRC,2017-04,58.53861926
Congo DRC,2017-05,59.81684953999999
Congo DRC,2017-06,74.46396975681284
Congo DRC,2017-07,74.21303689449921
Congo DRC,2017-08,66.4889702
Congo DRC,2017-09,63.01555912
Congo DRC,2017-10,63.88329649
Congo DRC,2017-11,62.379030160000006
Congo DRC,2017-12,63.4516153
Congo DRC,2018-01,65.49248750971618
Congo DRC,2018-02,58.71647564
Congo DRC,2018-03,74.51559734
Congo DRC,2018-04,67.61904655
Congo DRC,2018-05,64.89220472
Congo DRC,2018-06,61.883828779999995
Congo DRC,2018-07,55.487254179999994
Congo DRC,2018-08,62.32694937
Congo DRC,2018-09,67.78135130670418
Congo DRC,2018-10,53.372642371621325
Congo DRC,2018-11,51.52222304772192
Congo DRC,2018-12,40.24359079679488
Congo DRC,2019-01,39.01365802
Congo DRC,2019-02,49.62616972
Congo DRC,2019-03,45.90507793
Congo DRC,2019-04,51.53755761
Congo DRC,2019-05,53.39419829162191
Congo DRC,2019-06,47.72042950894623
Congo DRC,2019-07,52.53763596275269
Congo DRC,2019-08,51.62601562
Congo DRC,2019-09,70.02234314999998
Congo DRC,2019-10,60.64333937
Congo DRC,2019-11,54.92736396
Congo DRC,2019-12,59.30114477
Congo DRC,2020-01,58.01020239999999
Congo DRC,2020-02,48.370969990000006
Congo DRC,2020-03,67.75814065
Congo DRC,2020-04,69.18691570236732
Congo DRC,2020-05,70.93812396000001
Congo DRC,2020-06,61.91623171
Congo DRC,2020-07,83.0909081452828
Congo DRC,2020-08,85.2920675023641
Congo DRC,2020-09,70.32455955
Congo DRC,2020-10,73.17325858
Congo DRC,2020-11,60.6516090943786
Congo DRC,2020-12,61.38347118740947
Congo DRC,2021-01,57.72448948628571
Congo DRC,2021-02,58.50401751006024
Congo DRC,2021-03,58.964315722523935
Congo DRC,2021-04,59.37679769419943
Congo DRC,2021-05,54.68921517992985
Congo DRC,2021-06,54.635945331926266
Congo DRC,2021-07,52.672725873800005
Congo DRC,2021-08,52.62250395986536
Congo DRC,2021-09,52.733272071800194
Congo DRC,2021-10,53.34535658
Congo DRC,2021-11,58.6770435259144
Congo DRC,2021-12,59.3750005747822
Congo DRC,2022-01,63.224680350174616
Congo DRC,2022-02,54.83258731
Congo DRC,2022-03,62.5910501
Congo DRC,2022-04,80.30270249592434
Congo DRC,2022-05,67.58547244
Congo DRC,2022-06,69.91295943749516
Congo DRC,2022-07,54.93261539065568
Congo DRC,2022-08,54.51970498304287
Congo DRC,2022-09,54.474968268599824
Congo DRC,2022-10,58.72229361346351
Congo DRC,2022-11,55.85185133574436
Congo DRC,2022-12,54.935165141786136
Congo DRC,2023-01,57.43701048301619
Congo DRC,2023-02,57.488787622394064
Congo DRC,2023-03,53.461280237348994
Congo DRC,2023-04,50.949073682985926
Congo DRC,2023-05,60.314328873693896
Congo DRC,2023-06,57.243282596358576
Congo DRC,2023-07,50.763411202926335
Congo DRC,2023-08,52.598331627359954
Congo DRC,2023-09,56.82460993241275
Congo DRC,2023-10,65.28071618232029
Congo DRC,2023-11,54.79213933318462
Congo DRC,2023-12,46.7217904341537
Congo DRC,2024-01,47.677030218092945
Congo DRC,2024-02,51.998686271343374
Congo DRC,2024-03,50.25945218383988
Congo DRC,2024-04,51.55860985983628
Congo DRC,2024-05,50.627333942494396
Congo DRC,2024-06,54.333587322041126
Congo DRC,2024-07,59.24067854419661
Congo DRC,2024-08,61.78571470118132
Congo DRC,2024-09,54.73493169000726
Congo DRC,2024-10,66.52174053998641
Congo DRC,2024-11,61.063675477558974
Congo DRC,2024-12,56.44055512084609
Congo DRC,2025-01,56.66177560166169
Congo DRC,2025-02,61.15187108110784
Congo DRC,2025-03,59.73571457554751
Congo DRC,2025-04,68.03385298893653
Congo DRC,2025-05,66.54320978022092
Congo DRC,2025-06,72.40827207553144
Congo DRC,2025-07,63.59477192402614
Congo DRC,2025-08,64.57905521404965
Congo DRC,2025-09,71.4723921824922
Congo DRC,2025-10,73.44474830189853
Congo DRC,2025-11,57.46581378117889
Congo DRC,2025-12,67.26376475096137
Djibouti,2015-01,30.800000829999995
Djibouti,2015-02,39.35897809
Djibouti,2015-03,37.73809643
Djibouti,2015-04,26.567164820000002
Djibouti,2015-05,38.04347878000001
Djibouti,2015-06,43.773585
Djibouti,2015-07,34.68085198
Djibouti,2015-08,35.6410265
Djibouti,2015-09,31.750000719999996
Djibouti,2015-10,29.574468799999995
Djibouti,2015-11,36.79245328
Djibouti,2015-12,28.688524979999997
Djibouti,2016-01,30.86956584
Djibouti,2016-02,34.50980514
Djibouti,2016-03,28.86363701
Djibouti,2016-04,39.75609861000001
Djibouti,2016-05,33.41463484
Djibouti,2016-06,43.958334619999995
Djibouti,2016-07,45.47169748
Djibouti,2016-08,28.490566759999997
Djibouti,2016-09,49.63636615
Djibouti,2016-10,25.07692374
Djibouti,2016-11,47.23077371
Djibouti,2016-12,47.843136969999996
Djibouti,2017-01,40.78431457000001
Djibouti,2017-02,35.1020414
Djibouti,2017-03,47.80487898
Djibouti,2017-04,43.8095246
Djibouti,2017-05,43.24324389
Djibouti,2017-06,47.80487898
Djibouti,2017-07,46.000000830000005
Djibouti,2017-08,49.00000095
Djibouti,2017-09,36.95652226
Djibouti,2017-10,45.26315865000001
Djibouti,2017-11,36.95652226
Djibouti,2017-12,45.26315865000001
Djibouti,2018-01,46.000000830000005
Djibouti,2018-02,45.26315865000001
Djibouti,2018-03,46.48648725999999
Djibouti,2018-04,65.36585471
Djibouti,2018-05,40.0000006
Djibouti,2018-06,56.15384808
Djibouti,2018-07,50.40816336
Djibouti,2018-08,42.75862143
Djibouti,2018-09,38.57142968
Djibouti,2018-10,43.33333509
Djibouti,2018-11,45.96774232
Djibouti,2018-12,69.23077217
Djibouti,2019-01,55.64102637
Djibouti,2019-02,76.20000076
Djibouti,2019-03,70.00000039
Djibouti,2019-04,67.55555471
Djibouti,2019-05,44.878049589999996
Djibouti,2019-06,51.91489433000001
Djibouti,2019-07,75.53191692
Djibouti,2019-08,37.20930288
Djibouti,2019-09,37.94871844
Djibouti,2019-10,43.84615421
Djibouti,2019-11,53.95348793
Djibouti,2019-12,66.34146528
Djibouti,2020-01,46.38297913
Djibouti,2020-02,54.54545455
Djibouti,2020-03,40.444445079999994
Djibouti,2020-04,54.3396248
Djibouti,2020-05,40.0000006
Djibouti,2020-06,36.078432029999995
Djibouti,2020-07,49.55555598
Djibouti,2020-08,43.829788050000005
Djibouti,2020-09,58.10810811
Djibouti,2020-10,45.7142864
Djibouti,2020-11,43.24324389
Djibouti,2020-12,43.88888942
Djibouti,2021-01,44.84848543
Djibouti,2021-02,49.14285795999999
Djibouti,2021-03,48.48484921
Djibouti,2021-04,46.2500006
Djibouti,2021-05,39.50000048
Djibouti,2021-06,38.53658583
Djibouti,2021-07,39.50000048
Djibouti,2021-08,39.50000048
Djibouti,2021-09,47.7419361
Djibouti,2021-10,38.53658583
Djibouti,2021-11,39.50000048
Djibouti,2021-12,40.512821
Djibouti,2022-01,41.57894787
Djibouti,2022-02,44.84848543
Djibouti,2022-03,39.24050935
Djibouti,2022-04,57.33333429000001
Djibouti,2022-05,102.5926012
Djibouti,2022-06,45.7142864
Djibouti,2022-07,68.71794737
Djibouti,2022-08,62.121210500000004
Djibouti,2022-09,43.61111058
Djibouti,2022-10,63.67647087
Djibouti,2022-11,68.66666582
Djibouti,2022-12,57.06896494000001
Djibouti,2023-01,59.10714354
Djibouti,2023-02,44.66666579
Djibouti,2023-03,39.29577411
Djibouti,2023-04,60.185183419999994
Djibouti,2023-05,55.27272658
Djibouti,2023-06,63.95833294
Djibouti,2023-07,79.999999
Djibouti,2023-08,70.73170615
Djibouti,2023-09,64.91525335000001
Djibouti,2023-10,49.62962866000001
Djibouti,2023-11,63.51851799
Djibouti,2023-12,67.41379294000001
Djibouti,2024-01,60.14705826
Djibouti,2024-02,58.30508329
Djibouti,2024-03,32.32558079
Djibouti,2024-04,38.84057895
Djibouti,2024-05,73.61904939
Djibouti,2024-06,52.72727302
Djibouti,2024-07,56.70454502
Djibouti,2024-08,68.76033140710744
Djibouti,2024-09,47.58620591
Djibouti,2024-10,66.41509263
Djibouti,2024-11,82.70833145
Djibouti,2024-12,76.7346932
Djibouti,2025-01,103.40909149999999
Djibouti,2025-02,94.83870845
Djibouti,2025-03,97.31707282000002
Djibouti,2025-04,101.3333347
Djibouti,2025-05,107.16048963950618
Djibouti,2025-06,115.8461571
Djibouti,2025-07,79.51219431
Djibouti,2025-08,107.2727261
Djibouti,2025-09,85.33333249
Djibouti,2025-10,69.34426183
Djibouti,2025-11,55.78231552040816
Djibouti,2025-12,52.79069973000001
Egypt,2015-01,36.72595683713439
Egypt,2015-02,12.4149103
Egypt,2015-03,44.864566074903266
Egypt,2015-04,36.62995530914648
Egypt,2015-05,40.49810476916508
Egypt,2015-06,38.30533716
Egypt,2015-07,44.5868960221557
Egypt,2015-08,30.072840890000002
Egypt,2015-09,46.61806496233315
Egypt,2015-10,46.32863611
Egypt,2015-11,46.49214662
Egypt,2015-12,42.36154591170323
Egypt,2016-01,42.947181166068425
Egypt,2016-02,42.77973699
Egypt,2016-03,42.86666679
Egypt,2016-04,41.52636462
Egypt,2016-05,35.42226619
Egypt,2016-06,37.57084907
Egypt,2016-07,35.99406779
Egypt,2016-08,38.84273122
Egypt,2016-09,41.6048226
Egypt,2016-10,48.37294443999999
Egypt,2016-11,42.669404529806606
Egypt,2016-12,33.356048216141396
Egypt,2017-01,36.57060462
Egypt,2017-02,35.20143461
Egypt,2017-03,37.55120004
Egypt,2017-04,31.537786730404214
Egypt,2017-05,37.903381635276936
Egypt,2017-06,32.78564682
Egypt,2017-07,38.20305479
Egypt,2017-08,2.134615504
Egypt,2017-09,40.06329333
Egypt,2017-10,44.26559279000001
Egypt,2017-11,42.66666759000001
Egypt,2017-12,43.50669012
Egypt,2018-01,45.90876177
Egypt,2018-02,34.18124006
Egypt,2018-03,36.29488250595484
Egypt,2018-04,31.877770121551485
Egypt,2018-05,28.289321912927672
Egypt,2018-06,23.87871993
Egypt,2018-07,34.61851351
Egypt,2018-08,49.556481270000006
Egypt,2018-09,41.01650792
Egypt,2018-10,34.34019831
Egypt,2018-11,24.08188661
Egypt,2018-12,52.84148501
Egypt,2019-01,45.17583297
Egypt,2019-02,41.40653411
Egypt,2019-03,20.42488596
Egypt,2019-04,49.36808749
Egypt,2019-05,43.86347485
Egypt,2019-06,48.32345468
Egypt,2019-07,36.77013951
Egypt,2019-08,48.62595632
Egypt,2019-09,47.44406410999999
Egypt,2019-10,56.521743120000004
Egypt,2019-11,56.27986555
Egypt,2019-12,49.07027638
Egypt,2020-01,57.35099338999999
Egypt,2020-02,58.72033693
Egypt,2020-03,80.95813796
Egypt,2020-04,74.35120632
Egypt,2020-05,52.20572599419142
Egypt,2020-06,55.22417319000001
Egypt,2020-07,50.877092729999994
Egypt,2020-08,60.88435648
Egypt,2020-09,40.72607533626513
Egypt,2020-10,53.58361775
Egypt,2020-11,46.89504551
Egypt,2020-12,45.71139665
Egypt,2021-01,50.32720007000001
Egypt,2021-02,37.1544159
Egypt,2021-03,44.2857189
Egypt,2021-04,42.13375796
Egypt,2021-05,46.76813313
Egypt,2021-06,39.98674064
Egypt,2021-07,46.51994666
Egypt,2021-08,41.375732420000006
Egypt,2021-09,47.1011557717119
Egypt,2021-10,45.966331610000005
Egypt,2021-11,48.002500032185154
Egypt,2021-12,41.11333414581333
Egypt,2022-01,42.800000003786664
Egypt,2022-02,40.317570618937815
Egypt,2022-03,51.34011091000001
Egypt,2022-04,45.65510832395954
Egypt,2022-05,39.94492907
Egypt,2022-06,48.67206031750827
Egypt,2022-07,33.88149135575233
Egypt,2022-08,35.595316351053995
Egypt,2022-09,23.88158015989474
Egypt,2022-10,36.4187851
Egypt,2022-11,30.26212079214606
Egypt,2022-12,34.71057885
Egypt,2023-01,34.555854639994365
Egypt,2023-02,31.18644069
Egypt,2023-03,34.68536169119699
Egypt,2023-04,26.32331944089413
Egypt,2023-05,38.13936249
Egypt,2023-06,36.53414107
Egypt,2023-07,38.38846692
Egypt,2023-08,35.58078815895196
Egypt,2023-09,35.38949276
Egypt,2023-10,38.930435841878264
Egypt,2023-11,36.76549975
Egypt,2023-12,37.308783593986426
Egypt,2024-01,41.21296353062963
Egypt,2024-02,39.35515036
Egypt,2024-03,36.00388091
Egypt,2024-04,35.01968264
Egypt,2024-05,29.367092170282376
Egypt,2024-06,33.25581396
Egypt,2024-07,3.6568213779999996
Egypt,2024-08,29.31381742
Egypt,2024-09,32.69230769
Egypt,2024-10,33.93665158
Egypt,2024-11,38.1759248
Egypt,2024-12,37.74725387
Egypt,2025-01,34.06716532
Egypt,2025-02,38.23977107
Egypt,2025-03,33.74407583
Egypt,2025-04,42.18357607
Egypt,2025-05,37.53745433
Egypt,2025-06,39.88472739963497
Egypt,2025-07,39.05243678
Egypt,2025-08,40.18501329
Egypt,2025-09,42.86363415
Egypt,2025-10,30.56638816
Egypt,2025-11,38.15888075
Egypt,2025-12,97.18512851623673
Equatorial Guinea,2015-01,10.6250003
Equatorial Guinea,2015-02,10.6250003
Equatorial Guinea,2015-03,18.1250006
Equatorial Guinea,2015-04,22.50000089
Equatorial Guinea,2015-05,22.50000089
Equatorial Guinea,2015-06,15.0000006
Equatorial Guinea,2015-07,15.0000006
Equatorial Guinea,2015-08,15.0000006
Equatorial Guinea,2015-09,7.500000298
Equatorial Guinea,2015-10,0.0
Equatorial Guinea,2015-11,0.0
Equatorial Guinea,2015-12,0.0
Equatorial Guinea,2016-01,0.0
Equatorial Guinea,2016-02,0.0
Equatorial Guinea,2016-03,0.0
Equatorial Guinea,2016-04,0.0
Equatorial Guinea,2016-05,0.0
Equatorial Guinea,2016-06,0.0
Equatorial Guinea,2016-07,0.0
Equatorial Guinea,2016-08,0.0
Equatorial Guinea,2016-09,0.0
Equatorial Guinea,2016-10,0.0
Equatorial Guinea,2016-11,0.0
Equatorial Guinea,2016-12,0.0
Equatorial Guinea,2017-01,0.0
Equatorial Guinea,2017-02,0.0
Equatorial Guinea,2017-03,0.0
Equatorial Guinea,2017-04,0.0
Equatorial Guinea,2017-05,0.0
Equatorial Guinea,2017-06,0.0
Equatorial Guinea,2017-07,0.0
Equatorial Guinea,2017-08,0.0
Equatorial Guinea,2017-09,7.500000298
Equatorial Guinea,2017-10,7.500000298
Equatorial Guinea,2017-11,7.500000298
Equatorial Guinea,2017-12,15.0000006
Equatorial Guinea,2018-01,15.0000006
Equatorial Guinea,2018-02,15.0000006
Equatorial Guinea,2018-03,15.0000006
Equatorial Guinea,2018-04,15.0000006
Equatorial Guinea,2018-05,15.0000006
Equatorial Guinea,2018-06,15.0000006
Equatorial Guinea,2018-07,15.0000006
Equatorial Guinea,2018-08,15.0000006
Equatorial Guinea,2018-09,15.0000006
Equatorial Guinea,2018-10,15.0000006
Equatorial Guinea,2018-11,15.0000006
Equatorial Guinea,2018-12,7.500000298
Equatorial Guinea,2019-01,7.500000298
Equatorial Guinea,2019-02,7.500000298
Equatorial Guinea,2019-03,35.29411765
Equatorial Guinea,2019-04,27.096776039999998
Equatorial Guinea,2019-05,15.0000006
Equatorial Guinea,2019-06,41.10344985
Equatorial Guinea,2019-07,23.98148289
Equatorial Guinea,2019-08,50.51724664
Equatorial Guinea,2019-09,25.609758420000002
Equatorial Guinea,2019-10,28.66666667
Equatorial Guinea,2019-11,23.269231499999997
Equatorial Guinea,2019-12,48.73684532
Equatorial Guinea,2020-01,21.86440613
Equatorial Guinea,2020-02,38.79518164
Equatorial Guinea,2020-03,33.09734648
Equatorial Guinea,2020-04,72.42423164000002
Equatorial Guinea,2020-05,45.64102695
Equatorial Guinea,2020-06,43.36364053
Equatorial Guinea,2020-07,31.44000244
Equatorial Guinea,2020-08,34.48780339
Equatorial Guinea,2020-09,26.23188553
Equatorial Guinea,2020-10,28.015564200000004
Equatorial Guinea,2020-11,20.12711864
Equatorial Guinea,2020-12,21.190477549999997
Equatorial Guinea,2021-01,28.83248886
Equatorial Guinea,2021-02,20.35947812
Equatorial Guinea,2021-03,35.26041508
Equatorial Guinea,2021-04,19.93377509
Equatorial Guinea,2021-05,17.32484125
Equatorial Guinea,2021-06,28.21989609
Equatorial Guinea,2021-07,15.82978918
Equatorial Guinea,2021-08,17.830188319999998
Equatorial Guinea,2021-09,14.09091082
Equatorial Guinea,2021-10,17.960528325
Equatorial Guinea,2021-11,14.01960897
Equatorial Guinea,2021-12,19.950738919999996
Equatorial Guinea,2022-01,16.52777813
Equatorial Guinea,2022-02,23.18840764
Equatorial Guinea,2022-03,22.92775781
Equatorial Guinea,2022-04,21.58995912
Equatorial Guinea,2022-05,20.384616640000004
Equatorial Guinea,2022-06,14.264706070000003
Equatorial Guinea,2022-07,16.44670128
Equatorial Guinea,2022-08,25.28301815
Equatorial Guinea,2022-09,24.054053020000005
Equatorial Guinea,2022-10,24.5418351
Equatorial Guinea,2022-11,22.70386332
Equatorial Guinea,2022-12,27.005078470000004
Equatorial Guinea,2023-01,19.589041789999996
Equatorial Guinea,2023-02,15.17073096
Equatorial Guinea,2023-03,24.028436380000002
Equatorial Guinea,2023-04,17.912087070000002
Equatorial Guinea,2023-05,22.17391378
Equatorial Guinea,2023-06,21.82692381
Equatorial Guinea,2023-07,13.77880255
Equatorial Guinea,2023-08,9.462365796
Equatorial Guinea,2023-09,19.64824044
Equatorial Guinea,2023-10,11.623037049999999
Equatorial Guinea,2023-11,11.14678952
Equatorial Guinea,2023-12,17.019231500000004
Equatorial Guinea,2024-01,11.89189215
Equatorial Guinea,2024-02,22.1341482
Equatorial Guinea,2024-03,23.33333477
Equatorial Guinea,2024-04,24.14285751
Equatorial Guinea,2024-05,13.1034494
Equatorial Guinea,2024-06,18.55721545
Equatorial Guinea,2024-07,20.74626904
Equatorial Guinea,2024-08,28.834355829999996
Equatorial Guinea,2024-09,16.91919192
Equatorial Guinea,2024-10,13.86046565
Equatorial Guinea,2024-11,13.29113924
Equatorial Guinea,2024-12,21.78899083
Equatorial Guinea,2025-01,17.21804626
Equatorial Guinea,2025-02,14.580152960000001
Equatorial Guinea,2025-03,21.76954795
Equatorial Guinea,2025-04,19.80843087
Equatorial Guinea,2025-05,16.0
Equatorial Guinea,2025-06,13.373495199999999
Equatorial Guinea,2025-07,17.10691872
Equatorial Guinea,2025-08,19.884393949999996
Equatorial Guinea,2025-09,16.03686601
Equatorial Guinea,2025-10,14.73250997
Equatorial Guinea,2025-11,20.0456628
Equatorial Guinea,2025-12,12.03703814
Eritrea,2015-01,42.89198786
Eritrea,2015-02,30.9311749
Eritrea,2015-03,20.62499995
Eritrea,2015-04,38.97777918
Eritrea,2015-05,43.78640872
Eritrea,2015-06,40.59071722
Eritrea,2015-07,48.04878246
Eritrea,2015-08,53.87283336
Eritrea,2015-09,38.85416662
Eritrea,2015-10,47.02857344
Eritrea,2015-11,74.93827299
Eritrea,2015-12,55.67708475
Eritrea,2016-01,61.257487000000005
Eritrea,2016-02,69.31818019
Eritrea,2016-03,57.32719227999999
Eritrea,2016-04,33.863637880000006
Eritrea,2016-05,47.89916097
Eritrea,2016-06,58.78924094
Eritrea,2016-07,56.38298304
Eritrea,2016-08,43.21951389
Eritrea,2016-09,50.13825014
Eritrea,2016-10,38.645835590000004
Eritrea,2016-11,54.12935404
Eritrea,2016-12,53.33333654
Eritrea,2017-01,50.22831072
Eritrea,2017-02,55.10204398
Eritrea,2017-03,50.23364552999999
Eritrea,2017-04,58.54459895000001
Eritrea,2017-05,54.88372326
Eritrea,2017-06,53.44186395
Eritrea,2017-07,54.70874066
Eritrea,2017-08,45.6279086
Eritrea,2017-09,39.0196071
Eritrea,2017-10,40.826087
Eritrea,2017-11,53.14655438
Eritrea,2017-12,58.91891879000001
Eritrea,2018-01,50.60747851
Eritrea,2018-02,31.70103277
Eritrea,2018-03,41.28440247
Eritrea,2018-04,46.17347073
Eritrea,2018-05,35.44247794
Eritrea,2018-06,60.820513379999994
Eritrea,2018-07,44.7641511
Eritrea,2018-08,42.44681115
Eritrea,2018-09,41.52381352
Eritrea,2018-10,63.12796448
Eritrea,2018-11,54.55026551
Eritrea,2018-12,40.84112165
Eritrea,2019-01,48.93518719148148
Eritrea,2019-02,46.93877757642858
Eritrea,2019-03,35.778896298391956
Eritrea,2019-04,38.423915137826086
Eritrea,2019-05,49.46428803223215
Eritrea,2019-06,35.19417730097088
Eritrea,2019-07,46.386141583960395
Eritrea,2019-08,39.84536166309278
Eritrea,2019-09,36.892657898135596
Eritrea,2019-10,41.83673627571429
Eritrea,2019-11,35.98901216483517
Eritrea,2019-12,32.52941342329412
Eritrea,2020-01,38.15789649852631
Eritrea,2020-02,44.62857560040001
Eritrea,2020-03,32.68041303237113
Eritrea,2020-04,32.877699416330934
Eritrea,2020-05,44.73684304157895
Eritrea,2020-06,37.37588808347518
Eritrea,2020-07,46.3793084537931
Eritrea,2020-08,65.26316126842106
Eritrea,2020-09,35.159574928723416
Eritrea,2020-10,42.15469676850829
Eritrea,2020-11,36.283784625
Eritrea,2020-12,46.44067934197741
Eritrea,2021-01,59.77099578671755
Eritrea,2021-02,62.847226860000006
Eritrea,2021-03,77.02532237
Eritrea,2021-04,57.804881509034324
Eritrea,2021-05,38.60759715476793
Eritrea,2021-06,41.64609242
Eritrea,2021-07,40.83333601
Eritrea,2021-08,40.70000303
Eritrea,2021-09,48.25243082
Eritrea,2021-10,50.000002899
Eritrea,2021-11,41.40496175
Eritrea,2021-12,43.75510508
Eritrea,2022-01,43.27272979
Eritrea,2022-02,41.01321855
Eritrea,2022-03,47.21239140309734
Eritrea,2022-04,44.37500293
Eritrea,2022-05,49.17874682
Eritrea,2022-06,49.09502543
Eritrea,2022-07,46.81372736
Eritrea,2022-08,42.28426598893402
Eritrea,2022-09,44.43850466
Eritrea,2022-10,51.26373951
Eritrea,2022-11,51.30177926999999
Eritrea,2022-12,56.58536888
Eritrea,2023-01,46.72727541
Eritrea,2023-02,55.43750331
Eritrea,2023-03,54.57627369
Eritrea,2023-04,52.61146764
Eritrea,2023-05,54.7643996
Eritrea,2023-06,49.47977121
Eritrea,2023-07,49.42196863
Eritrea,2023-08,49.401200319999994
Eritrea,2023-09,54.3915384
Eritrea,2023-10,53.92405293
Eritrea,2023-11,50.89172254
Eritrea,2023-12,48.92405347
Eritrea,2024-01,51.20253563000001
Eritrea,2024-02,45.92965009
Eritrea,2024-03,49.61538734
Eritrea,2024-04,46.089744723012814
Eritrea,2024-05,49.37142985
Eritrea,2024-06,77.55208562
Eritrea,2024-07,51.36646069
Eritrea,2024-08,69.56521895
Eritrea,2024-09,55.43859897
Eritrea,2024-10,57.93750182
Eritrea,2024-11,69.72602834
Eritrea,2024-12,60.67901541
Eritrea,2025-01,55.280899469999994
Eritrea,2025-02,40.8860746835443
Eritrea,2025-03,61.122994373262024
Eritrea,2025-04,65.66845057893048
Eritrea,2025-05,58.57820081459715
Eritrea,2025-06,63.279572865376345
Eritrea,2025-07,60.495052005148516
Eritrea,2025-08,60.89005570319372
Eritrea,2025-09,62.76836476129943
Eritrea,2025-10,60.4469298
Eritrea,2025-11,75.1388938298148
Eritrea,2025-12,67.15736086999999
Eswatini,2015-01,61.82431723662162
Eswatini,2015-02,65.25000015625
Eswatini,2015-03,19.666667384999997
Eswatini,2015-04,50.67308453019231
Eswatini,2015-05,62.88659891907217
Eswatini,2015-06,66.10654993032787
Eswatini,2015-07,63.564356486336635
Eswatini,2015-08,30.500001609875
Eswatini,2015-09,68.01932204086955
Eswatini,2015-10,30.240966326024097
Eswatini,2015-11,53.94231379557693
Eswatini,2015-12,19.696969690909093
Eswatini,2016-01,68.37837019783784
Eswatini,2016-02,37.17949024307693
Eswatini,2016-03,69.9441366321229
Eswatini,2016-04,37.44444424
Eswatini,2016-05,45.8139530372093
Eswatini,2016-06,61.69013775669014
Eswatini,2016-07,70.77272545581818
Eswatini,2016-08,59.1603075312977
Eswatini,2016-09,51.404958514462805
Eswatini,2016-10,71.90870823132781
Eswatini,2016-11,71.42180628085309
Eswatini,2016-12,57.594926443291136
Eswatini,2017-01,42.58427030898876
Eswatini,2017-02,52.688175117419355
Eswatini,2017-03,72.43902811536586
Eswatini,2017-04,61.666668507719294
Eswatini,2017-05,62.01835247
Eswatini,2017-06,66.41666651291668
Eswatini,2017-07,67.51772156170213
Eswatini,2017-08,49.61039307428571
Eswatini,2017-09,36.419754846913584
Eswatini,2017-10,32.30769084923077
Eswatini,2017-11,48.22430076420561
Eswatini,2017-12,48.55769253807692
Eswatini,2018-01,54.21053150842105
Eswatini,2018-02,59.22534431598592
Eswatini,2018-03,60.729166866145825
Eswatini,2018-04,62.8168999278169
Eswatini,2018-05,73.48258981572138
Eswatini,2018-06,66.1363563690909
Eswatini,2018-07,38.695655690869565
Eswatini,2018-08,33.54838587435484
Eswatini,2018-09,33.333331812380955
Eswatini,2018-10,27.540982755737705
Eswatini,2018-11,27.368420037894737
Eswatini,2018-12,60.25476699363057
Eswatini,2019-01,60.60150565984962
Eswatini,2019-02,71.87845442850829
Eswatini,2019-03,66.72618290220238
Eswatini,2019-04,58.43971486248227
Eswatini,2019-05,59.166670047916675
Eswatini,2019-06,50.00000439913043
Eswatini,2019-07,36.27118457694915
Eswatini,2019-08,53.57143270836735
Eswatini,2019-09,63.618416687368416
Eswatini,2019-10,50.66666952533333
Eswatini,2019-11,23.47825973456522
Eswatini,2019-12,53.83177806953272
Eswatini,2020-01,48.167943769007636
Eswatini,2020-02,62.13792224827586
Eswatini,2020-03,55.42056448485982
Eswatini,2020-04,87.0087992749267
Eswatini,2020-05,63.82353340875
Eswatini,2020-06,62.696628719325844
Eswatini,2020-07,56.69290625433071
Eswatini,2020-08,67.941169524375
Eswatini,2020-09,53.18182104444445
Eswatini,2020-10,73.13333002333333
Eswatini,2020-11,55.85492435440415
Eswatini,2020-12,75.99999597600001
Eswatini,2021-01,58.286849621115536
Eswatini,2021-02,69.95348242744186
Eswatini,2021-03,55.00000079583334
Eswatini,2021-04,55.93220742550848
Eswatini,2021-05,43.8281260425
Eswatini,2021-06,41.2500008915625
Eswatini,2021-07,57.686569619104475
Eswatini,2021-08,69.44444815666667
Eswatini,2021-09,57.884618870192305
Eswatini,2021-10,32.16216112824325
Eswatini,2021-11,40.1562497109375
Eswatini,2021-12,72.36734311836734
Eswatini,2022-01,55.4430357964557
Eswatini,2022-02,76.1751196867742
Eswatini,2022-03,80.21897434160584
Eswatini,2022-04,71.9767376455814
Eswatini,2022-05,69.32885470939597
Eswatini,2022-06,61.870959496838715
Eswatini,2022-07,55.82524920213593
Eswatini,2022-08,73.733333596
Eswatini,2022-09,46.626505789879516
Eswatini,2022-10,66.29310148189656
Eswatini,2022-11,39.60784229843138
Eswatini,2022-12,31.39534773395349
Eswatini,2023-01,70.24038732317308
Eswatini,2023-02,64.77528060505618
Eswatini,2023-03,38.39999961
Eswatini,2023-04,68.00000022117646
Eswatini,2023-05,74.24242387878787
Eswatini,2023-06,62.85123825545453
Eswatini,2023-07,55.68493327726027
Eswatini,2023-08,30.608697968695655
Eswatini,2023-09,51.755726429923655
Eswatini,2023-10,32.831859160353986
Eswatini,2023-11,56.499990707200006
Eswatini,2023-12,48.324017819171104
Eswatini,2024-01,40.206897006896554
Eswatini,2024-02,61.545068312446354
Eswatini,2024-03,57.39910430959642
Eswatini,2024-04,35.53191525053191
Eswatini,2024-05,42.16216222418919
Eswatini,2024-06,44.423074900608235
Eswatini,2024-07,31.641790761194027
Eswatini,2024-08,31.411763070960333
Eswatini,2024-09,71.23347988810573
Eswatini,2024-10,40.80645037887097
Eswatini,2024-11,41.320754
Eswatini,2024-12,33.44262114442623
Eswatini,2025-01,27.096772968870965
Eswatini,2025-02,45.0649363612987
Eswatini,2025-03,59.77375452828055
Eswatini,2025-04,50.51813447119171
Eswatini,2025-05,72.17001679910513
Eswatini,2025-06,67.40342813892704
Eswatini,2025-07,68.97018621120596
Eswatini,2025-08,68.25271363445212
Eswatini,2025-09,73.24894766760548
Eswatini,2025-10,73.51733061858792
Eswatini,2025-11,69.36656054442368
Eswatini,2025-12,63.92101336999999
Ethiopia,2015-01,40.97178718260189
Ethiopia,2015-02,34.723468821016446
Ethiopia,2015-03,37.798742832704406
Ethiopia,2015-04,40.88957123386503
Ethiopia,2015-05,39.212219352154335
Ethiopia,2015-06,43.12977208842748
Ethiopia,2015-07,43.11828023187404
Ethiopia,2015-08,49.907408741728396
Ethiopia,2015-09,47.27003036519287
Ethiopia,2015-10,48.93416977297806
Ethiopia,2015-11,48.22553963784411
Ethiopia,2015-12,46.560121964855405
Ethiopia,2016-01,49.43910351852564
Ethiopia,2016-02,49.18604693581395
Ethiopia,2016-03,48.60738295511746
Ethiopia,2016-04,45.40171003384616
Ethiopia,2016-05,46.545768895336785
Ethiopia,2016-06,48.60824805360824
Ethiopia,2016-07,45.420876257121215
Ethiopia,2016-08,36.59200023376
Ethiopia,2016-09,38.83509884656581
Ethiopia,2016-10,45.03460256276817
Ethiopia,2016-11,45.285481500848284
Ethiopia,2016-12,48.95734673763033
Ethiopia,2017-01,52.81341180396501
Ethiopia,2017-02,48.52895244671362
Ethiopia,2017-03,52.2555212868612
Ethiopia,2017-04,55.52099547819595
Ethiopia,2017-05,52.81250044576562
Ethiopia,2017-06,51.3344332645799
Ethiopia,2017-07,49.30463690074503
Ethiopia,2017-08,49.40514564445338
Ethiopia,2017-09,52.301943857279525
Ethiopia,2017-10,48.72814065926868
Ethiopia,2017-11,44.560907450354115
Ethiopia,2017-12,54.25850248816327
Ethiopia,2018-01,57.19947250759578
Ethiopia,2018-02,58.81632662106123
Ethiopia,2018-03,65.62982089746787
Ethiopia,2018-04,58.27146079371229
Ethiopia,2018-05,66.59297837217164
Ethiopia,2018-06,75.0688370832791
Ethiopia,2018-07,67.78934956385417
Ethiopia,2018-08,65.61338236566294
Ethiopia,2018-09,65.64926341730924
Ethiopia,2018-10,62.52217985016477
Ethiopia,2018-11,57.242646575041604
Ethiopia,2018-12,56.92653666272864
Ethiopia,2019-01,83.95237957
Ethiopia,2019-02,127.8325017
Ethiopia,2019-03,81.72804488999999
Ethiopia,2019-04,84.15121012000002
Ethiopia,2019-05,79.46142761499273
Ethiopia,2019-06,85.75757319
Ethiopia,2019-07,84.9879813
Ethiopia,2019-08,82.07151616000002
Ethiopia,2019-09,84.95507127
Ethiopia,2019-10,77.55304114370581
Ethiopia,2019-11,83.75545919
Ethiopia,2019-12,89.78855975
Ethiopia,2020-01,88.48600309
Ethiopia,2020-02,85.29488700000002
Ethiopia,2020-03,97.61605912
Ethiopia,2020-04,106.1743387
Ethiopia,2020-05,92.39239196
Ethiopia,2020-06,75.29648179
Ethiopia,2020-07,91.83774507574503
Ethiopia,2020-08,86.04519715
Ethiopia,2020-09,73.66510620895785
Ethiopia,2020-10,72.11517286671638
Ethiopia,2020-11,72.77095086
Ethiopia,2020-12,80.62015652
Ethiopia,2021-01,80.50441838
Ethiopia,2021-02,56.19763588361976
Ethiopia,2021-03,54.938919881326356
Ethiopia,2021-04,51.16666609783333
Ethiopia,2021-05,68.38009160826391
Ethiopia,2021-06,63.42975162930579
Ethiopia,2021-07,56.435845312525444
Ethiopia,2021-08,53.80753168870293
Ethiopia,2021-09,65.30120542406532
Ethiopia,2021-10,59.208473417736904
Ethiopia,2021-11,62.05882355703704
Ethiopia,2021-12,57.621407749990084
Ethiopia,2022-01,57.80582615724272
Ethiopia,2022-02,56.43206215560118
Ethiopia,2022-03,59.89205219225712
Ethiopia,2022-04,63.428573658666664
Ethiopia,2022-05,58.9181556821825
Ethiopia,2022-06,57.78106533564103
Ethiopia,2022-07,67.45762625125624
Ethiopia,2022-08,59.305994119610936
Ethiopia,2022-09,69.5364217611479
Ethiopia,2022-10,67.58693194168599
Ethiopia,2022-11,65.01087043267341
Ethiopia,2022-12,60.236867379114315
Ethiopia,2023-01,62.56772657803298
Ethiopia,2023-02,62.56962036326582
Ethiopia,2023-03,61.84559552775214
Ethiopia,2023-04,60.4522605947318
Ethiopia,2023-05,54.30160747894501
Ethiopia,2023-06,59.966441665544195
Ethiopia,2023-07,66.20282874289683
Ethiopia,2023-08,62.725089748183095
Ethiopia,2023-09,54.17852629808087
Ethiopia,2023-10,56.69154236732154
Ethiopia,2023-11,54.24050602333736
Ethiopia,2023-12,59.13103412971933
Ethiopia,2024-01,56.15474901450939
Ethiopia,2024-02,57.884185725864704
Ethiopia,2024-03,63.217019891035335
Ethiopia,2024-04,74.3501470753433
Ethiopia,2024-05,77.83479474418648
Ethiopia,2024-06,80.43034283465829
Ethiopia,2024-07,75.50498708964058
Ethiopia,2024-08,71.25505934066135
Ethiopia,2024-09,76.95550294303864
Ethiopia,2024-10,51.70886031445835
Ethiopia,2024-11,51.62657557717813
Ethiopia,2024-12,38.87292101450798
Ethiopia,2025-01,46.01671313057244
Ethiopia,2025-02,44.57823190542857
Ethiopia,2025-03,22.270626909401898
Ethiopia,2025-04,19.27677542392066
Ethiopia,2025-05,24.66101669862712
Ethiopia,2025-06,52.430107109677415
Ethiopia,2025-07,20.870787102821836
Ethiopia,2025-08,32.647113598860926
Ethiopia,2025-09,69.87990663758107
Ethiopia,2025-10,31.860690522622445
Ethiopia,2025-11,20.080903299398134
Ethiopia,2025-12,61.64673212938362
Gabon,2015-01,93.22708199
Gabon,2015-02,83.99637379323687
Gabon,2015-03,58.80108679193461
Gabon,2015-04,57.12158555325062
Gabon,2015-05,57.12158555325062
Gabon,2015-06,43.054188180000004
Gabon,2015-07,57.705736157356604
Gabon,2015-08,57.562189557263686
Gabon,2015-09,58.0049880450374
Gabon,2015-10,58.23383135221393
Gabon,2015-11,55.28497418044041
Gabon,2015-12,57.8500005004
Gabon,2016-01,58.5201810309417
Gabon,2016-02,63.15789397496568
Gabon,2016-03,53.46080354397705
Gabon,2016-04,56.19642925816072
Gabon,2016-05,300.2551793840184
Gabon,2016-06,55.1801027973928
Gabon,2016-07,46.49350732640693
Gabon,2016-08,48.165997635890236
Gabon,2016-09,49.5055825755024
Gabon,2016-10,58.47852733192638
Gabon,2016-11,57.35915554760563
Gabon,2016-12,52.8918582383475
Gabon,2017-01,54.28981428355811
Gabon,2017-02,58.32579142733032
Gabon,2017-03,55.21067344460673
Gabon,2017-04,54.99300659513286
Gabon,2017-05,54.78857250253715
Gabon,2017-06,60.28985334921497
Gabon,2017-07,56.75358492163184
Gabon,2017-08,58.203754763042895
Gabon,2017-09,56.54002701272727
Gabon,2017-10,61.32575891
Gabon,2017-11,283.88521250683294
Gabon,2017-12,55.16587783560821
Gabon,2018-01,57.86301472089041
Gabon,2018-02,65.52631871468144
Gabon,2018-03,55.86854680807512
Gabon,2018-04,48.66510518167447
Gabon,2018-05,55.169493918529255
Gabon,2018-06,53.2698430162963
Gabon,2018-07,47.039311729999994
Gabon,2018-08,49.655173132543105
Gabon,2018-09,51.22699430187282
Gabon,2018-10,49.43277434711135
Gabon,2018-11,51.87635667201736
Gabon,2018-12,55.23364607542056
Gabon,2019-01,45.64060137
Gabon,2019-02,53.40369565808922
Gabon,2019-03,52.35669077214969
Gabon,2019-04,47.431630522758624
Gabon,2019-05,46.72658587500473
Gabon,2019-06,47.891021299212916
Gabon,2019-07,42.971845689259645
Gabon,2019-08,47.7750016468125
Gabon,2019-09,45.350406336051215
Gabon,2019-10,49.157755264037434
Gabon,2019-11,48.98013458781457
Gabon,2019-12,48.06878298281745
Gabon,2020-01,43.214286833548385
Gabon,2020-02,51.09557369362471
Gabon,2020-03,48.65828298062893
Gabon,2020-04,59.533607780000004
Gabon,2020-05,53.765434155767444
Gabon,2020-06,58.528709954138755
Gabon,2020-07,55.24570004819611
Gabon,2020-08,48.70115134583909
Gabon,2020-09,52.90360220840883
Gabon,2020-10,51.958652104408735
Gabon,2020-11,50.802834873388434
Gabon,2020-12,45.859087885154516
Gabon,2021-01,54.04687777198437
Gabon,2021-02,43.48167741123909
Gabon,2021-03,47.39607861021177
Gabon,2021-04,52.21145646914537
Gabon,2021-05,54.012539871671876
Gabon,2021-06,55.68610775598628
Gabon,2021-07,48.61702175103723
Gabon,2021-08,49.78417372583633
Gabon,2021-09,47.876255011354516
Gabon,2021-10,54.600978288900656
Gabon,2021-11,45.67411057882548
Gabon,2021-12,46.81196712073504
Gabon,2022-01,46.48236582516682
Gabon,2022-02,47.95811671492147
Gabon,2022-03,43.4090926868695
Gabon,2022-04,47.803637485614544
Gabon,2022-05,45.89709088209885
Gabon,2022-06,51.367314849360845
Gabon,2022-07,52.40072437775271
Gabon,2022-08,49.09753981788513
Gabon,2022-09,47.21061163999196
Gabon,2022-10,49.13994305138485
Gabon,2022-11,47.75538809395414
Gabon,2022-12,49.4117659250109
Gabon,2023-01,46.124722463162584
Gabon,2023-02,42.929044653506594
Gabon,2023-03,42.52153570629601
Gabon,2023-04,49.08930201778958
Gabon,2023-05,44.61384189839519
Gabon,2023-06,47.94753237804783
Gabon,2023-07,42.77821844533543
Gabon,2023-08,39.44000129961599
Gabon,2023-09,43.842221473631575
Gabon,2023-10,45.763779791000005
Gabon,2023-11,42.6940258
Gabon,2023-12,54.056604575181424
Gabon,2024-01,39.97034839148379
Gabon,2024-02,48.872776136585365
Gabon,2024-03,36.93302944
Gabon,2024-04,41.31352782
Gabon,2024-05,41.61024103
Gabon,2024-06,45.49642504842733
Gabon,2024-07,48.00601964
Gabon,2024-08,39.91319715643371
Gabon,2024-09,46.621078458728874
Gabon,2024-10,45.73797960006633
Gabon,2024-11,37.3643426
Gabon,2024-12,44.9622159
Gabon,2025-01,43.17786841000001
Gabon,2025-02,41.345203076211675
Gabon,2025-03,42.78787918739394
Gabon,2025-04,43.46206966
Gabon,2025-05,46.165873989999994
Gabon,2025-06,47.431820810000005
Gabon,2025-07,48.48327689
Gabon,2025-08,51.438107306166046
Gabon,2025-09,43.90451195945063
Gabon,2025-10,52.557472400215524
Gabon,2025-11,61.87070266999999
Gabon,2025-12,61.60761124
Gambia,2015-01,50.291481040904166
Gambia,2015-02,59.36868901026075
Gambia,2015-03,59.376218723420834
Gambia,2015-04,67.78388678546342
Gambia,2015-05,93.96969593246442
Gambia,2015-06,72.71277041905986
Gambia,2015-07,67.27273082538206
Gambia,2015-08,62.78688607684839
Gambia,2015-09,69.14438589374208
Gambia,2015-10,66.40777102242718
Gambia,2015-11,59.087304647841485
Gambia,2015-12,63.01961000730689
Gambia,2016-01,57.255815458340734
Gambia,2016-02,70.8936159672479
Gambia,2016-03,74.9803961971108
Gambia,2016-04,67.83654002342912
Gambia,2016-05,50.41044986560917
Gambia,2016-06,74.34911248172561
Gambia,2016-07,57.42489482885519
Gambia,2016-08,64.69533981728766
Gambia,2016-09,73.12236536060446
Gambia,2016-10,58.7966823927936
Gambia,2016-11,55.88850393889636
Gambia,2016-12,80.77333323515536
Gambia,2017-01,50.998366447763104
Gambia,2017-02,43.884995279163064
Gambia,2017-03,32.296037504875585
Gambia,2017-04,51.10132302132159
Gambia,2017-05,68.97465630899771
Gambia,2017-06,62.54411886667134
Gambia,2017-07,71.38387522566367
Gambia,2017-08,57.489052164671534
Gambia,2017-09,67.75471709415709
Gambia,2017-10,62.347110838503944
Gambia,2017-11,61.49068167757765
Gambia,2017-12,66.52174045725218
Gambia,2018-01,61.096096428353235
Gambia,2018-02,53.59090870173467
Gambia,2018-03,61.13636565716526
Gambia,2018-04,57.97920043221881
Gambia,2018-05,63.52664859963148
Gambia,2018-06,57.33528479371889
Gambia,2018-07,61.48936236508092
Gambia,2018-08,55.92383514554991
Gambia,2018-09,58.746269457049635
Gambia,2018-10,61.58562507895324
Gambia,2018-11,48.21664552844767
Gambia,2018-12,56.83688244424608
Gambia,2019-01,49.59057031599861
Gambia,2019-02,49.592943205988135
Gambia,2019-03,52.02879552913672
Gambia,2019-04,55.817941623302445
Gambia,2019-05,55.5530501777802
Gambia,2019-06,47.41456487837037
Gambia,2019-07,47.73981659314489
Gambia,2019-08,62.515622671114464
Gambia,2019-09,61.19685105539096
Gambia,2019-10,53.650795326959965
Gambia,2019-11,44.77876013208444
Gambia,2019-12,45.1826790180017
Gambia,2020-01,48.74221800515972
Gambia,2020-02,54.58671135034564
Gambia,2020-03,57.61904889713441
Gambia,2020-04,102.82290142192178
Gambia,2020-05,93.46695762715412
Gambia,2020-06,50.289475210915136
Gambia,2020-07,51.10893189000298
Gambia,2020-08,59.06999388043769
Gambia,2020-09,57.70707183448532
Gambia,2020-10,35.740572092422504
Gambia,2020-11,39.59115990119877
Gambia,2020-12,37.781126171077574
Gambia,2021-01,39.21077892075385
Gambia,2021-02,39.71512947184676
Gambia,2021-03,34.374468358487874
Gambia,2021-04,41.173570185009865
Gambia,2021-05,51.6853938784045
Gambia,2021-06,37.25531936167368
Gambia,2021-07,44.64410703000001
Gambia,2021-08,40.489074221552166
Gambia,2021-09,44.33267152096613
Gambia,2021-10,45.28657311
Gambia,2021-11,49.25233586392523
Gambia,2021-12,38.06923125747692
Gambia,2022-01,43.17073159
Gambia,2022-02,59.96470779644705
Gambia,2022-03,49.14383659170091
Gambia,2022-04,50.84198577633219
Gambia,2022-05,66.83497602258622
Gambia,2022-06,54.96998929815126
Gambia,2022-07,51.93939619493334
Gambia,2022-08,63.91799485
Gambia,2022-09,76.79611546055825
Gambia,2022-10,64.2205345659062
Gambia,2022-11,81.10363419
Gambia,2022-12,60.69269600384131
Gambia,2023-01,47.12439404
Gambia,2023-02,44.92795292
Gambia,2023-03,57.77277763726842
Gambia,2023-04,49.07153966800609
Gambia,2023-05,54.78021963999999
Gambia,2023-06,63.06886458841317
Gambia,2023-07,50.615165059999995
Gambia,2023-08,73.20152728322705
Gambia,2023-09,50.377804918819365
Gambia,2023-10,53.61014944432714
Gambia,2023-11,64.07320167
Gambia,2023-12,59.536424475351
Gambia,2024-01,52.207152032207155
Gambia,2024-02,48.45442721645971
Gambia,2024-03,66.92883816988329
Gambia,2024-04,70.8755164410556
Gambia,2024-05,64.98172928000001
Gambia,2024-06,52.68996902948328
Gambia,2024-07,70.22269060343585
Gambia,2024-08,64.70852084835383
Gambia,2024-09,70.21330048999998
Gambia,2024-10,65.78049016903034
Gambia,2024-11,73.93827120000002
Gambia,2024-12,77.4919976
Gambia,2025-01,65.32795996937082
Gambia,2025-02,72.05735834239808
Gambia,2025-03,55.67317748748537
Gambia,2025-04,58.87850452675312
Gambia,2025-05,68.00843019102557
Gambia,2025-06,77.74725052275083
Gambia,2025-07,61.30511271090234
Gambia,2025-08,65.96508276064333
Gambia,2025-09,67.21777945590512
Gambia,2025-10,66.35496266216914
Gambia,2025-11,69.96186904799166
Gambia,2025-12,98.81429591342187
Ghana,2015-01,56.25083691894034
Ghana,2015-02,60.383545341952576
Ghana,2015-03,59.05886294351828
Ghana,2015-04,53.57845752127423
Ghana,2015-05,64.4479906632724
Ghana,2015-06,58.18533086933619
Ghana,2015-07,61.306633150077765
Ghana,2015-08,62.14859471725041
Ghana,2015-09,68.77862791333796
Ghana,2015-10,64.27259767041011
Ghana,2015-11,59.200810412523985
Ghana,2015-12,55.19519127426512
Ghana,2016-01,53.48209111086318
Ghana,2016-02,50.1529433749613
Ghana,2016-03,51.15788025709861
Ghana,2016-04,51.414203920512044
Ghana,2016-05,54.74439771368169
Ghana,2016-06,50.69023761067813
Ghana,2016-07,40.5459173271483
Ghana,2016-08,48.987512526690026
Ghana,2016-09,46.16499631122412
Ghana,2016-10,47.98531225408684
Ghana,2016-11,48.431740405792944
Ghana,2016-12,37.37961290336043
Ghana,2017-01,51.750177999446244
Ghana,2017-02,46.08003425586131
Ghana,2017-03,46.574084739920025
Ghana,2017-04,47.13470441435228
Ghana,2017-05,42.09086403849468
Ghana,2017-06,33.42744825254433
Ghana,2017-07,36.18594586449447
Ghana,2017-08,51.08941389227522
Ghana,2017-09,43.28038372616846
Ghana,2017-10,40.28474059928701
Ghana,2017-11,52.72175512615311
Ghana,2017-12,45.261254275609595
Ghana,2018-01,44.18706035138198
Ghana,2018-02,41.63959498850478
Ghana,2018-03,59.96012709464801
Ghana,2018-04,50.63672901290908
Ghana,2018-05,50.756475368668674
Ghana,2018-06,41.1793150354869
Ghana,2018-07,42.099573083432034
Ghana,2018-08,62.58975166993275
Ghana,2018-09,61.41239974451176
Ghana,2018-10,55.95632414432906
Ghana,2018-11,58.99076378299354
Ghana,2018-12,50.8434741419291
Ghana,2019-01,54.1636409766252
Ghana,2019-02,45.084286621070156
Ghana,2019-03,48.28659048496588
Ghana,2019-04,53.282362014627026
Ghana,2019-05,50.142652241687834
Ghana,2019-06,46.62246046909387
Ghana,2019-07,51.52285164295883
Ghana,2019-08,52.7632482083451
Ghana,2019-09,47.310920264271545
Ghana,2019-10,55.77372255541351
Ghana,2019-11,63.15389546922493
Ghana,2019-12,57.958194001669284
Ghana,2020-01,49.38702508693102
Ghana,2020-02,48.220833942559835
Ghana,2020-03,51.068931873654805
Ghana,2020-04,68.93619644149092
Ghana,2020-05,59.91531525717234
Ghana,2020-06,47.074489459619734
Ghana,2020-07,56.119998696785004
Ghana,2020-08,56.62581356702566
Ghana,2020-09,58.35198931148062
Ghana,2020-10,54.07677142902815
Ghana,2020-11,49.52415505837644
Ghana,2020-12,41.50804611517036
Ghana,2021-01,42.67886002561384
Ghana,2021-02,41.8758465122331
Ghana,2021-03,54.89198836790823
Ghana,2021-04,40.96390489555157
Ghana,2021-05,52.50329619708933
Ghana,2021-06,50.79746565116879
Ghana,2021-07,55.297356528364816
Ghana,2021-08,43.07412434704502
Ghana,2021-09,58.45377151362474
Ghana,2021-10,50.4563226712818
Ghana,2021-11,60.4916319920723
Ghana,2021-12,55.133024168097194
Ghana,2022-01,51.91739711758555
Ghana,2022-02,56.250157692933186
Ghana,2022-03,61.58185532764324
Ghana,2022-04,60.44330416184788
Ghana,2022-05,59.49977787384298
Ghana,2022-06,66.9722817537383
Ghana,2022-07,76.01424887141002
Ghana,2022-08,62.41494406644322
Ghana,2022-09,61.255026589375944
Ghana,2022-10,70.96815752781653
Ghana,2022-11,68.57901613128908
Ghana,2022-12,71.0232742896312
Ghana,2023-01,62.98888202044564
Ghana,2023-02,63.08323134525671
Ghana,2023-03,61.61843233251899
Ghana,2023-04,63.73142041956083
Ghana,2023-05,64.36738954072834
Ghana,2023-06,55.29205272152477
Ghana,2023-07,60.41786958014212
Ghana,2023-08,62.4759982550185
Ghana,2023-09,62.25618035835056
Ghana,2023-10,60.84574365343259
Ghana,2023-11,59.663270976273054
Ghana,2023-12,53.09288862743631
Ghana,2024-01,54.2263177448269
Ghana,2024-02,63.054913181666514
Ghana,2024-03,57.8986806149201
Ghana,2024-04,62.02016005866143
Ghana,2024-05,61.65145286436226
Ghana,2024-06,63.07282717052054
Ghana,2024-07,61.987079352394
Ghana,2024-08,71.3880983641386
Ghana,2024-09,61.05647964751872
Ghana,2024-10,67.85808229412305
Ghana,2024-11,67.65030259694626
Ghana,2024-12,57.071941313602935
Ghana,2025-01,61.49512626437146
Ghana,2025-02,80.03955984673753
Ghana,2025-03,85.6522516411257
Ghana,2025-04,80.2880973396698
Ghana,2025-05,77.69809709071781
Ghana,2025-06,78.36942754377681
Ghana,2025-07,74.21396645495324
Ghana,2025-08,68.68638058705366
Ghana,2025-09,85.60430122303448
Ghana,2025-10,80.3774389897211
Ghana,2025-11,76.6582033538438
Ghana,2025-12,78.60697788061773
Guinea,2015-01,32.710844260664615
Guinea,2015-02,29.548762735196505
Guinea,2015-03,36.66350116
Guinea,2015-04,29.89001694
Guinea,2015-05,29.619611000000003
Guinea,2015-06,30.4945520661818
Guinea,2015-07,38.68421172
Guinea,2015-08,26.40387342843707
Guinea,2015-09,26.776557
Guinea,2015-10,27.44186067
Guinea,2015-11,33.34254155930019
Guinea,2015-12,37.30691148
Guinea,2016-01,39.73540268
Guinea,2016-02,46.996999579234235
Guinea,2016-03,37.62829471999999
Guinea,2016-04,37.32007744592318
Guinea,2016-05,40.75208972
Guinea,2016-06,40.27907128
Guinea,2016-07,32.76762489649101
Guinea,2016-08,33.40859370070361
Guinea,2016-09,41.00227898779272
Guinea,2016-10,32.82868625077689
Guinea,2016-11,41.98521903
Guinea,2016-12,39.45978412451381
Guinea,2017-01,36.32249208000001
Guinea,2017-02,37.44573102742402
Guinea,2017-03,35.76087072697826
Guinea,2017-04,39.11034516442871
Guinea,2017-05,41.931236899999995
Guinea,2017-06,33.688173323752686
Guinea,2017-07,35.60000128658501
Guinea,2017-08,34.14656804
Guinea,2017-09,34.940923960000006
Guinea,2017-10,41.3497603915671
Guinea,2017-11,41.271995611946494
Guinea,2017-12,39.76716590487728
Guinea,2018-01,35.40540678459558
Guinea,2018-02,34.272019784833134
Guinea,2018-03,44.44500048443609
Guinea,2018-04,46.19277134881537
Guinea,2018-05,43.9984532792079
Guinea,2018-06,43.71234819376049
Guinea,2018-07,91.69336392890618
Guinea,2018-08,52.58179855214753
Guinea,2018-09,52.96435196998124
Guinea,2018-10,41.31097637566273
Guinea,2018-11,34.57522644475712
Guinea,2018-12,46.61727560104296
Guinea,2019-01,42.106759992053064
Guinea,2019-02,31.87985236568343
Guinea,2019-03,38.30985952504802
Guinea,2019-04,38.45006145
Guinea,2019-05,49.42284209
Guinea,2019-06,38.11147922
Guinea,2019-07,39.23613527489871
Guinea,2019-08,39.01626400672214
Guinea,2019-09,36.31879898533769
Guinea,2019-10,29.91853952466292
Guinea,2019-11,34.41822955999999
Guinea,2019-12,36.6935243248714
Guinea,2020-01,34.56337343
Guinea,2020-02,34.38399692
Guinea,2020-03,35.181551380499236
Guinea,2020-04,61.45886012968273
Guinea,2020-05,56.91884474608848
Guinea,2020-06,48.44123579
Guinea,2020-07,42.935925189162724
Guinea,2020-08,38.77229009194095
Guinea,2020-09,37.106767243192934
Guinea,2020-10,33.89454098688437
Guinea,2020-11,43.249546689585095
Guinea,2020-12,42.98902654272434
Guinea,2021-01,44.61334338
Guinea,2021-02,37.909425719838346
Guinea,2021-03,50.456770456961195
Guinea,2021-04,47.98780434588415
Guinea,2021-05,59.34981858593405
Guinea,2021-06,44.28247922653552
Guinea,2021-07,47.34604212222386
Guinea,2021-08,45.138889669063786
Guinea,2021-09,35.34770568567455
Guinea,2021-10,41.357409229825656
Guinea,2021-11,33.34279013510209
Guinea,2021-12,45.28449983730543
Guinea,2022-01,39.435689158233295
Guinea,2022-02,44.187263641440886
Guinea,2022-03,44.70287839442897
Guinea,2022-04,39.165867067796384
Guinea,2022-05,44.09383203962934
Guinea,2022-06,48.026317882408705
Guinea,2022-07,43.88228341747532
Guinea,2022-08,43.99999955203155
Guinea,2022-09,43.88668696198959
Guinea,2022-10,35.59888637635654
Guinea,2022-11,36.00760541603303
Guinea,2022-12,45.321912025187764
Guinea,2023-01,38.55639113296404
Guinea,2023-02,36.601240378123194
Guinea,2023-03,35.578104072630026
Guinea,2023-04,34.28995935462864
Guinea,2023-05,37.33855233270378
Guinea,2023-06,39.32626412529632
Guinea,2023-07,38.70802974574945
Guinea,2023-08,41.71387080812636
Guinea,2023-09,46.675845597756215
Guinea,2023-10,43.80511736197694
Guinea,2023-11,35.692738404053
Guinea,2023-12,51.152290870956875
Guinea,2024-01,44.77638688422183
Guinea,2024-02,49.74311037613802
Guinea,2024-03,41.38339916181389
Guinea,2024-04,45.665689762625256
Guinea,2024-05,49.586733234558466
Guinea,2024-06,38.73494115551569
Guinea,2024-07,40.29977063310781
Guinea,2024-08,49.91084742956288
Guinea,2024-09,35.85567184536083
Guinea,2024-10,41.11111121823072
Guinea,2024-11,34.147933840597
Guinea,2024-12,39.23674788809894
Guinea,2025-01,37.8514773175916
Guinea,2025-02,47.905615125668234
Guinea,2025-03,46.74410998148025
Guinea,2025-04,49.63848304898813
Guinea,2025-05,51.757217302050066
Guinea,2025-06,50.8365500020372
Guinea,2025-07,53.70155607490998
Guinea,2025-08,45.383929463386906
Guinea,2025-09,44.2988661300598
Guinea,2025-10,50.60060062218368
Guinea,2025-11,53.42261083515416
Guinea,2025-12,32.66564938350201
Guinea-Bissau,2015-01,50.0
Guinea-Bissau,2015-02,50.0
Guinea-Bissau,2015-03,50.0
Guinea-Bissau,2015-04,50.0
Guinea-Bissau,2015-05,50.0
Guinea-Bissau,2015-06,50.0
Guinea-Bissau,2015-07,50.0
Guinea-Bissau,2015-08,50.0
Guinea-Bissau,2015-09,50.0
Guinea-Bissau,2015-10,50.0
Guinea-Bissau,2015-11,50.0
Guinea-Bissau,2015-12,50.0
Guinea-Bissau,2016-01,50.0
Guinea-Bissau,2016-02,50.0
Guinea-Bissau,2016-03,50.0
Guinea-Bissau,2016-04,50.0
Guinea-Bissau,2016-05,50.0
Guinea-Bissau,2016-06,50.0
Guinea-Bissau,2016-07,50.0
Guinea-Bissau,2016-08,50.0
Guinea-Bissau,2016-09,50.0
Guinea-Bissau,2016-10,50.0
Guinea-Bissau,2016-11,50.0
Guinea-Bissau,2016-12,50.0
Guinea-Bissau,2017-01,50.0
Guinea-Bissau,2017-02,50.0
Guinea-Bissau,2017-03,50.0
Guinea-Bissau,2017-04,50.0
Guinea-Bissau,2017-05,50.0
Guinea-Bissau,2017-06,50.0
Guinea-Bissau,2017-07,50.0
Guinea-Bissau,2017-08,50.0
Guinea-Bissau,2017-09,50.0
Guinea-Bissau,2017-10,50.0
Guinea-Bissau,2017-11,50.0
Guinea-Bissau,2017-12,50.0
Guinea-Bissau,2018-01,50.0
Guinea-Bissau,2018-02,50.0
Guinea-Bissau,2018-03,50.0
Guinea-Bissau,2018-04,50.0
Guinea-Bissau,2018-05,50.0
Guinea-Bissau,2018-06,50.0
Guinea-Bissau,2018-07,50.0
Guinea-Bissau,2018-08,50.0
Guinea-Bissau,2018-09,50.0
Guinea-Bissau,2018-10,50.0
Guinea-Bissau,2018-11,50.0
Guinea-Bissau,2018-12,50.0
Guinea-Bissau,2019-01,50.0
Guinea-Bissau,2019-02,50.0
Guinea-Bissau,2019-03,50.0
Guinea-Bissau,2019-04,50.0
Guinea-Bissau,2019-05,50.0
Guinea-Bissau,2019-06,50.0
Guinea-Bissau,2019-07,50.0
Guinea-Bissau,2019-08,50.0
Guinea-Bissau,2019-09,50.0
Guinea-Bissau,2019-10,50.0
Guinea-Bissau,2019-11,50.0
Guinea-Bissau,2019-12,50.0
Guinea-Bissau,2020-01,50.0
Guinea-Bissau,2020-02,50.0
Guinea-Bissau,2020-03,50.0
Guinea-Bissau,2020-04,50.0
Guinea-Bissau,2020-05,50.0
Guinea-Bissau,2020-06,50.0
Guinea-Bissau,2020-07,50.0
Guinea-Bissau,2020-08,50.0
Guinea-Bissau,2020-09,50.0
Guinea-Bissau,2020-10,50.0
Guinea-Bissau,2020-11,50.0
Guinea-Bissau,2020-12,50.0
Guinea-Bissau,2021-01,50.0
Guinea-Bissau,2021-02,0.0
Guinea-Bissau,2021-03,0.0
Guinea-Bissau,2021-04,0.0
Guinea-Bissau,2021-05,0.0
Guinea-Bissau,2021-06,0.0
Guinea-Bissau,2021-07,0.0
Guinea-Bissau,2021-08,0.0
Guinea-Bissau,2021-09,0.0
Guinea-Bissau,2021-10,0.0
Guinea-Bissau,2021-11,0.0
Guinea-Bissau,2021-12,0.0
Guinea-Bissau,2022-01,0.0
Guinea-Bissau,2022-02,0.0
Guinea-Bissau,2022-03,0.0
Guinea-Bissau,2022-04,0.0
Guinea-Bissau,2022-05,0.0
Guinea-Bissau,2022-06,0.0
Guinea-Bissau,2022-07,0.0
Guinea-Bissau,2022-08,0.0
Guinea-Bissau,2022-09,0.0
Guinea-Bissau,2022-10,0.0
Guinea-Bissau,2022-11,0.0
Guinea-Bissau,2022-12,0.0
Guinea-Bissau,2023-01,0.0
Guinea-Bissau,2023-02,0.0
Guinea-Bissau,2023-03,0.0
Guinea-Bissau,2023-04,0.0
Guinea-Bissau,2023-05,0.0
Guinea-Bissau,2023-06,0.0
Guinea-Bissau,2023-07,0.0
Guinea-Bissau,2023-08,0.0
Guinea-Bissau,2023-09,0.0
Guinea-Bissau,2023-10,0.0
Guinea-Bissau,2023-11,0.0
Guinea-Bissau,2023-12,0.0
Guinea-Bissau,2024-01,0.0
Guinea-Bissau,2024-02,0.0
Guinea-Bissau,2024-03,0.0
Guinea-Bissau,2024-04,0.0
Guinea-Bissau,2024-05,0.0
Guinea-Bissau,2024-06,0.0
Guinea-Bissau,2024-07,0.0
Guinea-Bissau,2024-08,0.0
Guinea-Bissau,2024-09,0.0
Guinea-Bissau,2024-10,0.0
Guinea-Bissau,2024-11,0.0
Guinea-Bissau,2024-12,0.0
Guinea-Bissau,2025-01,0.0
Guinea-Bissau,2025-02,50.0
Guinea-Bissau,2025-03,50.0
Guinea-Bissau,2025-04,50.0
Guinea-Bissau,2025-05,50.0
Guinea-Bissau,2025-06,50.0
Guinea-Bissau,2025-07,50.0
Guinea-Bissau,2025-08,50.0
Guinea-Bissau,2025-09,50.0
Guinea-Bissau,2025-10,50.0
Guinea-Bissau,2025-11,50.0
Ivory Coast,2015-01,29.69196239
Ivory Coast,2015-02,26.38297833
Ivory Coast,2015-03,28.998526870000003
Ivory Coast,2015-04,29.76976217
Ivory Coast,2015-05,24.382813539999997
Ivory Coast,2015-06,22.148378149999996
Ivory Coast,2015-07,25.598123619999996
Ivory Coast,2015-08,28.64207230043171
Ivory Coast,2015-09,15.60204092
Ivory Coast,2015-10,25.047096801805335
Ivory Coast,2015-11,21.17117176
Ivory Coast,2015-12,21.537815979999998
Ivory Coast,2016-01,24.23728874
Ivory Coast,2016-02,28.240271592681896
Ivory Coast,2016-03,26.91611801
Ivory Coast,2016-04,27.33443616
Ivory Coast,2016-05,27.236842440000004
Ivory Coast,2016-06,27.1805447
Ivory Coast,2016-07,25.33884358
Ivory Coast,2016-08,26.428571510000005
Ivory Coast,2016-09,25.21882701
Ivory Coast,2016-10,26.08000057
Ivory Coast,2016-11,25.635401850000004
Ivory Coast,2016-12,23.551953128227623
Ivory Coast,2017-01,24.632063139999996
Ivory Coast,2017-02,31.86046519
Ivory Coast,2017-03,33.29345516896552
Ivory Coast,2017-04,35.2260954
Ivory Coast,2017-05,26.53579686
Ivory Coast,2017-06,26.402440120000005
Ivory Coast,2017-07,26.487766690000004
Ivory Coast,2017-08,27.197503598295484
Ivory Coast,2017-09,28.27586373
Ivory Coast,2017-10,32.78653379
Ivory Coast,2017-11,29.2690058372892
Ivory Coast,2017-12,30.571427994754576
Ivory Coast,2018-01,31.66075758359836
Ivory Coast,2018-02,33.77976375523903
Ivory Coast,2018-03,32.09806458830343
Ivory Coast,2018-04,29.25840150746479
Ivory Coast,2018-05,30.895439827908785
Ivory Coast,2018-06,28.283492712748675
Ivory Coast,2018-07,30.38968566735637
Ivory Coast,2018-08,27.275448899833272
Ivory Coast,2018-09,31.35229280884078
Ivory Coast,2018-10,25.752961024780472
Ivory Coast,2018-11,31.682577876534996
Ivory Coast,2018-12,26.594246510158545
Ivory Coast,2019-01,38.29142895728902
Ivory Coast,2019-02,34.6144924721019
Ivory Coast,2019-03,33.89308872668923
Ivory Coast,2019-04,31.7127380543894
Ivory Coast,2019-05,29.947066951599854
Ivory Coast,2019-06,29.025321910149614
Ivory Coast,2019-07,31.182137322932082
Ivory Coast,2019-08,29.112397803535938
Ivory Coast,2019-09,28.195631881354537
Ivory Coast,2019-10,31.731432136763406
Ivory Coast,2019-11,37.498795189644134
Ivory Coast,2019-12,25.246446116022213
Ivory Coast,2020-01,28.27978391748525
Ivory Coast,2020-02,30.77915398574223
Ivory Coast,2020-03,31.659750910225913
Ivory Coast,2020-04,40.428763573877916
Ivory Coast,2020-05,33.32547370099778
Ivory Coast,2020-06,31.278265924101724
Ivory Coast,2020-07,25.949787542561285
Ivory Coast,2020-08,23.036897525656784
Ivory Coast,2020-09,26.867409197165994
Ivory Coast,2020-10,24.962866471012173
Ivory Coast,2020-11,20.94560314917561
Ivory Coast,2020-12,26.559767876752613
Ivory Coast,2021-01,27.937500798795817
Ivory Coast,2021-02,30.67370666971978
Ivory Coast,2021-03,26.907217849727015
Ivory Coast,2021-04,31.26943158210527
Ivory Coast,2021-05,36.77502684761964
Ivory Coast,2021-06,37.29919681192269
Ivory Coast,2021-07,36.5401041418225
Ivory Coast,2021-08,31.837199280639076
Ivory Coast,2021-09,27.76851823784722
Ivory Coast,2021-10,33.17167689359541
Ivory Coast,2021-11,32.06964189038407
Ivory Coast,2021-12,27.619989224372524
Ivory Coast,2022-01,27.892561777407593
Ivory Coast,2022-02,31.765026294717444
Ivory Coast,2022-03,35.07077848856105
Ivory Coast,2022-04,32.22591428056244
Ivory Coast,2022-05,31.492380436417584
Ivory Coast,2022-06,34.262626558670924
Ivory Coast,2022-07,31.418339166066215
Ivory Coast,2022-08,28.88186654792006
Ivory Coast,2022-09,30.861125216133726
Ivory Coast,2022-10,30.821984364443473
Ivory Coast,2022-11,30.564279734223966
Ivory Coast,2022-12,25.58947441442105
Ivory Coast,2023-01,27.349461491076106
Ivory Coast,2023-02,28.613917905688478
Ivory Coast,2023-03,26.88571437505232
Ivory Coast,2023-04,32.379822196420434
Ivory Coast,2023-05,25.32614532728925
Ivory Coast,2023-06,26.31010324281157
Ivory Coast,2023-07,23.34623931076997
Ivory Coast,2023-08,20.087506504903686
Ivory Coast,2023-09,25.847837496682462
Ivory Coast,2023-10,23.495190796194528
Ivory Coast,2023-11,25.26132419
Ivory Coast,2023-12,25.803123408351485
Ivory Coast,2024-01,21.600687991482626
Ivory Coast,2024-02,21.883878621614713
Ivory Coast,2024-03,24.997228441008872
Ivory Coast,2024-04,26.505986345462155
Ivory Coast,2024-05,27.815351358549886
Ivory Coast,2024-06,26.615636752772
Ivory Coast,2024-07,27.420718884784
Ivory Coast,2024-08,23.752466240672177
Ivory Coast,2024-09,26.89756341851978
Ivory Coast,2024-10,29.090390622822927
Ivory Coast,2024-11,27.728219633433973
Ivory Coast,2024-12,32.770822222940424
Ivory Coast,2025-01,33.721234748718615
Ivory Coast,2025-02,34.8895747011175
Ivory Coast,2025-03,35.32808880170457
Ivory Coast,2025-04,42.45485926800234
Ivory Coast,2025-05,38.716944100584904
Ivory Coast,2025-06,31.905655364159898
Ivory Coast,2025-07,32.8742100345487
Ivory Coast,2025-08,28.446739340226237
Ivory Coast,2025-09,30.169722670007495
Ivory Coast,2025-10,29.097693034540576
Ivory Coast,2025-11,31.505843169296007
Ivory Coast,2025-12,29.934140352395186
Kenya,2015-01,27.784091492339737
Kenya,2015-02,29.868781899366777
Kenya,2015-03,30.938993269162776
Kenya,2015-04,29.500269059732464
Kenya,2015-05,32.641922321867966
Kenya,2015-06,36.94980703353866
Kenya,2015-07,34.598392793532014
Kenya,2015-08,34.913495172871976
Kenya,2015-09,32.27734105072153
Kenya,2015-10,33.54909547162601
Kenya,2015-11,33.5205419301322
Kenya,2015-12,32.29885183010798
Kenya,2016-01,31.417188879230437
Kenya,2016-02,31.995788235913636
Kenya,2016-03,34.97977921990287
Kenya,2016-04,37.097495794679666
Kenya,2016-05,33.32783245608593
Kenya,2016-06,29.511677727074545
Kenya,2016-07,35.34366846796083
Kenya,2016-08,41.48635316317533
Kenya,2016-09,39.52041917236067
Kenya,2016-10,33.35490480673653
Kenya,2016-11,40.504902722879514
Kenya,2016-12,33.73198168402788
Kenya,2017-01,39.79682942034869
Kenya,2017-02,38.32301412328391
Kenya,2017-03,40.55200813365516
Kenya,2017-04,29.888344797263116
Kenya,2017-05,38.74256608810625
Kenya,2017-06,35.16115271249338
Kenya,2017-07,38.74544850927241
Kenya,2017-08,35.450470884358786
Kenya,2017-09,34.962672921545035
Kenya,2017-10,36.62591925658195
Kenya,2017-11,38.85502344810555
Kenya,2017-12,39.56011812028576
Kenya,2018-01,40.69054678237154
Kenya,2018-02,31.052456510829302
Kenya,2018-03,35.42350175508273
Kenya,2018-04,32.09178201297122
Kenya,2018-05,32.57009364113707
Kenya,2018-06,32.070985916939414
Kenya,2018-07,32.92035386277059
Kenya,2018-08,31.352472819959207
Kenya,2018-09,40.1900237988979
Kenya,2018-10,33.26562976716791
Kenya,2018-11,28.167856262075755
Kenya,2018-12,35.04652273641117
Kenya,2019-01,43.25791821614501
Kenya,2019-02,38.65352579759034
Kenya,2019-03,43.85829293327482
Kenya,2019-04,37.26378029876899
Kenya,2019-05,40.4410050236985
Kenya,2019-06,40.53799264043816
Kenya,2019-07,38.137081669073176
Kenya,2019-08,39.241291405361494
Kenya,2019-09,40.90393870806447
Kenya,2019-10,38.273865050761955
Kenya,2019-11,37.428391537503444
Kenya,2019-12,41.37917792493601
Kenya,2020-01,38.68803790845534
Kenya,2020-02,41.68391366007279
Kenya,2020-03,53.99283826698189
Kenya,2020-04,51.773849846306085
Kenya,2020-05,42.793094723457806
Kenya,2020-06,43.42156107778896
Kenya,2020-07,46.63002665405631
Kenya,2020-08,46.995030656759035
Kenya,2020-09,44.72617273351237
Kenya,2020-10,42.944414243043475
Kenya,2020-11,42.83432626208789
Kenya,2020-12,46.595888525396916
Kenya,2021-01,53.53158488744833
Kenya,2021-02,31.25737919539551
Kenya,2021-03,36.62516707381059
Kenya,2021-04,42.08847378
Kenya,2021-05,30.02494988623254
Kenya,2021-06,27.508650511814135
Kenya,2021-07,39.649806932996114
Kenya,2021-08,38.24838274535598
Kenya,2021-09,42.84060497250482
Kenya,2021-10,29.395833685562497
Kenya,2021-11,35.44200345189065
Kenya,2021-12,42.373180936391705
Kenya,2022-01,29.175853223926513
Kenya,2022-02,28.786096139037436
Kenya,2022-03,50.89699949124147
Kenya,2022-04,52.596927564359916
Kenya,2022-05,30.223522395125066
Kenya,2022-06,33.767973240332175
Kenya,2022-07,28.557165195207187
Kenya,2022-08,37.110133727204264
Kenya,2022-09,36.02457213
Kenya,2022-10,38.4782608790942
Kenya,2022-11,43.480984184
Kenya,2022-12,37.31828457731376
Kenya,2023-01,34.058211731850314
Kenya,2023-02,43.43778044782453
Kenya,2023-03,44.60382003671272
Kenya,2023-04,35.675229533450704
Kenya,2023-05,39.04290428463697
Kenya,2023-06,33.85292836915896
Kenya,2023-07,50.851694359763236
Kenya,2023-08,34.13689187452432
Kenya,2023-09,35.22821589646888
Kenya,2023-10,32.693345867670864
Kenya,2023-11,46.2411845648378
Kenya,2023-12,33.97727267414192
Kenya,2024-01,33.74231317326568
Kenya,2024-02,25.236629859395922
Kenya,2024-03,32.80836681098481
Kenya,2024-04,25.00934582695327
Kenya,2024-05,38.11838064315265
Kenya,2024-06,30.108248080067185
Kenya,2024-07,41.512925728199804
Kenya,2024-08,39.451654700000006
Kenya,2024-09,37.81270931
Kenya,2024-10,34.45156903432692
Kenya,2024-11,41.35562308224835
Kenya,2024-12,34.197048449696176
Kenya,2025-01,35.803448718751724
Kenya,2025-02,41.393883627446115
Kenya,2025-03,39.19755127477654
Kenya,2025-04,45.951078298608984
Kenya,2025-05,48.804971579426386
Kenya,2025-06,48.590280220920505
Kenya,2025-07,53.69696927180909
Kenya,2025-08,52.41400271689498
Kenya,2025-09,56.65268027278244
Kenya,2025-10,53.516169344695626
Kenya,2025-11,54.35170015032663
Kenya,2025-12,71.1493921420087
Lesotho,2015-01,72.5342479505448
Lesotho,2015-02,61.04347975000002
Lesotho,2015-03,59.4514750235443
Lesotho,2015-04,78.07017181
Lesotho,2015-05,55.91666777999999
Lesotho,2015-06,59.67479644000001
Lesotho,2015-07,59.999999529535806
Lesotho,2015-08,56.39004449999999
Lesotho,2015-09,59.004147320580906
Lesotho,2015-10,57.651246230000005
Lesotho,2015-11,56.99275266
Lesotho,2015-12,73.34801846
Lesotho,2016-01,55.000002568269224
Lesotho,2016-02,62.248062434159024
Lesotho,2016-03,81.53846447
Lesotho,2016-04,70.74906496
Lesotho,2016-05,64.43965763422412
Lesotho,2016-06,57.092510337444935
Lesotho,2016-07,58.541667860000004
Lesotho,2016-08,58.39024055568494
Lesotho,2016-09,61.84210454088052
Lesotho,2016-10,63.62934176768968
Lesotho,2016-11,66.13445011364081
Lesotho,2016-12,67.63284655613526
Lesotho,2017-01,64.07239836733031
Lesotho,2017-02,62.0769244
Lesotho,2017-03,78.89763558
Lesotho,2017-04,68.689319927767
Lesotho,2017-05,79.65277789330428
Lesotho,2017-06,60.841419322977345
Lesotho,2017-07,55.336131363410196
Lesotho,2017-08,56.67655927857567
Lesotho,2017-09,58.181816952100085
Lesotho,2017-10,68.30721088497197
Lesotho,2017-11,71.63701150869487
Lesotho,2017-12,61.63265228391837
Lesotho,2018-01,61.545454261909086
Lesotho,2018-02,63.95999679435999
Lesotho,2018-03,73.38129754
Lesotho,2018-04,56.99346502
Lesotho,2018-05,75.51369888
Lesotho,2018-06,67.33067035366534
Lesotho,2018-07,57.40890878999999
Lesotho,2018-08,62.09923466
Lesotho,2018-09,63.85964594
Lesotho,2018-10,64.19491707
Lesotho,2018-11,59.082570971842316
Lesotho,2018-12,74.0101550418274
Lesotho,2019-01,65.10752657
Lesotho,2019-02,77.24738552529618
Lesotho,2019-03,79.63542056822915
Lesotho,2019-04,71.21293955800539
Lesotho,2019-05,90.02631896597796
Lesotho,2019-06,76.3043465
Lesotho,2019-07,81.00323761485963
Lesotho,2019-08,63.49999599215626
Lesotho,2019-09,56.00639151000001
Lesotho,2019-10,76.04811469938704
Lesotho,2019-11,84.05660300708499
Lesotho,2019-12,67.55682013
Lesotho,2020-01,68.77358792
Lesotho,2020-02,80.0749092952992
Lesotho,2020-03,99.5172416758332
Lesotho,2020-04,110.95833622166666
Lesotho,2020-05,106.24472761265822
Lesotho,2020-06,82.69802155230602
Lesotho,2020-07,80.55408994488556
Lesotho,2020-08,89.17959899
Lesotho,2020-09,72.77404835221478
Lesotho,2020-10,81.42118663806083
Lesotho,2020-11,80.07874301
Lesotho,2020-12,70.28169002112676
Lesotho,2021-01,63.46330282000001
Lesotho,2021-02,60.75313909
Lesotho,2021-03,74.74766254721496
Lesotho,2021-04,71.3852812192711
Lesotho,2021-05,82.84809865981013
Lesotho,2021-06,66.43129541313289
Lesotho,2021-07,68.36653282518901
Lesotho,2021-08,62.90734986981314
Lesotho,2021-09,75.25125388740446
Lesotho,2021-10,84.54285553549778
Lesotho,2021-11,70.51413880111554
Lesotho,2021-12,75.16015526688695
Lesotho,2022-01,64.09266570662118
Lesotho,2022-02,60.58035902743978
Lesotho,2022-03,75.33653607911448
Lesotho,2022-04,93.05732333799881
Lesotho,2022-05,74.73239831671796
Lesotho,2022-06,76.17563958553792
Lesotho,2022-07,74.88479399723504
Lesotho,2022-08,82.8503544114368
Lesotho,2022-09,86.22710879
Lesotho,2022-10,83.96907430458646
Lesotho,2022-11,95.96153949173524
Lesotho,2022-12,93.89830808
Lesotho,2023-01,75.05618026
Lesotho,2023-02,105.2857163
Lesotho,2023-03,78.82911970095452
Lesotho,2023-04,78.78172554999999
Lesotho,2023-05,85.87662779000001
Lesotho,2023-06,64.81967304845902
Lesotho,2023-07,55.42662021689419
Lesotho,2023-08,96.66666399
Lesotho,2023-09,101.3372098728583
Lesotho,2023-10,84.72491761000002
Lesotho,2023-11,69.25811221836167
Lesotho,2023-12,109.3656768
Lesotho,2024-01,53.45528576000001
Lesotho,2024-02,64.08620686492422
Lesotho,2024-03,66.70033346049095
Lesotho,2024-04,62.34276463
Lesotho,2024-05,65.39999668
Lesotho,2024-06,70.69069053733222
Lesotho,2024-07,69.64174557042818
Lesotho,2024-08,94.61373331066524
Lesotho,2024-09,95.64428546
Lesotho,2024-10,88.84976536860684
Lesotho,2024-11,79.58525474578717
Lesotho,2024-12,81.09756374
Lesotho,2025-01,47.95737245632616
Lesotho,2025-02,97.25925722
Lesotho,2025-03,77.6058639670953
Lesotho,2025-04,93.10055405554404
Lesotho,2025-05,95.36971688656978
Lesotho,2025-06,110.76285110381426
Lesotho,2025-07,96.81350663680121
Lesotho,2025-08,109.02040088128902
Lesotho,2025-09,98.39705895
Lesotho,2025-10,90.31645561
Lesotho,2025-11,82.05272842064336
Lesotho,2025-12,93.65196368004902
Liberia,2015-01,100.7865199
Liberia,2015-02,100.7865199
Liberia,2015-03,83.33333627999998
Liberia,2015-04,98.76404934
Liberia,2015-05,98.76404934
Liberia,2015-06,98.76404934
Liberia,2015-07,98.76404934
Liberia,2015-08,98.76404934
Liberia,2015-09,98.76404934
Liberia,2015-10,95.84269845
Liberia,2015-11,95.84269845
Liberia,2015-12,91.62500113
Liberia,2016-01,100.33708179999999
Liberia,2016-02,101.9101151
Liberia,2016-03,101.05819684656085
Liberia,2016-04,116.7335247
Liberia,2016-05,104.7499942
Liberia,2016-06,98.03439234999999
Liberia,2016-07,105.8648655
Liberia,2016-08,126.6484986
Liberia,2016-09,117.8989334
Liberia,2016-10,96.91589035
Liberia,2016-11,88.73417166000002
Liberia,2016-12,100.64308130000002
Liberia,2017-01,112.8841623
Liberia,2017-02,105.1973704
Liberia,2017-03,95.83332976999999
Liberia,2017-04,102.62687649999998
Liberia,2017-05,95.34124805
Liberia,2017-06,100.9661852
Liberia,2017-07,88.18181832
Liberia,2017-08,80.09302339000001
Liberia,2017-09,89.4910940940458
Liberia,2017-10,75.08152335000001
Liberia,2017-11,90.11299623601695
Liberia,2017-12,85.26946228
Liberia,2018-01,88.0754667
Liberia,2018-02,86.9714241
Liberia,2018-03,84.46177706999998
Liberia,2018-04,78.09199166
Liberia,2018-05,90.71955329
Liberia,2018-06,96.16465377
Liberia,2018-07,101.3148168
Liberia,2018-08,90.60218647
Liberia,2018-09,102.6584879
Liberia,2018-10,93.32185834
Liberia,2018-11,83.22822496747746
Liberia,2018-12,84.6543792178673
Liberia,2019-01,84.75699009999998
Liberia,2019-02,83.17972482
Liberia,2019-03,97.81844717
Liberia,2019-04,81.95588363999998
Liberia,2019-05,100.2575123
Liberia,2019-06,101.5297428
Liberia,2019-07,82.12282807000001
Liberia,2019-08,76.81372738
Liberia,2019-09,88.46774393999999
Liberia,2019-10,100.2645471
Liberia,2019-11,93.01391024
Liberia,2019-12,115.940251
Liberia,2020-01,100.3550279
Liberia,2020-02,104.8030333
Liberia,2020-03,77.39605998
Liberia,2020-04,128.0695026
Liberia,2020-05,123.9103927
Liberia,2020-06,86.77029288672712
Liberia,2020-07,83.79373946
Liberia,2020-08,77.79247263714473
Liberia,2020-09,73.77607290678375
Liberia,2020-10,85.49839318
Liberia,2020-11,79.86318436
Liberia,2020-12,74.12073640729872
Liberia,2021-01,90.05625573524613
Liberia,2021-02,79.50537692
Liberia,2021-03,80.52050729
Liberia,2021-04,74.6757688
Liberia,2021-05,90.11904834
Liberia,2021-06,87.08984981830079
Liberia,2021-07,95.75042065
Liberia,2021-08,81.12794317
Liberia,2021-09,80.40956165104095
Liberia,2021-10,73.17324040430812
Liberia,2021-11,89.12109509
Liberia,2021-12,83.39100127687134
Liberia,2022-01,82.14173174000001
Liberia,2022-02,79.9825147267889
Liberia,2022-03,86.41765284
Liberia,2022-04,79.28571805933706
Liberia,2022-05,73.92931282
Liberia,2022-06,81.54205459
Liberia,2022-07,85.54848791
Liberia,2022-08,88.10810642000001
Liberia,2022-09,91.09804191016539
Liberia,2022-10,84.56395161007977
Liberia,2022-11,81.04803440999999
Liberia,2022-12,89.80635900876193
Liberia,2023-01,79.51841233188385
Liberia,2023-02,83.67231511882767
Liberia,2023-03,75.79889849659298
Liberia,2023-04,76.11363605904546
Liberia,2023-05,71.77622147898389
Liberia,2023-06,87.98610849286459
Liberia,2023-07,81.74100502277932
Liberia,2023-08,76.88645175555556
Liberia,2023-09,76.5558180485392
Liberia,2023-10,54.61200525948994
Liberia,2023-11,63.19327990319328
Liberia,2023-12,82.95489915236934
Liberia,2024-01,82.63080976312736
Liberia,2024-02,78.69680651
Liberia,2024-03,88.83626648015107
Liberia,2024-04,78.45361187332843
Liberia,2024-05,92.27272781454546
Liberia,2024-06,91.801801131674
Liberia,2024-07,106.57327846522254
Liberia,2024-08,99.27312660482737
Liberia,2024-09,103.76212730541658
Liberia,2024-10,99.6281008544042
Liberia,2024-11,111.54562788081935
Liberia,2024-12,110.45951738555799
Liberia,2025-01,88.57397679923642
Liberia,2025-02,98.24224187
Liberia,2025-03,96.11510709
Liberia,2025-04,81.51260934685558
Liberia,2025-05,86.12612477871929
Liberia,2025-06,102.56097578924562
Liberia,2025-07,109.8455097
Liberia,2025-08,105.61946469439528
Liberia,2025-09,93.02384123379125
Liberia,2025-10,104.8773823
Liberia,2025-11,110.9686593
Liberia,2025-12,112.7480949861794
Libya,2015-01,12.479442696141682
Libya,2015-02,7.719298461924666
Libya,2015-03,6.403143914
Libya,2015-04,7.305242733999999
Libya,2015-05,5.877817738
Libya,2015-06,10.18168635
Libya,2015-07,6.218227273
Libya,2015-08,8.397965937
Libya,2015-09,6.908859319
Libya,2015-10,5.743107221999999
Libya,2015-11,5.491071673
Libya,2015-12,4.518552133956749
Libya,2016-01,5.565845708
Libya,2016-02,8.979370366818676
Libya,2016-03,9.820574122598684
Libya,2016-04,14.20597539
Libya,2016-05,8.142222118
Libya,2016-06,9.826338722
Libya,2016-07,12.18227884
Libya,2016-08,7.247301407052993
Libya,2016-09,13.273018206067057
Libya,2016-10,9.678322451904895
Libya,2016-11,9.707293858
Libya,2016-12,13.4406784
Libya,2017-01,12.663073066436656
Libya,2017-02,7.148437853441341
Libya,2017-03,12.950654669999999
Libya,2017-04,15.661202619999996
Libya,2017-05,16.30884335
Libya,2017-06,11.95700127
Libya,2017-07,11.537291001282345
Libya,2017-08,10.97550543
Libya,2017-09,6.714331153
Libya,2017-10,9.621903794
Libya,2017-11,9.64368333
Libya,2017-12,13.01520787
Libya,2018-01,6.325944304
Libya,2018-02,5.509239684
Libya,2018-03,6.462208537377126
Libya,2018-04,8.1738733
Libya,2018-05,11.71945707
Libya,2018-06,10.8242818
Libya,2018-07,10.25355622
Libya,2018-08,8.071915747290761
Libya,2018-09,9.948849312505754
Libya,2018-10,5.25224236916081
Libya,2018-11,7.763158276000001
Libya,2018-12,1.2188505248241561
Libya,2019-01,2.3660779118179827
Libya,2019-02,2.445891021591213
Libya,2019-03,2.074145104529882
Libya,2019-04,3.398130960466542
Libya,2019-05,1.6244988709813353
Libya,2019-06,1.6367103186831427
Libya,2019-07,3.3960883919139095
Libya,2019-08,2.5153374332380367
Libya,2019-09,2.248652689179706
Libya,2019-10,2.863568205751125
Libya,2019-11,1.8718682871614172
Libya,2019-12,1.7221491238627225
Libya,2020-01,1.613551986855198
Libya,2020-02,2.3400989305425552
Libya,2020-03,3.316626087140484
Libya,2020-04,3.8858972527889684
Libya,2020-05,5.286885599632665
Libya,2020-06,4.995166176873498
Libya,2020-07,5.4145186491606525
Libya,2020-08,7.725457407552413
Libya,2020-09,6.681919412
Libya,2020-10,5.171745935508006
Libya,2020-11,5.0492022046309835
Libya,2020-12,7.384657381391072
Libya,2021-01,5.941969857
Libya,2021-02,14.21463827
Libya,2021-03,12.757996646107424
Libya,2021-04,16.11866147
Libya,2021-05,13.619490130000003
Libya,2021-06,17.53139788
Libya,2021-07,17.27586179
Libya,2021-08,15.5466564
Libya,2021-09,19.19575867
Libya,2021-10,20.46591908
Libya,2021-11,19.20098015
Libya,2021-12,12.47104259
Libya,2022-01,24.57132148
Libya,2022-02,16.97763291
Libya,2022-03,16.32958874
Libya,2022-04,22.50127622
Libya,2022-05,20.16977219
Libya,2022-06,22.08349747
Libya,2022-07,20.59305575
Libya,2022-08,20.30222261
Libya,2022-09,22.321585657704844
Libya,2022-10,24.103330319564478
Libya,2022-11,27.46602072056796
Libya,2022-12,21.20547969805936
Libya,2023-01,21.8439075362848
Libya,2023-02,16.863405760000003
Libya,2023-03,21.025948149999998
Libya,2023-04,19.54667855
Libya,2023-05,17.454166858191666
Libya,2023-06,18.48127827
Libya,2023-07,21.10668846
Libya,2023-08,19.236729758280365
Libya,2023-09,14.16067163059952
Libya,2023-10,24.43697548657563
Libya,2023-11,20.898009549999998
Libya,2023-12,19.63109312794027
Libya,2024-01,22.0078129
Libya,2024-02,13.903253054211845
Libya,2024-03,18.27027037
Libya,2024-04,18.78565263
Libya,2024-05,17.52941247
Libya,2024-06,19.47125644
Libya,2024-07,22.134357070000004
Libya,2024-08,26.826324230000004
Libya,2024-09,32.95109852008432
Libya,2024-10,24.117842573695143
Libya,2024-11,20.662123284333536
Libya,2024-12,23.45291632
Libya,2025-01,25.30330358
Libya,2025-02,25.08338918
Libya,2025-03,19.628898922334976
Libya,2025-04,22.914814533876154
Libya,2025-05,15.402089258715405
Libya,2025-06,17.95230656
Libya,2025-07,19.21461695
Libya,2025-08,18.074342206375835
Libya,2025-09,14.989136254676808
Libya,2025-10,18.372985003146585
Libya,2025-11,12.468073299589118
Libya,2025-12,10.99805062
Madagascar,2015-01,20.3522013081761
Madagascar,2015-02,24.005006637146433
Madagascar,2015-03,18.864469209706957
Madagascar,2015-04,23.099632195817957
Madagascar,2015-05,21.38500797827192
Madagascar,2015-06,23.412501212187504
Madagascar,2015-07,19.571603493047732
Madagascar,2015-08,17.628608444082168
Madagascar,2015-09,25.129469079950677
Madagascar,2015-10,24.062878645707375
Madagascar,2015-11,21.01468628967957
Madagascar,2015-12,21.445930310085053
Madagascar,2016-01,23.312182382745252
Madagascar,2016-02,25.00625900937422
Madagascar,2016-03,22.892459476946843
Madagascar,2016-04,19.00121953501827
Madagascar,2016-05,20.363408162982456
Madagascar,2016-06,21.802469532419757
Madagascar,2016-07,24.810745606902916
Madagascar,2016-08,20.669102003649634
Madagascar,2016-09,24.0750000195
Madagascar,2016-10,22.81250116065
Madagascar,2016-11,25.11779865863874
Madagascar,2016-12,7.605893220957643
Madagascar,2017-01,18.81088759670487
Madagascar,2017-02,24.10013614051421
Madagascar,2017-03,21.762453272439334
Madagascar,2017-04,18.96984925089196
Madagascar,2017-05,22.822163765850515
Madagascar,2017-06,21.986665848600005
Madagascar,2017-07,22.612499235812503
Madagascar,2017-08,21.158156918854296
Madagascar,2017-09,22.818292703090233
Madagascar,2017-10,14.94520632020548
Madagascar,2017-11,20.941176072810457
Madagascar,2017-12,20.463078853066335
Madagascar,2018-01,22.15853586676829
Madagascar,2018-02,22.44667582450439
Madagascar,2018-03,21.111110404753088
Madagascar,2018-04,18.915212776870323
Madagascar,2018-05,23.462986223255818
Madagascar,2018-06,24.44162441285533
Madagascar,2018-07,20.587484859106002
Madagascar,2018-08,24.969474732991454
Madagascar,2018-09,23.56894527378911
Madagascar,2018-10,20.21645054172078
Madagascar,2018-11,20.21517502318418
Madagascar,2018-12,31.260290559066824
Madagascar,2019-01,28.57398645805489
Madagascar,2019-02,25.614035564931417
Madagascar,2019-03,26.777447533124562
Madagascar,2019-04,26.374149710190476
Madagascar,2019-05,30.60063985029497
Madagascar,2019-06,23.47432024386707
Madagascar,2019-07,33.3866476233936
Madagascar,2019-08,29.33949882976222
Madagascar,2019-09,27.74088432698674
Madagascar,2019-10,30.25608197485275
Madagascar,2019-11,25.459985211878553
Madagascar,2019-12,27.909208010959077
Madagascar,2020-01,25.122664036176918
Madagascar,2020-02,29.093998746360842
Madagascar,2020-03,36.69603646431718
Madagascar,2020-04,40.59006210695652
Madagascar,2020-05,44.95841494254638
Madagascar,2020-06,53.2385664004552
Madagascar,2020-07,52.85151201874507
Madagascar,2020-08,52.84037766130568
Madagascar,2020-09,42.006126396654444
Madagascar,2020-10,40.24377992057212
Madagascar,2020-11,43.59100943195992
Madagascar,2020-12,45.97359864090951
Madagascar,2021-01,25.97082969470374
Madagascar,2021-02,24.288442665818174
Madagascar,2021-03,19.272065942477944
Madagascar,2021-04,21.17041213504834
Madagascar,2021-05,18.210000613963256
Madagascar,2021-06,22.346939205797774
Madagascar,2021-07,26.149584912662284
Madagascar,2021-08,25.20435982680439
Madagascar,2021-09,26.05238611670242
Madagascar,2021-10,24.018433764748046
Madagascar,2021-11,22.562907880686407
Madagascar,2021-12,20.210045939820322
Madagascar,2022-01,18.11100278283508
Madagascar,2022-02,14.072693587354733
Madagascar,2022-03,23.024344173320703
Madagascar,2022-04,27.336956023188407
Madagascar,2022-05,28.481124112967514
Madagascar,2022-06,24.829136469622302
Madagascar,2022-07,32.97468277707052
Madagascar,2022-08,19.96380172
Madagascar,2022-09,21.504179040306408
Madagascar,2022-10,26.08340949095195
Madagascar,2022-11,17.96443964232131
Madagascar,2022-12,20.58046416232186
Madagascar,2023-01,21.23847674510621
Madagascar,2023-02,19.335886866964668
Madagascar,2023-03,18.808477321447423
Madagascar,2023-04,17.80138615316397
Madagascar,2023-05,20.41684407098256
Madagascar,2023-06,21.90717328
Madagascar,2023-07,19.275233479346376
Madagascar,2023-08,17.28714635263773
Madagascar,2023-09,18.1239539085469
Madagascar,2023-10,19.20150568
Madagascar,2023-11,17.401852704561094
Madagascar,2023-12,20.9584940743995
Madagascar,2024-01,18.02422676317878
Madagascar,2024-02,19.484758367239156
Madagascar,2024-03,18.80642378
Madagascar,2024-04,20.65236877
Madagascar,2024-05,19.024390259999997
Madagascar,2024-06,18.20657323
Madagascar,2024-07,16.662327201180556
Madagascar,2024-08,18.73190078
Madagascar,2024-09,19.76531944
Madagascar,2024-10,20.07075605
Madagascar,2024-11,19.7615002
Madagascar,2024-12,18.295888883450615
Madagascar,2025-01,21.02711613
Madagascar,2025-02,21.06847035
Madagascar,2025-03,20.44541567
Madagascar,2025-04,21.22731192
Madagascar,2025-05,22.42526281
Madagascar,2025-06,22.87147755
Madagascar,2025-07,18.35955093
Madagascar,2025-08,18.61482508
Madagascar,2025-09,16.974890414547627
Madagascar,2025-10,23.20422597
Madagascar,2025-11,24.000903386359944
Madagascar,2025-12,24.536331522031315
Malawi,2015-01,62.72556853296993
Malawi,2015-02,60.91503466
Malawi,2015-03,61.449754889999994
Malawi,2015-04,61.72839279
Malawi,2015-05,59.28314967
Malawi,2015-06,70.89622744
Malawi,2015-07,60.24453143
Malawi,2015-08,42.928821979999995
Malawi,2015-09,58.3715312
Malawi,2015-10,58.27304477
Malawi,2015-11,61.86931471999999
Malawi,2015-12,42.13155854
Malawi,2016-01,60.13715547
Malawi,2016-02,78.50174034584205
Malawi,2016-03,66.54676201995204
Malawi,2016-04,55.29914303931624
Malawi,2016-05,54.17156287
Malawi,2016-06,56.21689824
Malawi,2016-07,58.82965033
Malawi,2016-08,48.03159477
Malawi,2016-09,42.65948717
Malawi,2016-10,44.20899847
Malawi,2016-11,53.25342934246575
Malawi,2016-12,39.64370642562945
Malawi,2017-01,41.15690554457701
Malawi,2017-02,43.579155580766965
Malawi,2017-03,37.93965627
Malawi,2017-04,38.32512406789323
Malawi,2017-05,42.97199757130984
Malawi,2017-06,23.448358492122797
Malawi,2017-07,47.033736869942715
Malawi,2017-08,49.032628855180306
Malawi,2017-09,47.095186013632386
Malawi,2017-10,50.75482179727824
Malawi,2017-11,61.8915892819847
Malawi,2017-12,49.28519981
Malawi,2018-01,51.07992458
Malawi,2018-02,54.32091888347016
Malawi,2018-03,52.50667991337874
Malawi,2018-04,54.63676928562855
Malawi,2018-05,59.05166983697294
Malawi,2018-06,54.76091475
Malawi,2018-07,48.12575411229844
Malawi,2018-08,51.6185251216293
Malawi,2018-09,46.871961788852786
Malawi,2018-10,50.63073364391815
Malawi,2018-11,51.84259800226835
Malawi,2018-12,30.2278844250299
Malawi,2019-01,24.5669595053987
Malawi,2019-02,25.514107908221924
Malawi,2019-03,44.52309108000001
Malawi,2019-04,47.13678885555719
Malawi,2019-05,33.57323408
Malawi,2019-06,37.63954588
Malawi,2019-07,46.116607849999994
Malawi,2019-08,51.24863837091529
Malawi,2019-09,49.319627000000004
Malawi,2019-10,41.90966931004293
Malawi,2019-11,47.218000820959226
Malawi,2019-12,44.71492090224531
Malawi,2020-01,46.83246970464436
Malawi,2020-02,41.69694981424751
Malawi,2020-03,45.031711943167686
Malawi,2020-04,52.66666897957723
Malawi,2020-05,44.33971664181338
Malawi,2020-06,46.107755469788515
Malawi,2020-07,52.04440171
Malawi,2020-08,50.781250467881904
Malawi,2020-09,50.053490239443704
Malawi,2020-10,48.59606061332798
Malawi,2020-11,47.80174419681082
Malawi,2020-12,48.75262595097848
Malawi,2021-01,57.19987802780523
Malawi,2021-02,47.58204692025579
Malawi,2021-03,39.784442633206666
Malawi,2021-04,46.73946465447893
Malawi,2021-05,53.19917660192875
Malawi,2021-06,49.425993981217864
Malawi,2021-07,50.84782658846228
Malawi,2021-08,48.20111807555793
Malawi,2021-09,48.83537257747005
Malawi,2021-10,56.573093774299004
Malawi,2021-11,58.356556596402335
Malawi,2021-12,53.51767911783022
Malawi,2022-01,43.17201810472636
Malawi,2022-02,43.61456459681689
Malawi,2022-03,48.68716127543831
Malawi,2022-04,47.61862751905097
Malawi,2022-05,46.92278582218078
Malawi,2022-06,46.44086938918039
Malawi,2022-07,50.34725302021099
Malawi,2022-08,46.261896324869994
Malawi,2022-09,52.07078898890693
Malawi,2022-10,66.74944817406734
Malawi,2022-11,57.81715603285221
Malawi,2022-12,52.81886927
Malawi,2023-01,48.71276701223046
Malawi,2023-02,58.986302727762975
Malawi,2023-03,64.81005081635601
Malawi,2023-04,62.53004273225807
Malawi,2023-05,60.38770001348588
Malawi,2023-06,69.49303565082542
Malawi,2023-07,74.57564492961554
Malawi,2023-08,78.48939034243861
Malawi,2023-09,73.68637073642513
Malawi,2023-10,65.7679323155561
Malawi,2023-11,86.37062377364646
Malawi,2023-12,62.49999831233444
Malawi,2024-01,67.32506763603332
Malawi,2024-02,70.65690183310399
Malawi,2024-03,63.15581963117203
Malawi,2024-04,64.54390455774937
Malawi,2024-05,64.50959045984186
Malawi,2024-06,52.31353223561722
Malawi,2024-07,64.59215742396198
Malawi,2024-08,63.484405998433985
Malawi,2024-09,65.29244111054763
Malawi,2024-10,71.92307519795791
Malawi,2024-11,88.14285995348924
Malawi,2024-12,74.43648494811922
Malawi,2025-01,84.94756650203759
Malawi,2025-02,93.37061652896797
Malawi,2025-03,91.13567822430807
Malawi,2025-04,76.78260802136126
Malawi,2025-05,85.7142867873259
Malawi,2025-06,80.78322080865084
Malawi,2025-07,86.00448888257577
Malawi,2025-08,89.47085156296275
Malawi,2025-09,67.00294905535898
Malawi,2025-10,80.02219628528302
Malawi,2025-11,90.66081834665114
Malawi,2025-12,69.54139490010513
Mali,2015-01,66.53440417817771
Mali,2015-02,77.2621048657051
Mali,2015-03,66.51333437768972
Mali,2015-04,70.39394229297773
Mali,2015-05,66.67194101954685
Mali,2015-06,69.04743886022706
Mali,2015-07,66.43854800920323
Mali,2015-08,63.5905793838279
Mali,2015-09,79.84552333869911
Mali,2015-10,71.68982090198907
Mali,2015-11,65.85479417495004
Mali,2015-12,70.60955840345756
Mali,2016-01,75.9018802140741
Mali,2016-02,71.86280829643466
Mali,2016-03,64.02544541242095
Mali,2016-04,71.55050124994867
Mali,2016-05,73.38332201212131
Mali,2016-06,73.99484071105078
Mali,2016-07,67.47293131830278
Mali,2016-08,73.21037278709206
Mali,2016-09,82.14726818697007
Mali,2016-10,71.44498507981181
Mali,2016-11,68.95272487080909
Mali,2016-12,65.81326307731761
Mali,2017-01,70.92813169461908
Mali,2017-02,74.99910247814472
Mali,2017-03,75.48615154496345
Mali,2017-04,75.30120788921172
Mali,2017-05,73.283733842976
Mali,2017-06,66.92446734165377
Mali,2017-07,66.33522729736278
Mali,2017-08,70.65335605449879
Mali,2017-09,69.25470048397895
Mali,2017-10,32.18468264312979
Mali,2017-11,66.96919675783735
Mali,2017-12,67.60812519897223
Mali,2018-01,67.92419150638611
Mali,2018-02,68.75469064605042
Mali,2018-03,67.88061521516771
Mali,2018-04,60.37640818012921
Mali,2018-05,67.28481574015952
Mali,2018-06,61.5815842019911
Mali,2018-07,66.81228348791126
Mali,2018-08,52.781956140958776
Mali,2018-09,67.86829613106693
Mali,2018-10,67.92825929062344
Mali,2018-11,70.51185895770612
Mali,2018-12,65.60099412392944
Mali,2019-01,69.66779066677492
Mali,2019-02,72.9364238042403
Mali,2019-03,68.56553849735005
Mali,2019-04,65.02322471846206
Mali,2019-05,60.653787239753285
Mali,2019-06,58.27536376456386
Mali,2019-07,73.63753985566699
Mali,2019-08,47.348858485694585
Mali,2019-09,52.813695168899336
Mali,2019-10,62.94934138136247
Mali,2019-11,47.68154722604453
Mali,2019-12,46.812042698611535
Mali,2020-01,59.815790267935704
Mali,2020-02,40.46838029689785
Mali,2020-03,60.62537175643244
Mali,2020-04,69.14289247877316
Mali,2020-05,50.212450201589604
Mali,2020-06,58.35667477445894
Mali,2020-07,71.09250829972365
Mali,2020-08,73.79217720284997
Mali,2020-09,48.50819217450291
Mali,2020-10,63.72521683673225
Mali,2020-11,69.34908374362782
Mali,2020-12,55.82904744594312
Mali,2021-01,40.09408207522845
Mali,2021-02,67.4321170852081
Mali,2021-03,65.58003511832302
Mali,2021-04,63.06500746801972
Mali,2021-05,64.03730943543496
Mali,2021-06,64.532146558032
Mali,2021-07,62.705105965914214
Mali,2021-08,59.82157719473204
Mali,2021-09,65.49015752038255
Mali,2021-10,59.78689751485869
Mali,2021-11,70.34197861586053
Mali,2021-12,54.29619377963417
Mali,2022-01,72.71425293135944
Mali,2022-02,65.94311196171661
Mali,2022-03,65.50259226104707
Mali,2022-04,56.99026869315048
Mali,2022-05,55.233539437048854
Mali,2022-06,55.38195835718893
Mali,2022-07,55.76752878897462
Mali,2022-08,57.16546692587335
Mali,2022-09,51.66910467482575
Mali,2022-10,51.04049818569028
Mali,2022-11,58.93610980927779
Mali,2022-12,55.35154436
Mali,2023-01,45.102230762970095
Mali,2023-02,52.90404114792577
Mali,2023-03,64.02389032256208
Mali,2023-04,60.7999988347945
Mali,2023-05,58.61342361968899
Mali,2023-06,58.266321293727366
Mali,2023-07,62.70862041715204
Mali,2023-08,60.899943210593236
Mali,2023-09,63.50596436327684
Mali,2023-10,48.2130940717278
Mali,2023-11,52.03876525383462
Mali,2023-12,51.08280113
Mali,2024-01,47.29972558151621
Mali,2024-02,55.09828193333334
Mali,2024-03,55.53934840593794
Mali,2024-04,50.28504520171607
Mali,2024-05,59.60691523594714
Mali,2024-06,52.56338086
Mali,2024-07,59.328922454803056
Mali,2024-08,49.50305815396789
Mali,2024-09,46.79949772818792
Mali,2024-10,56.50893387181701
Mali,2024-11,44.55966530810402
Mali,2024-12,48.59666235450442
Mali,2025-01,51.49253614328359
Mali,2025-02,67.01954731161237
Mali,2025-03,65.71379845515744
Mali,2025-04,57.73758701506795
Mali,2025-05,53.44038069
Mali,2025-06,56.21763840512619
Mali,2025-07,56.96222713326569
Mali,2025-08,43.23764058
Mali,2025-09,49.8360029175853
Mali,2025-10,63.28790486475013
Mali,2025-11,67.46587677873814
Mali,2025-12,50.70943689362636
Mauritania,2015-01,0.0
Mauritania,2015-02,0.0
Mauritania,2015-03,0.0
Mauritania,2015-04,0.0
Mauritania,2015-05,0.0
Mauritania,2015-06,0.0
Mauritania,2015-07,0.0
Mauritania,2015-08,0.0
Mauritania,2015-09,0.0
Mauritania,2015-10,0.0
Mauritania,2015-11,0.0
Mauritania,2015-12,0.0
Mauritania,2016-01,0.0
Mauritania,2016-02,0.0
Mauritania,2016-03,0.0
Mauritania,2016-04,0.0
Mauritania,2016-05,0.0
Mauritania,2016-06,0.0
Mauritania,2016-07,0.0
Mauritania,2016-08,0.0
Mauritania,2016-09,0.0
Mauritania,2016-10,0.0
Mauritania,2016-11,0.0
Mauritania,2016-12,0.0
Mauritania,2017-01,0.0
Mauritania,2017-02,0.0
Mauritania,2017-03,0.0
Mauritania,2017-04,0.0
Mauritania,2017-05,0.0
Mauritania,2017-06,0.0
Mauritania,2017-07,0.0
Mauritania,2017-08,0.0
Mauritania,2017-09,0.0
Mauritania,2017-10,0.0
Mauritania,2017-11,0.0
Mauritania,2017-12,0.0
Mauritania,2018-01,0.0
Mauritania,2018-02,0.0
Mauritania,2018-03,0.0
Mauritania,2018-04,0.0
Mauritania,2018-05,0.0
Mauritania,2018-06,0.0
Mauritania,2018-07,0.0
Mauritania,2018-08,0.0
Mauritania,2018-09,0.0
Mauritania,2018-10,0.0
Mauritania,2018-11,0.0
Mauritania,2018-12,0.0
Mauritania,2019-01,29.471362946696033
Mauritania,2019-02,0.0
Mauritania,2019-03,0.0
Mauritania,2019-04,29.38073534869266
Mauritania,2019-05,29.150324138779954
Mauritania,2019-06,31.346632658354117
Mauritania,2019-07,0.0
Mauritania,2019-08,0.0
Mauritania,2019-09,0.0
Mauritania,2019-10,0.0
Mauritania,2019-11,0.24340771799999997
Mauritania,2019-12,0.24390244876829267
Mauritania,2020-01,0.27713627
Mauritania,2020-02,0.0
Mauritania,2020-03,0.8155339433514563
Mauritania,2020-04,0.0
Mauritania,2020-05,0.0
Mauritania,2020-06,0.2637362743736264
Mauritania,2020-07,0.0
Mauritania,2020-08,0.5217391507826087
Mauritania,2020-09,0.27088037181489844
Mauritania,2020-10,0.0
Mauritania,2020-11,1.334745854
Mauritania,2020-12,0.24844721442236026
Mauritania,2021-01,0.2536997985116279
Mauritania,2021-02,0.0
Mauritania,2021-03,0.0
Mauritania,2021-04,0.0
Mauritania,2021-05,0.0
Mauritania,2021-06,0.0
Mauritania,2021-07,0.0
Mauritania,2021-08,0.0
Mauritania,2021-09,0.0
Mauritania,2021-10,0.0
Mauritania,2021-11,0.0
Mauritania,2021-12,0.0
Mauritania,2022-01,0.0
Mauritania,2022-02,3.711340108
Mauritania,2022-03,0.0
Mauritania,2022-04,0.631578972
Mauritania,2022-05,0.0
Mauritania,2022-06,0.0
Mauritania,2022-07,0.0
Mauritania,2022-08,0.0
Mauritania,2022-09,0.0
Mauritania,2022-10,0.0
Mauritania,2022-11,0.0
Mauritania,2022-12,0.0
Mauritania,2023-01,0.0
Mauritania,2023-02,0.0
Mauritania,2023-03,0.0
Mauritania,2023-04,0.0
Mauritania,2023-05,0.0
Mauritania,2023-06,0.0
Mauritania,2023-07,0.0
Mauritania,2023-08,0.0
Mauritania,2023-09,0.0
Mauritania,2023-10,0.0
Mauritania,2023-11,0.0
Mauritania,2023-12,0.0
Mauritania,2024-01,0.0
Mauritania,2024-02,0.631578972
Mauritania,2024-03,0.0
Mauritania,2024-04,0.652173939
Mauritania,2024-05,0.0
Mauritania,2024-06,0.645161316
Mauritania,2024-07,0.0
Mauritania,2024-08,0.0
Mauritania,2024-09,0.0
Mauritania,2024-10,0.0
Mauritania,2024-11,0.0
Mauritania,2024-12,0.0
Mauritania,2025-01,1.237113451
Mauritania,2025-02,0.618556726
Mauritania,2025-03,0.621761683
Mauritania,2025-04,0.0
Mauritania,2025-05,0.0
Mauritania,2025-06,1.956521817
Mauritania,2025-07,0.0
Mauritania,2025-08,0.0
Mauritania,2025-09,0.0
Mauritania,2025-10,0.0
Mauritania,2025-11,0.0
Mauritania,2025-12,0.0
Mauritius,2015-01,9.352836879497898
Mauritius,2015-02,12.539535099638723
Mauritius,2015-03,10.962963042026031
Mauritius,2015-04,11.372699350400021
Mauritius,2015-05,9.798216819325026
Mauritius,2015-06,6.123393341902219
Mauritius,2015-07,11.016225795757155
Mauritius,2015-08,14.47322965595132
Mauritius,2015-09,12.687008210464201
Mauritius,2015-10,10.146395730123874
Mauritius,2015-11,9.184869604654038
Mauritius,2015-12,10.341040665266837
Mauritius,2016-01,8.260869699198468
Mauritius,2016-02,12.99755774139194
Mauritius,2016-03,12.244899008659049
Mauritius,2016-04,9.29508177965007
Mauritius,2016-05,11.161971251293576
Mauritius,2016-06,16.16570289897074
Mauritius,2016-07,12.054730480232664
Mauritius,2016-08,19.87206585562007
Mauritius,2016-09,17.110481570407583
Mauritius,2016-10,18.81291633521522
Mauritius,2016-11,17.651586998298008
Mauritius,2016-12,15.78796490979143
Mauritius,2017-01,15.594672817099553
Mauritius,2017-02,12.839285833142858
Mauritius,2017-03,16.809745203192147
Mauritius,2017-04,15.976139880121075
Mauritius,2017-05,11.277747797228818
Mauritius,2017-06,23.26966261324902
Mauritius,2017-07,15.033050271937327
Mauritius,2017-08,10.25763315910383
Mauritius,2017-09,18.381128673701784
Mauritius,2017-10,11.827411407434646
Mauritius,2017-11,14.51127838137371
Mauritius,2017-12,18.073059720978655
Mauritius,2018-01,8.903770065466086
Mauritius,2018-02,16.84210459796206
Mauritius,2018-03,18.205127310859087
Mauritius,2018-04,11.108958672363984
Mauritius,2018-05,17.802084285095443
Mauritius,2018-06,16.750241110618735
Mauritius,2018-07,17.995803479436788
Mauritius,2018-08,14.900181296509517
Mauritius,2018-09,8.64289232010383
Mauritius,2018-10,16.508928815081813
Mauritius,2018-11,8.174087227538083
Mauritius,2018-12,20.701220613698254
Mauritius,2019-01,13.530711916323463
Mauritius,2019-02,25.763460265578107
Mauritius,2019-03,23.128946050495944
Mauritius,2019-04,14.761905184573413
Mauritius,2019-05,31.06833576102021
Mauritius,2019-06,32.95082050319241
Mauritius,2019-07,14.869955680035876
Mauritius,2019-08,26.530409623409774
Mauritius,2019-09,15.593219761341404
Mauritius,2019-10,27.211266971830987
Mauritius,2019-11,36.346981601241495
Mauritius,2019-12,27.95951217679388
Mauritius,2020-01,66.13710572465065
Mauritius,2020-02,59.946470595447416
Mauritius,2020-03,76.4149051153697
Mauritius,2020-04,95.79005697144984
Mauritius,2020-05,111.79039388444266
Mauritius,2020-06,104.93976972821102
Mauritius,2020-07,40.89841361094539
Mauritius,2020-08,38.939742746297796
Mauritius,2020-09,86.31342760295523
Mauritius,2020-10,60.475290817680616
Mauritius,2020-11,63.128580064643735
Mauritius,2020-12,59.420026137979434
Mauritius,2021-01,45.86014337196032
Mauritius,2021-02,15.361138495535734
Mauritius,2021-03,17.613743933919803
Mauritius,2021-04,16.22287914267419
Mauritius,2021-05,18.01644498338297
Mauritius,2021-06,16.003879340088872
Mauritius,2021-07,19.58130457461697
Mauritius,2021-08,20.106590598519016
Mauritius,2021-09,16.513944332302415
Mauritius,2021-10,8.652798393794765
Mauritius,2021-11,17.58047828746794
Mauritius,2021-12,14.600858790756764
Mauritius,2022-01,11.50229422618306
Mauritius,2022-02,13.317119962676681
Mauritius,2022-03,17.198320978564144
Mauritius,2022-04,18.579744073517613
Mauritius,2022-05,16.426332694024694
Mauritius,2022-06,11.558891138893335
Mauritius,2022-07,13.492569243048436
Mauritius,2022-08,9.306569190933967
Mauritius,2022-09,11.352380434344408
Mauritius,2022-10,10.734042433586838
Mauritius,2022-11,7.0352036696323585
Mauritius,2022-12,14.796511816115919
Mauritius,2023-01,12.113095560011535
Mauritius,2023-02,8.389327837037182
Mauritius,2023-03,14.297871687842157
Mauritius,2023-04,12.620689595597662
Mauritius,2023-05,13.441109075105807
Mauritius,2023-06,11.765295623441954
Mauritius,2023-07,8.948948863269898
Mauritius,2023-08,10.141844496491286
Mauritius,2023-09,15.532644456290521
Mauritius,2023-10,11.61665007040816
Mauritius,2023-11,9.245701809277662
Mauritius,2023-12,7.615148106212706
Mauritius,2024-01,8.946819822276984
Mauritius,2024-02,11.981132243387451
Mauritius,2024-03,10.323679772258625
Mauritius,2024-04,11.006492355012584
Mauritius,2024-05,11.383763710730285
Mauritius,2024-06,13.36080584364618
Mauritius,2024-07,11.071790022458673
Mauritius,2024-08,14.171596414380303
Mauritius,2024-09,15.630841004242557
Mauritius,2024-10,11.735889304165738
Mauritius,2024-11,8.177339815354477
Mauritius,2024-12,9.542028482002898
Mauritius,2025-01,13.542795237087352
Mauritius,2025-02,13.29749126226001
Mauritius,2025-03,14.874476944332246
Mauritius,2025-04,12.159228701944063
Mauritius,2025-05,16.833526267347647
Mauritius,2025-06,15.79166643626615
Mauritius,2025-07,12.285714404927898
Mauritius,2025-08,15.049504940243816
Mauritius,2025-09,11.601307362105638
Mauritius,2025-10,15.623002232674787
Mauritius,2025-11,17.725787376378264
Mauritius,2025-12,30.504249435915014
Morocco,2015-01,14.655771279153386
Morocco,2015-02,17.30848582159296
Morocco,2015-03,12.978166136040759
Morocco,2015-04,10.91680419097632
Morocco,2015-05,10.768535008824593
Morocco,2015-06,13.614006235320273
Morocco,2015-07,12.577142133322598
Morocco,2015-08,11.46261210867582
Morocco,2015-09,11.749847758000609
Morocco,2015-10,9.138931587817405
Morocco,2015-11,15.348426415394968
Morocco,2015-12,14.427764882158279
Morocco,2016-01,17.76768217004853
Morocco,2016-02,16.142046777742184
Morocco,2016-03,19.578438786889944
Morocco,2016-04,19.712943763490003
Morocco,2016-05,19.36632875288663
Morocco,2016-06,20.20041947943883
Morocco,2016-07,18.123852660617594
Morocco,2016-08,15.458359244542665
Morocco,2016-09,16.005563187404967
Morocco,2016-10,18.34837103811453
Morocco,2016-11,19.828841750460807
Morocco,2016-12,15.729319390638727
Morocco,2017-01,15.914087171404354
Morocco,2017-02,19.296012721389253
Morocco,2017-03,19.343755330916107
Morocco,2017-04,19.840766902049797
Morocco,2017-05,22.614922009696492
Morocco,2017-06,20.74929554044354
Morocco,2017-07,24.13649710020874
Morocco,2017-08,13.112519642979684
Morocco,2017-09,18.4632169902439
Morocco,2017-10,22.942199702531823
Morocco,2017-11,19.460396179099995
Morocco,2017-12,19.09326805582384
Morocco,2018-01,14.81408164798614
Morocco,2018-02,14.557200580639213
Morocco,2018-03,18.33290051716178
Morocco,2018-04,17.889650183321315
Morocco,2018-05,18.305167615823073
Morocco,2018-06,15.006589336410523
Morocco,2018-07,13.973464197066042
Morocco,2018-08,15.547639007790261
Morocco,2018-09,19.33299573155015
Morocco,2018-10,18.70099375292382
Morocco,2018-11,19.390412094039686
Morocco,2018-12,14.77485218241118
Morocco,2019-01,14.071433582993746
Morocco,2019-02,13.65295507061407
Morocco,2019-03,14.295688758031918
Morocco,2019-04,14.582551385951659
Morocco,2019-05,13.898845339300488
Morocco,2019-06,11.717579302351266
Morocco,2019-07,13.723602959315228
Morocco,2019-08,11.758299871122809
Morocco,2019-09,12.599889935296162
Morocco,2019-10,16.912453973313564
Morocco,2019-11,14.912975965587705
Morocco,2019-12,14.376092845616535
Morocco,2020-01,12.794882338658944
Morocco,2020-02,15.266259295367522
Morocco,2020-03,17.930203171984562
Morocco,2020-04,21.59160589980483
Morocco,2020-05,19.904238462901493
Morocco,2020-06,20.12318895573152
Morocco,2020-07,19.739035326314674
Morocco,2020-08,14.262115312799896
Morocco,2020-09,22.06294986444458
Morocco,2020-10,20.72416472175
Morocco,2020-11,21.12179381711805
Morocco,2020-12,23.41427152017248
Morocco,2021-01,22.749684303213233
Morocco,2021-02,26.25600562033268
Morocco,2021-03,28.092739815643416
Morocco,2021-04,21.494761070776825
Morocco,2021-05,26.53164565820675
Morocco,2021-06,28.1506269251944
Morocco,2021-07,25.559380957888585
Morocco,2021-08,21.753791753829336
Morocco,2021-09,22.66812019196868
Morocco,2021-10,27.680871782068063
Morocco,2021-11,24.3955953486209
Morocco,2021-12,25.383537485378866
Morocco,2022-01,26.321321174354324
Morocco,2022-02,27.919231370935456
Morocco,2022-03,32.25684981107836
Morocco,2022-04,26.49360984104599
Morocco,2022-05,30.575961927835387
Morocco,2022-06,29.097159175389713
Morocco,2022-07,30.238634209619022
Morocco,2022-08,24.446848244633397
Morocco,2022-09,27.80526845633792
Morocco,2022-10,31.054731945538766
Morocco,2022-11,28.31687394029145
Morocco,2022-12,28.445641172282226
Morocco,2023-01,31.0919053053422
Morocco,2023-02,29.712964311768257
Morocco,2023-03,34.11002654283417
Morocco,2023-04,26.51685475987252
Morocco,2023-05,32.269451212707374
Morocco,2023-06,26.638393767267644
Morocco,2023-07,28.980433701986556
Morocco,2023-08,25.831666929052474
Morocco,2023-09,27.947239499041473
Morocco,2023-10,33.7909783421659
Morocco,2023-11,28.54551894213001
Morocco,2023-12,32.36098705521872
Morocco,2024-01,29.419730033829204
Morocco,2024-02,29.260112551878624
Morocco,2024-03,30.68695639217295
Morocco,2024-04,32.560013752807485
Morocco,2024-05,32.027924240508895
Morocco,2024-06,31.2624555036529
Morocco,2024-07,34.235536730176065
Morocco,2024-08,29.920041778932312
Morocco,2024-09,33.36353804424013
Morocco,2024-10,31.800862611640603
Morocco,2024-11,32.700574194607
Morocco,2024-12,30.99800861173552
Morocco,2025-01,30.851910488010226
Morocco,2025-02,34.22623185263043
Morocco,2025-03,34.94745243017002
Morocco,2025-04,36.73555109164146
Morocco,2025-05,32.46339723253895
Morocco,2025-06,32.16817368482295
Morocco,2025-07,33.94278766297078
Morocco,2025-08,26.639073036261816
Morocco,2025-09,36.54535833435705
Morocco,2025-10,37.167060427930814
Morocco,2025-11,36.79566151054579
Morocco,2025-12,24.49094449109244
Mozambique,2015-01,26.64465098
Mozambique,2015-02,28.30083676
Mozambique,2015-03,24.52282352
Mozambique,2015-04,28.38028109
Mozambique,2015-05,27.0821541
Mozambique,2015-06,23.89574869
Mozambique,2015-07,31.157469139999996
Mozambique,2015-08,26.04651229
Mozambique,2015-09,22.52873655
Mozambique,2015-10,23.8395422406447
Mozambique,2015-11,26.71232928
Mozambique,2015-12,37.93814684
Mozambique,2016-01,30.9850749
Mozambique,2016-02,33.98682022
Mozambique,2016-03,33.43653184
Mozambique,2016-04,39.36555919
Mozambique,2016-05,34.06885883
Mozambique,2016-06,36.20370398
Mozambique,2016-07,35.52995607
Mozambique,2016-08,33.61031545
Mozambique,2016-09,31.69254687
Mozambique,2016-10,29.267886074792013
Mozambique,2016-11,32.83387652
Mozambique,2016-12,33.72699461
Mozambique,2017-01,44.08945876999999
Mozambique,2017-02,43.86454341
Mozambique,2017-03,44.03669716
Mozambique,2017-04,36.37383269
Mozambique,2017-05,43.21394163030009
Mozambique,2017-06,40.76604509999999
Mozambique,2017-07,43.37688583019095
Mozambique,2017-08,38.399267
Mozambique,2017-09,37.04166653
Mozambique,2017-10,39.01364388
Mozambique,2017-11,49.19889603
Mozambique,2017-12,37.75452054
Mozambique,2018-01,31.32310689
Mozambique,2018-02,36.90796295
Mozambique,2018-03,36.65413464
Mozambique,2018-04,33.94133922
Mozambique,2018-05,36.71141073
Mozambique,2018-06,35.03582409
Mozambique,2018-07,35.33398092
Mozambique,2018-08,34.6740144
Mozambique,2018-09,34.97556202228739
Mozambique,2018-10,37.27095533575049
Mozambique,2018-11,38.328864426346406
Mozambique,2018-12,41.67283037426343
Mozambique,2019-01,38.581081432791144
Mozambique,2019-02,33.19999932000001
Mozambique,2019-03,40.962342955782425
Mozambique,2019-04,42.383092129941446
Mozambique,2019-05,42.95644046551436
Mozambique,2019-06,49.212363161066804
Mozambique,2019-07,35.47187001
Mozambique,2019-08,42.638889212152776
Mozambique,2019-09,40.13347146322549
Mozambique,2019-10,32.28541942
Mozambique,2019-11,39.316688694323254
Mozambique,2019-12,34.64285727622253
Mozambique,2020-01,30.674300579618322
Mozambique,2020-02,37.65753357380822
Mozambique,2020-03,44.54354611586155
Mozambique,2020-04,61.56284386759944
Mozambique,2020-05,54.67144616922342
Mozambique,2020-06,43.636365719480516
Mozambique,2020-07,39.041982576426264
Mozambique,2020-08,42.947250220116544
Mozambique,2020-09,37.43449798441225
Mozambique,2020-10,35.975057770185096
Mozambique,2020-11,33.643326693052515
Mozambique,2020-12,32.74640141537098
Mozambique,2021-01,21.814434107558377
Mozambique,2021-02,22.443351203881775
Mozambique,2021-03,22.43141007
Mozambique,2021-04,26.10516184
Mozambique,2021-05,30.831811109672422
Mozambique,2021-06,30.857393410000004
Mozambique,2021-07,29.023406480000002
Mozambique,2021-08,28.2909395558757
Mozambique,2021-09,32.52136999
Mozambique,2021-10,28.87553778216309
Mozambique,2021-11,33.38864541
Mozambique,2021-12,28.28139766
Mozambique,2022-01,22.66535088
Mozambique,2022-02,24.189945213736337
Mozambique,2022-03,31.481775071188586
Mozambique,2022-04,33.39254168
Mozambique,2022-05,33.2719254
Mozambique,2022-06,34.13506032921369
Mozambique,2022-07,36.14147956720606
Mozambique,2022-08,31.597470694822434
Mozambique,2022-09,26.64321554336847
Mozambique,2022-10,33.50806472288799
Mozambique,2022-11,32.67748361
Mozambique,2022-12,36.158940257295804
Mozambique,2023-01,24.684273254054684
Mozambique,2023-02,24.280576937482017
Mozambique,2023-03,26.845180048373905
Mozambique,2023-04,34.34100271
Mozambique,2023-05,27.754066312970792
Mozambique,2023-06,29.19661694090909
Mozambique,2023-07,30.495049526422292
Mozambique,2023-08,26.34836447
Mozambique,2023-09,23.12377265
Mozambique,2023-10,22.733564960000002
Mozambique,2023-11,30.81308581
Mozambique,2023-12,26.927045837907144
Mozambique,2024-01,28.320971117917484
Mozambique,2024-02,25.785862160000004
Mozambique,2024-03,27.106963619999995
Mozambique,2024-04,28.854381700001124
Mozambique,2024-05,31.34063028543887
Mozambique,2024-06,28.187679528102887
Mozambique,2024-07,31.385952871063783
Mozambique,2024-08,28.41551322437209
Mozambique,2024-09,22.91442306
Mozambique,2024-10,18.9074187826337
Mozambique,2024-11,30.51846623
Mozambique,2024-12,36.345492966483135
Mozambique,2025-01,26.41436874463953
Mozambique,2025-02,33.28415698
Mozambique,2025-03,39.50143357686627
Mozambique,2025-04,46.87695190804497
Mozambique,2025-05,47.66887504936424
Mozambique,2025-06,39.94393906694219
Mozambique,2025-07,45.063521002414774
Mozambique,2025-08,49.622992586985944
Mozambique,2025-09,43.62585064846939
Mozambique,2025-10,46.70422428290845
Mozambique,2025-11,46.19557012806083
Mozambique,2025-12,36.93223556703297
Namibia,2015-01,30.739726427550178
Namibia,2015-02,43.30957370726378
Namibia,2015-03,43.1738275775829
Namibia,2015-04,47.469769767869764
Namibia,2015-05,42.600204983054084
Namibia,2015-06,43.82198904981087
Namibia,2015-07,46.462064180650685
Namibia,2015-08,41.327014220152094
Namibia,2015-09,46.1843324450627
Namibia,2015-10,44.624128037616686
Namibia,2015-11,40.84821437036877
Namibia,2015-12,37.95969780423174
Namibia,2016-01,41.03030163873516
Namibia,2016-02,40.76142262209467
Namibia,2016-03,40.43112648656494
Namibia,2016-04,46.10136400971713
Namibia,2016-05,42.164730041611946
Namibia,2016-06,42.3228346430901
Namibia,2016-07,51.04208412988629
Namibia,2016-08,46.90452441563468
Namibia,2016-09,50.87649641733717
Namibia,2016-10,45.03719378384327
Namibia,2016-11,34.2475394804733
Namibia,2016-12,35.720109421095806
Namibia,2017-01,39.63615166700295
Namibia,2017-02,47.74663897544164
Namibia,2017-03,42.162160912279646
Namibia,2017-04,48.07399087300858
Namibia,2017-05,47.862521290145835
Namibia,2017-06,45.83029257913767
Namibia,2017-07,46.23955606304075
Namibia,2017-08,47.912715887869915
Namibia,2017-09,43.39405455175121
Namibia,2017-10,37.90960581640258
Namibia,2017-11,43.14508047768257
Namibia,2017-12,38.594130665603004
Namibia,2018-01,41.28827615939491
Namibia,2018-02,42.10878073891423
Namibia,2018-03,47.18455801839925
Namibia,2018-04,39.884171063011586
Namibia,2018-05,38.3706708508554
Namibia,2018-06,40.777353593128595
Namibia,2018-07,33.41843841493617
Namibia,2018-08,42.4414729344816
Namibia,2018-09,42.69539139098196
Namibia,2018-10,44.64737804600362
Namibia,2018-11,43.01405875175747
Namibia,2018-12,43.188071686788994
Namibia,2019-01,57.99121647143798
Namibia,2019-02,64.44148670358156
Namibia,2019-03,54.853950825979375
Namibia,2019-04,50.79646296454868
Namibia,2019-05,60.173914623817396
Namibia,2019-06,52.499998054402575
Namibia,2019-07,57.22356889089588
Namibia,2019-08,53.402901021642464
Namibia,2019-09,52.90686585873942
Namibia,2019-10,60.897544735632195
Namibia,2019-11,48.42484276636511
Namibia,2019-12,48.51800295793854
Namibia,2020-01,48.983786068585545
Namibia,2020-02,52.04586838138682
Namibia,2020-03,63.04064923478048
Namibia,2020-04,71.27290623182256
Namibia,2020-05,63.9867107757475
Namibia,2020-06,69.89715430853639
Namibia,2020-07,65.5363989771392
Namibia,2020-08,67.12449721445782
Namibia,2020-09,60.67443854584513
Namibia,2020-10,57.315111085876204
Namibia,2020-11,51.18781670322843
Namibia,2020-12,41.49779590513215
Namibia,2021-01,43.20088314647339
Namibia,2021-02,48.610273298564834
Namibia,2021-03,53.68328540602352
Namibia,2021-04,50.721459609566104
Namibia,2021-05,39.43718663617576
Namibia,2021-06,46.21904897311894
Namibia,2021-07,47.57240318586586
Namibia,2021-08,51.70250972950404
Namibia,2021-09,44.78087596057093
Namibia,2021-10,49.712109628709996
Namibia,2021-11,52.578312589756244
Namibia,2021-12,41.52403258167235
Namibia,2022-01,41.45804815780813
Namibia,2022-02,52.05197086776569
Namibia,2022-03,56.99685347433212
Namibia,2022-04,50.895883846687035
Namibia,2022-05,39.62025461017536
Namibia,2022-06,57.56713031025753
Namibia,2022-07,62.18494479355688
Namibia,2022-08,58.61221264030651
Namibia,2022-09,56.43288323017573
Namibia,2022-10,58.77603871723353
Namibia,2022-11,64.31233305433977
Namibia,2022-12,53.02551447899743
Namibia,2023-01,50.020855313842425
Namibia,2023-02,57.72684789286706
Namibia,2023-03,65.70918857954942
Namibia,2023-04,61.1016940253072
Namibia,2023-05,59.13934590728484
Namibia,2023-06,60.209034755693985
Namibia,2023-07,58.27940020321507
Namibia,2023-08,54.83746159420443
Namibia,2023-09,56.2276455684309
Namibia,2023-10,54.44713681614205
Namibia,2023-11,56.67196384795316
Namibia,2023-12,52.29729723459097
Namibia,2024-01,44.07244880022669
Namibia,2024-02,32.089096426861
Namibia,2024-03,51.89072219535691
Namibia,2024-04,47.79016012685842
Namibia,2024-05,54.78984722066872
Namibia,2024-06,56.730653174319414
Namibia,2024-07,51.689708143430146
Namibia,2024-08,51.610454536008476
Namibia,2024-09,52.487884626801666
Namibia,2024-10,57.05793802628326
Namibia,2024-11,52.321573868304746
Namibia,2024-12,43.849369822252605
Namibia,2025-01,46.69793640701078
Namibia,2025-02,47.48822778077197
Namibia,2025-03,46.44980021100961
Namibia,2025-04,56.48522577082968
Namibia,2025-05,50.29772225606565
Namibia,2025-06,52.31391588924513
Namibia,2025-07,55.436664077031445
Namibia,2025-08,58.701922493386995
Namibia,2025-09,56.807547663990164
Namibia,2025-10,56.277535982883236
Namibia,2025-11,52.16013372928021
Namibia,2025-12,73.37845869556094
Niger,2015-01,14.941519842412678
Niger,2015-02,11.390205393653345
Niger,2015-03,18.888889876844992
Niger,2015-04,18.481595495202203
Niger,2015-05,22.80235898901261
Niger,2015-06,21.138328669510088
Niger,2015-07,20.097901972990055
Niger,2015-08,23.4743210884958
Niger,2015-09,16.706949740675746
Niger,2015-10,19.07111809097855
Niger,2015-11,16.249999965099843
Niger,2015-12,18.997050629575384
Niger,2016-01,18.60869472908616
Niger,2016-02,18.376068582849005
Niger,2016-03,13.475073638205357
Niger,2016-04,14.814815038719132
Niger,2016-05,11.394798755804104
Niger,2016-06,18.09869272801694
Niger,2016-07,17.84283538095531
Niger,2016-08,12.403101257073036
Niger,2016-09,17.049441987062025
Niger,2016-10,13.275862604213424
Niger,2016-11,17.531646014376665
Niger,2016-12,20.062208063831523
Niger,2017-01,13.767885855017576
Niger,2017-02,14.210526292989952
Niger,2017-03,19.14463492006549
Niger,2017-04,20.54628349395817
Niger,2017-05,12.492114475473615
Niger,2017-06,18.031007598861674
Niger,2017-07,16.23298271023887
Niger,2017-08,15.04464326369949
Niger,2017-09,13.594770592225668
Niger,2017-10,20.517503502855075
Niger,2017-11,18.1068697018224
Niger,2017-12,17.022293992487
Niger,2018-01,20.232197747107683
Niger,2018-02,20.40185423380458
Niger,2018-03,23.792049099969415
Niger,2018-04,17.828746131442923
Niger,2018-05,16.255639293154722
Niger,2018-06,20.72196710055947
Niger,2018-07,16.369231558357093
Niger,2018-08,22.84182281377451
Niger,2018-09,21.163436056232687
Niger,2018-10,23.98591357195478
Niger,2018-11,16.530612745791586
Niger,2018-12,19.356914275981143
Niger,2019-01,16.68820797146418
Niger,2019-02,16.915585076902772
Niger,2019-03,21.144928479292908
Niger,2019-04,17.114754579518124
Niger,2019-05,18.958051790148854
Niger,2019-06,24.86238605426153
Niger,2019-07,27.90857179151308
Niger,2019-08,23.309092263594106
Niger,2019-09,28.793533025338444
Niger,2019-10,24.951922581182625
Niger,2019-11,27.250640588910695
Niger,2019-12,27.034814559956715
Niger,2020-01,23.6498166517266
Niger,2020-02,22.749055802030263
Niger,2020-03,25.529010896238844
Niger,2020-04,36.32458229072979
Niger,2020-05,27.1132779904167
Niger,2020-06,30.819276848354153
Niger,2020-07,31.52727399077832
Niger,2020-08,26.466992290701643
Niger,2020-09,31.12607124460737
Niger,2020-10,22.442285456189815
Niger,2020-11,26.69850078686258
Niger,2020-12,27.931035492191988
Niger,2021-01,23.5225805496
Niger,2021-02,20.44814356616382
Niger,2021-03,18.580247514845677
Niger,2021-04,32.58145536231301
Niger,2021-05,24.63930436078849
Niger,2021-06,26.196681665182403
Niger,2021-07,28.978186770688865
Niger,2021-08,27.924971055716355
Niger,2021-09,31.20495615406769
Niger,2021-10,30.393444804893168
Niger,2021-11,33.61317830345153
Niger,2021-12,28.5347601384022
Niger,2022-01,37.95428635452812
Niger,2022-02,34.548568668214116
Niger,2022-03,38.7086438313739
Niger,2022-04,32.827668804332525
Niger,2022-05,31.73672736446496
Niger,2022-06,35.16930129443391
Niger,2022-07,33.26650849545245
Niger,2022-08,33.72526252527817
Niger,2022-09,34.86002252701542
Niger,2022-10,30.41526406518518
Niger,2022-11,34.3228608482209
Niger,2022-12,30.097825738653867
Niger,2023-01,28.147726651059212
Niger,2023-02,30.409090894209335
Niger,2023-03,31.707318813974723
Niger,2023-04,30.67484498873394
Niger,2023-05,28.60706962494803
Niger,2023-06,30.98527734530905
Niger,2023-07,28.131751162216094
Niger,2023-08,22.27833878084515
Niger,2023-09,22.237136432449663
Niger,2023-10,30.188051784393934
Niger,2023-11,33.3110350522631
Niger,2023-12,28.509567247264798
Niger,2024-01,29.421579112725247
Niger,2024-02,28.394649552142823
Niger,2024-03,26.6277713262335
Niger,2024-04,26.766056258348623
Niger,2024-05,27.869379753698013
Niger,2024-06,24.746907444941538
Niger,2024-07,28.72385016036831
Niger,2024-08,19.296090167865923
Niger,2024-09,23.079365673805835
Niger,2024-10,29.805128344383533
Niger,2024-11,29.672131139780795
Niger,2024-12,28.37013707313991
Niger,2025-01,22.0026883417192
Niger,2025-02,27.642366883462415
Niger,2025-03,26.165255196051938
Niger,2025-04,27.637712176257384
Niger,2025-05,17.320062187304394
Niger,2025-06,26.141479823954985
Niger,2025-07,23.2896316594678
Niger,2025-08,29.365904516622575
Niger,2025-09,17.45529666694156
Niger,2025-10,25.209581921228807
Niger,2025-11,23.21453677364081
Niger,2025-12,51.47619114211102
Nigeria,2015-01,68.51284036421671
Nigeria,2015-02,67.63143984942938
Nigeria,2015-03,66.26573187640837
Nigeria,2015-04,61.68320654467134
Nigeria,2015-05,69.2929877233615
Nigeria,2015-06,72.81128103564112
Nigeria,2015-07,71.5847591874669
Nigeria,2015-08,68.47841155451012
Nigeria,2015-09,68.03901673592023
Nigeria,2015-10,69.93490398036649
Nigeria,2015-11,70.06366365436283
Nigeria,2015-12,73.29496390687547
Nigeria,2016-01,75.85883332291567
Nigeria,2016-02,78.81445315773935
Nigeria,2016-03,79.57829362994634
Nigeria,2016-04,87.79751820934851
Nigeria,2016-05,91.01323547508525
Nigeria,2016-06,83.52314811626907
Nigeria,2016-07,84.29217098122805
Nigeria,2016-08,81.63237900073202
Nigeria,2016-09,93.26140227507273
Nigeria,2016-10,83.7946407851484
Nigeria,2016-11,79.61321410425326
Nigeria,2016-12,82.5478134508467
Nigeria,2017-01,78.73238532515367
Nigeria,2017-02,79.32571544684177
Nigeria,2017-03,73.33065599968805
Nigeria,2017-04,70.68532292123236
Nigeria,2017-05,73.79195816741992
Nigeria,2017-06,75.27614789926406
Nigeria,2017-07,75.13356707657422
Nigeria,2017-08,69.60720255979008
Nigeria,2017-09,72.29933173492302
Nigeria,2017-10,73.99445439029188
Nigeria,2017-11,74.38359588629153
Nigeria,2017-12,70.08137089580103
Nigeria,2018-01,63.38165935583458
Nigeria,2018-02,69.3174258089249
Nigeria,2018-03,65.54096502307782
Nigeria,2018-04,58.74392661180794
Nigeria,2018-05,62.520657322115404
Nigeria,2018-06,61.27474887348438
Nigeria,2018-07,57.749654155992495
Nigeria,2018-08,58.84247709239745
Nigeria,2018-09,61.19507859693837
Nigeria,2018-10,63.54891364095286
Nigeria,2018-11,70.3688986624196
Nigeria,2018-12,70.1011443938675
Nigeria,2019-01,67.02429618513752
Nigeria,2019-02,53.89435853897203
Nigeria,2019-03,51.082921528377184
Nigeria,2019-04,59.86602516368295
Nigeria,2019-05,64.25101358023124
Nigeria,2019-06,65.89059118832552
Nigeria,2019-07,61.21169715123564
Nigeria,2019-08,60.04345202676187
Nigeria,2019-09,64.11037809799714
Nigeria,2019-10,69.44144559151557
Nigeria,2019-11,61.75282295115796
Nigeria,2019-12,66.02106203495133
Nigeria,2020-01,61.02274910346467
Nigeria,2020-02,60.70926472129643
Nigeria,2020-03,75.82184811198483
Nigeria,2020-04,79.80203820850818
Nigeria,2020-05,74.99757929632737
Nigeria,2020-06,71.3817185599984
Nigeria,2020-07,74.02667156900243
Nigeria,2020-08,72.40223332382456
Nigeria,2020-09,75.92950654364301
Nigeria,2020-10,69.77112035919642
Nigeria,2020-11,76.16387480719733
Nigeria,2020-12,70.15467010284249
Nigeria,2021-01,63.615091044035296
Nigeria,2021-02,69.03629138520421
Nigeria,2021-03,69.3852269734098
Nigeria,2021-04,67.27011637277758
Nigeria,2021-05,71.19200453479554
Nigeria,2021-06,70.58019075270501
Nigeria,2021-07,63.086795757275596
Nigeria,2021-08,65.177027823104
Nigeria,2021-09,70.28342620167108
Nigeria,2021-10,70.21852664136281
Nigeria,2021-11,71.97873891394418
Nigeria,2021-12,68.02312721888343
Nigeria,2022-01,64.95551462980715
Nigeria,2022-02,66.37042556092776
Nigeria,2022-03,72.10284378722605
Nigeria,2022-04,69.21646740828494
Nigeria,2022-05,66.54230176139846
Nigeria,2022-06,62.87610254919382
Nigeria,2022-07,67.1699844856922
Nigeria,2022-08,73.68141891000772
Nigeria,2022-09,73.23291040323828
Nigeria,2022-10,75.85858303404046
Nigeria,2022-11,73.95013752094039
Nigeria,2022-12,73.65495410450255
Nigeria,2023-01,73.28244146762422
Nigeria,2023-02,82.36825911537743
Nigeria,2023-03,59.9229970498292
Nigeria,2023-04,61.72958407440047
Nigeria,2023-05,71.73201439156973
Nigeria,2023-06,75.8542513858295
Nigeria,2023-07,78.83013737360643
Nigeria,2023-08,86.06116884372645
Nigeria,2023-09,75.36157973973141
Nigeria,2023-10,78.41483899657365
Nigeria,2023-11,77.35945391303416
Nigeria,2023-12,80.74953115305708
Nigeria,2024-01,75.4125873473358
Nigeria,2024-02,98.502012264046
Nigeria,2024-03,84.73081601784033
Nigeria,2024-04,79.73428050456576
Nigeria,2024-05,84.34159201795542
Nigeria,2024-06,84.25468910977091
Nigeria,2024-07,86.63809419565224
Nigeria,2024-08,82.68915643838623
Nigeria,2024-09,84.29831284764794
Nigeria,2024-10,86.30458213767393
Nigeria,2024-11,86.16313145776671
Nigeria,2024-12,85.9768067412804
Nigeria,2025-01,82.63874464362218
Nigeria,2025-02,81.38901813791304
Nigeria,2025-03,83.16952792748579
Nigeria,2025-04,80.64777882153959
Nigeria,2025-05,82.06068630414683
Nigeria,2025-06,81.87390264646957
Nigeria,2025-07,78.05892305722261
Nigeria,2025-08,77.23418010250678
Nigeria,2025-09,84.24010053155266
Nigeria,2025-10,85.95907668456978
Nigeria,2025-11,82.80248843511436
Nigeria,2025-12,85.79558914838336
Rwanda,2015-01,57.000001160000004
Rwanda,2015-02,43.52941688
Rwanda,2015-03,20.34482833
Rwanda,2015-04,40.12820568
Rwanda,2015-05,49.86302003
Rwanda,2015-06,54.17910796
Rwanda,2015-07,54.52054592
Rwanda,2015-08,45.42857477
Rwanda,2015-09,46.11940704
Rwanda,2015-10,38.88889036
Rwanda,2015-11,32.46753154
Rwanda,2015-12,48.05194712
Rwanda,2016-01,37.33333786
Rwanda,2016-02,50.31746645
Rwanda,2016-03,33.66197297
Rwanda,2016-04,20.00000007
Rwanda,2016-05,51.267607785234205
Rwanda,2016-06,45.22388124
Rwanda,2016-07,39.41176386
Rwanda,2016-08,53.69048261
Rwanda,2016-09,62.00000691
Rwanda,2016-10,50.73684216
Rwanda,2016-11,45.84158269
Rwanda,2016-12,48.85416751
Rwanda,2017-01,44.44444526
Rwanda,2017-02,60.277782050000006
Rwanda,2017-03,67.9651101
Rwanda,2017-04,40.5844176
Rwanda,2017-05,67.01754478
Rwanda,2017-06,63.70078954
Rwanda,2017-07,30.21930027
Rwanda,2017-08,31.458333629999995
Rwanda,2017-09,55.08063782
Rwanda,2017-10,44.12790967
Rwanda,2017-11,49.73214151999999
Rwanda,2017-12,44.52736473
Rwanda,2018-01,46.00000342
Rwanda,2018-02,37.90698121
Rwanda,2018-03,48.520711889999994
Rwanda,2018-04,42.19178451
Rwanda,2018-05,52.79502734999999
Rwanda,2018-06,48.25503058
Rwanda,2018-07,46.36363929
Rwanda,2018-08,38.80281751
Rwanda,2018-09,54.62120645
Rwanda,2018-10,56.43410737999999
Rwanda,2018-11,51.79486794000001
Rwanda,2018-12,35.26315893
Rwanda,2019-01,40.83333336
Rwanda,2019-02,40.60810917
Rwanda,2019-03,49.00584709000001
Rwanda,2019-04,36.29629859
Rwanda,2019-05,46.84210027999999
Rwanda,2019-06,49.62962307
Rwanda,2019-07,67.06766921
Rwanda,2019-08,66.75324084
Rwanda,2019-09,58.51350427
Rwanda,2019-10,45.04629914
Rwanda,2019-11,65.05747129
Rwanda,2019-12,69.9441341
Rwanda,2020-01,58.175674640000004
Rwanda,2020-02,66.45714201
Rwanda,2020-03,58.033711319999995
Rwanda,2020-04,82.566369
Rwanda,2020-05,79.82455607
Rwanda,2020-06,64.39814534
Rwanda,2020-07,46.20513134
Rwanda,2020-08,35.41666624
Rwanda,2020-09,51.94285801
Rwanda,2020-10,67.10982571
Rwanda,2020-11,56.294121319999995
Rwanda,2020-12,54.37837846
Rwanda,2021-01,53.95209675
Rwanda,2021-02,46.20253165
Rwanda,2021-03,46.46739130000001
Rwanda,2021-04,25.19230567
Rwanda,2021-05,19.73300976
Rwanda,2021-06,21.24489804
Rwanda,2021-07,18.60544167
Rwanda,2021-08,63.34952197472165
Rwanda,2021-09,25.43795857
Rwanda,2021-10,21.48979576
Rwanda,2021-11,23.96789122
Rwanda,2021-12,20.04328951
Rwanda,2022-01,13.22000141
Rwanda,2022-02,18.989475
Rwanda,2022-03,24.14519949
Rwanda,2022-04,17.78494558
Rwanda,2022-05,14.50367596
Rwanda,2022-06,22.25531781
Rwanda,2022-07,15.86579822
Rwanda,2022-08,22.24532091
Rwanda,2022-09,33.60714112
Rwanda,2022-10,36.40109830949176
Rwanda,2022-11,34.28965523
Rwanda,2022-12,22.54486115
Rwanda,2023-01,24.219742705334394
Rwanda,2023-02,26.379926569999995
Rwanda,2023-03,28.747993599999997
Rwanda,2023-04,27.875241483024617
Rwanda,2023-05,28.763440860000003
Rwanda,2023-06,28.81131964
Rwanda,2023-07,24.31643511
Rwanda,2023-08,22.695651679999997
Rwanda,2023-09,32.607972980431896
Rwanda,2023-10,26.220092289999997
Rwanda,2023-11,25.70642069
Rwanda,2023-12,29.663997797952
Rwanda,2024-01,22.77298823
Rwanda,2024-02,15.693902349053179
Rwanda,2024-03,24.915252759999998
Rwanda,2024-04,17.70285786
Rwanda,2024-05,19.987669210000004
Rwanda,2024-06,19.357795830000004
Rwanda,2024-07,18.277310660000005
Rwanda,2024-08,21.19680814
Rwanda,2024-09,21.52652074
Rwanda,2024-10,29.94543059
Rwanda,2024-11,35.10489514
Rwanda,2024-12,26.608525687674415
Rwanda,2025-01,26.69449107
Rwanda,2025-02,34.90601478
Rwanda,2025-03,33.62572802
Rwanda,2025-04,30.58394266
Rwanda,2025-05,36.32113488
Rwanda,2025-06,35.55776835195219
Rwanda,2025-07,34.82965874
Rwanda,2025-08,30.11650271
Rwanda,2025-09,37.19465742
Rwanda,2025-10,35.44117423
Rwanda,2025-11,40.35714133
Rwanda,2025-12,33.89901841
Sao Tome and Principe,2015-01,25.3333346
Sao Tome and Principe,2015-02,36.19047801
Sao Tome and Principe,2015-03,25.3333346
Sao Tome and Principe,2015-04,25.3333346
Sao Tome and Principe,2015-05,25.3333346
Sao Tome and Principe,2015-06,25.3333346
Sao Tome and Principe,2015-07,25.3333346
Sao Tome and Principe,2015-08,25.3333346
Sao Tome and Principe,2015-09,36.19047801
Sao Tome and Principe,2015-10,25.3333346
Sao Tome and Principe,2015-11,25.3333346
Sao Tome and Principe,2015-12,25.3333346
Sao Tome and Principe,2016-01,25.3333346
Sao Tome and Principe,2016-02,25.3333346
Sao Tome and Principe,2016-03,36.19047801
Sao Tome and Principe,2016-04,41.90476395
Sao Tome and Principe,2016-05,36.19047801
Sao Tome and Principe,2016-06,25.3333346
Sao Tome and Principe,2016-07,6.818181818
Sao Tome and Principe,2016-08,22.5000004
Sao Tome and Principe,2016-09,11.739130639999999
Sao Tome and Principe,2016-10,5.217391512
Sao Tome and Principe,2016-11,10.43478302
Sao Tome and Principe,2016-12,22.1739147
Sao Tome and Principe,2017-01,19.20000076
Sao Tome and Principe,2017-02,4.800000191
Sao Tome and Principe,2017-03,4.615384799000001
Sao Tome and Principe,2017-04,17.77777848
Sao Tome and Principe,2017-05,21.62162162
Sao Tome and Principe,2017-06,10.0000004
Sao Tome and Principe,2017-07,14.117647620000001
Sao Tome and Principe,2017-08,18.88888889
Sao Tome and Principe,2017-09,29.322035840000005
Sao Tome and Principe,2017-10,24.83871214
Sao Tome and Principe,2017-11,24.19999886
Sao Tome and Principe,2017-12,20.00000061
Sao Tome and Principe,2018-01,18.47058913
Sao Tome and Principe,2018-02,37.39130877
Sao Tome and Principe,2018-03,27.5
Sao Tome and Principe,2018-04,34.47761536
Sao Tome and Principe,2018-05,21.866666160000005
Sao Tome and Principe,2018-06,43.75000265
Sao Tome and Principe,2018-07,17.94871795
Sao Tome and Principe,2018-08,36.49350699
Sao Tome and Principe,2018-09,18.19672194
Sao Tome and Principe,2018-10,17.1014499
Sao Tome and Principe,2018-11,15.185184829999999
Sao Tome and Principe,2018-12,36.62337761
Sao Tome and Principe,2019-01,54.55696734206363
Sao Tome and Principe,2019-02,40.714292522906945
Sao Tome and Principe,2019-03,40.88607981
Sao Tome and Principe,2019-04,46.47058824
Sao Tome and Principe,2019-05,35.63380611
Sao Tome and Principe,2019-06,38.63636797
Sao Tome and Principe,2019-07,54.40476735000001
Sao Tome and Principe,2019-08,40.79545628
Sao Tome and Principe,2019-09,39.51807597
Sao Tome and Principe,2019-10,43.47826087
Sao Tome and Principe,2019-11,43.95062011
Sao Tome and Principe,2019-12,55.0
Sao Tome and Principe,2020-01,23.68421053
Sao Tome and Principe,2020-02,45.15625238
Sao Tome and Principe,2020-03,39.25000191
Sao Tome and Principe,2020-04,108.4058015
Sao Tome and Principe,2020-05,41.6949159
Sao Tome and Principe,2020-06,39.82608712
Sao Tome and Principe,2020-07,44.7169855
Sao Tome and Principe,2020-08,27.52577398
Sao Tome and Principe,2020-09,35.9223338
Sao Tome and Principe,2020-10,38.20000076
Sao Tome and Principe,2020-11,24.22764321
Sao Tome and Principe,2020-12,36.27659817999999
Sao Tome and Principe,2021-01,37.46988228
Sao Tome and Principe,2021-02,28.76288743
Sao Tome and Principe,2021-03,33.571429759999994
Sao Tome and Principe,2021-04,37.3913031
Sao Tome and Principe,2021-05,37.88461250000001
Sao Tome and Principe,2021-06,32.84210531
Sao Tome and Principe,2021-07,26.88073499
Sao Tome and Principe,2021-08,24.90196088
Sao Tome and Principe,2021-09,33.6507941
Sao Tome and Principe,2021-10,23.30769466
Sao Tome and Principe,2021-11,39.0000036
Sao Tome and Principe,2021-12,42.56000023
Sao Tome and Principe,2022-01,22.71929791
Sao Tome and Principe,2022-02,23.87096901
Sao Tome and Principe,2022-03,38.64285725
Sao Tome and Principe,2022-04,37.8899104
Sao Tome and Principe,2022-05,39.32692454
Sao Tome and Principe,2022-06,30.000002789999996
Sao Tome and Principe,2022-07,31.8666687
Sao Tome and Principe,2022-08,30.76190676
Sao Tome and Principe,2022-09,22.093024089999997
Sao Tome and Principe,2022-10,30.1204848
Sao Tome and Principe,2022-11,39.4666659
Sao Tome and Principe,2022-12,33.61445967
Sao Tome and Principe,2023-01,30.273970510000005
Sao Tome and Principe,2023-02,50.96154305
Sao Tome and Principe,2023-03,41.41176757
Sao Tome and Principe,2023-04,55.131579069999994
Sao Tome and Principe,2023-05,46.07594948999999
Sao Tome and Principe,2023-06,80.16393693
Sao Tome and Principe,2023-07,44.8387146
Sao Tome and Principe,2023-08,28.35821073
Sao Tome and Principe,2023-09,31.886792629999995
Sao Tome and Principe,2023-10,55.00000119
Sao Tome and Principe,2023-11,51.44736767
Sao Tome and Principe,2023-12,60.58823712
Sao Tome and Principe,2024-01,41.33333723
Sao Tome and Principe,2024-02,43.42857361
Sao Tome and Principe,2024-03,34.84375142
Sao Tome and Principe,2024-04,45.833337639999996
Sao Tome and Principe,2024-05,45.06024279999999
Sao Tome and Principe,2024-06,69.56521946
Sao Tome and Principe,2024-07,44.54545613
Sao Tome and Principe,2024-08,36.99999889
Sao Tome and Principe,2024-09,15.666666829999999
Sao Tome and Principe,2024-10,43.80281643
Sao Tome and Principe,2024-11,46.16667191
Sao Tome and Principe,2024-12,54.91803474
Sao Tome and Principe,2025-01,42.03390348
Sao Tome and Principe,2025-02,61.176473019999996
Sao Tome and Principe,2025-03,42.95082092
Sao Tome and Principe,2025-04,31.428572600000003
Sao Tome and Principe,2025-05,8.928571429
Sao Tome and Principe,2025-06,32.45901827
Sao Tome and Principe,2025-07,37.04918095
Sao Tome and Principe,2025-08,48.69564996
Sao Tome and Principe,2025-09,18.59154903
Sao Tome and Principe,2025-10,40.14493141
Sao Tome and Principe,2025-11,19.31034614
Sao Tome and Principe,2025-12,33.05555582
Senegal,2015-01,28.660466644323623
Senegal,2015-02,28.242267514047477
Senegal,2015-03,30.181818304521926
Senegal,2015-04,27.491840428200277
Senegal,2015-05,24.505761901359676
Senegal,2015-06,30.006367720466013
Senegal,2015-07,30.877598814348794
Senegal,2015-08,25.6095336626463
Senegal,2015-09,23.91562395075278
Senegal,2015-10,23.511336615801955
Senegal,2015-11,21.01182343435748
Senegal,2015-12,20.511736827138066
Senegal,2016-01,19.91521495740561
Senegal,2016-02,21.99007557146734
Senegal,2016-03,18.478476762809063
Senegal,2016-04,19.100055769638526
Senegal,2016-05,19.54057748471231
Senegal,2016-06,14.536063988367545
Senegal,2016-07,17.1092622988604
Senegal,2016-08,21.67286244911955
Senegal,2016-09,18.330475402822547
Senegal,2016-10,17.84068792020313
Senegal,2016-11,19.278121116835173
Senegal,2016-12,18.385588732642223
Senegal,2017-01,22.238295189457617
Senegal,2017-02,23.860314364576187
Senegal,2017-03,21.2511043627563
Senegal,2017-04,14.638568443297869
Senegal,2017-05,16.685954069991233
Senegal,2017-06,17.86732892593897
Senegal,2017-07,17.98964036215472
Senegal,2017-08,18.184900061324907
Senegal,2017-09,19.385384739335805
Senegal,2017-10,23.568509091796038
Senegal,2017-11,20.64229746142414
Senegal,2017-12,21.12770014574491
Senegal,2018-01,17.565187805504795
Senegal,2018-02,19.877864402603056
Senegal,2018-03,17.96999553374047
Senegal,2018-04,16.03504718074994
Senegal,2018-05,19.662181986891873
Senegal,2018-06,15.839798940118479
Senegal,2018-07,19.34568246943094
Senegal,2018-08,17.133960121938674
Senegal,2018-09,16.031114423182064
Senegal,2018-10,17.831151329553386
Senegal,2018-11,20.454653621472954
Senegal,2018-12,19.615177754642165
Senegal,2019-01,16.72792978159611
Senegal,2019-02,16.023916718914187
Senegal,2019-03,17.981014970046708
Senegal,2019-04,20.681183637089635
Senegal,2019-05,17.52645054147057
Senegal,2019-06,18.543868719145493
Senegal,2019-07,17.848689557610076
Senegal,2019-08,20.01803174744258
Senegal,2019-09,18.495087731801128
Senegal,2019-10,19.31190772507897
Senegal,2019-11,25.623933994126304
Senegal,2019-12,37.50421718686718
Senegal,2020-01,29.680761928495926
Senegal,2020-02,26.218246480748395
Senegal,2020-03,27.28848873332484
Senegal,2020-04,37.150963924046
Senegal,2020-05,26.871815451654232
Senegal,2020-06,25.739390899621736
Senegal,2020-07,27.416637122198743
Senegal,2020-08,25.59056881406685
Senegal,2020-09,24.4972498879038
Senegal,2020-10,22.687010802666794
Senegal,2020-11,22.828663313720604
Senegal,2020-12,27.983297883490156
Senegal,2021-01,23.759806511725294
Senegal,2021-02,21.20401822895757
Senegal,2021-03,22.64887543760759
Senegal,2021-04,23.583661450950256
Senegal,2021-05,24.650984420094602
Senegal,2021-06,21.14774142200869
Senegal,2021-07,23.083260614971127
Senegal,2021-08,22.595229900615518
Senegal,2021-09,21.44146701942508
Senegal,2021-10,22.924443307026376
Senegal,2021-11,18.868372124859974
Senegal,2021-12,30.907052192317348
Senegal,2022-01,22.09677448198061
Senegal,2022-02,24.091152379320793
Senegal,2022-03,24.832126187162345
Senegal,2022-04,26.2112547041624
Senegal,2022-05,27.4906716625155
Senegal,2022-06,25.263295583161128
Senegal,2022-07,26.531320401795757
Senegal,2022-08,22.94461050199169
Senegal,2022-09,24.42609546213051
Senegal,2022-10,26.54918652843692
Senegal,2022-11,22.717886718550705
Senegal,2022-12,28.23144711192577
Senegal,2023-01,21.787989392765233
Senegal,2023-02,22.668637385249706
Senegal,2023-03,20.163378535571827
Senegal,2023-04,20.271169529389805
Senegal,2023-05,24.38159531336403
Senegal,2023-06,30.022666037392874
Senegal,2023-07,23.806012967275127
Senegal,2023-08,25.867318082873915
Senegal,2023-09,25.909826231557556
Senegal,2023-10,31.254350497626184
Senegal,2023-11,30.788957768113193
Senegal,2023-12,29.242147648207755
Senegal,2024-01,22.679394273948667
Senegal,2024-02,24.096306371485166
Senegal,2024-03,26.909066953885816
Senegal,2024-04,32.956888541516136
Senegal,2024-05,33.24065769802068
Senegal,2024-06,38.958664007779106
Senegal,2024-07,35.02345875727007
Senegal,2024-08,31.984783852500524
Senegal,2024-09,28.2671193733072
Senegal,2024-10,36.026450355322524
Senegal,2024-11,34.85370724101994
Senegal,2024-12,38.197973526514566
Senegal,2025-01,38.511785047878696
Senegal,2025-02,49.49197195335942
Senegal,2025-03,39.833096746645396
Senegal,2025-04,40.20811914004428
Senegal,2025-05,40.523289670916476
Senegal,2025-06,40.91629168869954
Senegal,2025-07,40.6908644558438
Senegal,2025-08,39.48745410239572
Senegal,2025-09,39.994021718782626
Senegal,2025-10,46.80190343996642
Senegal,2025-11,44.03402287437152
Senegal,2025-12,22.30462830821264
Seychelles,2015-01,49.25925997
Seychelles,2015-02,30.370369659999998
Seychelles,2015-03,51.15384689
Seychelles,2015-04,49.25925997
Seychelles,2015-05,47.50000068000001
Seychelles,2015-06,49.25925997
Seychelles,2015-07,51.15384689
Seychelles,2015-08,48.14814815
Seychelles,2015-09,59.25925926
Seychelles,2015-10,57.14285714
Seychelles,2015-11,59.25925926
Seychelles,2015-12,61.53846154
Seychelles,2016-01,57.14285714
Seychelles,2016-02,61.53846154
Seychelles,2016-03,59.25925926
Seychelles,2016-04,61.53846154
Seychelles,2016-05,59.25925926
Seychelles,2016-06,59.25925926
Seychelles,2016-07,61.53846154
Seychelles,2016-08,57.14285714
Seychelles,2016-09,61.53846154
Seychelles,2016-10,59.25925926
Seychelles,2016-11,59.25925926
Seychelles,2016-12,59.25925926
Seychelles,2017-01,59.25925926
Seychelles,2017-02,57.14285714
Seychelles,2017-03,59.25925926
Seychelles,2017-04,59.25925926
Seychelles,2017-05,59.25925926
Seychelles,2017-06,57.14285714
Seychelles,2017-07,59.25925926
Seychelles,2017-08,57.14285714
Seychelles,2017-09,57.14285714
Seychelles,2017-10,57.14285714
Seychelles,2017-11,59.25925926
Seychelles,2017-12,57.14285714
Seychelles,2018-01,57.14285714
Seychelles,2018-02,57.14285714
Seychelles,2018-03,57.14285714
Seychelles,2018-04,57.14285714
Seychelles,2018-05,57.14285714
Seychelles,2018-06,57.14285714
Seychelles,2018-07,57.14285714
Seychelles,2018-08,57.14285714
Seychelles,2018-09,57.14285714
Seychelles,2018-10,57.14285714
Seychelles,2018-11,57.14285714
Seychelles,2018-12,57.14285714
Seychelles,2019-01,57.14285714
Seychelles,2019-02,57.14285714
Seychelles,2019-03,57.14285714
Seychelles,2019-04,57.14285714
Seychelles,2019-05,57.14285714
Seychelles,2019-06,57.14285714
Seychelles,2019-07,57.14285714
Seychelles,2019-08,57.14285714
Seychelles,2019-09,57.14285714
Seychelles,2019-10,57.14285714
Seychelles,2019-11,57.14285714
Seychelles,2019-12,57.14285714
Seychelles,2020-01,57.14285714
Seychelles,2020-02,57.14285714
Seychelles,2020-03,57.14285714
Seychelles,2020-04,57.14285714
Seychelles,2020-05,57.14285714
Seychelles,2020-06,57.14285714
Seychelles,2020-07,57.14285714
Seychelles,2020-08,57.14285714
Seychelles,2020-09,57.14285714
Seychelles,2020-10,57.14285714
Seychelles,2020-11,57.14285714
Seychelles,2020-12,57.14285714
Seychelles,2021-01,57.14285714
Seychelles,2021-02,57.14285714
Seychelles,2021-03,57.14285714
Seychelles,2021-04,57.14285714
Seychelles,2021-05,57.14285714
Seychelles,2021-06,57.14285714
Seychelles,2021-07,57.14285714
Seychelles,2021-08,57.14285714
Seychelles,2021-09,57.14285714
Seychelles,2021-10,57.14285714
Seychelles,2021-11,57.14285714
Seychelles,2021-12,57.14285714
Seychelles,2022-01,57.14285714
Seychelles,2022-02,57.14285714
Seychelles,2022-03,57.14285714
Seychelles,2022-04,59.25925926
Seychelles,2022-05,57.14285714
Seychelles,2022-06,57.14285714
Seychelles,2022-07,57.14285714
Seychelles,2022-08,57.14285714
Seychelles,2022-09,57.14285714
Seychelles,2022-10,57.14285714
Seychelles,2022-11,57.14285714
Seychelles,2022-12,57.14285714
Seychelles,2023-01,57.14285714
Seychelles,2023-02,57.14285714
Seychelles,2023-03,57.14285714
Seychelles,2023-04,57.14285714
Seychelles,2023-05,57.14285714
Seychelles,2023-06,57.14285714
Seychelles,2023-07,57.14285714
Seychelles,2023-08,57.14285714
Seychelles,2023-09,57.14285714
Seychelles,2023-10,57.14285714
Seychelles,2023-11,57.14285714
Seychelles,2023-12,57.14285714
Seychelles,2024-01,57.14285714
Seychelles,2024-02,57.14285714
Seychelles,2024-03,57.14285714
Seychelles,2024-04,57.14285714
Seychelles,2024-05,57.14285714
Seychelles,2024-06,57.14285714
Seychelles,2024-07,57.14285714
Seychelles,2024-08,57.14285714
Seychelles,2024-09,57.14285714
Seychelles,2024-10,57.14285714
Seychelles,2024-11,57.14285714
Seychelles,2024-12,57.14285714
Seychelles,2025-01,57.14285714
Seychelles,2025-02,57.14285714
Seychelles,2025-03,150.0
Seychelles,2025-04,57.14285714
Seychelles,2025-05,10.52631579
Seychelles,2025-06,11.42857143
Seychelles,2025-07,57.14285714
Seychelles,2025-08,57.14285714
Seychelles,2025-09,57.14285714
Seychelles,2025-10,150.0
Seychelles,2025-11,57.14285714
Seychelles,2025-12,126.42856330000002
Sierra Leone,2015-01,84.2535245535211
Sierra Leone,2015-02,84.17355373885385
Sierra Leone,2015-03,95.09293938289963
Sierra Leone,2015-04,97.58551461911472
Sierra Leone,2015-05,100.84018502684427
Sierra Leone,2015-06,78.86666696239999
Sierra Leone,2015-07,87.9365218736508
Sierra Leone,2015-08,76.27211187619048
Sierra Leone,2015-09,74.86225676584021
Sierra Leone,2015-10,92.98755669709546
Sierra Leone,2015-11,96.94756609365635
Sierra Leone,2015-12,84.53731158402519
Sierra Leone,2016-01,79.59459604616217
Sierra Leone,2016-02,84.1020464146939
Sierra Leone,2016-03,84.1318306358521
Sierra Leone,2016-04,87.73038758088741
Sierra Leone,2016-05,92.34591440159048
Sierra Leone,2016-06,96.35658719651165
Sierra Leone,2016-07,88.99807108438704
Sierra Leone,2016-08,95.57956249901765
Sierra Leone,2016-09,87.25489869333333
Sierra Leone,2016-10,121.28329943122726
Sierra Leone,2016-11,110.76713765506848
Sierra Leone,2016-12,98.4934534855895
Sierra Leone,2017-01,82.8593518797527
Sierra Leone,2017-02,78.69851984283362
Sierra Leone,2017-03,83.35698024633568
Sierra Leone,2017-04,89.60168859937107
Sierra Leone,2017-05,100.83332848437499
Sierra Leone,2017-06,89.63638026233765
Sierra Leone,2017-07,100.89820407185631
Sierra Leone,2017-08,93.65914232832077
Sierra Leone,2017-09,105.87743830835653
Sierra Leone,2017-10,90.37036711794869
Sierra Leone,2017-11,106.7119543076087
Sierra Leone,2017-12,99.08629377791874
Sierra Leone,2018-01,100.2315676496842
Sierra Leone,2018-02,102.84552988346887
Sierra Leone,2018-03,76.97389134638536
Sierra Leone,2018-04,96.48822004560358
Sierra Leone,2018-05,103.64704427858821
Sierra Leone,2018-06,96.29722292493706
Sierra Leone,2018-07,101.86356629251765
Sierra Leone,2018-08,107.37914233626354
Sierra Leone,2018-09,96.19863435308221
Sierra Leone,2018-10,78.2703471059593
Sierra Leone,2018-11,91.5098644682713
Sierra Leone,2018-12,99.64124398654707
Sierra Leone,2019-01,84.16135742507959
Sierra Leone,2019-02,95.42055720685354
Sierra Leone,2019-03,101.52488046432708
Sierra Leone,2019-04,99.01929729356912
Sierra Leone,2019-05,88.69906416253919
Sierra Leone,2019-06,88.76230608157523
Sierra Leone,2019-07,97.12765784414336
Sierra Leone,2019-08,98.066664988
Sierra Leone,2019-09,98.4717476715843
Sierra Leone,2019-10,103.58545100658701
Sierra Leone,2019-11,100.89286186853964
Sierra Leone,2019-12,109.17999855919378
Sierra Leone,2020-01,63.78490862121546
Sierra Leone,2020-02,101.33218014498271
Sierra Leone,2020-03,102.97872568164061
Sierra Leone,2020-04,100.35051765695718
Sierra Leone,2020-05,112.78399991279495
Sierra Leone,2020-06,108.93442908113897
Sierra Leone,2020-07,87.89682839325397
Sierra Leone,2020-08,87.89261236402685
Sierra Leone,2020-09,94.46402093656384
Sierra Leone,2020-10,89.53576392985806
Sierra Leone,2020-11,99.73568779338748
Sierra Leone,2020-12,95.80000353818183
Sierra Leone,2021-01,97.79342015539419
Sierra Leone,2021-02,91.78248482583079
Sierra Leone,2021-03,88.19701427493955
Sierra Leone,2021-04,84.30051539482271
Sierra Leone,2021-05,77.08190960541809
Sierra Leone,2021-06,83.1941582255741
Sierra Leone,2021-07,77.87953461893565
Sierra Leone,2021-08,76.14395966409597
Sierra Leone,2021-09,74.61467619522939
Sierra Leone,2021-10,63.83991814488349
Sierra Leone,2021-11,69.8671379426871
Sierra Leone,2021-12,68.83608362376032
Sierra Leone,2022-01,57.61637465882826
Sierra Leone,2022-02,62.417668834061246
Sierra Leone,2022-03,77.41955733501578
Sierra Leone,2022-04,69.6251527614854
Sierra Leone,2022-05,62.55506555605164
Sierra Leone,2022-06,71.56290179177691
Sierra Leone,2022-07,76.61180187242799
Sierra Leone,2022-08,70.161101687687
Sierra Leone,2022-09,57.35400231827435
Sierra Leone,2022-10,63.21857431717132
Sierra Leone,2022-11,68.9652563234218
Sierra Leone,2022-12,74.7231007048999
Sierra Leone,2023-01,54.3719810912991
Sierra Leone,2023-02,50.606507783116484
Sierra Leone,2023-03,59.36332204024914
Sierra Leone,2023-04,65.15151507156992
Sierra Leone,2023-05,55.47008691013284
Sierra Leone,2023-06,54.893163635683756
Sierra Leone,2023-07,58.849374453291816
Sierra Leone,2023-08,71.5052260134913
Sierra Leone,2023-09,64.42239664428295
Sierra Leone,2023-10,75.48567223806674
Sierra Leone,2023-11,69.26380541706021
Sierra Leone,2023-12,59.61403762800306
Sierra Leone,2024-01,60.28483416586103
Sierra Leone,2024-02,63.577369342621985
Sierra Leone,2024-03,77.78117603973222
Sierra Leone,2024-04,78.5814893360161
Sierra Leone,2024-05,66.08588067318456
Sierra Leone,2024-06,59.98218808666653
Sierra Leone,2024-07,60.38270495483593
Sierra Leone,2024-08,64.67447111290417
Sierra Leone,2024-09,73.77372346491019
Sierra Leone,2024-10,67.36151783104211
Sierra Leone,2024-11,83.55555611592565
Sierra Leone,2024-12,68.68292549909744
Sierra Leone,2025-01,64.90393456921316
Sierra Leone,2025-02,65.81526250796786
Sierra Leone,2025-03,65.57412700430469
Sierra Leone,2025-04,74.31156412463542
Sierra Leone,2025-05,68.46924132946468
Sierra Leone,2025-06,77.24907095409145
Sierra Leone,2025-07,76.33051387928643
Sierra Leone,2025-08,71.45728626463146
Sierra Leone,2025-09,69.65981558508858
Sierra Leone,2025-10,79.42193109706587
Sierra Leone,2025-11,88.49721535694756
Sierra Leone,2025-12,89.82040208955895
Somalia,2015-01,4.824961955929984
Somalia,2015-02,11.72340424
Somalia,2015-03,14.826087379999997
Somalia,2015-04,11.37420743
Somalia,2015-05,5.503634426220145
Somalia,2015-06,5.823466134
Somalia,2015-07,5.039999989596572
Somalia,2015-08,5.3537487357349525
Somalia,2015-09,3.074245883965197
Somalia,2015-10,5.791855128071267
Somalia,2015-11,6.203576656
Somalia,2015-12,3.882978666
Somalia,2016-01,5.222222393314815
Somalia,2016-02,5.556946283749687
Somalia,2016-03,5.357142644445154
Somalia,2016-04,5.1625001429768576
Somalia,2016-05,3.5813953158930234
Somalia,2016-06,4.498186106
Somalia,2016-07,2.569269413788413
Somalia,2016-08,3.577799698
Somalia,2016-09,2.980062893653725
Somalia,2016-10,2.0714939674977084
Somalia,2016-11,2.285714217291429
Somalia,2016-12,2.606120349511352
Somalia,2017-01,2.5037480617128933
Somalia,2017-02,2.612403030303876
Somalia,2017-03,2.1530802681692593
Somalia,2017-04,2.9032257296078097
Somalia,2017-05,3.293616964697872
Somalia,2017-06,3.0941703390000006
Somalia,2017-07,3.9482200284444446
Somalia,2017-08,6.951219569855692
Somalia,2017-09,3.420752511
Somalia,2017-10,3.8613861280000004
Somalia,2017-11,5.843230268255345
Somalia,2017-12,4.8674699485590365
Somalia,2018-01,18.638781847893537
Somalia,2018-02,14.510557247178502
Somalia,2018-03,4.144960298
Somalia,2018-04,4.454244747
Somalia,2018-05,4.180790853
Somalia,2018-06,4.136645838
Somalia,2018-07,4.653937861794749
Somalia,2018-08,3.5958903296318496
Somalia,2018-09,4.497487440816582
Somalia,2018-10,5.884955678456858
Somalia,2018-11,5.982905837631258
Somalia,2018-12,4.37718276
Somalia,2019-01,7.611749668372924
Somalia,2019-02,10.33485531
Somalia,2019-03,6.556927193
Somalia,2019-04,7.412587178999999
Somalia,2019-05,3.7454981760072026
Somalia,2019-06,3.4993923159999993
Somalia,2019-07,3.269230664
Somalia,2019-08,3.71504649
Somalia,2019-09,4.745222846
Somalia,2019-10,5.278396499787305
Somalia,2019-11,3.115264723
Somalia,2019-12,5.440251557
Somalia,2020-01,4.505005562000001
Somalia,2020-02,8.954248293
Somalia,2020-03,5.2
Somalia,2020-04,3.684210572
Somalia,2020-05,3.3056324537119113
Somalia,2020-06,3.262074354
Somalia,2020-07,4.164687075
Somalia,2020-08,4.431924865
Somalia,2020-09,3.200455543
Somalia,2020-10,3.7175792319999994
Somalia,2020-11,3.339552301
Somalia,2020-12,3.451641598
Somalia,2021-01,2.5693160773502774
Somalia,2021-02,3.6860880470000006
Somalia,2021-03,3.6399605009999996
Somalia,2021-04,4.475089111988434
Somalia,2021-05,5.902165456243784
Somalia,2021-06,4.814229388213145
Somalia,2021-07,2.93532339093864
Somalia,2021-08,5.1548849505321686
Somalia,2021-09,4.640000135
Somalia,2021-10,6.630582093
Somalia,2021-11,6.170376208595548
Somalia,2021-12,5.920658943368264
Somalia,2022-01,9.614010178042173
Somalia,2022-02,9.397590490344438
Somalia,2022-03,9.461589369796455
Somalia,2022-04,5.030927953
Somalia,2022-05,5.123726492540028
Somalia,2022-06,8.770053526666667
Somalia,2022-07,10.114068763574144
Somalia,2022-08,6.262008821
Somalia,2022-09,8.538812872785387
Somalia,2022-10,8.104956556
Somalia,2022-11,6.784141379
Somalia,2022-12,6.82870398
Somalia,2023-01,11.28860536
Somalia,2023-02,13.5624288
Somalia,2023-03,14.01895772
Somalia,2023-04,10.946261937721962
Somalia,2023-05,12.108963419999998
Somalia,2023-06,9.536256738
Somalia,2023-07,10.619122650000001
Somalia,2023-08,10.815660790000003
Somalia,2023-09,11.0552767
Somalia,2023-10,8.782148289280634
Somalia,2023-11,10.42158551
Somalia,2023-12,17.57057311
Somalia,2024-01,12.21895635
Somalia,2024-02,8.927973650260158
Somalia,2024-03,10.153374603481597
Somalia,2024-04,9.043478418882215
Somalia,2024-05,10.658967660000002
Somalia,2024-06,7.501909949326203
Somalia,2024-07,8.09859149891479
Somalia,2024-08,8.07266982971248
Somalia,2024-09,11.15037035
Somalia,2024-10,11.277235050000002
Somalia,2024-11,12.175890869999998
Somalia,2024-12,8.188405686
Somalia,2025-01,11.94785289
Somalia,2025-02,13.294545483054545
Somalia,2025-03,12.745571983285025
Somalia,2025-04,16.052632154699403
Somalia,2025-05,14.03387219103926
Somalia,2025-06,17.149643979097387
Somalia,2025-07,26.98089247698193
Somalia,2025-08,34.68680139
Somalia,2025-09,36.14147987459807
Somalia,2025-10,40.44314855768609
Somalia,2025-11,48.571427300537295
Somalia,2025-12,39.92655355022034
South Africa,2015-01,37.98766063284196
South Africa,2015-02,40.5761047131529
South Africa,2015-03,37.89406965735624
South Africa,2015-04,37.50972997931246
South Africa,2015-05,38.41964535164181
South Africa,2015-06,41.44408255183339
South Africa,2015-07,47.186586476978185
South Africa,2015-08,38.24165768925769
South Africa,2015-09,40.931639155449425
South Africa,2015-10,38.98283576270119
South Africa,2015-11,38.80960112322414
South Africa,2015-12,39.010859970808944
South Africa,2016-01,33.63064681083521
South Africa,2016-02,42.046482739969086
South Africa,2016-03,38.17765589683649
South Africa,2016-04,38.78369458079553
South Africa,2016-05,41.520396471894315
South Africa,2016-06,39.12336657131403
South Africa,2016-07,36.349056910995614
South Africa,2016-08,38.23826566127452
South Africa,2016-09,39.49386682307603
South Africa,2016-10,40.3390950448882
South Africa,2016-11,39.73772492982617
South Africa,2016-12,37.712280793830296
South Africa,2017-01,38.48843674197687
South Africa,2017-02,37.91634445962997
South Africa,2017-03,40.563514649963686
South Africa,2017-04,46.6269452424666
South Africa,2017-05,46.98244544424079
South Africa,2017-06,46.9401887307568
South Africa,2017-07,42.15178756465351
South Africa,2017-08,42.57708067919315
South Africa,2017-09,42.570851099645516
South Africa,2017-10,38.10002476656238
South Africa,2017-11,45.53989726795517
South Africa,2017-12,39.41097173409492
South Africa,2018-01,42.889300346635046
South Africa,2018-02,46.395891910976424
South Africa,2018-03,46.72536745534126
South Africa,2018-04,42.80156944097925
South Africa,2018-05,31.004289444791823
South Africa,2018-06,22.27067738525302
South Africa,2018-07,44.791013858571326
South Africa,2018-08,47.588175031601914
South Africa,2018-09,28.577982210729672
South Africa,2018-10,54.63888269414644
South Africa,2018-11,47.530316406013064
South Africa,2018-12,44.420506668514285
South Africa,2019-01,46.964222968249395
South Africa,2019-02,54.174312337430145
South Africa,2019-03,50.38862041215616
South Africa,2019-04,48.24361923605569
South Africa,2019-05,45.71617344785303
South Africa,2019-06,49.17705542829317
South Africa,2019-07,51.6988427317827
South Africa,2019-08,53.05373652965542
South Africa,2019-09,47.51471235990484
South Africa,2019-10,50.83820805581724
South Africa,2019-11,47.49904951122752
South Africa,2019-12,47.33018656620032
South Africa,2020-01,46.30679135236518
South Africa,2020-02,55.585370258712324
South Africa,2020-03,64.60088845003146
South Africa,2020-04,80.6072306164151
South Africa,2020-05,70.27794628969484
South Africa,2020-06,62.912810025607904
South Africa,2020-07,59.85580858514998
South Africa,2020-08,58.2814118990056
South Africa,2020-09,54.20850791961512
South Africa,2020-10,55.133181902153424
South Africa,2020-11,48.850793150578276
South Africa,2020-12,47.782812064827375
South Africa,2021-01,47.383387879532556
South Africa,2021-02,51.05867543222958
South Africa,2021-03,49.0099251160542
South Africa,2021-04,40.496655859192565
South Africa,2021-05,42.77223394049284
South Africa,2021-06,35.42157839137138
South Africa,2021-07,41.65675971954103
South Africa,2021-08,39.36883611446863
South Africa,2021-09,39.94099254576393
South Africa,2021-10,41.11038105644201
South Africa,2021-11,38.70674466721953
South Africa,2021-12,34.3374622669212
South Africa,2022-01,32.682174849083125
South Africa,2022-02,43.167960242635445
South Africa,2022-03,46.65469806415898
South Africa,2022-04,38.96830556771617
South Africa,2022-05,43.68763817929202
South Africa,2022-06,42.91826942725943
South Africa,2022-07,42.43281979399718
South Africa,2022-08,41.78600054741903
South Africa,2022-09,43.92099436682902
South Africa,2022-10,42.33352753214481
South Africa,2022-11,40.67055155988715
South Africa,2022-12,40.26895673500081
South Africa,2023-01,40.188118079486784
South Africa,2023-02,43.86670091110449
South Africa,2023-03,41.78337008765038
South Africa,2023-04,36.3853013523139
South Africa,2023-05,39.0925155052048
South Africa,2023-06,35.23779535182307
South Africa,2023-07,33.872105788711096
South Africa,2023-08,35.38993878926559
South Africa,2023-09,36.44826936532835
South Africa,2023-10,36.973886103092376
South Africa,2023-11,38.62293464629165
South Africa,2023-12,35.23039961360662
South Africa,2024-01,34.36742620720436
South Africa,2024-02,41.987463242610616
South Africa,2024-03,41.66001944841049
South Africa,2024-04,42.81437194234334
South Africa,2024-05,40.19824531946134
South Africa,2024-06,37.51560235467951
South Africa,2024-07,39.84608536498868
South Africa,2024-08,37.04081679926818
South Africa,2024-09,41.39508925706519
South Africa,2024-10,42.93878137614778
South Africa,2024-11,40.983581999750214
South Africa,2024-12,41.78310417471738
South Africa,2025-01,40.35935361501069
South Africa,2025-02,47.2559777162244
South Africa,2025-03,47.54656813966759
South Africa,2025-04,39.694808753314355
South Africa,2025-05,47.03586681567828
South Africa,2025-06,42.32678042655079
South Africa,2025-07,43.57370961628531
South Africa,2025-08,41.61362473357918
South Africa,2025-09,43.643512303510825
South Africa,2025-10,41.584307226632205
South Africa,2025-11,50.17075015080983
South Africa,2025-12,54.18174055066219
South Sudan,2015-01,32.90135432
South Sudan,2015-02,28.95874396
South Sudan,2015-03,45.9003834
South Sudan,2015-04,41.10887108
South Sudan,2015-05,46.18867892371698
South Sudan,2015-06,32.58911959
South Sudan,2015-07,30.604397250000005
South Sudan,2015-08,21.20300899
South Sudan,2015-09,27.53138183
South Sudan,2015-10,33.7137687
South Sudan,2015-11,35.56935861
South Sudan,2015-12,40.650758514793935
South Sudan,2016-01,33.3033716
South Sudan,2016-02,35.12096693
South Sudan,2016-03,42.77566776
South Sudan,2016-04,35.29535909
South Sudan,2016-05,32.78825927999999
South Sudan,2016-06,46.1961728
South Sudan,2016-07,23.19474982
South Sudan,2016-08,25.381355571186443
South Sudan,2016-09,27.431581
South Sudan,2016-10,38.55186073
South Sudan,2016-11,39.79549974
South Sudan,2016-12,34.90405276
South Sudan,2017-01,37.61252442
South Sudan,2017-02,42.2727279
South Sudan,2017-03,28.85057493
South Sudan,2017-04,43.126550262013964
South Sudan,2017-05,24.82758672
South Sudan,2017-06,34.78972154
South Sudan,2017-07,32.66514906514807
South Sudan,2017-08,28.17756996
South Sudan,2017-09,31.89041301
South Sudan,2017-10,26.644736923190788
South Sudan,2017-11,29.28251183
South Sudan,2017-12,40.08368358
South Sudan,2018-01,25.792079157128715
South Sudan,2018-02,35.416667391477276
South Sudan,2018-03,36.67939101
South Sudan,2018-04,25.96078368263384
South Sudan,2018-05,39.44881945086614
South Sudan,2018-06,31.00000117
South Sudan,2018-07,37.31934801999999
South Sudan,2018-08,40.745762322440676
South Sudan,2018-09,38.83598116
South Sudan,2018-10,43.39901356
South Sudan,2018-11,40.88784969
South Sudan,2018-12,41.6190488
South Sudan,2019-01,35.05747008
South Sudan,2019-02,39.44251064
South Sudan,2019-03,37.07246338
South Sudan,2019-04,37.72455175
South Sudan,2019-05,38.72023849
South Sudan,2019-06,54.06666763999999
South Sudan,2019-07,48.66013215
South Sudan,2019-08,48.83871077999999
South Sudan,2019-09,26.13559408
South Sudan,2019-10,47.58241805
South Sudan,2019-11,34.67105564
South Sudan,2019-12,35.83871149
South Sudan,2020-01,37.83606701
South Sudan,2020-02,37.13375891894905
South Sudan,2020-03,39.96875145
South Sudan,2020-04,41.85185565
South Sudan,2020-05,33.479533
South Sudan,2020-06,40.49132849000001
South Sudan,2020-07,49.64072005
South Sudan,2020-08,59.30513803
South Sudan,2020-09,74.67889793
South Sudan,2020-10,76.31578908
South Sudan,2020-11,49.42708611
South Sudan,2020-12,49.85915735
South Sudan,2021-01,40.14583429
South Sudan,2021-02,54.29460518
South Sudan,2021-03,45.40590409
South Sudan,2021-04,51.27102776
South Sudan,2021-05,42.22648899
South Sudan,2021-06,38.8185654
South Sudan,2021-07,44.329270163699185
South Sudan,2021-08,36.63685275
South Sudan,2021-09,43.98563666
South Sudan,2021-10,65.68436077
South Sudan,2021-11,54.451784460000006
South Sudan,2021-12,45.23287567
South Sudan,2022-01,62.89208392
South Sudan,2022-02,48.31372479
South Sudan,2022-03,44.49168133
South Sudan,2022-04,42.64151163
South Sudan,2022-05,43.972604278166614
South Sudan,2022-06,65.44072997886478
South Sudan,2022-07,67.02222344
South Sudan,2022-08,71.03397487
South Sudan,2022-09,52.88956204826021
South Sudan,2022-10,48.835821440000004
South Sudan,2022-11,41.874999516011904
South Sudan,2022-12,48.03786741588921
South Sudan,2023-01,35.24702013178876
South Sudan,2023-02,43.32761507103754
South Sudan,2023-03,52.79314957738028
South Sudan,2023-04,40.58558536
South Sudan,2023-05,70.91015211
South Sudan,2023-06,67.06208601
South Sudan,2023-07,67.76413121
South Sudan,2023-08,75.91859258059765
South Sudan,2023-09,64.77594679
South Sudan,2023-10,61.49459619202716
South Sudan,2023-11,59.49829128
South Sudan,2023-12,53.26043958
South Sudan,2024-01,48.4299525
South Sudan,2024-02,60.43379171000001
South Sudan,2024-03,79.38394410341036
South Sudan,2024-04,67.12616971999998
South Sudan,2024-05,76.98690162170305
South Sudan,2024-06,74.95981776940486
South Sudan,2024-07,85.55868952
South Sudan,2024-08,77.69155662
South Sudan,2024-09,86.27472731
South Sudan,2024-10,74.18016364107288
South Sudan,2024-11,72.77302129
South Sudan,2024-12,73.06250235026454
South Sudan,2025-01,68.35599776999999
South Sudan,2025-02,63.69565182
South Sudan,2025-03,54.813562273107344
South Sudan,2025-04,64.54138702158838
South Sudan,2025-05,80.73656753
South Sudan,2025-06,81.08159224981026
South Sudan,2025-07,98.08933199
South Sudan,2025-08,78.56476014999998
South Sudan,2025-09,77.62562833
South Sudan,2025-10,77.34450096
South Sudan,2025-11,88.93349992863237
South Sudan,2025-12,86.83526460520231
Sudan,2015-01,1.624282260986338
Sudan,2015-02,2.129944235684781
Sudan,2015-03,1.5649892769223128
Sudan,2015-04,1.936044938515699
Sudan,2015-05,1.6275241081420944
Sudan,2015-06,2.830385177729217
Sudan,2015-07,3.850834859127477
Sudan,2015-08,2.4052492645014216
Sudan,2015-09,2.6721820636937954
Sudan,2015-10,3.030618993771987
Sudan,2015-11,2.453159906806912
Sudan,2015-12,2.6730401839837477
Sudan,2016-01,3.007390549891191
Sudan,2016-02,2.3959264132045743
Sudan,2016-03,2.1682691743047484
Sudan,2016-04,2.1004138972208946
Sudan,2016-05,3.28627471634
Sudan,2016-06,2.1069290902439692
Sudan,2016-07,1.7816447966499425
Sudan,2016-08,2.775605215833422
Sudan,2016-09,3.001292465386263
Sudan,2016-10,2.144156108763432
Sudan,2016-11,3.997588722598002
Sudan,2016-12,3.6832288640993727
Sudan,2017-01,2.4012545041749447
Sudan,2017-02,2.85531383184379
Sudan,2017-03,2.9478125601346417
Sudan,2017-04,1.9124738929440452
Sudan,2017-05,2.4487564797007377
Sudan,2017-06,2.9958679987879937
Sudan,2017-07,3.3780135380343097
Sudan,2017-08,3.078443017601067
Sudan,2017-09,3.4139372509617503
Sudan,2017-10,3.042900592029613
Sudan,2017-11,3.444388127415135
Sudan,2017-12,3.7697127731533806
Sudan,2018-01,5.928361984238351
Sudan,2018-02,5.689566138701447
Sudan,2018-03,4.096895088343747
Sudan,2018-04,4.99316025246238
Sudan,2018-05,6.059472288513785
Sudan,2018-06,4.8051510942269875
Sudan,2018-07,5.313760748182815
Sudan,2018-08,8.673134544335223
Sudan,2018-09,6.034638910700603
Sudan,2018-10,6.112763355106686
Sudan,2018-11,5.7992471210266
Sudan,2018-12,7.351358423882839
Sudan,2019-01,5.001347884297035
Sudan,2019-02,6.370040145654112
Sudan,2019-03,7.98310483220169
Sudan,2019-04,5.74139072979857
Sudan,2019-05,4.886213185382377
Sudan,2019-06,7.662628947456257
Sudan,2019-07,6.566193734978723
Sudan,2019-08,6.169079588115269
Sudan,2019-09,4.704315998152003
Sudan,2019-10,4.127365713885651
Sudan,2019-11,4.465702847980215
Sudan,2019-12,5.147696819157199
Sudan,2020-01,4.323654013511005
Sudan,2020-02,4.987162881725289
Sudan,2020-03,6.224532987669082
Sudan,2020-04,5.224677581939038
Sudan,2020-05,4.313346447382979
Sudan,2020-06,4.120984656261425
Sudan,2020-07,4.494471098728053
Sudan,2020-08,3.9139826463400436
Sudan,2020-09,5.023580684473063
Sudan,2020-10,4.818805303871427
Sudan,2020-11,4.43757270898966
Sudan,2020-12,4.062276562375089
Sudan,2021-01,4.207818011069301
Sudan,2021-02,4.641956409177566
Sudan,2021-03,3.929157366163305
Sudan,2021-04,3.3806311207704907
Sudan,2021-05,3.7535934182669286
Sudan,2021-06,3.421515107344885
Sudan,2021-07,3.1810077267654933
Sudan,2021-08,3.7492683948800005
Sudan,2021-09,3.6835712948946253
Sudan,2021-10,4.608403368845714
Sudan,2021-11,3.8657802396387817
Sudan,2021-12,3.236401112524461
Sudan,2022-01,3.106275753420372
Sudan,2022-02,3.448054171615954
Sudan,2022-03,5.8785117221015275
Sudan,2022-04,2.5073803329705395
Sudan,2022-05,4.387333195329316
Sudan,2022-06,4.985520807083285
Sudan,2022-07,3.9399503392851707
Sudan,2022-08,4.425478268073892
Sudan,2022-09,4.714772934434091
Sudan,2022-10,5.348317976113361
Sudan,2022-11,4.0711674811558805
Sudan,2022-12,3.3127744628894
Sudan,2023-01,3.767027865804033
Sudan,2023-02,4.230267934573209
Sudan,2023-03,3.5447625209322218
Sudan,2023-04,4.089599722005186
Sudan,2023-05,8.419374833231014
Sudan,2023-06,8.953810204526846
Sudan,2023-07,6.99873930986908
Sudan,2023-08,5.568775706022689
Sudan,2023-09,7.614035315089702
Sudan,2023-10,5.92333390719262
Sudan,2023-11,12.488954177926363
Sudan,2023-12,13.954283768003675
Sudan,2024-01,11.560314287508922
Sudan,2024-02,14.806145285016209
Sudan,2024-03,11.471972184483906
Sudan,2024-04,12.352572236275353
Sudan,2024-05,12.143996214236479
Sudan,2024-06,8.553585252899614
Sudan,2024-07,15.700935902638763
Sudan,2024-08,5.291139401658059
Sudan,2024-09,5.3275631548835705
Sudan,2024-10,10.503178416217757
Sudan,2024-11,5.516095206246279
Sudan,2024-12,4.982429004881859
Sudan,2025-01,3.8646388072865556
Sudan,2025-02,3.322826756386861
Sudan,2025-03,3.4465780049039885
Sudan,2025-04,4.509096295553283
Sudan,2025-05,8.53643091605871
Sudan,2025-06,6.506453931951534
Sudan,2025-07,8.11650135281427
Sudan,2025-08,6.080024567424656
Sudan,2025-09,6.19039823465181
Sudan,2025-10,6.903673416671243
Sudan,2025-11,6.144148872778112
Sudan,2025-12,5.255920856509936
Tanzania,2015-01,13.333333050598291
Tanzania,2015-02,10.909090671071723
Tanzania,2015-03,9.180327712431692
Tanzania,2015-04,10.158730058
Tanzania,2015-05,11.223021342172661
Tanzania,2015-06,11.428571315000001
Tanzania,2015-07,13.124999776640625
Tanzania,2015-08,12.283464303755904
Tanzania,2015-09,9.664429274201343
Tanzania,2015-10,10.526315789500002
Tanzania,2015-11,9.191489320731915
Tanzania,2015-12,12.215568633952094
Tanzania,2016-01,11.213592417830098
Tanzania,2016-02,12.487309837675127
Tanzania,2016-03,12.127659675531914
Tanzania,2016-04,12.7499997613625
Tanzania,2016-05,11.457286528542713
Tanzania,2016-06,11.069518487495337
Tanzania,2016-07,16.05095529936306
Tanzania,2016-08,14.166666402166669
Tanzania,2016-09,15.302013550966443
Tanzania,2016-10,9.936305519617836
Tanzania,2016-11,18.72340398624113
Tanzania,2016-12,12.69938711770552
Tanzania,2017-01,8.571428602454546
Tanzania,2017-02,5.6000000640600005
Tanzania,2017-03,9.795918594510203
Tanzania,2017-04,7.384615494123076
Tanzania,2017-05,7.692307845846154
Tanzania,2017-06,8.450704393098592
Tanzania,2017-07,5.853658769560976
Tanzania,2017-08,5.901639383516394
Tanzania,2017-09,5.7142858
Tanzania,2017-10,5.806451651225807
Tanzania,2017-11,4.580152854167939
Tanzania,2017-12,4.684684799189189
Tanzania,2018-01,3.4577603888722988
Tanzania,2018-02,2.748091711717557
Tanzania,2018-03,6.470587874812326
Tanzania,2018-04,3.1229236987375413
Tanzania,2018-05,2.22222231
Tanzania,2018-06,5.179856064179856
Tanzania,2018-07,5.764192368995633
Tanzania,2018-08,2.8346457813976373
Tanzania,2018-09,3.294117778015687
Tanzania,2018-10,4.235294285654902
Tanzania,2018-11,4.307692478420512
Tanzania,2018-12,3.896104051461039
Tanzania,2019-01,4.11764722254902
Tanzania,2019-02,3.60000014327
Tanzania,2019-03,4.923077118907692
Tanzania,2019-04,3.5467980534778327
Tanzania,2019-05,6.185567256469072
Tanzania,2019-06,8.316831777980196
Tanzania,2019-07,8.071748879461884
Tanzania,2019-08,6.060606301414142
Tanzania,2019-09,6.197183457333334
Tanzania,2019-10,5.3038676142099455
Tanzania,2019-11,5.000000088902778
Tanzania,2019-12,4.976958612940092
Tanzania,2020-01,3.7647060318352947
Tanzania,2020-02,5.357143069821428
Tanzania,2020-03,6.070039429754863
Tanzania,2020-04,3.0769231992500004
Tanzania,2020-05,3.0769231992500004
Tanzania,2020-06,0.8163265623537416
Tanzania,2020-07,3.0769231992500004
Tanzania,2020-08,2.307692399801282
Tanzania,2020-09,2.307692399801282
Tanzania,2020-10,2.307692399801282
Tanzania,2020-11,2.307692399801282
Tanzania,2020-12,2.307692399801282
Tanzania,2021-01,2.307692399801282
Tanzania,2021-02,0.8955224237686567
Tanzania,2021-03,2.307692399801282
Tanzania,2021-04,2.307692399801282
Tanzania,2021-05,2.307692399801282
Tanzania,2021-06,1.8367347664285716
Tanzania,2021-07,3.529411764682353
Tanzania,2021-08,3.9560441133406594
Tanzania,2021-09,6.910112467061798
Tanzania,2021-10,9.53642327218543
Tanzania,2021-11,6.114649924605096
Tanzania,2021-12,5.71428594122449
Tanzania,2022-01,1.7647059522352944
Tanzania,2022-02,5.217391338333333
Tanzania,2022-03,8.46153834
Tanzania,2022-04,11.224489796190477
Tanzania,2022-05,6.250000175794117
Tanzania,2022-06,9.507042756478873
Tanzania,2022-07,7.538461441230769
Tanzania,2022-08,25.723938964961388
Tanzania,2022-09,32.534002599301274
Tanzania,2022-10,44.05037448410594
Tanzania,2022-11,36.967370458088055
Tanzania,2022-12,37.61417527198364
Tanzania,2023-01,36.919610721562734
Tanzania,2023-02,38.541474582089
Tanzania,2023-03,39.0545215418745
Tanzania,2023-04,37.19949821517936
Tanzania,2023-05,34.498965245717976
Tanzania,2023-06,38.2418850299469
Tanzania,2023-07,38.73060005797298
Tanzania,2023-08,37.13337443595223
Tanzania,2023-09,35.25827815629139
Tanzania,2023-10,34.21505312858602
Tanzania,2023-11,32.26879740622755
Tanzania,2023-12,33.97928910151008
Tanzania,2024-01,32.32744884445425
Tanzania,2024-02,34.278252719177004
Tanzania,2024-03,32.852873053983245
Tanzania,2024-04,33.5809672582498
Tanzania,2024-05,37.736535727365364
Tanzania,2024-06,43.90142029746866
Tanzania,2024-07,41.455988567955
Tanzania,2024-08,51.17163998425373
Tanzania,2024-09,48.80762287511985
Tanzania,2024-10,3.6272729308069347
Tanzania,2024-11,3.6246277011956307
Tanzania,2024-12,39.20496587798758
Tanzania,2025-01,39.37384609729895
Tanzania,2025-02,41.77030758522689
Tanzania,2025-03,37.220336344198664
Tanzania,2025-04,41.2168660813976
Tanzania,2025-05,44.91525490134588
Tanzania,2025-06,51.03250607179732
Tanzania,2025-07,55.539289861362434
Tanzania,2025-08,46.913522475050165
Tanzania,2025-09,50.35046617337384
Tanzania,2025-10,49.26462721230451
Tanzania,2025-11,48.42659564987492
Tanzania,2025-12,55.43330910512434
Togo,2015-01,30.303031169999997
Togo,2015-02,32.24669657973568
Togo,2015-03,35.94262424
Togo,2015-04,28.43416552
Togo,2015-05,43.4975368
Togo,2015-06,41.27551050000001
Togo,2015-07,33.78947521999999
Togo,2015-08,41.53439343
Togo,2015-09,40.30000138
Togo,2015-10,42.380953520000006
Togo,2015-11,39.65517452999999
Togo,2015-12,35.78378497
Togo,2016-01,43.661204322439964
Togo,2016-02,60.60606040207991
Togo,2016-03,49.545455155064296
Togo,2016-04,68.01886483521724
Togo,2016-05,47.359992410240004
Togo,2016-06,56.131684925102874
Togo,2016-07,45.0654993942967
Togo,2016-08,69.96183049546606
Togo,2016-09,48.20628016138911
Togo,2016-10,51.9313325139046
Togo,2016-11,77.69546449425114
Togo,2016-12,62.85140466053608
Togo,2017-01,78.86075953822399
Togo,2017-02,66.90298212576886
Togo,2017-03,72.35457098028793
Togo,2017-04,62.38267103565527
Togo,2017-05,61.63636315893661
Togo,2017-06,71.70940118464321
Togo,2017-07,71.57894247309873
Togo,2017-08,67.96491003396491
Togo,2017-09,68.74999419052551
Togo,2017-10,82.79873710387456
Togo,2017-11,70.72071728699562
Togo,2017-12,71.17948996466667
Togo,2018-01,78.90000311715443
Togo,2018-02,61.15755804715773
Togo,2018-03,73.55795498014169
Togo,2018-04,73.99527344587938
Togo,2018-05,84.68384419177062
Togo,2018-06,78.32487391675127
Togo,2018-07,82.21924852999999
Togo,2018-08,82.11735049
Togo,2018-09,87.41213674
Togo,2018-10,78.58513230911271
Togo,2018-11,85.69565835730035
Togo,2018-12,58.26087284519917
Togo,2019-01,64.93638526286529
Togo,2019-02,69.53168428
Togo,2019-03,68.42364537
Togo,2019-04,62.18137087
Togo,2019-05,72.93103255
Togo,2019-06,86.31929114
Togo,2019-07,74.04347793
Togo,2019-08,73.40182931
Togo,2019-09,89.30232752
Togo,2019-10,73.67741739
Togo,2019-11,73.23394368999999
Togo,2019-12,70.49999619
Togo,2020-01,76.84108416
Togo,2020-02,71.79218288132307
Togo,2020-03,88.64990967513923
Togo,2020-04,108.13688757224335
Togo,2020-05,97.464254
Togo,2020-06,104.05709765455298
Togo,2020-07,105.7864084
Togo,2020-08,98.56999177199395
Togo,2020-09,98.48643006736951
Togo,2020-10,89.88977983928835
Togo,2020-11,71.28514056318274
Togo,2020-12,80.52631870957896
Togo,2021-01,77.88964121019023
Togo,2021-02,75.38017442
Togo,2021-03,73.32978837
Togo,2021-04,75.14787434185878
Togo,2021-05,69.19324635
Togo,2021-06,71.53631313
Togo,2021-07,68.32194928
Togo,2021-08,64.66158421
Togo,2021-09,64.3311489
Togo,2021-10,78.17244525
Togo,2021-11,75.89318818518053
Togo,2021-12,62.37139492
Togo,2022-01,81.63952491246472
Togo,2022-02,83.04255059
Togo,2022-03,80.26978472
Togo,2022-04,93.03660163795736
Togo,2022-05,89.08008724
Togo,2022-06,85.51522068920566
Togo,2022-07,85.06358770000001
Togo,2022-08,82.17948701262799
Togo,2022-09,87.01327638450606
Togo,2022-10,82.52587703943377
Togo,2022-11,86.10344562919916
Togo,2022-12,73.40606042
Togo,2023-01,77.24454575491735
Togo,2023-02,83.15424609644997
Togo,2023-03,73.40781831179075
Togo,2023-04,68.46330231777523
Togo,2023-05,79.77955781110546
Togo,2023-06,65.9591829513944
Togo,2023-07,74.21906715266381
Togo,2023-08,70.58365521
Togo,2023-09,77.41550574
Togo,2023-10,80.43912266401523
Togo,2023-11,71.71170792561178
Togo,2023-12,53.29032283
Togo,2024-01,58.90466446146044
Togo,2024-02,64.45161322303576
Togo,2024-03,68.62197393
Togo,2024-04,71.03092941
Togo,2024-05,72.4643583
Togo,2024-06,75.5831775
Togo,2024-07,68.28946996
Togo,2024-08,63.60488549376782
Togo,2024-09,69.1085261
Togo,2024-10,76.88380123
Togo,2024-11,70.1061597
Togo,2024-12,76.85653751
Togo,2025-01,76.58848452238807
Togo,2025-02,72.204542
Togo,2025-03,78.676467028291
Togo,2025-04,94.95511667403032
Togo,2025-05,96.93727001
Togo,2025-06,84.22053522
Togo,2025-07,88.54866838
Togo,2025-08,90.25999851
Togo,2025-10,98.44405351
Togo,2025-11,92.29979279967145
Togo,2025-12,64.55670249
Tunisia,2015-01,30.531954335018085
Tunisia,2015-02,32.576602415596874
Tunisia,2015-03,26.372970169278908
Tunisia,2015-04,30.64738216923762
Tunisia,2015-05,42.765355149756644
Tunisia,2015-06,37.34177072097186
Tunisia,2015-07,36.77419415600142
Tunisia,2015-08,35.268244629973886
Tunisia,2015-09,33.43296093849162
Tunisia,2015-10,38.01708964219151
Tunisia,2015-11,30.032354901105027
Tunisia,2015-12,37.036669405089604
Tunisia,2016-01,36.60979221234709
Tunisia,2016-02,35.191866183194406
Tunisia,2016-03,33.923654307267455
Tunisia,2016-04,42.170178862960086
Tunisia,2016-05,44.81513970115087
Tunisia,2016-06,45.15151498916107
Tunisia,2016-07,41.77627516487707
Tunisia,2016-08,40.91363723015357
Tunisia,2016-09,43.24824210352333
Tunisia,2016-10,48.73370641874966
Tunisia,2016-11,50.3830033621964
Tunisia,2016-12,42.21992340473337
Tunisia,2017-01,37.22669555069157
Tunisia,2017-02,45.23008819386699
Tunisia,2017-03,43.8882571503031
Tunisia,2017-04,52.8489350429875
Tunisia,2017-05,40.84938636992119
Tunisia,2017-06,34.98884768661079
Tunisia,2017-07,43.86621406885549
Tunisia,2017-08,47.43350379157132
Tunisia,2017-09,46.8254955219353
Tunisia,2017-10,56.64046507874236
Tunisia,2017-11,56.79490861316217
Tunisia,2017-12,51.541552320362456
Tunisia,2018-01,58.0646056193906
Tunisia,2018-02,52.58182987948209
Tunisia,2018-03,49.779274038420354
Tunisia,2018-04,51.98919855609961
Tunisia,2018-05,43.256713852415196
Tunisia,2018-06,49.79534052960327
Tunisia,2018-07,48.368319137047294
Tunisia,2018-08,45.16309460579481
Tunisia,2018-09,49.776273989233594
Tunisia,2018-10,47.750140222635395
Tunisia,2018-11,52.46812179921554
Tunisia,2018-12,54.051955629257534
Tunisia,2019-01,47.278911837451425
Tunisia,2019-02,46.757091505928365
Tunisia,2019-03,42.20127618954804
Tunisia,2019-04,51.801749988146724
Tunisia,2019-05,42.512745460444265
Tunisia,2019-06,44.15324102212674
Tunisia,2019-07,38.11617620129653
Tunisia,2019-08,37.0149820988764
Tunisia,2019-09,38.09887035783083
Tunisia,2019-10,37.872120286695974
Tunisia,2019-11,41.05248217971202
Tunisia,2019-12,40.30648290077658
Tunisia,2020-01,40.64099229892192
Tunisia,2020-02,41.621022840608575
Tunisia,2020-03,47.94914341152295
Tunisia,2020-04,56.61655970992309
Tunisia,2020-05,56.36477894980209
Tunisia,2020-06,56.39033409119325
Tunisia,2020-07,48.80173336146693
Tunisia,2020-08,46.740144532968024
Tunisia,2020-09,39.869717451409635
Tunisia,2020-10,48.52830247200836
Tunisia,2020-11,49.75845482169781
Tunisia,2020-12,48.20539334984961
Tunisia,2021-01,39.81496299737775
Tunisia,2021-02,45.49779628373322
Tunisia,2021-03,46.64207604344593
Tunisia,2021-04,43.6985886237004
Tunisia,2021-05,44.65630862642948
Tunisia,2021-06,39.92483266827757
Tunisia,2021-07,40.20161462941426
Tunisia,2021-08,35.99733272009673
Tunisia,2021-09,40.60624433103659
Tunisia,2021-10,49.44741650509084
Tunisia,2021-11,48.52793400337584
Tunisia,2021-12,47.37350194319693
Tunisia,2022-01,48.57310932792144
Tunisia,2022-02,57.17811059488306
Tunisia,2022-03,73.92063806703943
Tunisia,2022-04,68.59145073436002
Tunisia,2022-05,72.45196087851957
Tunisia,2022-06,56.78013197911653
Tunisia,2022-07,51.96599470575629
Tunisia,2022-08,58.432175691525735
Tunisia,2022-09,60.072397139469956
Tunisia,2022-10,62.542837297555195
Tunisia,2022-11,57.83052038625781
Tunisia,2022-12,67.67549587600216
Tunisia,2023-01,62.829118059636976
Tunisia,2023-02,52.33499377014633
Tunisia,2023-03,59.36176252954292
Tunisia,2023-04,55.63617995492124
Tunisia,2023-05,56.62476691632936
Tunisia,2023-06,64.49671972810476
Tunisia,2023-07,55.66852281933375
Tunisia,2023-08,55.20151849999071
Tunisia,2023-09,60.169068139676426
Tunisia,2023-10,48.458151567271656
Tunisia,2023-11,50.7630401906219
Tunisia,2023-12,48.458137387669204
Tunisia,2024-01,45.17251366222093
Tunisia,2024-02,45.797011207649945
Tunisia,2024-03,47.38485035565455
Tunisia,2024-04,40.65643564293979
Tunisia,2024-05,42.65168599177293
Tunisia,2024-06,47.95162357763368
Tunisia,2024-07,39.43251885244483
Tunisia,2024-08,43.53367072716957
Tunisia,2024-09,44.64241207702266
Tunisia,2024-10,48.562092513802796
Tunisia,2024-11,50.746416213100964
Tunisia,2024-12,44.28263987905903
Tunisia,2025-01,50.85647210987323
Tunisia,2025-02,52.72418443739848
Tunisia,2025-03,52.080647125984996
Tunisia,2025-04,54.791274611930575
Tunisia,2025-05,55.134617051665664
Tunisia,2025-06,47.38431957326478
Tunisia,2025-07,52.89458635709203
Tunisia,2025-08,49.30448344558044
Tunisia,2025-09,54.58759078917559
Tunisia,2025-10,53.23390490254397
Tunisia,2025-11,61.4779938336395
Tunisia,2025-12,44.84444405865943
Uganda,2015-01,50.34472363433056
Uganda,2015-02,54.9622817167596
Uganda,2015-03,54.70884010044931
Uganda,2015-04,58.81194234402893
Uganda,2015-05,53.82619268266445
Uganda,2015-06,55.69291828920436
Uganda,2015-07,51.04618050573441
Uganda,2015-08,59.624210183591515
Uganda,2015-09,60.00000502306024
Uganda,2015-10,62.23741914250218
Uganda,2015-11,57.622438638690205
Uganda,2015-12,52.26883108132884
Uganda,2016-01,50.81089104611932
Uganda,2016-02,49.092060120041126
Uganda,2016-03,45.98063769897041
Uganda,2016-04,47.44870418725702
Uganda,2016-05,44.95511270086301
Uganda,2016-06,46.97656235410502
Uganda,2016-07,49.91993172010581
Uganda,2016-08,46.31830273252208
Uganda,2016-09,52.83730649780144
Uganda,2016-10,54.87064958988242
Uganda,2016-11,55.11560057857463
Uganda,2016-12,52.63075795545669
Uganda,2017-01,55.979486521315394
Uganda,2017-02,49.91368094017045
Uganda,2017-03,48.966654460407035
Uganda,2017-04,52.07383097584058
Uganda,2017-05,52.09262835814181
Uganda,2017-06,52.98695966033182
Uganda,2017-07,48.0832853448311
Uganda,2017-08,48.9833647277714
Uganda,2017-09,47.90051198752773
Uganda,2017-10,52.99399954086722
Uganda,2017-11,58.28849205106007
Uganda,2017-12,53.605770976624065
Uganda,2018-01,55.80353386427169
Uganda,2018-02,56.130704059673846
Uganda,2018-03,57.82798533068045
Uganda,2018-04,54.6034414807357
Uganda,2018-05,47.907533701084006
Uganda,2018-06,45.2353747482242
Uganda,2018-07,53.028934743567945
Uganda,2018-08,40.73158663550955
Uganda,2018-09,46.411903362877325
Uganda,2018-10,51.01073083791237
Uganda,2018-11,53.64157416781781
Uganda,2018-12,52.54111997480567
Uganda,2019-01,57.892073202404276
Uganda,2019-02,61.69864933193197
Uganda,2019-03,58.93929220070413
Uganda,2019-04,62.92204723476165
Uganda,2019-05,55.54946308458842
Uganda,2019-06,65.1634134266854
Uganda,2019-07,59.45003028996168
Uganda,2019-08,60.59507165380065
Uganda,2019-09,61.771070038982984
Uganda,2019-10,57.37601362087565
Uganda,2019-11,57.80074795006081
Uganda,2019-12,54.290632987534615
Uganda,2020-01,57.844272904365425
Uganda,2020-02,60.55592448657247
Uganda,2020-03,71.73841315444552
Uganda,2020-04,79.27249859245966
Uganda,2020-05,79.34582540649686
Uganda,2020-06,65.18721364006129
Uganda,2020-07,58.15479549964002
Uganda,2020-08,52.163712494005914
Uganda,2020-09,52.19394507486644
Uganda,2020-10,55.887748797934535
Uganda,2020-11,50.74378559598701
Uganda,2020-12,50.84540124024521
Uganda,2021-01,44.12959176292356
Uganda,2021-02,56.99892414726803
Uganda,2021-03,56.26705677808428
Uganda,2021-04,56.881786520919896
Uganda,2021-05,57.24179136646775
Uganda,2021-06,59.13637527954912
Uganda,2021-07,57.00702785501985
Uganda,2021-08,55.19205549755119
Uganda,2021-09,58.30786524580211
Uganda,2021-10,61.866050027869065
Uganda,2021-11,64.65045519386089
Uganda,2021-12,60.259990018746514
Uganda,2022-01,68.31491656237269
Uganda,2022-02,63.22846993772133
Uganda,2022-03,63.68334683999389
Uganda,2022-04,66.63019647374627
Uganda,2022-05,75.26931966076219
Uganda,2022-06,75.9962054443209
Uganda,2022-07,73.71863898179065
Uganda,2022-08,69.89199831549195
Uganda,2022-09,70.03868900446295
Uganda,2022-10,67.62084591991774
Uganda,2022-11,64.90671112494306
Uganda,2022-12,63.15501034433364
Uganda,2023-01,65.73910869694963
Uganda,2023-02,66.09937976200248
Uganda,2023-03,72.49021316194727
Uganda,2023-04,73.25068852291557
Uganda,2023-05,70.27799005257842
Uganda,2023-06,66.88705830162762
Uganda,2023-07,72.37288137096905
Uganda,2023-08,78.51199470729965
Uganda,2023-09,72.46437609516711
Uganda,2023-10,67.9177276792421
Uganda,2023-11,68.36688580416427
Uganda,2023-12,66.16252983980628
Uganda,2024-01,64.76202488069411
Uganda,2024-02,69.00235426065981
Uganda,2024-03,68.9086797636463
Uganda,2024-04,73.69085132803306
Uganda,2024-05,66.80730932750315
Uganda,2024-06,70.20487635382115
Uganda,2024-07,72.41465386781377
Uganda,2024-08,68.35311199076413
Uganda,2024-09,66.10016363571441
Uganda,2024-10,69.25233802738047
Uganda,2024-11,75.1228149333619
Uganda,2024-12,71.09989421153722
Uganda,2025-01,63.98194554630368
Uganda,2025-02,67.88049319693755
Uganda,2025-03,69.3481305809374
Uganda,2025-04,74.07182640058376
Uganda,2025-05,77.81827116965006
Uganda,2025-06,77.24097658240096
Uganda,2025-07,85.208980210322
Uganda,2025-08,73.65666580940808
Uganda,2025-09,71.90256276712013
Uganda,2025-10,70.39087907176119
Uganda,2025-11,67.52287184311432
Uganda,2025-12,77.51952537475226
Zambia,2015-01,33.909540874060994
Zambia,2015-02,48.8794797095798
Zambia,2015-03,51.329958122998704
Zambia,2015-04,51.24785909561967
Zambia,2015-05,54.23280207854942
Zambia,2015-06,51.68782478490241
Zambia,2015-07,62.369936332216994
Zambia,2015-08,65.43892197855203
Zambia,2015-09,79.86754160321395
Zambia,2015-10,74.75960365766227
Zambia,2015-11,74.90332846796352
Zambia,2015-12,60.88851026863025
Zambia,2016-01,60.41308929864674
Zambia,2016-02,48.76480543560169
Zambia,2016-03,52.79364013425598
Zambia,2016-04,61.39801226467309
Zambia,2016-05,55.81034484480601
Zambia,2016-06,59.69312977462318
Zambia,2016-07,53.54358682371287
Zambia,2016-08,37.636350335238625
Zambia,2016-09,48.517833949143984
Zambia,2016-10,60.92383189655389
Zambia,2016-11,59.59675452000255
Zambia,2016-12,59.09602912064264
Zambia,2017-01,60.06711413
Zambia,2017-02,57.50446611877672
Zambia,2017-03,65.95405391332376
Zambia,2017-04,52.06059065359848
Zambia,2017-05,59.932875682619546
Zambia,2017-06,57.17320462619385
Zambia,2017-07,64.7874171608341
Zambia,2017-08,48.44482627062502
Zambia,2017-09,48.92156623900122
Zambia,2017-10,58.82563254621437
Zambia,2017-11,58.46637491805409
Zambia,2017-12,61.746579543561616
Zambia,2018-01,48.60643373918834
Zambia,2018-02,60.16528941818181
Zambia,2018-03,61.295622662189786
Zambia,2018-04,63.1284893452514
Zambia,2018-05,56.63385826688976
Zambia,2018-06,63.65079358163267
Zambia,2018-07,65.50264769506174
Zambia,2018-08,60.12455190405695
Zambia,2018-09,73.19029961343284
Zambia,2018-10,66.26548880530977
Zambia,2018-11,60.854272394070314
Zambia,2018-12,58.521897823394134
Zambia,2019-01,61.03203173807828
Zambia,2019-02,54.91071157928574
Zambia,2019-03,57.72176927060484
Zambia,2019-04,54.15841740495044
Zambia,2019-05,78.97549291425389
Zambia,2019-06,66.37930750443351
Zambia,2019-07,58.67803837014927
Zambia,2019-08,62.08154643218881
Zambia,2019-09,63.21814249330454
Zambia,2019-10,59.6559166935484
Zambia,2019-11,62.82805444343888
Zambia,2019-12,71.96428844062503
Zambia,2020-01,62.20624527868702
Zambia,2020-02,55.85301994120728
Zambia,2020-03,60.352420375330425
Zambia,2020-04,87.96875542857144
Zambia,2020-05,91.24390541463416
Zambia,2020-06,61.092636584085525
Zambia,2020-07,57.32142999375002
Zambia,2020-08,67.30046939718306
Zambia,2020-09,80.02237131409395
Zambia,2020-10,73.9556399598891
Zambia,2020-11,79.5074893561028
Zambia,2020-12,57.94355084588707
Zambia,2021-01,61.20791952673266
Zambia,2021-02,62.025588813006394
Zambia,2021-03,59.94526439744981
Zambia,2021-04,55.311291178020426
Zambia,2021-05,50.80234714344423
Zambia,2021-06,56.556420249999974
Zambia,2021-07,65.88346216954889
Zambia,2021-08,60.8488573751553
Zambia,2021-09,74.7343023913044
Zambia,2021-10,64.52024806999998
Zambia,2021-11,68.90660303416861
Zambia,2021-12,75.86758142739728
Zambia,2022-01,70.86956377902814
Zambia,2022-02,66.94914907118647
Zambia,2022-03,69.6573825137045
Zambia,2022-04,86.34032214545458
Zambia,2022-05,62.92246871411526
Zambia,2022-06,77.47412007267079
Zambia,2022-07,81.00569499127135
Zambia,2022-08,62.775418470762666
Zambia,2022-09,86.52582016338025
Zambia,2022-10,79.43265014568559
Zambia,2022-11,77.70935662857138
Zambia,2022-12,82.52212107212385
Zambia,2023-01,110.16128902857142
Zambia,2023-02,92.70783271116392
Zambia,2023-03,80.60923723613449
Zambia,2023-04,96.37754484999999
Zambia,2023-05,107.22990677313017
Zambia,2023-06,90.63544749063547
Zambia,2023-07,64.29043100396044
Zambia,2023-08,60.44520675136988
Zambia,2023-09,71.60535413210701
Zambia,2023-10,64.1153847576923
Zambia,2023-11,52.25806622580612
Zambia,2023-12,59.68610271793724
Zambia,2024-01,63.198200827928055
Zambia,2024-02,76.30331916777249
Zambia,2024-03,124.64601747256648
Zambia,2024-04,104.45086717109821
Zambia,2024-05,98.57924191147538
Zambia,2024-06,110.9434042301886
Zambia,2024-07,90.93749253125011
Zambia,2024-08,102.49999977972979
Zambia,2024-09,130.6172799999999
Zambia,2024-10,87.85276065460114
Zambia,2024-11,100.45751641176471
Zambia,2024-12,99.93333163999993
Zambia,2025-01,97.67605599436618
Zambia,2025-02,115.5090077641466
Zambia,2025-03,93.31250350000005
Zambia,2025-04,102.41610347583882
Zambia,2025-05,107.62195323780503
Zambia,2025-06,66.78831812554742
Zambia,2025-07,73.46153577307702
Zambia,2025-08,75.87209472790693
Zambia,2025-09,100.05208035625004
Zambia,2025-10,80.66210173789953
Zambia,2025-11,77.0109918054945
Zambia,2025-12,66.63533732
Zimbabwe,2015-01,69.85470123668873
Zimbabwe,2015-02,78.07643872933289
Zimbabwe,2015-03,77.27752992979136
Zimbabwe,2015-04,77.77369225201086
Zimbabwe,2015-05,77.24864833879548
Zimbabwe,2015-06,75.88410736472092
Zimbabwe,2015-07,75.31962502518395
Zimbabwe,2015-08,94.42936350359055
Zimbabwe,2015-09,81.9800317379645
Zimbabwe,2015-10,80.8813939521382
Zimbabwe,2015-11,76.50917360905045
Zimbabwe,2015-12,74.35682603768518
Zimbabwe,2016-01,77.20370448513889
Zimbabwe,2016-02,72.06694763720502
Zimbabwe,2016-03,73.71929951
Zimbabwe,2016-04,75.78738380432289
Zimbabwe,2016-05,89.48581497
Zimbabwe,2016-06,92.54944179187446
Zimbabwe,2016-07,90.47417368354412
Zimbabwe,2016-08,77.11661503
Zimbabwe,2016-09,85.0914339172281
Zimbabwe,2016-10,72.36558934474193
Zimbabwe,2016-11,79.78735173
Zimbabwe,2016-12,82.50502405993302
Zimbabwe,2017-01,72.94314513621461
Zimbabwe,2017-02,65.05057740706647
Zimbabwe,2017-03,64.7682151536336
Zimbabwe,2017-04,66.87783069872481
Zimbabwe,2017-05,76.42683668283908
Zimbabwe,2017-06,72.23710223831927
Zimbabwe,2017-07,72.69062671541684
Zimbabwe,2017-08,61.23092162
Zimbabwe,2017-09,87.32186843
Zimbabwe,2017-10,79.55223779984622
Zimbabwe,2017-11,90.83062618607204
Zimbabwe,2017-12,65.19823650931403
Zimbabwe,2018-01,64.34879499748544
Zimbabwe,2018-02,61.569211717514115
Zimbabwe,2018-03,60.482018444087956
Zimbabwe,2018-04,59.995120308684676
Zimbabwe,2018-05,51.38291190088019
Zimbabwe,2018-06,45.214203670687674
Zimbabwe,2018-07,55.81895953264501
Zimbabwe,2018-08,41.118143100286915
Zimbabwe,2018-09,67.6712877735003
Zimbabwe,2018-10,92.10823474643603
Zimbabwe,2018-11,63.062062112521474
Zimbabwe,2018-12,69.34490273236017
Zimbabwe,2019-01,98.1321177464598
Zimbabwe,2019-02,72.36863235711984
Zimbabwe,2019-03,56.69781402202152
Zimbabwe,2019-04,58.80767391145671
Zimbabwe,2019-05,60.16969084906586
Zimbabwe,2019-06,69.97467505543747
Zimbabwe,2019-07,69.08811310467938
Zimbabwe,2019-08,74.99335106277358
Zimbabwe,2019-09,68.67339756144557
Zimbabwe,2019-10,82.46582847879075
Zimbabwe,2019-11,80.62094054681893
Zimbabwe,2019-12,68.52899288387559
Zimbabwe,2020-01,65.9097371248502
Zimbabwe,2020-02,65.94241516521879
Zimbabwe,2020-03,66.09355934494253
Zimbabwe,2020-04,65.16413284245553
Zimbabwe,2020-05,65.57688532933713
Zimbabwe,2020-06,71.84998944927415
Zimbabwe,2020-07,66.92775481183938
Zimbabwe,2020-08,75.87409042742564
Zimbabwe,2020-09,64.68638590890093
Zimbabwe,2020-10,55.480443933067505
Zimbabwe,2020-11,50.23880036313477
Zimbabwe,2020-12,49.34215671610441
Zimbabwe,2021-01,49.76115107920292
Zimbabwe,2021-02,48.46239321552521
Zimbabwe,2021-03,50.75084108967159
Zimbabwe,2021-04,49.80132550267814
Zimbabwe,2021-05,52.999201122533634
Zimbabwe,2021-06,52.93710838709781
Zimbabwe,2021-07,57.142212497729155
Zimbabwe,2021-08,49.707616735359274
Zimbabwe,2021-09,51.600509504281796
Zimbabwe,2021-10,56.364993855289796
Zimbabwe,2021-11,49.271865740785444
Zimbabwe,2021-12,47.70985138685589
Zimbabwe,2022-01,50.4160822608452
Zimbabwe,2022-02,50.4943058152184
Zimbabwe,2022-03,50.18174290165258
Zimbabwe,2022-04,56.929187908479
Zimbabwe,2022-05,65.64120134208565
Zimbabwe,2022-06,60.06077134677792
Zimbabwe,2022-07,61.454467727461065
Zimbabwe,2022-08,55.093490182460606
Zimbabwe,2022-09,63.43466980676952
Zimbabwe,2022-10,55.6071824364046
Zimbabwe,2022-11,55.66437964720431
Zimbabwe,2022-12,59.164145128316484
Zimbabwe,2023-01,40.23190251610888
Zimbabwe,2023-02,46.658331620071365
Zimbabwe,2023-03,53.19085640928241
Zimbabwe,2023-04,51.335878152409265
Zimbabwe,2023-05,65.77541325547926
Zimbabwe,2023-06,58.168829492758384
Zimbabwe,2023-07,55.17503526273607
Zimbabwe,2023-08,49.63028660330267
Zimbabwe,2023-09,51.352047107925145
Zimbabwe,2023-10,57.16479646131129
Zimbabwe,2023-11,58.94847582261409
Zimbabwe,2023-12,51.49284735174436
Zimbabwe,2024-01,51.83940300937823
Zimbabwe,2024-02,48.41566012397683
Zimbabwe,2024-03,54.85898613133381
Zimbabwe,2024-04,69.66563710889457
Zimbabwe,2024-05,65.48634041425795
Zimbabwe,2024-06,54.760844959170136
Zimbabwe,2024-07,56.96008197342724
Zimbabwe,2024-08,52.60277808119722
Zimbabwe,2024-09,63.839916741012296
Zimbabwe,2024-10,69.11674639927918
Zimbabwe,2024-11,64.62356303433106
Zimbabwe,2024-12,57.77373301721146
Zimbabwe,2025-01,61.3029692336783
Zimbabwe,2025-02,64.15883743798015
Zimbabwe,2025-03,60.44006828311937
Zimbabwe,2025-04,66.7297295439496
Zimbabwe,2025-05,66.84402855196164
Zimbabwe,2025-06,73.67976427057584
Zimbabwe,2025-07,71.98453126618476
Zimbabwe,2025-08,67.19659584846238
Zimbabwe,2025-09,69.38603247533595
Zimbabwe,2025-10,72.48203078552613
Zimbabwe,2025-11,76.07346195820418
Zimbabwe,2025-12,82.1286317311712
