Country,Period,TotalArticles,RelevantArticles,AvgSeverityAmongRelevant,RelevantSharePct,LowCoverage
Algeria,2015-01,4183,1220,1.664754098722131,29.165670571360266,False
Algeria,2015-02,4046,1213,1.6768342949711459,29.980227385071675,False
Algeria,2015-03,4266,1236,1.6310679611650485,28.973277074542896,False
Algeria,2015-04,4282,1267,1.5224940810007892,29.588977113498366,False
Algeria,2015-05,4241,1263,1.5629453683491685,29.780712096203725,False
Algeria,2015-06,4106,1257,1.5950676211694512,30.613735996103262,False
Algeria,2015-07,3251,1022,1.7240704499041097,31.43648108274377,False
Algeria,2015-08,3879,1245,1.7694779117301203,32.095901005413765,False
Algeria,2015-09,3468,1137,1.73878627953562,32.78546712802768,False
Algeria,2015-10,3648,1141,1.7028921998773006,31.277412280701753,False
Algeria,2015-11,3772,1137,1.6446789802744062,30.143160127253445,False
Algeria,2015-12,3875,1213,1.703215169332234,31.303225806451614,False
Algeria,2016-01,4015,1413,1.7105449401245576,35.19302615193026,False
Algeria,2016-02,3873,1330,1.6609022558518796,34.34030467337981,False
Algeria,2016-03,4501,1485,1.630976430611448,32.99266829593424,False
Algeria,2016-04,4255,1445,1.5660899650602078,33.96004700352526,False
Algeria,2016-05,4869,1735,1.556772333821902,35.63360032860957,False
Algeria,2016-06,4055,1389,1.5889128872958962,34.254007398273735,False
Algeria,2016-07,3732,1244,1.6334405140868167,33.333333333333336,False
Algeria,2016-08,3635,1066,1.6979362099821762,29.325997248968363,False
Algeria,2016-09,3763,1182,1.6277495774450086,31.411108158384266,False
Algeria,2016-10,3182,1146,1.627399650513089,36.01508485229415,False
Algeria,2016-11,3480,1300,1.66846153796,37.35632183908046,False
Algeria,2016-12,3560,1171,1.6276686588121265,32.89325842696629,False
Algeria,2017-01,4375,1334,1.6124437779212892,30.49142857142857,False
Algeria,2017-02,4200,1285,1.5789883265906615,30.595238095238095,False
Algeria,2017-03,4489,1331,1.5687453038016528,29.650256181777678,False
Algeria,2017-04,5549,1803,1.618413754983361,32.492340962335554,False
Algeria,2017-05,5323,1512,1.5787037032195768,28.405034754837498,False
Algeria,2017-06,4796,1326,1.6923076921990952,27.648040033361134,False
Algeria,2017-07,5716,1652,1.573849878696126,28.901329601119663,False
Algeria,2017-08,5652,1529,1.5840418569836496,27.05237084217976,False
Algeria,2017-09,5508,1651,1.6620230160436098,29.97458242556282,False
Algeria,2017-10,6113,2048,1.632324219033203,33.50237199411091,False
Algeria,2017-11,5934,1797,1.6449638282682248,30.283114256825076,False
Algeria,2017-12,5525,1753,1.575014260879635,31.728506787330318,False
Algeria,2018-01,6095,1935,1.607751937818088,31.747333880229696,False
Algeria,2018-02,6053,1953,1.6036866355432666,32.264992565669914,False
Algeria,2018-03,5554,1776,1.5275900904904278,31.97695354699316,False
Algeria,2018-04,6015,1871,1.553180117920898,31.105569409808812,False
Algeria,2018-05,5351,1684,1.5973871730647269,31.47075313025603,False
Algeria,2018-06,5796,1766,1.6234428084286523,30.46928916494134,False
Algeria,2018-07,5788,1669,1.5967645293768724,28.83552176917761,False
Algeria,2018-08,5469,1525,1.6950819676065574,27.88443956847687,False
Algeria,2018-09,5682,1648,1.6001213594757282,29.003871876099964,False
Algeria,2018-10,5990,1763,1.5592739649126488,29.43238731218698,False
Algeria,2018-11,5915,1882,1.5759829963251861,31.817413355874894,False
Algeria,2018-12,6275,2081,1.5454108600297936,33.16334661354582,False
Algeria,2019-01,5620,1749,1.6129216690714692,31.12099644128114,False
Algeria,2019-02,5487,1559,1.593329056751764,28.41261162748314,False
Algeria,2019-03,5839,1306,1.6653905053315468,22.36684363760918,False
Algeria,2019-04,4835,1173,1.7246376807774937,24.260599793174766,False
Algeria,2019-05,4780,1299,1.822170900730562,27.175732217573223,False
Algeria,2019-06,4169,1182,1.7791878174179359,28.352122811225712,False
Algeria,2019-07,3955,1036,1.8368725867818532,26.194690265486727,False
Algeria,2019-08,3448,970,1.8443298967340207,28.132250580046403,False
Algeria,2019-09,3912,1066,1.8161350844559099,27.249488752556235,False
Algeria,2019-10,4052,1144,1.7534965036083916,28.232971372161895,False
Algeria,2019-11,3708,986,1.8032454364827586,26.591154261057174,False
Algeria,2019-12,3724,970,1.7381443302082473,26.047261009667025,False
Algeria,2020-01,3761,1034,1.7591876206576402,27.492688114863068,False
Algeria,2020-02,3875,1124,1.6850533805106762,29.006451612903227,False
Algeria,2020-03,4708,1304,1.923312883177914,27.697536108751063,False
Algeria,2020-04,5385,1675,2.0991044772477614,31.104921077065924,False
Algeria,2020-05,5203,1572,1.9510178121857507,30.21333845858159,False
Algeria,2020-06,5575,1646,1.804981774236938,29.524663677130047,False
Algeria,2020-07,5921,1648,1.882888349106796,27.83313629454484,False
Algeria,2020-08,4978,1451,1.8001378354927637,29.148252310164725,False
Algeria,2020-09,5777,1492,1.7339142087861932,25.826553574519647,False
Algeria,2020-10,5987,1672,1.6967703349330143,27.92717554701854,False
Algeria,2020-11,6206,1637,1.7538179594563228,26.377699000966807,False
Algeria,2020-12,5975,1651,1.7819503331508177,27.631799163179917,False
Algeria,2021-01,5623,1754,1.7314709237742303,31.19331317801885,False
Algeria,2021-02,5287,1573,1.7666878577488876,29.752222432381313,False
Algeria,2021-03,6224,2102,1.770694576827783,33.77249357326478,False
Algeria,2021-04,5794,1938,1.7652218780304436,33.44839489126683,False
Algeria,2021-05,5578,1683,1.7736185381402256,30.17210469702402,False
Algeria,2021-06,5220,1449,1.8454106276066253,27.75862068965517,False
Algeria,2021-07,5057,1434,1.9079497912712693,28.35673324105201,False
Algeria,2021-08,5142,1331,1.9271224642351616,25.88486970050564,False
Algeria,2021-09,5227,1616,1.6967821785909654,30.91639563803329,False
Algeria,2021-10,5568,1757,1.7330677288947067,31.555316091954023,False
Algeria,2021-11,5328,1656,1.672705314,31.08108108108108,False
Algeria,2021-12,5297,1603,1.6805988770405489,30.26241268642628,False
Algeria,2022-01,6673,2109,1.7880512086979612,31.604975273490183,False
Algeria,2022-02,6171,2037,1.7388316147805596,33.00923675255226,False
Algeria,2022-03,6885,2383,1.7201007129282415,34.61147421931736,False
Algeria,2022-04,6192,2130,1.7535211265840376,34.39922480620155,False
Algeria,2022-05,5898,2002,1.6908091906643357,33.94370973211258,False
Algeria,2022-06,6039,2133,1.7238631040384436,35.320417287630406,False
Algeria,2022-07,5309,1836,1.7358387797734207,34.582783951779994,False
Algeria,2022-08,3177,1077,1.7623026928653667,33.89990557129367,False
Algeria,2022-09,5450,1903,1.766158697002102,34.91743119266055,False
Algeria,2022-10,5284,1915,1.6537859003879896,36.24148372445117,False
Algeria,2022-11,4311,1516,1.6622691297328493,35.16585479007191,False
Algeria,2022-12,4143,1538,1.6417425230949285,37.122857832488535,False
Algeria,2023-01,6258,2113,1.681022243032655,33.76478108021732,False
Algeria,2023-02,6331,2112,1.6098484851051136,33.35965882167114,False
Algeria,2023-03,6901,2374,1.608256107591407,34.400811476597596,False
Algeria,2023-04,6388,2167,1.6252884170576833,33.92298058860363,False
Algeria,2023-05,6573,2186,1.5846294601436413,33.25726456716872,False
Algeria,2023-06,5971,1982,1.5736629671644802,33.19376988779099,False
Algeria,2023-07,6616,1955,1.5708439893227621,29.54957678355502,False
Algeria,2023-08,6555,2084,1.6084452975575816,31.79252479023646,False
Algeria,2023-09,6227,2003,1.603095356465302,32.16637224987956,False
Algeria,2023-10,6633,2076,1.6213872827567437,31.298055178652195,False
Algeria,2023-11,6433,2272,1.5435739439964788,35.31789211876263,False
Algeria,2023-12,4690,1626,1.5325953263222631,34.669509594882726,False
Algeria,2024-01,6491,2114,1.5610217596485334,32.568171314127255,False
Algeria,2024-02,5993,1992,1.547690762743976,33.23877857500417,False
Algeria,2024-03,6509,2093,1.5269947445303391,32.15547703180212,False
Algeria,2024-04,6026,2007,1.4932735429362234,33.305675406571524,False
Algeria,2024-05,10169,3209,1.4580866312894984,31.556691906775495,False
Algeria,2024-06,6804,2193,1.534883720747834,32.2310405643739,False
Algeria,2024-07,7406,2386,1.5507124892405701,32.21712125303808,False
Algeria,2024-08,8740,2891,1.5195434105202352,33.077803203661325,False
Algeria,2024-09,6545,2163,1.5302820157993526,33.04812834224599,False
Algeria,2024-10,7005,2520,1.4992063493289685,35.974304068522486,False
Algeria,2024-11,6563,2484,1.506038647141707,37.8485448727716,False
Algeria,2024-12,7387,2444,1.5245499182291327,33.0851495871125,False
Algeria,2025-01,7322,2388,1.5887772191264657,32.61403987981426,False
Algeria,2025-02,6322,2425,1.4997938148288659,38.358114520721294,False
Algeria,2025-03,7386,2596,1.5720338980566255,35.147576496073654,False
Algeria,2025-04,7119,2457,1.608058607850224,34.51327433628319,False
Algeria,2025-05,7257,2525,1.5603960396245546,34.79399200771669,False
Algeria,2025-06,6648,2175,1.5374712644524138,32.71660649819495,False
Algeria,2025-07,6908,2315,1.540388769274298,33.511870295309784,False
Algeria,2025-08,6766,2142,1.5957049487917834,31.65829145728643,False
Algeria,2025-09,7192,2464,1.5117694803498378,34.260289210233594,False
Algeria,2025-10,7417,2402,1.5420482929433805,32.3850613455575,False
Algeria,2025-11,7202,2319,1.523932729409228,32.19938905859483,False
Algeria,2025-12,6279,1813,1.3287369003309433,28.87402452619844,False
Angola,2015-01,2186,621,1.323671497809984,28.408051235132664,False
Angola,2015-02,2275,701,1.3423680461512129,30.813186813186814,False
Angola,2015-03,2185,642,1.3333333328099688,29.382151029748282,False
Angola,2015-04,2053,566,1.3215547702791521,27.569410618606916,False
Angola,2015-05,2250,615,1.2894308940487804,27.333333333333332,False
Angola,2015-06,2474,729,1.4101508915884775,29.46645109135004,False
Angola,2015-07,2976,926,1.3444924406490282,31.115591397849464,False
Angola,2015-08,2743,767,1.3859191653037812,27.96208530805687,False
Angola,2015-09,2704,743,1.3930013460026918,27.477810650887573,False
Angola,2015-10,2802,841,1.4185493463032104,30.01427551748751,False
Angola,2015-11,2446,698,1.3495702005730659,28.536385936222405,False
Angola,2015-12,2287,684,1.4663742688289472,29.90817665063402,False
Angola,2016-01,2497,699,1.4492131614878396,27.99359231077293,False
Angola,2016-02,2226,677,1.4874446090546527,30.41329739442947,False
Angola,2016-03,2302,658,1.5820668695455926,28.583840139009556,False
Angola,2016-04,1948,619,1.4313408719224554,31.77618069815195,False
Angola,2016-05,2340,733,1.4761255120122783,31.324786324786324,False
Angola,2016-06,2124,668,1.4655688620778444,31.450094161958567,False
Angola,2016-07,2339,659,1.488619119757208,28.17443351859769,False
Angola,2016-08,2230,595,1.4235294116168067,26.681614349775785,False
Angola,2016-09,2263,671,1.378539493472429,29.65090587715422,False
Angola,2016-10,2616,712,1.3876404496853931,27.217125382262996,False
Angola,2016-11,2129,630,1.4047619052222224,29.59135744480977,False
Angola,2016-12,2311,592,1.3868243244172298,25.61661618347036,False
Angola,2017-01,2407,688,1.3837209301220932,28.58329871208974,False
Angola,2017-02,2649,725,1.4110344822841379,27.368818422046054,False
Angola,2017-03,2768,723,1.3264177035214382,26.11994219653179,False
Angola,2017-04,2472,637,1.3155416013359498,25.76860841423948,False
Angola,2017-05,2835,727,1.3975240719532327,25.64373897707231,False
Angola,2017-06,2577,662,1.3504531721752266,25.688785409390764,False
Angola,2017-07,2688,687,1.3275109170305677,25.558035714285715,False
Angola,2017-08,2952,642,1.3177570094454831,21.747967479674795,False
Angola,2017-09,2496,565,1.3256637165026548,22.63621794871795,False
Angola,2017-10,2769,736,1.3641304345027172,26.579992777175875,False
Angola,2017-11,2664,790,1.3278481015898735,29.654654654654653,False
Angola,2017-12,2645,784,1.3022959178367348,29.640831758034025,False
Angola,2018-01,1977,611,1.3469721769689034,30.905412240768843,False
Angola,2018-02,2298,648,1.362654320617284,28.198433420365536,False
Angola,2018-03,2439,684,1.3040935674809941,28.04428044280443,False
Angola,2018-04,2441,650,1.321538461213846,26.62843097091356,False
Angola,2018-05,2651,711,1.3319268637074544,26.820067898906075,False
Angola,2018-06,2519,692,1.309248555381503,27.471218737594285,False
Angola,2018-07,2360,759,1.2384716733544134,32.16101694915254,False
Angola,2018-08,2631,814,1.2665847665503684,30.938806537438236,False
Angola,2018-09,2344,757,1.307793923044914,32.29522184300341,False
Angola,2018-10,2709,835,1.3041916168131737,30.823181985972685,False
Angola,2018-11,2564,829,1.2521109774427022,32.332293291731666,False
Angola,2018-12,2418,720,1.3194444444305558,29.77667493796526,False
Angola,2019-01,2207,676,1.2988165679156805,30.629814227458088,False
Angola,2019-02,1868,590,1.222033898559322,31.58458244111349,False
Angola,2019-03,2129,642,1.2912772584158878,30.155002348520433,False
Angola,2019-04,2202,695,1.3827338134158274,31.5622161671208,False
Angola,2019-05,2365,778,1.2956298204717223,32.89640591966173,False
Angola,2019-06,2042,659,1.2443095603034902,32.27228207639569,False
Angola,2019-07,1992,612,1.2990196074575164,30.72289156626506,False
Angola,2019-08,1850,593,1.3541315348768972,32.054054054054056,False
Angola,2019-09,1670,522,1.3390804594636017,31.25748502994012,False
Angola,2019-10,405,173,1.3468208088786127,42.71604938271605,False
Angola,2019-11,397,141,1.2411347524113472,35.51637279596977,False
Angola,2019-12,324,146,1.2534246574383563,45.06172839506173,False
Angola,2020-01,402,154,1.2662337658441558,38.308457711442784,False
Angola,2020-02,356,127,1.2598425194015752,35.674157303370784,False
Angola,2020-03,405,146,1.513698629719178,36.04938271604938,False
Angola,2020-04,626,221,1.7420814485339364,35.3035143769968,False
Angola,2020-05,1128,362,1.8425414360331493,32.09219858156028,False
Angola,2020-06,1335,423,1.5366430257683212,31.685393258426966,False
Angola,2020-07,1605,471,1.4713375793842889,29.345794392523363,False
Angola,2020-08,1699,522,1.386973179570881,30.72395526780459,False
Angola,2020-09,1876,622,1.3681672025305465,33.15565031982943,False
Angola,2020-10,1931,615,1.4227642280032522,31.84878301398239,False
Angola,2020-11,1513,485,1.3917525772123711,32.055518836748185,False
Angola,2020-12,1505,491,1.4032586555091648,32.62458471760797,False
Angola,2021-01,1388,433,1.3302540414549653,31.195965417867434,False
Angola,2021-02,1176,366,1.3196721316448088,31.122448979591837,False
Angola,2021-03,1377,439,1.3712984054669703,31.880900508351488,False
Angola,2021-04,1374,447,1.3400447428769575,32.532751091703055,False
Angola,2021-05,1412,432,1.3194444442268518,30.594900849858355,False
Angola,2021-06,1272,384,1.3098958329114583,30.18867924528302,False
Angola,2021-07,1268,393,1.2875318066157762,30.993690851735014,False
Angola,2021-08,1120,348,1.2614942533160922,31.071428571428573,False
Angola,2021-09,1166,348,1.362068965816092,29.845626072041167,False
Angola,2021-10,1344,398,1.2738693464321609,29.613095238095237,False
Angola,2021-11,1305,369,1.2439024395934961,28.275862068965516,False
Angola,2021-12,1186,337,1.2611275964777446,28.41483979763912,False
Angola,2022-01,1026,269,1.245353160148699,26.21832358674464,False
Angola,2022-02,1081,279,1.2544802870967742,25.809435707678077,False
Angola,2022-03,1063,294,1.2414965980952382,27.657572906867358,False
Angola,2022-04,996,299,1.180602006555184,30.02008032128514,False
Angola,2022-05,1117,332,1.222891566743976,29.7224709042077,False
Angola,2022-06,1153,283,1.2508833922261484,24.544666088464876,False
Angola,2022-07,1141,319,1.2539184958369907,27.957931638913234,False
Angola,2022-08,748,208,1.2259615378269229,27.807486631016044,False
Angola,2022-09,1127,284,1.214788732112676,25.199645075421472,False
Angola,2022-10,1474,442,1.307692308076923,29.986431478968793,False
Angola,2022-11,1777,513,1.2729044837037038,28.86888013505909,False
Angola,2022-12,1626,469,1.2622601274200425,28.843788437884378,False
Angola,2023-01,1473,449,1.2895322942004455,30.482009504412762,False
Angola,2023-02,1413,454,1.251101321729075,32.13021939136589,False
Angola,2023-03,1391,410,1.3439024385682927,29.475197699496764,False
Angola,2023-04,1062,316,1.2373417721518987,29.75517890772128,False
Angola,2023-05,1080,338,1.263313608934911,31.296296296296298,False
Angola,2023-06,1141,379,1.1635883900211081,33.21647677475898,False
Angola,2023-07,1214,382,1.2408376962958114,31.466227347611202,False
Angola,2023-08,1376,434,1.2419354835437788,31.540697674418606,False
Angola,2023-09,1332,370,1.2999999996945943,27.77777777777778,False
Angola,2023-10,1340,413,1.341404357898305,30.82089552238806,False
Angola,2023-11,1410,417,1.2541966423021582,29.574468085106382,False
Angola,2023-12,1097,324,1.21604938275,29.535095715587968,False
Angola,2024-01,1003,338,1.1923076928076923,33.698903290129614,False
Angola,2024-02,932,319,1.313479624137931,34.227467811158796,False
Angola,2024-03,979,334,1.2604790424401198,34.11644535240041,False
Angola,2024-04,994,333,1.2132132126876876,33.501006036217305,False
Angola,2024-05,945,311,1.2057877808263666,32.91005291005291,False
Angola,2024-06,867,256,1.175781250046875,29.52710495963091,False
Angola,2024-07,922,254,1.2165354335629923,27.54880694143167,False
Angola,2024-08,834,252,1.3095238095793649,30.215827338129497,False
Angola,2024-09,845,259,1.2355212352200773,30.650887573964496,False
Angola,2024-10,1009,307,1.1661237781661238,30.426164519326065,False
Angola,2024-11,1051,260,1.1307692306307693,24.738344433872502,False
Angola,2024-12,1104,363,1.0578512398016529,32.880434782608695,False
Angola,2025-01,1189,378,1.1666666670555554,31.791421362489487,False
Angola,2025-02,1061,331,1.1601208460513595,31.19698397737983,False
Angola,2025-03,985,273,1.2673992676923078,27.715736040609137,False
Angola,2025-04,1011,349,1.2091690547048712,34.52027695351138,False
Angola,2025-05,1117,391,1.2225063937084397,35.00447627573858,False
Angola,2025-06,997,336,1.2023809521875,33.70110330992979,False
Angola,2025-07,1078,402,1.2263681595149254,37.291280148423006,False
Angola,2025-08,973,320,1.2000000004,32.8879753340185,False
Angola,2025-09,999,314,1.2834394909777067,31.43143143143143,False
Angola,2025-10,1216,461,1.2060737521843818,37.911184210526315,False
Angola,2025-11,1109,454,1.240088105242291,40.93778178539225,False
Angola,2025-12,1114,264,1.2803030303030303,23.6983842010772,False
Benin,2015-01,732,171,1.526315789520468,23.360655737704917,False
Benin,2015-02,873,176,1.482954545,20.16036655211913,False
Benin,2015-03,999,237,1.666666667,23.723723723723722,False
Benin,2015-04,830,174,1.7413793100000001,20.96385542168675,False
Benin,2015-05,783,169,1.686390533,21.58365261813538,False
Benin,2015-06,797,168,1.660714286,21.07904642409034,False
Benin,2015-07,841,180,1.6222222220000002,21.40309155766944,False
Benin,2015-08,984,235,1.531914894,23.882113821138212,False
Benin,2015-09,937,251,1.549800797,26.78762006403415,False
Benin,2015-10,1005,226,1.415929204,22.487562189054728,False
Benin,2015-11,922,212,1.622641509,22.99349240780911,False
Benin,2015-12,820,170,1.588235294,20.73170731707317,False
Benin,2016-01,912,181,1.7016574590000002,19.846491228070175,False
Benin,2016-02,939,242,1.590909091,25.77209797657082,False
Benin,2016-03,937,206,1.5388349513980584,21.985058697972253,False
Benin,2016-04,783,179,1.6089385470000002,22.860791826309068,False
Benin,2016-05,816,221,1.606334842,27.083333333333332,False
Benin,2016-06,861,221,1.524886878,25.667828106852497,False
Benin,2016-07,903,221,1.628959276,24.473975636766333,False
Benin,2016-08,978,236,1.758474576,24.130879345603272,False
Benin,2016-09,852,199,1.557788945,23.356807511737088,False
Benin,2016-10,863,253,1.509881423,29.316338354577056,False
Benin,2016-11,964,304,1.483552632,31.53526970954357,False
Benin,2016-12,890,282,1.457446808819149,31.685393258426966,False
Benin,2017-01,926,212,1.599056604,22.89416846652268,False
Benin,2017-02,997,236,1.4872881360847456,23.67101303911735,False
Benin,2017-03,983,253,1.581027668,25.737538148524923,False
Benin,2017-04,1008,258,1.674418605,25.595238095238095,False
Benin,2017-05,1093,277,1.451263538,25.34309240622141,False
Benin,2017-06,973,263,1.414448669,27.029804727646454,False
Benin,2017-07,786,187,1.556149733,23.791348600508904,False
Benin,2017-08,897,210,1.519047619,23.411371237458194,False
Benin,2017-09,996,277,1.505415162,27.811244979919678,False
Benin,2017-10,1077,296,1.5844594589662162,27.483751160631382,False
Benin,2017-11,961,260,1.438461538,27.05515088449532,False
Benin,2017-12,1077,328,1.5609756100000003,30.454967502321264,False
Benin,2018-01,1082,238,1.617647059,21.99630314232902,False
Benin,2018-02,1117,279,1.483870968,24.977618621307073,False
Benin,2018-03,1258,325,1.581538462,25.834658187599363,False
Benin,2018-04,1042,251,1.581673307,24.088291746641076,False
Benin,2018-05,1214,286,1.601398601,23.55848434925865,False
Benin,2018-06,1108,244,1.385245902,22.021660649819495,False
Benin,2018-07,1178,241,1.493775934,20.458404074702887,False
Benin,2018-08,1131,228,1.456140351,20.159151193633953,False
Benin,2018-09,1181,276,1.427536232,23.370025402201524,False
Benin,2018-10,1248,243,1.452674897,19.471153846153847,False
Benin,2018-11,1190,257,1.498054475,21.596638655462186,False
Benin,2018-12,1226,264,1.609848485,21.533442088091356,False
Benin,2019-01,1182,236,1.512711864,19.96615905245347,False
Benin,2019-02,1407,309,1.618122977,21.961620469083154,False
Benin,2019-03,1570,328,1.7621951220000003,20.89171974522293,False
Benin,2019-04,1657,307,1.771986971,18.527459263729632,False
Benin,2019-05,1776,348,1.6896551719999997,19.594594594594593,False
Benin,2019-06,1669,344,1.5058139530000003,20.61114439784302,False
Benin,2019-07,1769,386,1.4611398959999997,21.82023742227247,False
Benin,2019-08,1677,356,1.393258427,21.228384019081695,False
Benin,2019-09,1503,301,1.358803987,20.02661343978709,False
Benin,2019-10,1499,299,1.508361204,19.946631087391594,False
Benin,2019-11,1692,401,1.605985037,23.699763593380613,False
Benin,2019-12,1804,461,1.5032537959305856,25.554323725055433,False
Benin,2020-01,1717,358,1.4804469270000002,20.85032032615026,False
Benin,2020-02,1628,358,1.488826816,21.99017199017199,False
Benin,2020-03,2328,455,1.745054945,19.5446735395189,False
Benin,2020-04,2554,715,1.997202797,27.99530148786218,False
Benin,2020-05,2497,485,1.979381443,19.423307969563478,False
Benin,2020-06,2762,521,1.819577735,18.86314265025344,False
Benin,2020-07,2255,482,1.670124481,21.374722838137473,False
Benin,2020-08,1937,378,1.648148148,19.514713474445017,False
Benin,2020-09,2269,498,1.5240963853574296,21.947994711326576,False
Benin,2020-10,2330,458,1.572052401742358,19.65665236051502,False
Benin,2020-11,2309,461,1.451193059,19.96535296665223,False
Benin,2020-12,2441,525,1.5371428571961905,21.50757886112249,False
Benin,2021-01,2626,443,1.523702032,16.86976389946687,False
Benin,2021-02,2591,427,1.5901639340117095,16.480123504438442,False
Benin,2021-03,2781,496,1.5060483868387096,17.835311039194533,False
Benin,2021-04,2364,372,1.483870968,15.736040609137056,False
Benin,2021-05,2124,459,1.572984749019608,21.610169491525422,False
Benin,2021-06,1965,448,1.4910714282857143,22.798982188295167,False
Benin,2021-07,1925,341,1.5307917887741933,17.714285714285715,False
Benin,2021-08,1869,364,1.5054945054532969,19.475655430711612,False
Benin,2021-09,2032,404,1.45544554490099,19.881889763779526,False
Benin,2021-10,1913,402,1.3631840800000001,21.01411395713539,False
Benin,2021-11,2107,493,1.4239350912008113,23.398196487897483,False
Benin,2021-12,2220,516,1.488372093,23.243243243243242,False
Benin,2022-01,1993,373,1.4289544239624665,18.715504264927244,False
Benin,2022-02,1977,373,1.4155495981823054,18.866970156803237,False
Benin,2022-03,2399,576,1.4861111112621528,24.0100041684035,False
Benin,2022-04,2130,446,1.52690583,20.938967136150236,False
Benin,2022-05,2131,487,1.671457906,22.85312060065697,False
Benin,2022-06,2108,466,1.55150214577897,22.106261859582542,False
Benin,2022-07,2079,397,1.465994962,19.095719095719097,False
Benin,2022-08,2603,424,1.4433962259999997,16.28889742604687,False
Benin,2022-09,2595,494,1.483805668,19.03660886319846,False
Benin,2022-10,2550,550,1.4527272725927272,21.568627450980394,False
Benin,2022-11,2866,729,1.3868312760823045,25.436147941381716,False
Benin,2022-12,2945,646,1.359133127,21.93548387096774,False
Benin,2023-01,2753,448,1.412946429,16.273156556483837,False
Benin,2023-02,2338,410,1.375609756,17.536355859709154,False
Benin,2023-03,3037,709,1.3963328628519043,23.345406651300625,False
Benin,2023-04,2789,607,1.3937397037726522,21.764073144496237,False
Benin,2023-05,2650,566,1.466431095,21.358490566037737,False
Benin,2023-06,2652,608,1.4786184207236843,22.92609351432881,False
Benin,2023-07,2641,616,1.357142857,23.32449829609996,False
Benin,2023-08,2438,563,1.584369449,23.092698933552093,False
Benin,2023-09,2741,691,1.4775687411895804,25.20977745348413,False
Benin,2023-10,2557,662,1.4108761325151056,25.88971450919046,False
Benin,2023-11,2941,885,1.3536723166870057,30.0918055083305,False
Benin,2023-12,2673,779,1.4390243907419769,29.143284698840255,False
Benin,2024-01,2618,663,1.372549019177979,25.324675324675326,False
Benin,2024-02,2933,741,1.4750337380647773,25.264234572110468,False
Benin,2024-03,2872,674,1.4896142431320474,23.467966573816156,False
Benin,2024-04,3187,887,1.4780157830868095,27.831816755569502,False
Benin,2024-05,3343,906,1.474613687,27.101405922823812,False
Benin,2024-06,3408,938,1.4541577829999999,27.523474178403756,False
Benin,2024-07,4125,1042,1.3973128597466413,25.26060606060606,False
Benin,2024-08,3324,769,1.4213263978413524,23.134777376654633,False
Benin,2024-09,3740,970,1.407216495,25.93582887700535,False
Benin,2024-10,3807,962,1.3295218292474011,25.269240872077752,False
Benin,2024-11,3340,997,1.3520561685055166,29.850299401197606,False
Benin,2024-12,3210,1026,1.3479532167699806,31.962616822429908,False
Benin,2025-01,3398,902,1.455654102,26.545026486168336,False
Benin,2025-02,3004,894,1.361297539401566,29.760319573901466,False
Benin,2025-03,3751,1057,1.3632923365070957,28.179152226073047,False
Benin,2025-04,3599,1063,1.4045155225634995,29.53598221728258,False
Benin,2025-05,3956,1213,1.4072547401731246,30.662285136501517,False
Benin,2025-06,3913,1151,1.423110339,29.41477127523639,False
Benin,2025-07,3762,1133,1.4669020299240951,30.116959064327485,False
Benin,2025-08,3394,935,1.4342245991700533,27.548615203299942,False
Benin,2025-09,3708,1108,1.3510830329548738,29.88133764832794,False
Benin,2025-10,3944,1061,1.4213006595174362,26.90162271805274,False
Benin,2025-11,3565,884,1.414027149779412,24.79663394109397,False
Benin,2025-12,3490,635,1.2803149607937008,18.19484240687679,False
Botswana,2015-01,568,214,1.3271028038411214,37.67605633802817,False
Botswana,2015-02,825,362,1.312154696480663,43.878787878787875,False
Botswana,2015-03,785,345,1.4405797101449276,43.94904458598726,False
Botswana,2015-04,728,310,1.361290322916129,42.582417582417584,False
Botswana,2015-05,804,339,1.3215339233038348,42.16417910447761,False
Botswana,2015-06,789,334,1.329341317281437,42.332065906210396,False
Botswana,2015-07,724,274,1.317518248540146,37.84530386740332,False
Botswana,2015-08,429,154,1.292207791922078,35.8974358974359,False
Botswana,2015-09,722,273,1.3516483517875457,37.81163434903047,False
Botswana,2015-10,867,329,1.2765957450334346,37.94694348327566,False
Botswana,2015-11,784,268,1.3171641795223878,34.183673469387756,False
Botswana,2015-12,636,245,1.2204081635265307,38.522012578616355,False
Botswana,2016-01,662,207,1.3913043472850242,31.268882175226587,False
Botswana,2016-02,735,296,1.3716216212432433,40.27210884353742,False
Botswana,2016-03,891,333,1.321321321123123,37.37373737373738,False
Botswana,2016-04,806,293,1.3412969284982936,36.35235732009926,False
Botswana,2016-05,797,285,1.329824561431579,35.75909661229611,False
Botswana,2016-06,959,355,1.2957746477859156,37.0177267987487,False
Botswana,2016-07,885,330,1.3151515152030304,37.28813559322034,False
Botswana,2016-08,912,370,1.2864864869486488,40.57017543859649,False
Botswana,2016-09,972,383,1.2872062668172324,39.40329218106996,False
Botswana,2016-10,921,344,1.3808139532063954,37.35070575461455,False
Botswana,2016-11,889,344,1.2936046510465116,38.69516310461192,False
Botswana,2016-12,644,226,1.2212389374867256,35.09316770186335,False
Botswana,2017-01,700,243,1.3086419748312759,34.714285714285715,False
Botswana,2017-02,755,259,1.2934362940231663,34.3046357615894,False
Botswana,2017-03,799,281,1.2846975093096087,35.16896120150188,False
Botswana,2017-04,752,264,1.3598484845075758,35.1063829787234,False
Botswana,2017-05,766,274,1.2408759126459854,35.77023498694517,False
Botswana,2017-06,762,274,1.2262773727883212,35.958005249343834,False
Botswana,2017-07,815,288,1.2708333336666664,35.33742331288344,False
Botswana,2017-08,890,282,1.354609928680851,31.685393258426966,False
Botswana,2017-09,735,245,1.224489795632653,33.333333333333336,False
Botswana,2017-10,770,280,1.3142857142142859,36.36363636363637,False
Botswana,2017-11,806,309,1.3721682843268608,38.33746898263027,False
Botswana,2017-12,631,200,1.2750000003650002,31.695721077654518,False
Botswana,2018-01,708,213,1.192488263056338,30.084745762711865,False
Botswana,2018-02,790,284,1.3169014079859154,35.949367088607595,False
Botswana,2018-03,861,352,1.289772727,40.882694541231125,False
Botswana,2018-04,766,328,1.3810975612042684,42.819843342036556,False
Botswana,2018-05,696,268,1.279850746477612,38.50574712643678,False
Botswana,2018-06,899,339,1.2212389381651918,37.708565072302555,False
Botswana,2018-07,909,335,1.307462686083582,36.85368536853685,False
Botswana,2018-08,1020,364,1.381868131815934,35.68627450980392,False
Botswana,2018-09,796,310,1.2774193554419355,38.94472361809045,False
Botswana,2018-10,768,290,1.2999999994482758,37.760416666666664,False
Botswana,2018-11,809,314,1.2547770701783438,38.813349814585905,False
Botswana,2018-12,586,242,1.3264462805619832,41.29692832764505,False
Botswana,2019-01,698,251,1.4023904386414343,35.95988538681949,False
Botswana,2019-02,704,320,1.2937500005312499,45.45454545454545,False
Botswana,2019-03,674,284,1.3767605639366196,42.13649851632047,False
Botswana,2019-04,667,276,1.3550724637500002,41.37931034482759,False
Botswana,2019-05,574,237,1.286919831493671,41.289198606271775,False
Botswana,2019-06,625,282,1.2695035464078013,45.12,False
Botswana,2019-07,669,276,1.3514492753405798,41.25560538116592,False
Botswana,2019-08,564,228,1.34210526375,40.42553191489362,False
Botswana,2019-09,542,202,1.2871287124158413,37.269372693726936,False
Botswana,2019-10,617,190,1.2631578946842106,30.79416531604538,False
Botswana,2019-11,763,317,1.268138801302839,41.54652686762778,False
Botswana,2019-12,623,249,1.3413654620080322,39.96789727126806,False
Botswana,2020-01,619,218,1.334862385321101,35.21809369951535,False
Botswana,2020-02,756,344,1.4069767441686047,45.5026455026455,False
Botswana,2020-03,836,347,1.4956772328760806,41.50717703349282,False
Botswana,2020-04,833,311,1.752411575562701,37.334933973589436,False
Botswana,2020-05,875,338,1.5917159763313609,38.628571428571426,False
Botswana,2020-06,942,408,1.534313726004902,43.31210191082803,False
Botswana,2020-07,994,393,1.5114503813333335,39.53722334004024,False
Botswana,2020-08,900,368,1.3913043476630436,40.888888888888886,False
Botswana,2020-09,989,420,1.4952380956142854,42.46713852376138,False
Botswana,2020-10,799,329,1.3799392102370818,41.1764705882353,False
Botswana,2020-11,831,327,1.415902140522936,39.35018050541516,False
Botswana,2020-12,755,267,1.4794007495580523,35.36423841059602,False
Botswana,2021-01,639,241,1.4481327806058093,37.715179968701094,False
Botswana,2021-02,847,359,1.5292479106518106,42.3848878394333,False
Botswana,2021-03,863,335,1.480597015041791,38.818076477404404,False
Botswana,2021-04,786,314,1.4044585985509555,39.94910941475827,False
Botswana,2021-05,770,297,1.3905723905723903,38.57142857142857,False
Botswana,2021-06,947,379,1.4300791556992085,40.021119324181626,False
Botswana,2021-07,877,393,1.4122137405343511,44.81185860889396,False
Botswana,2021-08,862,373,1.4772117965817695,43.27146171693735,False
Botswana,2021-09,860,358,1.505586591877095,41.627906976744185,False
Botswana,2021-10,846,331,1.468277945280967,39.125295508274235,False
Botswana,2021-11,931,357,1.4509803925630254,38.34586466165413,False
Botswana,2021-12,707,282,1.297872340758865,39.886845827439885,False
Botswana,2022-01,552,206,1.3398058246941749,37.31884057971015,False
Botswana,2022-02,798,323,1.3034055721455107,40.476190476190474,False
Botswana,2022-03,842,357,1.2661064430616247,42.39904988123516,False
Botswana,2022-04,917,374,1.3235294122085564,40.785169029443836,False
Botswana,2022-05,919,416,1.3004807686923077,45.26659412404788,False
Botswana,2022-06,941,393,1.3307888045241731,41.76408076514346,False
Botswana,2022-07,991,383,1.2872062669033943,38.64783047426842,False
Botswana,2022-08,1123,473,1.3424947149344608,42.1193232413179,False
Botswana,2022-09,1008,420,1.2904761898857142,41.666666666666664,False
Botswana,2022-10,1010,430,1.2465116279883723,42.57425742574257,False
Botswana,2022-11,1025,360,1.3722222219805555,35.1219512195122,False
Botswana,2022-12,791,301,1.182724252923588,38.05309734513274,False
Botswana,2023-01,699,282,1.2056737593758864,40.34334763948498,False
Botswana,2023-02,848,351,1.245014245196581,41.39150943396226,False
Botswana,2023-03,816,354,1.259887005062147,43.38235294117647,False
Botswana,2023-04,737,270,1.1703703699444443,36.63500678426052,False
Botswana,2023-05,773,301,1.2392026577774087,38.9391979301423,False
Botswana,2023-06,729,267,1.2846441947640448,36.62551440329218,False
Botswana,2023-07,656,236,1.2669491526313559,35.97560975609756,False
Botswana,2023-08,804,323,1.318885448594427,40.17412935323383,False
Botswana,2023-09,792,325,1.2092307698307692,41.035353535353536,False
Botswana,2023-10,702,250,1.29600000008,35.61253561253561,False
Botswana,2023-11,755,254,1.3110236218582676,33.64238410596027,False
Botswana,2023-12,548,166,1.1686746988674699,30.291970802919707,False
Botswana,2024-01,594,193,1.3367875647150258,32.49158249158249,False
Botswana,2024-02,728,279,1.2544802866810036,38.324175824175825,False
Botswana,2024-03,701,280,1.25357142865,39.94293865905849,False
Botswana,2024-04,599,196,1.2346938777142857,32.721202003338895,False
Botswana,2024-05,674,233,1.1845493566609442,34.56973293768546,False
Botswana,2024-06,720,281,1.2704626339074734,39.02777777777778,False
Botswana,2024-07,731,270,1.2629629624148146,36.935704514363884,False
Botswana,2024-08,814,326,1.2515337428404907,40.04914004914005,False
Botswana,2024-09,822,350,1.2057142862628571,42.579075425790755,False
Botswana,2024-10,853,336,1.2678571428928571,39.390386869871044,False
Botswana,2024-11,928,394,1.3147208123350251,42.456896551724135,False
Botswana,2024-12,739,284,1.359154929609155,38.43031123139377,False
Botswana,2025-01,639,242,1.3966942147024792,37.8716744913928,False
Botswana,2025-02,745,320,1.3843750003125,42.95302013422819,False
Botswana,2025-03,829,330,1.3363636357666668,39.806996381182145,False
Botswana,2025-04,802,356,1.3483146064775284,44.38902743142145,False
Botswana,2025-05,938,420,1.3809523803238095,44.776119402985074,False
Botswana,2025-06,828,362,1.3756906076077349,43.71980676328502,False
Botswana,2025-07,846,346,1.2658959543236994,40.8983451536643,False
Botswana,2025-08,764,304,1.3651315785263158,39.79057591623037,False
Botswana,2025-09,745,305,1.2852459016786886,40.939597315436245,False
Botswana,2025-10,874,387,1.2532299739689923,44.279176201373,False
Botswana,2025-11,890,382,1.327225130316754,42.92134831460674,False
Botswana,2025-12,614,292,1.4520547950684932,47.557003257328994,False
Burkina-Faso,2015-01,1401,365,1.4767123285397263,26.052819414703784,False
Burkina-Faso,2015-02,1359,397,1.395465994952141,29.212656364974247,False
Burkina-Faso,2015-03,1434,442,1.4773755658506789,30.82287308228731,False
Burkina-Faso,2015-04,1365,392,1.3265306122448979,28.71794871794872,False
Burkina-Faso,2015-05,1306,380,1.392105263168421,29.096477794793262,False
Burkina-Faso,2015-06,1401,373,1.4825737262064342,26.62384011420414,False
Burkina-Faso,2015-07,1361,392,1.5535714290306124,28.802351212343865,False
Burkina-Faso,2015-08,1102,221,1.4027149318461538,20.054446460980035,False
Burkina-Faso,2015-09,1411,310,1.570967741935484,21.970233876683203,False
Burkina-Faso,2015-10,1308,311,1.6463022511221863,23.776758409785934,False
Burkina-Faso,2015-11,1475,393,1.506361322961832,26.64406779661017,False
Burkina-Faso,2015-12,1358,319,1.4326018805642633,23.49042709867452,False
Burkina-Faso,2016-01,1659,399,1.518796992160401,24.050632911392405,False
Burkina-Faso,2016-02,1582,442,1.5248868779208145,27.939317319848293,False
Burkina-Faso,2016-03,1783,509,1.4518664043320235,28.54739203589456,False
Burkina-Faso,2016-04,1646,551,1.4464609798911072,33.47509113001215,False
Burkina-Faso,2016-05,1844,538,1.486988848027881,29.175704989154013,False
Burkina-Faso,2016-06,1825,515,1.4271844664038833,28.21917808219178,False
Burkina-Faso,2016-07,1546,398,1.4522613069095478,25.74385510996119,False
Burkina-Faso,2016-08,1518,376,1.5053191493723403,24.76943346508564,False
Burkina-Faso,2016-09,1359,357,1.5518207278487395,26.26931567328918,False
Burkina-Faso,2016-10,1774,560,1.5017857145142857,31.567080045095828,False
Burkina-Faso,2016-11,1886,630,1.4222222218492062,33.404029692470836,False
Burkina-Faso,2016-12,1919,571,1.2907180386287216,29.75508077123502,False
Burkina-Faso,2017-01,2189,572,1.5227272725174823,26.13065326633166,False
Burkina-Faso,2017-02,2055,532,1.402255639413534,25.888077858880777,False
Burkina-Faso,2017-03,2118,635,1.4125984247858265,29.981114258734657,False
Burkina-Faso,2017-04,1667,487,1.4558521556652977,29.214157168566288,False
Burkina-Faso,2017-05,2089,610,1.5098360655737706,29.20057443752992,False
Burkina-Faso,2017-06,1874,533,1.467166979737336,28.441835645677696,False
Burkina-Faso,2017-07,2201,617,1.4359805513776336,28.032712403452976,False
Burkina-Faso,2017-08,2128,455,1.4307692308043958,21.38157894736842,False
Burkina-Faso,2017-09,2025,552,1.516304348246377,27.25925925925926,False
Burkina-Faso,2017-10,1704,434,1.4170506915391705,25.469483568075116,False
Burkina-Faso,2017-11,2106,570,1.3719298250105263,27.065527065527064,False
Burkina-Faso,2017-12,1762,505,1.5683168315782179,28.66061293984109,False
Burkina-Faso,2018-01,1876,510,1.5333333336470587,27.18550106609808,False
Burkina-Faso,2018-02,1860,536,1.3638059701492538,28.817204301075268,False
Burkina-Faso,2018-03,2071,583,1.3962264156089192,28.15065185900531,False
Burkina-Faso,2018-04,1994,611,1.5155482817021275,30.641925777331995,False
Burkina-Faso,2018-05,2075,629,1.4419713834515104,30.313253012048193,False
Burkina-Faso,2018-06,2051,627,1.492822966507177,30.570453437347634,False
Burkina-Faso,2018-07,1950,432,1.4328703699675926,22.153846153846153,False
Burkina-Faso,2018-08,1901,453,1.5011037529359823,23.82956338769069,False
Burkina-Faso,2018-09,1624,394,1.492385786713198,24.261083743842363,False
Burkina-Faso,2018-10,2029,581,1.394148020354561,28.634795465746674,False
Burkina-Faso,2018-11,1863,560,1.4857142861428574,30.059044551798173,False
Burkina-Faso,2018-12,1842,565,1.571681416361062,30.67318132464712,False
Burkina-Faso,2019-01,1800,450,1.6644444443822222,25.0,False
Burkina-Faso,2019-02,1890,517,1.4719535786615088,27.354497354497354,False
Burkina-Faso,2019-03,2050,504,1.3373015873511906,24.585365853658537,False
Burkina-Faso,2019-04,2101,559,1.4543828266762076,26.60637791527844,False
Burkina-Faso,2019-05,2246,561,1.540106951532977,24.977738201246662,False
Burkina-Faso,2019-06,1953,496,1.455645161699597,25.396825396825395,False
Burkina-Faso,2019-07,2237,621,1.4621578096602255,27.760393383996423,False
Burkina-Faso,2019-08,1576,339,1.5309734518112093,21.51015228426396,False
Burkina-Faso,2019-09,1719,439,1.4578587699362189,25.538103548574753,False
Burkina-Faso,2019-10,2217,582,1.5223367695601375,26.25169147496617,False
Burkina-Faso,2019-11,1948,529,1.5595463139508505,27.15605749486653,False
Burkina-Faso,2019-12,2072,534,1.458801498093633,25.772200772200772,False
Burkina-Faso,2020-01,2150,504,1.4642857146765873,23.441860465116278,False
Burkina-Faso,2020-02,1847,464,1.4698275863426724,25.121819166215484,False
Burkina-Faso,2020-03,2081,511,1.8082191779921724,24.555502162421913,False
Burkina-Faso,2020-04,1887,499,2.0200400801603204,26.444091149973502,False
Burkina-Faso,2020-05,2011,405,1.790123456325926,20.139234211834907,False
Burkina-Faso,2020-06,2349,633,1.8293838859115323,26.94763729246488,False
Burkina-Faso,2020-07,2221,544,1.6801470587022058,24.493471409275102,False
Burkina-Faso,2020-08,2626,595,1.5563025208336134,22.658035034272658,False
Burkina-Faso,2020-09,2428,643,1.5800933121026437,26.482701812191102,False
Burkina-Faso,2020-10,2578,663,1.552036198739065,25.717610550814584,False
Burkina-Faso,2020-11,2115,518,1.4884169888899614,24.491725768321512,False
Burkina-Faso,2020-12,2177,511,1.3992172209001956,23.472668810289388,False
Burkina-Faso,2021-01,2169,494,1.483805668078947,22.77547256800369,False
Burkina-Faso,2021-02,2415,599,1.4106844739983306,24.803312629399585,False
Burkina-Faso,2021-03,2138,531,1.4406779661242937,24.836295603367635,False
Burkina-Faso,2021-04,2161,572,1.4545454546853147,26.469227209625174,False
Burkina-Faso,2021-05,2259,567,1.6049382717178131,25.099601593625497,False
Burkina-Faso,2021-06,2708,740,1.4932432428581082,27.326440177252586,False
Burkina-Faso,2021-07,2682,718,1.452646239747911,26.771066368381806,False
Burkina-Faso,2021-08,2653,602,1.4368770761627907,22.691292875989447,False
Burkina-Faso,2021-09,2769,727,1.5213204954883084,26.25496569158541,False
Burkina-Faso,2021-10,2595,664,1.4262048191114458,25.58766859344894,False
Burkina-Faso,2021-11,2919,791,1.6093552464829328,27.098321342925658,False
Burkina-Faso,2021-12,2859,615,1.5609756100682928,21.511017838405035,False
Burkina-Faso,2022-01,2802,599,1.682804674190317,21.377587437544612,False
Burkina-Faso,2022-02,2756,596,1.605704698082215,21.6255442670537,False
Burkina-Faso,2022-03,2985,716,1.5642458102094972,23.986599664991626,False
Burkina-Faso,2022-04,2266,535,1.5813084108504674,23.609885260370696,False
Burkina-Faso,2022-05,2444,622,1.723472668585209,25.450081833060555,False
Burkina-Faso,2022-06,2172,542,1.564575646217712,24.953959484346225,False
Burkina-Faso,2022-07,2895,724,1.5704419892955803,25.008635578583764,False
Burkina-Faso,2022-08,2362,522,1.5881226051954023,22.09991532599492,False
Burkina-Faso,2022-09,2096,411,1.596107056126521,19.608778625954198,False
Burkina-Faso,2022-10,2354,546,1.5366300365128205,23.194562446898896,False
Burkina-Faso,2022-11,2724,714,1.5644257701176472,26.211453744493394,False
Burkina-Faso,2022-12,2596,684,1.5453216372339182,26.348228043143298,False
Burkina-Faso,2023-01,2069,520,1.5557692312807692,25.13291445142581,False
Burkina-Faso,2023-02,2732,653,1.4563552833537519,23.901903367496338,False
Burkina-Faso,2023-03,2757,699,1.483547925974249,25.353645266594125,False
Burkina-Faso,2023-04,2777,657,1.5601217658797564,23.658624414836154,False
Burkina-Faso,2023-05,2970,763,1.4429882047706422,25.69023569023569,False
Burkina-Faso,2023-06,2841,728,1.456043955868132,25.624780007039774,False
Burkina-Faso,2023-07,2453,559,1.3756708412504473,22.788422339991847,False
Burkina-Faso,2023-08,2844,576,1.4809027781822914,20.253164556962027,False
Burkina-Faso,2023-09,2876,685,1.5167883207678832,23.81780250347705,False
Burkina-Faso,2023-10,2587,625,1.5008000002016,24.159257827599536,False
Burkina-Faso,2023-11,2807,702,1.414529914985755,25.00890630566441,False
Burkina-Faso,2023-12,2934,818,1.3997555007261613,27.880027266530334,False
Burkina-Faso,2024-01,2800,537,1.2774674116834264,19.178571428571427,False
Burkina-Faso,2024-02,2610,637,1.3547880694756673,24.406130268199234,False
Burkina-Faso,2024-03,2788,665,1.4225563906706769,23.85222381635581,False
Burkina-Faso,2024-04,2626,695,1.3798561155683453,26.466108149276465,False
Burkina-Faso,2024-05,2673,683,1.4289897511683747,25.55181444070333,False
Burkina-Faso,2024-06,2522,638,1.449843259736677,25.29738302934179,False
Burkina-Faso,2024-07,2613,671,1.414307004399404,25.67929582854956,False
Burkina-Faso,2024-08,2798,615,1.300813008118699,21.979985704074338,False
Burkina-Faso,2024-09,2448,610,1.4901639345934425,24.91830065359477,False
Burkina-Faso,2024-10,2669,706,1.3739376775580736,26.4518546272012,False
Burkina-Faso,2024-11,2565,690,1.3681159422376812,26.900584795321638,False
Burkina-Faso,2024-12,2543,725,1.4206896551241381,28.509634290208414,False
Burkina-Faso,2025-01,2263,537,1.4599627558547488,23.729562527618207,False
Burkina-Faso,2025-02,2269,622,1.3569131837266881,27.412957249889818,False
Burkina-Faso,2025-03,2100,604,1.3592715234552981,28.761904761904763,False
Burkina-Faso,2025-04,2387,739,1.412719891787551,30.959363217427732,False
Burkina-Faso,2025-05,2382,731,1.3119015052038305,30.68849706129303,False
Burkina-Faso,2025-06,1994,530,1.3377358495415095,26.57973921765296,False
Burkina-Faso,2025-07,2833,863,1.344148319687138,30.46240734204024,False
Burkina-Faso,2025-08,2507,581,1.359724612423408,23.17510969285999,False
Burkina-Faso,2025-09,2678,692,1.3381502892630057,25.84017923823749,False
Burkina-Faso,2025-10,2442,701,1.3894436518188302,28.705978705978705,False
Burkina-Faso,2025-11,2262,668,1.2979041918832335,29.531388152077806,False
Burkina-Faso,2025-12,3112,830,1.2433734942240962,26.67095115681234,False
Burundi,2015-01,365,61,1.639344262,16.71232876712329,False
Burundi,2015-02,331,63,1.523809524,19.033232628398792,False
Burundi,2015-03,365,70,1.485714286,19.17808219178082,False
Burundi,2015-04,436,60,1.916666667,13.761467889908257,False
Burundi,2015-05,303,40,1.7,13.201320132013201,False
Burundi,2015-06,288,47,1.8085106380000002,16.319444444444443,False
Burundi,2015-07,363,64,1.65625,17.63085399449036,False
Burundi,2015-08,398,65,1.661538462,16.331658291457288,False
Burundi,2015-09,391,74,1.554054054,18.925831202046037,False
Burundi,2015-10,382,83,1.457831325,21.727748691099478,False
Burundi,2015-11,359,76,1.75,21.16991643454039,False
Burundi,2015-12,348,92,1.619565217,26.436781609195403,False
Burundi,2016-01,348,75,1.6,21.551724137931036,False
Burundi,2016-02,296,76,1.473684211,25.675675675675677,False
Burundi,2016-03,282,48,1.854166667,17.02127659574468,False
Burundi,2016-04,286,59,1.847457627,20.62937062937063,False
Burundi,2016-05,302,56,2.053571429,18.543046357615893,False
Burundi,2016-06,289,51,1.725490196,17.647058823529413,False
Burundi,2016-07,335,81,1.592592593,24.17910447761194,False
Burundi,2016-08,331,55,1.781818182,16.61631419939577,False
Burundi,2016-09,308,43,1.418604651,13.96103896103896,False
Burundi,2016-10,384,83,1.638554217,21.614583333333332,False
Burundi,2016-11,278,53,1.641509434,19.06474820143885,False
Burundi,2016-12,277,64,1.65625,23.104693140794225,False
Burundi,2017-01,292,74,1.8648648650000001,25.34246575342466,False
Burundi,2017-02,293,46,1.52173913,15.699658703071673,False
Burundi,2017-03,320,64,1.5625,20.0,False
Burundi,2017-04,297,43,1.8372093019534883,14.478114478114477,False
Burundi,2017-05,302,63,1.920634921,20.86092715231788,False
Burundi,2017-06,328,52,1.769230769,15.853658536585366,False
Burundi,2017-07,278,63,1.476190476,22.66187050359712,False
Burundi,2017-08,312,72,1.569444444,23.076923076923077,False
Burundi,2017-09,294,57,1.929824561,19.387755102040817,False
Burundi,2017-10,308,70,1.542857143,22.727272727272727,False
Burundi,2017-11,315,64,1.53125,20.317460317460316,False
Burundi,2017-12,358,78,1.602564103,21.787709497206706,False
Burundi,2018-01,396,81,1.4320987651358026,20.454545454545453,False
Burundi,2018-02,358,58,1.5,16.201117318435752,False
Burundi,2018-03,367,70,1.628571429,19.07356948228883,False
Burundi,2018-04,333,71,1.408450704,21.32132132132132,False
Burundi,2018-05,312,44,1.522727273,14.102564102564102,False
Burundi,2018-06,255,52,1.365384615,20.392156862745097,False
Burundi,2018-07,299,66,1.409090909,22.073578595317727,False
Burundi,2018-08,314,64,1.5,20.38216560509554,False
Burundi,2018-09,353,63,1.714285714,17.847025495750707,False
Burundi,2018-10,391,71,1.366197183,18.15856777493606,False
Burundi,2018-11,340,70,1.5571428574571429,20.58823529411765,False
Burundi,2018-12,363,61,1.4590163932131148,16.804407713498623,False
Burundi,2019-01,304,64,1.765625,21.05263157894737,False
Burundi,2019-02,292,57,1.473684211,19.52054794520548,False
Burundi,2019-03,324,58,1.75862069,17.901234567901234,False
Burundi,2019-04,311,68,1.588235294,21.864951768488744,False
Burundi,2019-05,294,65,1.569230769,22.108843537414966,False
Burundi,2019-06,289,64,1.609375,22.14532871972318,False
Burundi,2019-07,333,79,1.569620253,23.723723723723722,False
Burundi,2019-08,318,79,1.582278481,24.842767295597483,False
Burundi,2019-09,258,69,1.724637681,26.74418604651163,False
Burundi,2019-10,310,76,1.434210526,24.516129032258064,False
Burundi,2019-11,307,63,1.841269841,20.521172638436482,False
Burundi,2019-12,330,59,1.728813559,17.87878787878788,False
Burundi,2020-01,314,70,1.757142857,22.29299363057325,False
Burundi,2020-02,306,73,1.547945205,23.856209150326798,False
Burundi,2020-03,317,59,1.949152542,18.61198738170347,False
Burundi,2020-04,351,63,1.619047619,17.94871794871795,False
Burundi,2020-05,365,61,1.770491803,16.71232876712329,False
Burundi,2020-06,325,52,1.788461538,16.0,False
Burundi,2020-07,353,72,2.013888889,20.39660056657224,False
Burundi,2020-08,322,49,1.7959183670000003,15.217391304347826,False
Burundi,2020-09,356,61,1.475409836,17.134831460674157,False
Burundi,2020-10,354,62,1.741935484,17.51412429378531,False
Burundi,2020-11,357,69,1.68115942,19.327731092436974,False
Burundi,2020-12,351,71,1.676056338,20.22792022792023,False
Burundi,2021-01,251,57,1.771929825,22.709163346613547,False
Burundi,2021-02,273,68,1.588235294,24.90842490842491,False
Burundi,2021-03,336,74,1.783783784,22.023809523809526,False
Burundi,2021-04,268,55,1.709090909,20.52238805970149,False
Burundi,2021-05,388,88,1.579545455,22.68041237113402,False
Burundi,2021-06,408,106,1.471698113,25.980392156862745,False
Burundi,2021-07,406,114,1.48245614,28.07881773399015,False
Burundi,2021-08,406,96,1.416666667,23.645320197044335,False
Burundi,2021-09,427,101,1.4257425739999998,23.653395784543324,False
Burundi,2021-10,374,91,1.582417582,24.331550802139038,False
Burundi,2021-11,405,101,1.445544554,24.938271604938272,False
Burundi,2021-12,366,93,1.462365591,25.40983606557377,False
Burundi,2022-01,384,122,1.508196721,31.770833333333332,False
Burundi,2022-02,423,119,1.781512605042017,28.13238770685579,False
Burundi,2022-03,486,143,1.6293706293706294,29.4238683127572,False
Burundi,2022-04,468,146,1.671232877,31.196581196581196,False
Burundi,2022-05,441,128,1.6171875,29.024943310657598,False
Burundi,2022-06,437,124,1.548387097,28.37528604118993,False
Burundi,2022-07,430,125,1.567999999504,29.069767441860463,False
Burundi,2022-08,275,120,1.5,43.63636363636363,False
Burundi,2022-09,416,105,1.533333333,25.240384615384617,False
Burundi,2022-10,464,169,1.473372781,36.422413793103445,False
Burundi,2022-11,526,202,1.321782177881188,38.40304182509506,False
Burundi,2022-12,474,198,1.277777778,41.77215189873418,False
Burundi,2023-01,415,156,1.448717949,37.59036144578313,False
Burundi,2023-02,426,163,1.4478527605153373,38.262910798122064,False
Burundi,2023-03,446,137,1.532846715,30.717488789237667,False
Burundi,2023-04,432,123,1.414634146,28.47222222222222,False
Burundi,2023-05,398,117,1.461538462,29.396984924623116,False
Burundi,2023-06,317,109,1.724770642,34.38485804416404,False
Burundi,2023-07,339,101,1.712871287,29.793510324483776,False
Burundi,2023-08,478,150,1.486666667,31.380753138075313,False
Burundi,2023-09,498,225,1.399999999502222,45.18072289156626,False
Burundi,2023-10,461,158,1.278481013,34.273318872017356,False
Burundi,2023-11,437,137,1.4963503648686132,31.35011441647597,False
Burundi,2023-12,409,134,1.4029850751044775,32.76283618581907,False
Burundi,2024-01,449,132,1.416666667,29.398663697104677,False
Burundi,2024-02,467,160,1.34375,34.261241970021416,False
Burundi,2024-03,436,145,1.3379310341241377,33.25688073394495,False
Burundi,2024-04,427,112,1.580357142919643,26.229508196721312,False
Burundi,2024-05,435,131,1.442748092,30.114942528735632,False
Burundi,2024-06,478,169,1.5917159762603552,35.35564853556485,False
Burundi,2024-07,384,114,1.535087719,29.6875,False
Burundi,2024-08,455,158,1.4620253164556962,34.72527472527472,False
Burundi,2024-09,425,174,1.3678160922413793,40.94117647058823,False
Burundi,2024-10,546,208,1.4663461543173075,38.095238095238095,False
Burundi,2024-11,401,150,1.4933333331666667,37.406483790523694,False
Burundi,2024-12,416,146,1.465753425,35.09615384615385,False
Burundi,2025-01,341,95,1.7052631580000002,27.85923753665689,False
Burundi,2025-02,428,133,1.721804511,31.074766355140188,False
Burundi,2025-03,438,138,1.442028986,31.506849315068493,False
Burundi,2025-04,431,139,1.553956835,32.25058004640371,False
Burundi,2025-05,397,113,1.539823009,28.463476070528966,False
Burundi,2025-06,394,112,1.6875,28.426395939086294,False
Burundi,2025-07,408,160,1.3625,39.21568627450981,False
Burundi,2025-08,392,156,1.3461538462564104,39.795918367346935,False
Burundi,2025-09,375,132,1.424242424,35.2,False
Burundi,2025-10,399,146,1.363013699,36.59147869674185,False
Burundi,2025-11,360,141,1.460992908,39.166666666666664,False
Burundi,2025-12,338,102,1.323529412,30.17751479289941,False
Cameroon,2015-01,828,203,1.571428571,24.516908212560388,False
Cameroon,2015-02,762,208,1.533653846,27.296587926509186,False
Cameroon,2015-03,713,183,1.5136612020000002,25.666199158485274,False
Cameroon,2015-04,760,204,1.4264705886715685,26.842105263157894,False
Cameroon,2015-05,733,190,1.457894737173684,25.920873124147338,False
Cameroon,2015-06,747,209,1.660287081,27.978580990629183,False
Cameroon,2015-07,878,244,1.545081967,27.790432801822323,False
Cameroon,2015-08,734,206,1.5485436890000002,28.065395095367847,False
Cameroon,2015-09,775,228,1.5526315791798246,29.419354838709676,False
Cameroon,2015-10,719,208,1.5961538460624998,28.92906815020862,False
Cameroon,2015-11,731,221,1.624434389,30.232558139534884,False
Cameroon,2015-12,687,202,1.49009901,29.403202328966522,False
Cameroon,2016-01,700,196,1.612244898,28.0,False
Cameroon,2016-02,1639,552,1.518115942,33.6790726052471,False
Cameroon,2016-03,1921,552,1.5326086960326089,28.735033836543465,False
Cameroon,2016-04,2024,678,1.5162241883672567,33.49802371541502,False
Cameroon,2016-05,2158,688,1.5247093019244184,31.881371640407785,False
Cameroon,2016-06,1991,614,1.4592833876221498,30.838774485183325,False
Cameroon,2016-07,1878,578,1.5173010377508651,30.777422790202344,False
Cameroon,2016-08,1989,647,1.4234930451839258,32.52890899949723,False
Cameroon,2016-09,2583,816,1.5147058824754902,31.59117305458769,False
Cameroon,2016-10,2018,586,1.472696246,29.038652130822598,False
Cameroon,2016-11,2497,721,1.5575589456421637,28.874649579495394,False
Cameroon,2016-12,1992,690,1.5289855067768117,34.63855421686747,False
Cameroon,2017-01,3309,974,1.6806981515554416,29.434874584466606,False
Cameroon,2017-02,2011,544,1.6636029408658088,27.051218299353554,False
Cameroon,2017-03,2765,782,1.5869565219232737,28.282097649186255,False
Cameroon,2017-04,2223,692,1.6098265895202313,31.12910481331534,False
Cameroon,2017-05,2090,594,1.542087541750842,28.42105263157895,False
Cameroon,2017-06,1069,300,1.646666666186667,28.06361085126286,False
Cameroon,2017-07,1443,423,1.4869976358747043,29.313929313929314,False
Cameroon,2017-08,1909,464,1.4719827583189655,24.305919329491882,False
Cameroon,2017-09,1953,438,1.6232876708949773,22.427035330261138,False
Cameroon,2017-10,1994,493,1.7038539551034482,24.72417251755266,False
Cameroon,2017-11,2094,490,1.538775509744898,23.400191021967526,False
Cameroon,2017-12,1981,527,1.662239089426945,26.602725896012114,False
Cameroon,2018-01,2483,589,1.5942275043803058,23.721304873137335,False
Cameroon,2018-02,2333,530,1.6207547175,22.71753107586798,False
Cameroon,2018-03,2508,637,1.5164835168571429,25.39872408293461,False
Cameroon,2018-04,2008,489,1.513292433799591,24.352589641434264,False
Cameroon,2018-05,2121,534,1.6479400749625466,25.17680339462518,False
Cameroon,2018-06,2103,586,1.600682593979522,27.86495482643842,False
Cameroon,2018-07,1927,478,1.7217573218033473,24.805396990140114,False
Cameroon,2018-08,1860,452,1.603982300761062,24.301075268817204,False
Cameroon,2018-09,2123,490,1.657142857020408,23.08054639660857,False
Cameroon,2018-10,1997,428,1.7780373833481309,21.4321482223335,False
Cameroon,2018-11,2145,546,1.8699633698205131,25.454545454545453,False
Cameroon,2018-12,1867,430,1.6558139536418603,23.03160149973219,False
Cameroon,2019-01,2131,526,1.5931558940209125,24.683247301736273,False
Cameroon,2019-02,1878,433,1.658198613969977,23.056443024494143,False
Cameroon,2019-03,2492,660,1.6833333333484848,26.484751203852326,False
Cameroon,2019-04,2453,656,1.5807926833231707,26.742763962494905,False
Cameroon,2019-05,2924,759,1.7299077734703558,25.957592339261286,False
Cameroon,2019-06,2840,634,1.6230283913564667,22.323943661971832,False
Cameroon,2019-07,2615,644,1.6537267081552798,24.62715105162524,False
Cameroon,2019-08,2451,587,1.671209540374787,23.94940840473276,False
Cameroon,2019-09,2381,452,1.7898230088805311,18.98362032759345,False
Cameroon,2019-10,1847,420,1.7119047616761904,22.73957769355712,False
Cameroon,2019-11,2925,673,1.7147102530341756,23.00854700854701,False
Cameroon,2019-12,2904,757,1.6472919418758256,26.06749311294766,False
Cameroon,2020-01,2745,601,1.6688851914309484,21.894353369763206,False
Cameroon,2020-02,2676,547,1.7111517368628886,20.440956651718984,False
Cameroon,2020-03,1826,469,2.0149253731002132,25.684556407447975,False
Cameroon,2020-04,3601,924,1.9891774887705629,25.65953901693974,False
Cameroon,2020-05,3394,761,1.946123521976347,22.42192103712434,False
Cameroon,2020-06,3068,646,1.8715170274241486,21.05606258148631,False
Cameroon,2020-07,1464,350,1.8228571433114287,23.907103825136613,False
Cameroon,2020-08,1167,238,1.819327731092437,20.394173093401886,False
Cameroon,2020-09,3027,556,1.6636690642374101,18.36802114304592,False
Cameroon,2020-10,3611,728,1.7568681322115385,20.160620326779284,False
Cameroon,2020-11,3678,805,1.8347826091801243,21.88689505165851,False
Cameroon,2020-12,3585,780,1.6435897437794873,21.757322175732217,False
Cameroon,2021-01,2673,478,1.7112970714644349,17.882528993640104,False
Cameroon,2021-02,2990,674,1.682492581750742,22.54180602006689,False
Cameroon,2021-03,3540,799,1.6570713396745933,22.570621468926554,False
Cameroon,2021-04,3579,714,1.599439775665266,19.949706621961443,False
Cameroon,2021-05,3369,785,1.6318471342292995,23.30068269516177,False
Cameroon,2021-06,3473,927,1.6170442290420712,26.69162107687878,False
Cameroon,2021-07,2371,500,1.652000000038,21.08814846056516,False
Cameroon,2021-08,1432,344,1.6075581390697673,24.022346368715084,False
Cameroon,2021-09,2989,558,1.675627240546595,18.66845098695216,False
Cameroon,2021-10,3097,574,1.5801393726567945,18.53406522441072,False
Cameroon,2021-11,3128,634,1.5867507884826497,20.26854219948849,False
Cameroon,2021-12,2921,510,1.6294117646784314,17.459774049982883,False
Cameroon,2022-01,3531,590,1.6372881353711863,16.709147550269044,False
Cameroon,2022-02,3156,611,1.6186579372995087,19.359949302915084,False
Cameroon,2022-03,2707,622,1.631832797266881,22.97746582933136,False
Cameroon,2022-04,3305,619,1.476575121082391,18.729198184568833,False
Cameroon,2022-05,2735,615,1.4845528452910568,22.486288848263253,False
Cameroon,2022-06,3939,813,1.557195571714637,20.63975628332064,False
Cameroon,2022-07,3609,752,1.6396276592420211,20.83679689664727,False
Cameroon,2022-08,3278,611,1.5139116198985272,18.63941427699817,False
Cameroon,2022-09,2563,457,1.4398249457067835,17.830667186890363,False
Cameroon,2022-10,3610,659,1.444613050549317,18.25484764542936,False
Cameroon,2022-11,3059,587,1.4906303234787053,19.189277541680287,False
Cameroon,2022-12,3335,595,1.4739495795126052,17.841079460269864,False
Cameroon,2023-01,3475,591,1.4720812184602368,17.007194244604317,False
Cameroon,2023-02,3505,639,1.5070422532143974,18.231098430813123,False
Cameroon,2023-03,3703,720,1.3875000001527777,19.443694301917365,False
Cameroon,2023-04,3342,601,1.3594009985091515,17.98324356672651,False
Cameroon,2023-05,3775,719,1.4631432540445062,19.04635761589404,False
Cameroon,2023-06,3321,694,1.5374639766628242,20.897320084311954,False
Cameroon,2023-07,3451,661,1.4568835093494705,19.153868443929294,False
Cameroon,2023-08,3425,605,1.5008264463008265,17.664233576642335,False
Cameroon,2023-09,3287,579,1.4887737476891192,17.61484636446608,False
Cameroon,2023-10,1812,386,1.329015543919689,21.30242825607064,False
Cameroon,2023-11,2198,483,1.4016563150724637,21.97452229299363,False
Cameroon,2023-12,1761,376,1.3829787230638297,21.35150482680295,False
Cameroon,2024-01,2033,382,1.4424083764712041,18.789965568125922,False
Cameroon,2024-02,2809,661,1.5869894098033286,23.531505873976503,False
Cameroon,2024-03,1644,390,1.5051282056102562,23.722627737226276,False
Cameroon,2024-04,1294,331,1.5377643500725076,25.579598145285935,False
Cameroon,2024-05,1730,343,1.4985422741982506,19.826589595375722,False
Cameroon,2024-06,1436,318,1.58490565986478,22.144846796657383,False
Cameroon,2024-07,2191,532,1.4586466168796992,24.28115015974441,False
Cameroon,2024-08,2493,505,1.536633663879208,20.25671881267549,False
Cameroon,2024-09,2538,479,1.6367432145803757,18.87312844759653,False
Cameroon,2024-10,2389,482,1.3651452282489625,20.175805776475514,False
Cameroon,2024-11,2634,613,1.5171288742724307,23.272589217919514,False
Cameroon,2024-12,2709,760,1.4907894732184213,28.054632705795495,False
Cameroon,2025-01,1830,457,1.5973741799080963,24.972677595628415,False
Cameroon,2025-02,1919,413,1.5108958841380145,21.521625846795207,False
Cameroon,2025-03,1938,402,1.5398009954129352,20.743034055727556,False
Cameroon,2025-04,2302,675,1.4577777778133334,29.322328410078192,False
Cameroon,2025-05,2798,705,1.4297872338652482,25.196568977841316,False
Cameroon,2025-06,2642,603,1.4941956885456054,22.82361847085541,False
Cameroon,2025-07,2544,597,1.504187604639866,23.46698113207547,False
Cameroon,2025-08,2607,587,1.5809199317069846,22.516302263137707,False
Cameroon,2025-09,2592,629,1.5262321141748807,24.266975308641975,False
Cameroon,2025-10,2918,656,1.717987804542683,22.481151473612062,False
Cameroon,2025-11,2540,701,1.5820256775463624,27.598425196850393,False
Cameroon,2025-12,2254,498,1.4156626504016063,22.09405501330967,False
Cape Verde,2015-01,352,74,1.27027027,21.022727272727273,False
Cape Verde,2015-02,308,75,1.173333333,24.350649350649352,False
Cape Verde,2015-03,287,82,1.329268293,28.571428571428573,False
Cape Verde,2015-04,279,86,1.337209302,30.82437275985663,False
Cape Verde,2015-05,97,17,1.235294118,17.52577319587629,True
Cape Verde,2015-06,309,94,1.170212766,30.42071197411003,False
Cape Verde,2015-07,324,97,1.257731959,29.938271604938272,False
Cape Verde,2015-08,317,67,1.194029851,21.13564668769716,False
Cape Verde,2015-09,97,17,1.235294118,17.52577319587629,True
Cape Verde,2015-10,311,85,1.235294118,27.331189710610932,False
Cape Verde,2015-11,291,87,1.218390805,29.896907216494846,False
Cape Verde,2015-12,283,76,1.289473684,26.85512367491166,False
Cape Verde,2016-01,148,36,1.222222222,24.324324324324323,False
Cape Verde,2016-02,97,17,1.235294118,17.52577319587629,True
Cape Verde,2016-03,97,17,1.235294118,17.52577319587629,True
Cape Verde,2016-04,97,17,1.235294118,17.52577319587629,True
Cape Verde,2016-05,97,17,1.235294118,17.52577319587629,True
Cape Verde,2016-06,100,16,1.25,16.0,False
Cape Verde,2016-07,97,16,1.25,16.49484536082474,True
Cape Verde,2016-08,97,17,1.235294118,17.52577319587629,True
Cape Verde,2016-09,97,17,1.235294118,17.52577319587629,True
Cape Verde,2016-10,97,17,1.235294118,17.52577319587629,True
Cape Verde,2016-11,97,17,1.235294118,17.52577319587629,True
Cape Verde,2016-12,97,17,1.235294118,17.52577319587629,True
Cape Verde,2017-01,97,17,1.235294118,17.52577319587629,True
Cape Verde,2017-02,97,17,1.235294118,17.52577319587629,True
Cape Verde,2017-03,97,16,1.25,16.49484536082474,True
Cape Verde,2017-04,96,16,1.25,16.666666666666668,True
Cape Verde,2017-05,96,16,1.25,16.666666666666668,True
Cape Verde,2017-06,97,16,1.25,16.49484536082474,True
Cape Verde,2017-07,97,16,1.25,16.49484536082474,True
Cape Verde,2017-08,97,16,1.25,16.49484536082474,True
Cape Verde,2017-09,96,16,1.25,16.666666666666668,True
Cape Verde,2017-10,96,16,1.25,16.666666666666668,True
Cape Verde,2017-11,97,16,1.25,16.49484536082474,True
Cape Verde,2017-12,92,18,1.222222222,19.565217391304348,True
Cape Verde,2018-01,415,110,1.245454545,26.50602409638554,False
Cape Verde,2018-02,417,109,1.2018348621834862,26.139088729016787,False
Cape Verde,2018-03,512,142,1.190140845,27.734375,False
Cape Verde,2018-04,505,148,1.202702703,29.306930693069308,False
Cape Verde,2018-05,97,16,1.25,16.49484536082474,True
Cape Verde,2018-06,528,137,1.270072993,25.946969696969695,False
Cape Verde,2018-07,577,134,1.268656716,23.223570190641247,False
Cape Verde,2018-08,550,160,1.2125,29.09090909090909,False
Cape Verde,2018-09,97,16,1.25,16.49484536082474,True
Cape Verde,2018-10,543,165,1.16969697,30.386740331491712,False
Cape Verde,2018-11,519,166,1.156626506,31.984585741811177,False
Cape Verde,2018-12,475,148,1.344594595,31.157894736842106,False
Cape Verde,2019-01,641,160,1.18125,24.960998439937597,False
Cape Verde,2019-02,572,147,1.163265306,25.6993006993007,False
Cape Verde,2019-03,247,58,1.275862069,23.481781376518217,False
Cape Verde,2019-04,557,152,1.243421053,27.289048473967686,False
Cape Verde,2019-05,583,174,1.16091954,29.845626072041167,False
Cape Verde,2019-06,604,170,1.235294118,28.14569536423841,False
Cape Verde,2019-07,626,194,1.226804124,30.990415335463258,False
Cape Verde,2019-08,308,87,1.229885057,28.246753246753247,False
Cape Verde,2019-09,436,122,1.278688525,27.98165137614679,False
Cape Verde,2019-10,603,162,1.191358024611111,26.865671641791046,False
Cape Verde,2019-11,580,151,1.112582781,26.03448275862069,False
Cape Verde,2019-12,567,180,1.188888889,31.746031746031747,False
Cape Verde,2020-01,533,163,1.239263804,30.58161350844278,False
Cape Verde,2020-02,518,151,1.245033113,29.15057915057915,False
Cape Verde,2020-03,767,164,1.5609756101829269,21.38200782268579,False
Cape Verde,2020-04,671,165,2.066666667,24.59016393442623,False
Cape Verde,2020-05,697,153,1.849673203,21.951219512195124,False
Cape Verde,2020-06,689,168,1.392857143,24.383164005805515,False
Cape Verde,2020-07,744,187,1.56684492,25.134408602150536,False
Cape Verde,2020-08,751,139,1.510791367,18.508655126498002,False
Cape Verde,2020-09,698,127,1.393700787,18.19484240687679,False
Cape Verde,2020-10,917,226,1.362831858,24.645583424209377,False
Cape Verde,2020-11,757,170,1.341176471,22.457067371202115,False
Cape Verde,2020-12,651,151,1.337748344,23.195084485407065,False
Cape Verde,2021-01,740,179,1.413407821,24.18918918918919,False
Cape Verde,2021-02,613,146,1.301369863,23.817292006525285,False
Cape Verde,2021-03,743,178,1.4157303368483147,23.95693135935397,False
Cape Verde,2021-04,862,208,1.461538462,24.129930394431554,False
Cape Verde,2021-05,680,143,1.265734266,21.029411764705884,False
Cape Verde,2021-06,773,184,1.472826087,23.803363518758086,False
Cape Verde,2021-07,793,181,1.4861878449999997,22.82471626733922,False
Cape Verde,2021-08,826,175,1.405714286,21.1864406779661,False
Cape Verde,2021-09,658,145,1.351724138,22.03647416413374,False
Cape Verde,2021-10,725,176,1.386363636,24.275862068965516,False
Cape Verde,2021-11,693,190,1.5,27.417027417027416,False
Cape Verde,2021-12,664,160,1.21875,24.096385542168676,False
Cape Verde,2022-01,752,174,1.362068966,23.138297872340427,False
Cape Verde,2022-02,688,187,1.310160428,27.180232558139537,False
Cape Verde,2022-03,1499,487,1.480492813,32.48832555036691,False
Cape Verde,2022-04,1484,456,1.361842105,30.7277628032345,False
Cape Verde,2022-05,836,207,1.352657005,24.760765550239235,False
Cape Verde,2022-06,1509,445,1.543820225,29.489728296885353,False
Cape Verde,2022-07,1516,502,1.587649402,33.11345646437995,False
Cape Verde,2022-08,1457,443,1.3860045149999998,30.404941660947152,False
Cape Verde,2022-09,669,173,1.346820809,25.85949177877429,False
Cape Verde,2022-10,687,171,1.438596491,24.890829694323145,False
Cape Verde,2022-11,706,188,1.228723404,26.628895184135978,False
Cape Verde,2022-12,694,163,1.2331288345521472,23.487031700288185,False
Cape Verde,2023-01,699,170,1.3117647054411765,24.320457796852647,False
Cape Verde,2023-02,1208,387,1.325581395,32.0364238410596,False
Cape Verde,2023-03,753,205,1.27804878,27.224435590969456,False
Cape Verde,2023-04,1399,507,1.3293885596765285,36.240171551107935,False
Cape Verde,2023-05,796,237,1.202531646,29.77386934673367,False
Cape Verde,2023-06,1644,508,1.220472441,30.900243309002434,False
Cape Verde,2023-07,1652,606,1.267326733,36.68280871670702,False
Cape Verde,2023-08,1550,449,1.216035635,28.967741935483872,False
Cape Verde,2023-09,1580,500,1.23,31.645569620253166,False
Cape Verde,2023-10,1616,598,1.2508361201304348,37.004950495049506,False
Cape Verde,2023-11,1492,539,1.211502783,36.1260053619303,False
Cape Verde,2023-12,1280,456,1.300438596256579,35.625,False
Cape Verde,2024-01,1568,479,1.2379958249999998,30.5484693877551,False
Cape Verde,2024-02,1469,468,1.228632479,31.858407079646017,False
Cape Verde,2024-03,1468,454,1.2444933917180616,30.92643051771117,False
Cape Verde,2024-04,745,257,1.237354086,34.49664429530201,False
Cape Verde,2024-05,1537,496,1.1875,32.270657124268055,False
Cape Verde,2024-06,751,235,1.208510638,31.291611185086552,False
Cape Verde,2024-07,1484,502,1.199203187,33.82749326145552,False
Cape Verde,2024-08,1217,368,1.163043478,30.238290879211174,False
Cape Verde,2024-09,1331,391,1.219948849,29.376408715251692,False
Cape Verde,2024-10,1408,404,1.2202970300445544,28.693181818181817,False
Cape Verde,2024-11,1477,489,1.1717791406748468,33.10765064319567,False
Cape Verde,2024-12,1399,392,1.170918367788265,28.020014295925662,False
Cape Verde,2025-01,1401,473,1.207188161,33.7615988579586,False
Cape Verde,2025-02,607,148,1.283783784,24.382207578253706,False
Cape Verde,2025-03,1291,453,1.161147903,35.08907823392719,False
Cape Verde,2025-04,1213,373,1.246648794,30.75020610057708,False
Cape Verde,2025-05,1266,408,1.24754902,32.22748815165877,False
Cape Verde,2025-06,1203,430,1.223255814,35.74397339983375,False
Cape Verde,2025-07,1318,463,1.198704104,35.128983308042486,False
Cape Verde,2025-08,579,149,1.510067114,25.734024179620036,False
Cape Verde,2025-09,1241,403,1.4665012409999998,32.47381144238517,False
Cape Verde,2025-10,1427,468,1.2585470089999997,32.79607568325158,False
Cape Verde,2025-11,1133,437,1.2837528605812358,38.57016769638129,False
Cape Verde,2025-12,681,160,1.325,23.494860499265787,False
Central African Republic,2015-01,254,81,1.9506172837037035,31.88976377952756,False
Central African Republic,2015-02,56,13,1.384615385,23.214285714285715,True
Central African Republic,2015-03,107,27,1.666666667,25.233644859813083,False
Central African Republic,2015-04,158,44,1.8863636362500003,27.848101265822784,False
Central African Republic,2015-05,148,43,2.046511628,29.054054054054053,False
Central African Republic,2015-06,123,35,1.771428571,28.45528455284553,False
Central African Republic,2015-07,113,36,1.805555556,31.858407079646017,False
Central African Republic,2015-08,71,17,1.588235294,23.943661971830984,True
Central African Republic,2015-09,82,27,2.0,32.926829268292686,True
Central African Republic,2015-10,126,40,1.875,31.746031746031747,False
Central African Republic,2015-11,114,42,1.8809523809999997,36.8421052631579,False
Central African Republic,2015-12,124,34,1.8823529410294118,27.419354838709676,False
Central African Republic,2016-01,125,25,2.16,20.0,False
Central African Republic,2016-02,127,41,1.902439024,32.28346456692913,False
Central African Republic,2016-03,114,34,1.529411765,29.82456140350877,False
Central African Republic,2016-04,124,43,1.511627907,34.67741935483871,False
Central African Republic,2016-05,129,34,1.470588235147059,26.356589147286822,False
Central African Republic,2016-06,146,27,1.814814815,18.493150684931507,False
Central African Republic,2016-07,124,37,2.135135135,29.838709677419356,False
Central African Republic,2016-08,126,46,2.0217391299347827,36.507936507936506,False
Central African Republic,2016-09,106,39,2.0,36.79245283018868,False
Central African Republic,2016-10,122,32,1.96875,26.229508196721312,False
Central African Republic,2016-11,115,41,1.9268292679999999,35.65217391304348,False
Central African Republic,2016-12,114,33,1.666666667,28.94736842105263,False
Central African Republic,2017-01,102,39,1.512820513,38.23529411764706,False
Central African Republic,2017-02,116,30,1.533333333,25.862068965517242,False
Central African Republic,2017-03,125,48,1.895833333,38.4,False
Central African Republic,2017-04,127,58,2.051724138,45.669291338582674,False
Central African Republic,2017-05,153,52,1.980769231,33.98692810457516,False
Central African Republic,2017-06,153,42,1.5714285710000002,27.45098039215686,False
Central African Republic,2017-07,148,60,1.983333333,40.54054054054054,False
Central African Republic,2017-08,136,32,1.625,23.529411764705884,False
Central African Republic,2017-09,138,43,1.953488372,31.159420289855074,False
Central African Republic,2017-10,149,52,1.865384615,34.899328859060404,False
Central African Republic,2017-11,148,53,1.773584906,35.810810810810814,False
Central African Republic,2017-12,148,46,1.695652174,31.08108108108108,False
Central African Republic,2018-01,162,45,1.711111111,27.77777777777778,False
Central African Republic,2018-02,150,44,1.522727273,29.333333333333332,False
Central African Republic,2018-03,177,47,1.680851064,26.55367231638418,False
Central African Republic,2018-04,151,34,1.823529412,22.516556291390728,False
Central African Republic,2018-05,119,32,1.625,26.89075630252101,False
Central African Republic,2018-06,246,79,1.759493671,32.113821138211385,False
Central African Republic,2018-07,310,59,1.542372881,19.032258064516128,False
Central African Republic,2018-08,251,54,1.648148148,21.51394422310757,False
Central African Republic,2018-09,333,63,1.5396825396825398,18.91891891891892,False
Central African Republic,2018-10,313,56,1.571428571,17.891373801916934,False
Central African Republic,2018-11,329,75,1.453333333,22.796352583586625,False
Central African Republic,2018-12,334,80,1.6625,23.952095808383234,False
Central African Republic,2019-01,349,71,1.887323944,20.34383954154728,False
Central African Republic,2019-02,276,52,1.615384615480769,18.840579710144926,False
Central African Republic,2019-03,337,84,1.5952380950000002,24.92581602373887,False
Central African Republic,2019-04,379,95,1.9052631575578947,25.065963060686016,False
Central African Republic,2019-05,488,111,1.8288288289999999,22.74590163934426,False
Central African Republic,2019-06,308,59,1.762711864,19.155844155844157,False
Central African Republic,2019-07,397,87,1.471264368,21.91435768261965,False
Central African Republic,2019-08,388,75,1.413333333,19.329896907216494,False
Central African Republic,2019-09,371,79,1.35443038,21.29380053908356,False
Central African Republic,2019-10,464,100,1.51,21.551724137931036,False
Central African Republic,2019-11,429,95,1.610526316,22.144522144522146,False
Central African Republic,2019-12,313,61,1.737704918,19.488817891373802,False
Central African Republic,2020-01,260,69,1.884057971,26.53846153846154,False
Central African Republic,2020-02,681,215,1.7767441865209301,31.5712187958884,False
Central African Republic,2020-03,628,185,2.0540540541135135,29.45859872611465,False
Central African Republic,2020-04,520,160,2.3062499996875,30.76923076923077,False
Central African Republic,2020-05,758,237,2.046413502,31.266490765171504,False
Central African Republic,2020-06,703,217,2.004608294967742,30.867709815078236,False
Central African Republic,2020-07,713,227,1.762114537,31.837307152875177,False
Central African Republic,2020-08,644,170,1.658823529,26.39751552795031,False
Central African Republic,2020-09,695,202,1.608910891,29.06474820143885,False
Central African Republic,2020-10,737,234,1.6410256414957263,31.75033921302578,False
Central African Republic,2020-11,699,199,1.623115578,28.469241773962803,False
Central African Republic,2020-12,755,225,1.72,29.801324503311257,False
Central African Republic,2021-01,698,190,1.742105263494737,27.22063037249284,False
Central African Republic,2021-02,687,182,1.741758242,26.4919941775837,False
Central African Republic,2021-03,604,130,1.823076923,21.52317880794702,False
Central African Republic,2021-04,811,241,1.7053941910705395,29.71639950678175,False
Central African Republic,2021-05,767,229,1.7117903928384282,29.85658409387223,False
Central African Republic,2021-06,783,273,1.67032967,34.86590038314176,False
Central African Republic,2021-07,759,230,1.682608696,30.303030303030305,False
Central African Republic,2021-08,788,224,1.53125,28.426395939086294,False
Central African Republic,2021-09,793,228,1.557017544,28.7515762925599,False
Central African Republic,2021-10,765,241,1.651452282,31.50326797385621,False
Central African Republic,2021-11,731,268,1.4776119398395522,36.66210670314638,False
Central African Republic,2021-12,739,239,1.456066946,32.341001353179976,False
Central African Republic,2022-01,674,208,1.615384615,30.86053412462908,False
Central African Republic,2022-02,665,205,1.658536585,30.827067669172934,False
Central African Republic,2022-03,782,263,1.646387833,33.631713554987215,False
Central African Republic,2022-04,747,244,1.762295082,32.663989290495316,False
Central African Republic,2022-05,681,257,1.614785992,37.73861967694567,False
Central African Republic,2022-06,566,187,1.5882352941390374,33.03886925795053,False
Central African Republic,2022-07,476,194,1.824742268273196,40.7563025210084,False
Central African Republic,2022-08,584,195,1.58974359,33.39041095890411,False
Central African Republic,2022-09,687,232,1.603448276,33.770014556040756,False
Central African Republic,2022-10,757,266,1.597744361,35.138705416116245,False
Central African Republic,2022-11,685,237,1.628691983,34.5985401459854,False
Central African Republic,2022-12,677,216,1.703703704,31.90546528803545,False
Central African Republic,2023-01,759,267,1.6441947560898877,35.17786561264822,False
Central African Republic,2023-02,438,138,1.6739130430652172,31.506849315068493,False
Central African Republic,2023-03,407,104,1.586538462,25.552825552825553,False
Central African Republic,2023-04,374,91,1.5714285709999998,24.331550802139038,False
Central African Republic,2023-05,435,120,1.65,27.586206896551722,False
Central African Republic,2023-06,421,97,1.587628866,23.040380047505938,False
Central African Republic,2023-07,412,81,1.62962963,19.660194174757283,False
Central African Republic,2023-08,466,104,1.576923077,22.317596566523605,False
Central African Republic,2023-09,427,91,1.758241758,21.311475409836067,False
Central African Republic,2023-10,404,99,1.616161616,24.504950495049506,False
Central African Republic,2023-11,371,99,1.737373737,26.684636118598384,False
Central African Republic,2023-12,376,106,1.613207547,28.19148936170213,False
Central African Republic,2024-01,435,113,1.9026548670000003,25.977011494252874,False
Central African Republic,2024-02,418,114,1.719298246,27.272727272727273,False
Central African Republic,2024-03,398,97,1.659793814,24.371859296482413,False
Central African Republic,2024-04,432,115,1.547826087,26.62037037037037,False
Central African Republic,2024-05,409,94,1.936170213,22.982885085574573,False
Central African Republic,2024-06,442,101,1.732673267,22.850678733031675,False
Central African Republic,2024-07,475,127,1.763779528,26.736842105263158,False
Central African Republic,2024-08,414,125,1.824,30.193236714975846,False
Central African Republic,2024-09,413,124,1.870967742,30.024213075060533,False
Central African Republic,2024-10,456,132,1.765151515,28.94736842105263,False
Central African Republic,2024-11,393,116,1.74137931,29.516539440203562,False
Central African Republic,2024-12,424,137,1.562043796,32.31132075471698,False
Central African Republic,2025-01,461,114,1.719298246,24.72885032537961,False
Central African Republic,2025-02,427,142,1.633802817,33.25526932084309,False
Central African Republic,2025-03,470,153,1.7973856210000003,32.5531914893617,False
Central African Republic,2025-04,431,154,1.818181818,35.730858468677496,False
Central African Republic,2025-05,723,219,1.602739726,30.29045643153527,False
Central African Republic,2025-06,696,200,1.68,28.735632183908045,False
Central African Republic,2025-07,510,144,1.715277778,28.235294117647058,False
Central African Republic,2025-08,448,141,1.780141844,31.473214285714285,False
Central African Republic,2025-09,493,158,1.753164557,32.04868154158215,False
Central African Republic,2025-10,487,153,1.725490196,31.416837782340863,False
Central African Republic,2025-11,436,146,1.8904109590000002,33.48623853211009,False
Central African Republic,2025-12,449,117,1.376068376,26.057906458797326,False
Chad,2015-01,21,4,1.0,19.047619047619047,True
Chad,2015-02,27,4,1.0,14.814814814814815,True
Chad,2015-03,24,5,1.0,20.833333333333332,True
Chad,2015-04,38,5,1.0,13.157894736842104,True
Chad,2015-05,30,5,1.2,16.666666666666668,True
Chad,2015-06,33,5,1.2,15.151515151515152,True
Chad,2015-07,22,6,1.1666666668333334,27.272727272727273,True
Chad,2015-08,21,5,1.2000000004,23.80952380952381,True
Chad,2015-09,22,6,1.1666666668333334,27.272727272727273,True
Chad,2015-10,30,5,1.2,16.666666666666668,True
Chad,2015-11,22,6,1.1666666666666667,27.272727272727273,True
Chad,2015-12,23,6,1.1666666666666667,26.08695652173913,True
Chad,2016-01,31,7,1.142857143,22.580645161290324,True
Chad,2016-02,60,10,1.3,16.666666666666668,True
Chad,2016-03,66,12,2.083333333,18.181818181818183,True
Chad,2016-04,51,8,1.125,15.686274509803921,True
Chad,2016-05,52,7,1.142857143,13.461538461538462,True
Chad,2016-06,64,20,1.5,31.25,True
Chad,2016-07,79,26,1.653846154,32.91139240506329,True
Chad,2016-08,87,22,1.681818182,25.28735632183908,True
Chad,2016-09,106,27,2.0,25.471698113207548,False
Chad,2016-10,109,38,2.210526316,34.862385321100916,False
Chad,2016-11,87,17,1.823529412,19.54022988505747,True
Chad,2016-12,105,26,1.923076923,24.761904761904763,False
Chad,2017-01,85,24,1.708333333,28.235294117647058,True
Chad,2017-02,65,16,1.5625,24.615384615384617,True
Chad,2017-03,104,16,1.6875000004999998,15.384615384615385,False
Chad,2017-04,42,12,1.666666667,28.571428571428573,True
Chad,2017-05,65,20,1.8,30.76923076923077,True
Chad,2017-06,82,20,1.4999999998,24.390243902439025,True
Chad,2017-07,103,34,1.676470588,33.00970873786408,False
Chad,2017-08,70,21,1.428571429,30.0,True
Chad,2017-09,79,25,1.76,31.645569620253166,True
Chad,2017-10,92,31,1.451612903,33.69565217391305,True
Chad,2017-11,83,33,1.424242424,39.75903614457831,True
Chad,2017-12,69,19,1.7368421050000002,27.536231884057973,True
Chad,2018-01,79,33,1.666666667,41.77215189873418,True
Chad,2018-02,93,28,1.785714286,30.107526881720432,True
Chad,2018-03,78,23,1.869565217,29.487179487179485,True
Chad,2018-04,75,21,1.428571429,28.0,True
Chad,2018-05,148,50,1.52000000048,33.78378378378378,False
Chad,2018-06,177,56,1.517857142607143,31.638418079096045,False
Chad,2018-07,177,54,1.759259259,30.508474576271187,False
Chad,2018-08,155,51,1.5882352939999997,32.903225806451616,False
Chad,2018-09,132,46,1.543478261,34.84848484848485,False
Chad,2018-10,155,51,1.490196078,32.903225806451616,False
Chad,2018-11,182,59,1.3050847460677966,32.417582417582416,False
Chad,2018-12,146,58,1.74137931,39.726027397260275,False
Chad,2019-01,111,38,1.315789474,34.234234234234236,False
Chad,2019-02,156,39,1.717948718,25.0,False
Chad,2019-03,259,66,1.409090909,25.482625482625483,False
Chad,2019-04,183,52,1.230769231,28.415300546448087,False
Chad,2019-05,93,34,1.1470588235294117,36.55913978494624,True
Chad,2019-06,90,27,1.2962962965925926,30.0,True
Chad,2019-07,111,41,1.170731707,36.93693693693694,False
Chad,2019-08,146,40,1.425,27.397260273972602,False
Chad,2019-09,180,43,1.6511627910000002,23.88888888888889,False
Chad,2019-10,181,51,1.6078431370980393,28.176795580110497,False
Chad,2019-11,162,45,1.311111111,27.77777777777778,False
Chad,2019-12,161,52,1.423076923,32.298136645962735,False
Chad,2020-01,161,48,1.4583333335,29.81366459627329,False
Chad,2020-02,590,184,1.7826086956358693,31.1864406779661,False
Chad,2020-03,528,174,1.9712643675229884,32.95454545454545,False
Chad,2020-04,369,129,2.3023255809379846,34.959349593495936,False
Chad,2020-05,615,219,2.000000000456621,35.609756097560975,False
Chad,2020-06,624,201,1.9601990053731344,32.21153846153846,False
Chad,2020-07,565,202,1.6980198019999997,35.75221238938053,False
Chad,2020-08,518,160,1.68125,30.888030888030887,False
Chad,2020-09,534,195,1.6769230771692307,36.51685393258427,False
Chad,2020-10,604,203,1.6009852213300493,33.609271523178805,False
Chad,2020-11,569,181,1.430939226320442,31.81019332161687,False
Chad,2020-12,527,197,1.680203046,37.381404174573056,False
Chad,2021-01,501,162,1.604938272049383,32.33532934131737,False
Chad,2021-02,505,145,1.634482759,28.712871287128714,False
Chad,2021-03,326,88,1.647727273,26.993865030674847,False
Chad,2021-04,643,189,1.5820105816613756,29.393468118195955,False
Chad,2021-05,525,181,1.71823204401105,34.476190476190474,False
Chad,2021-06,577,206,1.601941748,35.70190641247834,False
Chad,2021-07,535,188,1.6489361707127659,35.14018691588785,False
Chad,2021-08,565,187,1.5294117650000003,33.097345132743364,False
Chad,2021-09,577,188,1.5265957448723406,32.582322357019066,False
Chad,2021-10,580,223,1.600896861,38.44827586206897,False
Chad,2021-11,594,229,1.4279475982620087,38.552188552188554,False
Chad,2021-12,564,199,1.40201005,35.283687943262414,False
Chad,2022-01,498,180,1.594444444,36.144578313253014,False
Chad,2022-02,498,158,1.613924050227848,31.72690763052209,False
Chad,2022-03,560,206,1.5582524276310679,36.785714285714285,False
Chad,2022-04,533,168,1.6190476190000003,31.51969981238274,False
Chad,2022-05,509,182,1.5714285709999998,35.75638506876228,False
Chad,2022-06,451,165,1.466666667,36.58536585365854,False
Chad,2022-07,463,155,1.638709677,33.47732181425486,False
Chad,2022-08,491,187,1.459893048,38.085539714867615,False
Chad,2022-09,632,268,1.4813432832350746,42.40506329113924,False
Chad,2022-10,635,248,1.5,39.05511811023622,False
Chad,2022-11,582,231,1.554112554,39.69072164948454,False
Chad,2022-12,539,190,1.484210526,35.250463821892396,False
Chad,2023-01,1017,327,1.489296636,32.15339233038348,False
Chad,2023-02,741,211,1.393364929,28.475033738191634,False
Chad,2023-03,752,184,1.244565217,24.46808510638298,False
Chad,2023-04,681,156,1.576923077,22.90748898678414,False
Chad,2023-05,714,179,1.497206704,25.07002801120448,False
Chad,2023-06,621,134,1.455223881,21.578099838969404,False
Chad,2023-07,602,119,1.285714286,19.767441860465116,False
Chad,2023-08,635,135,1.274074074,21.25984251968504,False
Chad,2023-09,625,148,1.425675676,23.68,False
Chad,2023-10,671,170,1.388235294,25.33532041728763,False
Chad,2023-11,707,161,1.248447205,22.77227722772277,False
Chad,2023-12,790,171,1.350877193,21.645569620253166,False
Chad,2024-01,670,166,1.253012048,24.776119402985074,False
Chad,2024-02,663,187,1.540106952,28.205128205128204,False
Chad,2024-03,688,158,1.265822785,22.96511627906977,False
Chad,2024-04,577,112,1.223214286,19.410745233968804,False
Chad,2024-05,632,125,1.208,19.77848101265823,False
Chad,2024-06,646,161,1.335403727,24.922600619195048,False
Chad,2024-07,539,115,1.5043478259999998,21.335807050092765,False
Chad,2024-08,516,103,1.339805825,19.96124031007752,False
Chad,2024-09,588,118,1.296610169,20.068027210884352,False
Chad,2024-10,635,139,1.2949640289208633,21.88976377952756,False
Chad,2024-11,608,136,1.308823529,22.36842105263158,False
Chad,2024-12,361,100,1.43,27.700831024930746,False
Chad,2025-01,572,138,1.333333333,24.125874125874127,False
Chad,2025-02,543,149,1.281879195,27.44014732965009,False
Chad,2025-03,689,162,1.37037037,23.51233671988389,False
Chad,2025-04,638,146,1.397260274,22.884012539184955,False
Chad,2025-05,565,139,1.395683453,24.601769911504423,False
Chad,2025-06,542,135,1.266666667,24.907749077490774,False
Chad,2025-07,562,161,1.422360248,28.647686832740213,False
Chad,2025-08,400,77,1.441558442,19.25,False
Chad,2025-09,663,162,1.364197531,24.43438914027149,False
Chad,2025-10,779,182,1.340659341,23.36328626444159,False
Chad,2025-11,750,199,1.396984925,26.533333333333335,False
Chad,2025-12,764,175,1.251428571,22.905759162303664,False
Comoros,2015-01,82,4,1.0,4.878048780487805,True
Comoros,2015-02,111,9,1.777777778,8.108108108108109,False
Comoros,2015-03,176,26,1.615384615,14.772727272727273,False
Comoros,2015-04,115,9,1.666666667,7.826086956521739,False
Comoros,2015-05,139,21,1.80952381,15.107913669064748,False
Comoros,2015-06,259,64,1.75,24.71042471042471,False
Comoros,2015-07,299,64,1.6875,21.40468227424749,False
Comoros,2015-08,282,46,1.47826087,16.31205673758865,False
Comoros,2015-09,350,84,1.69047619,24.0,False
Comoros,2015-10,311,62,1.629032258,19.935691318327976,False
Comoros,2015-11,260,35,1.457142857,13.461538461538462,False
Comoros,2015-12,275,62,1.467741935,22.545454545454547,False
Comoros,2016-01,284,60,1.533333333,21.12676056338028,False
Comoros,2016-02,261,29,1.172413793,11.11111111111111,False
Comoros,2016-03,255,30,1.466666667,11.764705882352942,False
Comoros,2016-04,301,29,1.655172414,9.634551495016611,False
Comoros,2016-05,329,57,1.526315789,17.325227963525837,False
Comoros,2016-06,280,64,1.515625,22.857142857142858,False
Comoros,2016-07,267,41,1.658536585,15.355805243445692,False
Comoros,2016-08,244,45,1.6222222220000002,18.442622950819672,False
Comoros,2016-09,217,44,1.477272727,20.276497695852534,False
Comoros,2016-10,218,51,1.31372549,23.394495412844037,False
Comoros,2016-11,235,50,1.74,21.27659574468085,False
Comoros,2016-12,270,79,1.35443038,29.25925925925926,False
Comoros,2017-01,290,71,1.633802817,24.482758620689655,False
Comoros,2017-02,255,58,1.655172414,22.745098039215687,False
Comoros,2017-03,290,69,1.739130435,23.79310344827586,False
Comoros,2017-04,299,66,1.651515152,22.073578595317727,False
Comoros,2017-05,299,74,1.567567568,24.74916387959866,False
Comoros,2017-06,409,89,1.6404494380000003,21.760391198044008,False
Comoros,2017-07,410,113,1.530973451,27.5609756097561,False
Comoros,2017-08,411,83,1.602409639,20.194647201946474,False
Comoros,2017-09,352,77,1.753246753,21.875,False
Comoros,2017-10,421,87,1.67816092,20.665083135391924,False
Comoros,2017-11,506,111,1.567567568,21.936758893280633,False
Comoros,2017-12,438,93,1.516129032,21.232876712328768,False
Comoros,2018-01,473,99,1.484848485,20.930232558139537,False
Comoros,2018-02,439,69,1.637681159,15.71753986332574,False
Comoros,2018-03,409,84,1.785714286,20.537897310513447,False
Comoros,2018-04,455,94,1.936170213,20.65934065934066,False
Comoros,2018-05,418,91,1.89010989,21.770334928229666,False
Comoros,2018-06,400,81,1.987654321,20.25,False
Comoros,2018-07,391,51,1.725490196,13.043478260869565,False
Comoros,2018-08,366,64,2.03125,17.48633879781421,False
Comoros,2018-09,297,51,1.568627451,17.171717171717173,False
Comoros,2018-10,475,56,1.767857143,11.789473684210526,False
Comoros,2018-11,391,67,1.955223881,17.135549872122763,False
Comoros,2018-12,390,66,1.818181818,16.923076923076923,False
Comoros,2019-01,395,74,1.540540541,18.734177215189874,False
Comoros,2019-02,451,83,1.7108433729999997,18.403547671840354,False
Comoros,2019-03,555,71,1.9154929580000002,12.792792792792794,False
Comoros,2019-04,546,66,1.772727273,12.087912087912088,False
Comoros,2019-05,472,78,1.8974358969999998,16.52542372881356,False
Comoros,2019-06,426,71,1.8591549292112675,16.666666666666668,False
Comoros,2019-07,409,67,1.686567164,16.381418092909534,False
Comoros,2019-08,314,75,1.76,23.88535031847134,False
Comoros,2019-09,529,99,1.5555555560000003,18.714555765595463,False
Comoros,2019-10,569,93,1.591397849,16.344463971880494,False
Comoros,2019-11,541,81,1.827160494,14.972273567467653,False
Comoros,2019-12,566,96,1.677083333,16.96113074204947,False
Comoros,2020-01,565,85,1.741176471,15.044247787610619,False
Comoros,2020-02,503,81,1.790123457,16.10337972166998,False
Comoros,2020-03,628,87,1.885057471,13.853503184713375,False
Comoros,2020-04,630,105,2.152380952,16.666666666666668,False
Comoros,2020-05,590,91,2.065934066,15.423728813559322,False
Comoros,2020-06,505,87,1.747126437,17.22772277227723,False
Comoros,2020-07,492,107,1.8504672900000003,21.747967479674795,False
Comoros,2020-08,529,97,1.8041237109999997,18.33648393194707,False
Comoros,2020-09,486,79,1.759493671,16.255144032921812,False
Comoros,2020-10,441,86,1.8255813950000002,19.501133786848072,False
Comoros,2020-11,392,72,1.611111111,18.367346938775512,False
Comoros,2020-12,339,81,1.62962963,23.893805309734514,False
Comoros,2021-01,375,48,2.125,12.8,False
Comoros,2021-02,330,66,1.742424242,20.0,False
Comoros,2021-03,320,66,1.651515152,20.625,False
Comoros,2021-04,287,58,1.672413793,20.209059233449477,False
Comoros,2021-05,311,55,1.981818182,17.684887459807072,False
Comoros,2021-06,219,52,1.826923077,23.744292237442924,False
Comoros,2021-07,229,54,1.685185185,23.580786026200872,False
Comoros,2021-08,319,70,1.7,21.9435736677116,False
Comoros,2021-09,351,60,2.083333333,17.094017094017094,False
Comoros,2021-10,249,76,1.657894737,30.522088353413654,False
Comoros,2021-11,338,67,1.955223881,19.82248520710059,False
Comoros,2021-12,323,51,1.843137255,15.789473684210526,False
Comoros,2022-01,258,48,1.875,18.6046511627907,False
Comoros,2022-02,243,39,1.820512821,16.049382716049383,False
Comoros,2022-03,212,52,2.019230769,24.528301886792452,False
Comoros,2022-04,235,51,1.941176471,21.70212765957447,False
Comoros,2022-05,225,44,1.909090909,19.555555555555557,False
Comoros,2022-06,213,62,1.967741935,29.107981220657276,False
Comoros,2022-07,173,48,1.6874999999791667,27.745664739884393,False
Comoros,2022-08,224,39,1.923076923,17.410714285714285,False
Comoros,2022-09,223,56,1.892857143,25.112107623318387,False
Comoros,2022-10,271,40,1.45,14.760147601476016,False
Comoros,2022-11,274,45,2.044444444,16.423357664233578,False
Comoros,2022-12,212,34,1.647058824,16.037735849056602,False
Comoros,2023-01,176,34,1.794117647,19.318181818181817,False
Comoros,2023-02,240,47,1.7659574469999997,19.583333333333332,False
Comoros,2023-03,280,77,1.7532467532467533,27.5,False
Comoros,2023-04,306,64,1.640625,20.915032679738562,False
Comoros,2023-05,302,70,1.485714286,23.178807947019866,False
Comoros,2023-06,210,41,1.658536585,19.523809523809526,False
Comoros,2023-07,185,41,1.7804878050000001,22.16216216216216,False
Comoros,2023-08,203,44,1.613636364,21.67487684729064,False
Comoros,2023-09,166,41,1.804878049,24.698795180722893,False
Comoros,2023-10,173,19,2.210526316,10.982658959537572,False
Comoros,2023-11,166,30,1.766666667,18.072289156626507,False
Comoros,2023-12,160,34,1.941176471,21.25,False
Comoros,2024-01,202,27,2.333333333,13.366336633663366,False
Comoros,2024-02,171,34,2.294117647,19.883040935672515,False
Comoros,2024-03,157,36,1.7222222225277777,22.929936305732483,False
Comoros,2024-04,163,33,1.636363636,20.245398773006134,False
Comoros,2024-05,150,34,1.911764706,22.666666666666668,False
Comoros,2024-06,166,33,1.909090909,19.879518072289155,False
Comoros,2024-07,171,40,2.0,23.391812865497077,False
Comoros,2024-08,150,29,1.689655172,19.333333333333332,False
Comoros,2024-09,136,21,1.80952381,15.441176470588236,False
Comoros,2024-10,131,24,2.041666667,18.3206106870229,False
Comoros,2024-11,148,28,1.678571429,18.91891891891892,False
Comoros,2024-12,191,32,1.84375,16.75392670157068,False
Comoros,2025-01,149,20,2.25,13.422818791946309,False
Comoros,2025-02,176,46,2.043478261,26.136363636363637,False
Comoros,2025-03,161,43,1.7209302330232559,26.70807453416149,False
Comoros,2025-04,167,44,1.613636364,26.347305389221557,False
Comoros,2025-05,159,33,1.727272727,20.754716981132077,False
Comoros,2025-06,170,26,1.461538462,15.294117647058824,False
Comoros,2025-07,156,35,1.771428571,22.435897435897434,False
Comoros,2025-08,140,28,1.75,20.0,False
Comoros,2025-09,137,22,2.0,16.05839416058394,False
Comoros,2025-10,143,27,1.481481481,18.88111888111888,False
Comoros,2025-11,125,24,1.958333333,19.2,False
Comoros,2025-12,80,30,1.933333333,37.5,True
Congo,2015-01,338,88,1.4204545459431819,26.035502958579883,False
Congo,2015-02,340,89,1.4382022471910112,26.176470588235293,False
Congo,2015-03,351,96,1.4166666672916668,27.35042735042735,False
Congo,2015-04,340,87,1.4252873561149424,25.58823529411765,False
Congo,2015-05,338,89,1.4157303370786516,26.331360946745562,False
Congo,2015-06,298,70,1.1999999994,23.48993288590604,False
Congo,2015-07,342,89,1.4157303364831464,26.023391812865498,False
Congo,2015-08,339,87,1.4252873561149424,25.663716814159294,False
Congo,2015-09,346,92,1.4239130435434786,26.589595375722542,False
Congo,2015-10,337,94,1.3936170214042556,27.893175074183976,False
Congo,2015-11,330,88,1.4431818181818181,26.666666666666668,False
Congo,2015-12,348,94,1.3936170214042556,27.011494252873565,False
Congo,2016-01,341,87,1.4252873563218391,25.513196480938415,False
Congo,2016-02,366,101,1.435643564079208,27.595628415300546,False
Congo,2016-03,388,112,1.4821428566964285,28.8659793814433,False
Congo,2016-04,387,112,1.5000000004464287,28.940568475452196,False
Congo,2016-05,365,104,1.4423076921153846,28.493150684931507,False
Congo,2016-06,376,111,1.504504503927928,29.52127659574468,False
Congo,2016-07,357,96,1.4062500004791667,26.89075630252101,False
Congo,2016-08,385,114,1.3859649120701756,29.61038961038961,False
Congo,2016-09,362,98,1.4081632659183676,27.07182320441989,False
Congo,2016-10,376,105,1.4571428568952383,27.925531914893618,False
Congo,2016-11,388,121,1.4958677686280992,31.185567010309278,False
Congo,2016-12,403,125,1.42400000016,31.017369727047146,False
Congo,2017-01,400,133,1.4962406014887217,33.25,False
Congo,2017-02,394,124,1.5080645160887096,31.472081218274113,False
Congo,2017-03,339,85,1.4705882348000001,25.073746312684367,False
Congo,2017-04,446,136,1.4191176465588233,30.493273542600896,False
Congo,2017-05,385,117,1.3846153847863247,30.38961038961039,False
Congo,2017-06,424,144,1.3958333331527777,33.9622641509434,False
Congo,2017-07,457,137,1.5328467155109486,29.9781181619256,False
Congo,2017-08,431,144,1.472222222763889,33.41067285382831,False
Congo,2017-09,400,134,1.380597015164179,33.5,False
Congo,2017-10,415,143,1.35664335686014,34.45783132530121,False
Congo,2017-11,407,143,1.342657343076923,35.13513513513514,False
Congo,2017-12,461,164,1.4512195121036584,35.57483731019523,False
Congo,2018-01,483,171,1.3918128658070177,35.40372670807454,False
Congo,2018-02,547,182,1.5054945060164833,33.272394881170015,False
Congo,2018-03,495,178,1.3764044946966294,35.95959595959596,False
Congo,2018-04,542,213,1.3849765260469484,39.298892988929886,False
Congo,2018-05,583,197,1.3807106604822337,33.79073756432247,False
Congo,2018-06,579,194,1.3402061859381442,33.506044905008636,False
Congo,2018-07,557,174,1.3735632186666666,31.23877917414722,False
Congo,2018-08,500,166,1.475903614126506,33.2,False
Congo,2018-09,532,195,1.3846153845282052,36.65413533834587,False
Congo,2018-10,484,167,1.3652694616287424,34.50413223140496,False
Congo,2018-11,540,189,1.317460318042328,35.0,False
Congo,2018-12,511,142,1.4084507044507042,27.788649706457925,False
Congo,2019-01,493,138,1.4130434782608696,27.99188640973631,False
Congo,2019-02,516,159,1.352201258383648,30.813953488372093,False
Congo,2019-03,552,178,1.3258426970955055,32.2463768115942,False
Congo,2019-04,517,175,1.3542857138285713,33.849129593810446,False
Congo,2019-05,565,200,1.3449999994800002,35.39823008849557,False
Congo,2019-06,559,198,1.3232323235959598,35.42039355992844,False
Congo,2019-07,552,196,1.3520408167091837,35.507246376811594,False
Congo,2019-08,528,183,1.2950819675519123,34.65909090909091,False
Congo,2019-09,562,233,1.3304721030042919,41.45907473309609,False
Congo,2019-10,532,203,1.280788176901478,38.1578947368421,False
Congo,2019-11,488,169,1.349112425633136,34.631147540983605,False
Congo,2019-12,512,185,1.286486486162162,36.1328125,False
Congo,2020-01,545,205,1.3121951217658536,37.61467889908257,False
Congo,2020-02,966,345,1.542028985289855,35.714285714285715,False
Congo,2020-03,939,364,1.7252747255741758,38.76464323748669,False
Congo,2020-04,760,266,1.9624060152518796,35.0,False
Congo,2020-05,955,373,1.8203753349705094,39.05759162303665,False
Congo,2020-06,825,267,1.861423220543071,32.36363636363637,False
Congo,2020-07,1034,404,1.6386138616584158,39.071566731141196,False
Congo,2020-08,1528,604,1.602649006910596,39.52879581151832,False
Congo,2020-09,1493,610,1.5409836069967213,40.85733422638982,False
Congo,2020-10,1321,511,1.5166340508414873,38.682816048448146,False
Congo,2020-11,1250,438,1.431506849200913,35.04,False
Congo,2020-12,1235,489,1.4948875252678935,39.59514170040486,False
Congo,2021-01,1170,423,1.4775413709692673,36.15384615384615,False
Congo,2021-02,1093,422,1.4976303313909953,38.60933211344922,False
Congo,2021-03,989,357,1.3473389357478993,36.097067745197165,False
Congo,2021-04,1251,483,1.4927536227908902,38.60911270983213,False
Congo,2021-05,1234,449,1.492204899804009,36.38573743922204,False
Congo,2021-06,1147,417,1.4004796158609114,36.35571054925894,False
Congo,2021-07,1162,424,1.4504716981367924,36.48881239242685,False
Congo,2021-08,1293,459,1.3877995638474945,35.498839907192576,False
Congo,2021-09,1227,449,1.4075723827238307,36.593317033414834,False
Congo,2021-10,1194,452,1.3938053101238939,37.85594639865997,False
Congo,2021-11,1199,527,1.3282732452808348,43.95329441201001,False
Congo,2021-12,1142,467,1.3640256954946466,40.893169877408056,False
Congo,2022-01,1023,423,1.453900708969267,41.348973607038126,False
Congo,2022-02,1067,406,1.495073891192118,38.050609184629806,False
Congo,2022-03,1135,457,1.4726477028774616,40.26431718061674,False
Congo,2022-04,1015,409,1.5672371642420537,40.29556650246305,False
Congo,2022-05,1053,414,1.4637681160869565,39.31623931623932,False
Congo,2022-06,996,397,1.4534005043123426,39.859437751004016,False
Congo,2022-07,1489,538,1.5092936798401488,36.1316319677636,False
Congo,2022-08,1655,603,1.4427860691674959,36.43504531722054,False
Congo,2022-09,1768,638,1.4184952974937304,36.085972850678736,False
Congo,2022-10,1722,667,1.4647676167136432,38.73403019744483,False
Congo,2022-11,1486,568,1.5035211266478874,38.22341857335128,False
Congo,2022-12,1444,546,1.4267399263003664,37.81163434903047,False
Congo,2023-01,1319,505,1.3940594061742575,38.28658074298711,False
Congo,2023-02,1236,431,1.4779582365336428,34.8705501618123,False
Congo,2023-03,1212,404,1.344059406299505,33.333333333333336,False
Congo,2023-04,1110,387,1.379844961762274,34.86486486486486,False
Congo,2023-05,1223,470,1.455319148519149,38.43008994276369,False
Congo,2023-06,1227,449,1.4008908685523385,36.593317033414834,False
Congo,2023-07,1218,422,1.3672985779620854,34.64696223316913,False
Congo,2023-08,1108,407,1.3832923834398032,36.73285198555957,False
Congo,2023-09,1064,412,1.2208737864927186,38.721804511278194,False
Congo,2023-10,832,317,1.3312302844290222,38.10096153846154,False
Congo,2023-11,906,342,1.3391812867076023,37.74834437086093,False
Congo,2023-12,737,248,1.3346774191532256,33.649932157394844,False
Congo,2024-01,890,312,1.3846153843782052,35.056179775280896,False
Congo,2024-02,885,317,1.4447949530473185,35.81920903954802,False
Congo,2024-03,744,286,1.3706293705384616,38.44086021505376,False
Congo,2024-04,796,296,1.3141891886418917,37.185929648241206,False
Congo,2024-05,672,271,1.2767527675571957,40.32738095238095,False
Congo,2024-06,854,342,1.2836257312865496,40.04683840749414,False
Congo,2024-07,874,342,1.3099415205847955,39.130434782608695,False
Congo,2024-08,799,317,1.3753943222965301,39.67459324155194,False
Congo,2024-09,924,368,1.334239130548913,39.82683982683983,False
Congo,2024-10,932,403,1.367245657186104,43.24034334763949,False
Congo,2024-11,855,367,1.3487738418310624,42.92397660818713,False
Congo,2024-12,829,331,1.3021148036737162,39.9276236429433,False
Congo,2025-01,810,310,1.4451612904258064,38.27160493827161,False
Congo,2025-02,772,268,1.619402985522388,34.715025906735754,False
Congo,2025-03,929,360,1.4555555555555555,38.751345532831,False
Congo,2025-04,979,416,1.4447115382884614,42.492339121552604,False
Congo,2025-05,928,385,1.3818181815974027,41.48706896551724,False
Congo,2025-06,989,415,1.3975903616819276,41.96157735085946,False
Congo,2025-07,976,409,1.4107579460733497,41.90573770491803,False
Congo,2025-08,817,346,1.3468208091589597,42.35006119951041,False
Congo,2025-09,982,412,1.415048544053398,41.955193482688394,False
Congo,2025-10,961,440,1.345454545693182,45.78563995837669,False
Congo,2025-11,603,201,1.4228855721791043,33.333333333333336,False
Congo,2025-12,546,269,1.3754646839405205,49.26739926739927,False
Congo DRC,2015-01,1068,216,1.361111111,20.224719101123597,False
Congo DRC,2015-02,1105,169,1.319526627,15.294117647058824,False
Congo DRC,2015-03,908,169,1.284023669,18.612334801762113,False
Congo DRC,2015-04,1049,176,1.352272727,16.777883698760725,False
Congo DRC,2015-05,1138,192,1.338541667,16.87170474516696,False
Congo DRC,2015-06,1123,177,1.299435028,15.761353517364203,False
Congo DRC,2015-07,991,248,1.169354839,25.025227043390515,False
Congo DRC,2015-08,1087,200,1.315,18.39926402943882,False
Congo DRC,2015-09,1138,229,1.436681223,20.123022847100177,False
Congo DRC,2015-10,1345,280,1.410714286,20.817843866171003,False
Congo DRC,2015-11,1282,299,1.4046822739130433,23.32293291731669,False
Congo DRC,2015-12,1288,342,1.374269006,26.5527950310559,False
Congo DRC,2016-01,1244,266,1.5,21.382636655948552,False
Congo DRC,2016-02,1287,365,1.301369863,28.36052836052836,False
Congo DRC,2016-03,1306,279,1.462365591,21.362940275650843,False
Congo DRC,2016-04,1317,286,1.496503497,21.716021260440396,False
Congo DRC,2016-05,1325,263,1.479087452,19.849056603773583,False
Congo DRC,2016-06,1231,268,1.4701492537425371,21.770917952883835,False
Congo DRC,2016-07,1279,376,1.337765957,29.39796716184519,False
Congo DRC,2016-08,1498,310,1.4451612907870968,20.694259012016023,False
Congo DRC,2016-09,1498,334,1.410179641,22.296395193591454,False
Congo DRC,2016-10,1434,284,1.450704225,19.804741980474198,False
Congo DRC,2016-11,1466,321,1.588785047,21.89631650750341,False
Congo DRC,2016-12,1498,303,1.574257426,20.226969292389853,False
Congo DRC,2017-01,1471,296,1.493243243,20.122365737593473,False
Congo DRC,2017-02,1379,312,1.5,22.625090645395215,False
Congo DRC,2017-03,454,131,1.648854962,28.854625550660792,False
Congo DRC,2017-04,479,146,1.561643836,30.48016701461378,False
Congo DRC,2017-05,546,175,1.4857142860000003,32.05128205128205,False
Congo DRC,2017-06,569,203,1.6354679807684729,35.67662565905097,False
Congo DRC,2017-07,629,203,1.7684729060000002,32.273449920508746,False
Congo DRC,2017-08,544,170,1.664705882,31.25,False
Congo DRC,2017-09,514,168,1.547619048,32.68482490272373,False
Congo DRC,2017-10,497,157,1.605095541,31.58953722334004,False
Congo DRC,2017-11,496,174,1.408045977,35.08064516129032,False
Congo DRC,2017-12,620,206,1.533980583,33.225806451612904,False
Congo DRC,2018-01,599,178,1.7191011238089888,29.716193656093488,False
Congo DRC,2018-02,522,156,1.570512821,29.885057471264368,False
Congo DRC,2018-03,609,220,1.631818182,36.1247947454844,False
Congo DRC,2018-04,588,196,1.5867346939999998,33.333333333333336,False
Congo DRC,2018-05,603,226,1.398230088,37.47927031509121,False
Congo DRC,2018-06,637,233,1.381974249,36.57770800627944,False
Congo DRC,2018-07,667,210,1.442857143,31.484257871064468,False
Congo DRC,2018-08,679,231,1.4805194810000002,34.02061855670103,False
Congo DRC,2018-09,622,224,1.517857143,36.01286173633441,False
Congo DRC,2018-10,848,254,1.4330708658661417,29.952830188679247,False
Congo DRC,2018-11,900,249,1.4859437750883533,27.666666666666668,False
Congo DRC,2018-12,780,184,1.3913043476358697,23.58974358974359,False
Congo DRC,2019-01,659,128,1.6171875,19.423368740515933,False
Congo DRC,2019-02,856,227,1.546255507,26.518691588785046,False
Congo DRC,2019-03,906,248,1.358870968,27.373068432671083,False
Congo DRC,2019-04,852,251,1.426294821,29.460093896713616,False
Congo DRC,2019-05,931,273,1.4542124537545789,29.32330827067669,False
Congo DRC,2019-06,930,272,1.3124999996433824,29.247311827956988,False
Congo DRC,2019-07,930,286,1.356643357,30.752688172043012,False
Congo DRC,2019-08,861,256,1.40625,29.732868757259002,False
Congo DRC,2019-09,895,362,1.395027624,40.44692737430167,False
Congo DRC,2019-10,886,308,1.373376623,34.762979683972915,False
Congo DRC,2019-11,826,268,1.354477612,32.445520581113804,False
Congo DRC,2019-12,787,281,1.338078292,35.705209656925035,False
Congo DRC,2020-01,784,259,1.38996139,33.035714285714285,False
Congo DRC,2020-02,620,168,1.476190476,27.096774193548388,False
Congo DRC,2020-03,1075,361,1.59833795,33.58139534883721,False
Congo DRC,2020-04,1070,299,1.9063545150501673,27.94392523364486,False
Congo DRC,2020-05,1002,305,1.849180328,30.439121756487026,False
Congo DRC,2020-06,955,252,1.841269841,26.387434554973822,False
Congo DRC,2020-07,1155,392,1.8214285710357143,33.93939393939394,False
Congo DRC,2020-08,1147,485,1.5608247423752577,42.28421970357454,False
Congo DRC,2020-09,1140,430,1.48372093,37.719298245614034,False
Congo DRC,2020-10,1062,380,1.581578947,35.781544256120526,False
Congo DRC,2020-11,1151,374,1.5053475939572192,32.49348392701998,False
Congo DRC,2020-12,1077,366,1.4480874320409836,33.98328690807799,False
Congo DRC,2021-01,980,315,1.428571429,32.142857142857146,False
Congo DRC,2021-02,996,341,1.369501466,34.23694779116466,False
Congo DRC,2021-03,1149,388,1.394329897,33.76849434290688,False
Congo DRC,2021-04,1043,354,1.398305085,33.940556088207096,False
Congo DRC,2021-05,1094,332,1.4427710838915662,30.347349177330894,False
Congo DRC,2021-06,1085,338,1.428994083,31.152073732718893,False
Congo DRC,2021-07,1100,352,1.323863636,32.0,False
Congo DRC,2021-08,1102,328,1.4237804875884146,29.764065335753177,False
Congo DRC,2021-09,1061,350,1.3,32.98774740810556,False
Congo DRC,2021-10,1109,355,1.34084507,32.01082055906222,False
Congo DRC,2021-11,1028,373,1.305630027,36.284046692607006,False
Congo DRC,2021-12,1040,373,1.3324396786005364,35.86538461538461,False
Congo DRC,2022-01,859,318,1.371069182,37.019790454016295,False
Congo DRC,2022-02,896,288,1.354166667,32.142857142857146,False
Congo DRC,2022-03,961,337,1.424332344,35.06763787721124,False
Congo DRC,2022-04,925,368,1.589673913285326,39.78378378378378,False
Congo DRC,2022-05,936,326,1.524539877,34.82905982905983,False
Congo DRC,2022-06,1034,379,1.503957784,36.65377176015474,False
Congo DRC,2022-07,1484,466,1.4034334762918457,31.401617250673855,False
Congo DRC,2022-08,1624,516,1.3856589143468994,31.773399014778324,False
Congo DRC,2022-09,1638,511,1.4148727979941291,31.196581196581196,False
Congo DRC,2022-10,1534,505,1.4356435644594059,32.920469361147326,False
Congo DRC,2022-11,1350,437,1.3935926775995424,32.370370370370374,False
Congo DRC,2022-12,1311,450,1.302222221791111,34.32494279176201,False
Congo DRC,2023-01,1151,403,1.3126550872655087,35.01303214596003,False
Congo DRC,2023-02,1338,421,1.4465558190308787,31.46487294469357,False
Congo DRC,2023-03,1485,469,1.3539445633134328,31.58249158249158,False
Congo DRC,2023-04,1296,378,1.3941798938412697,29.166666666666668,False
Congo DRC,2023-05,1368,466,1.3690987129270387,34.06432748538012,False
Congo DRC,2023-06,1451,485,1.3690721652783506,33.42522398345968,False
Congo DRC,2023-07,1454,424,1.3726415098160376,29.160935350756535,False
Congo DRC,2023-08,1678,524,1.349236641,31.227651966626937,False
Congo DRC,2023-09,1414,515,1.252427183968932,36.42149929278642,False
Congo DRC,2023-10,1229,453,1.4194260489845476,36.85923515052888,False
Congo DRC,2023-11,1323,449,1.2984409803273944,33.938019652305364,False
Congo DRC,2023-12,1028,285,1.361403509,27.723735408560312,False
Congo DRC,2024-01,1158,334,1.3293413174101796,28.842832469775473,False
Congo DRC,2024-02,1521,443,1.4356659140519188,29.125575279421433,False
Congo DRC,2024-03,1349,398,1.3643216080000002,29.503335804299482,False
Congo DRC,2024-04,1527,457,1.3501094091466084,29.927963326784546,False
Congo DRC,2024-05,1339,427,1.290398126,31.889469753547424,False
Congo DRC,2024-06,1313,436,1.300458716,33.2063975628332,False
Congo DRC,2024-07,1475,509,1.36935167,34.50847457627118,False
Congo DRC,2024-08,1456,506,1.4288537553952567,34.752747252747255,False
Congo DRC,2024-09,1377,455,1.314285714,33.042846768336965,False
Congo DRC,2024-10,1472,551,1.430127042,37.432065217391305,False
Congo DRC,2024-11,1382,505,1.3524752477267326,36.54124457308249,False
Congo DRC,2024-12,1371,468,1.333333333,34.13566739606127,False
Congo DRC,2025-01,1363,410,1.5268292679829267,30.08070432868672,False
Congo DRC,2025-02,1363,396,1.6969696970000003,29.05355832721937,False
Congo DRC,2025-03,1400,436,1.56192660581422,31.142857142857142,False
Congo DRC,2025-04,1536,546,1.542124541941392,35.546875,False
Congo DRC,2025-05,1539,559,1.466905188,36.32228719948018,False
Congo DRC,2025-06,1499,565,1.5256637170053098,37.691794529686454,False
Congo DRC,2025-07,1530,546,1.4377289377179485,35.68627450980392,False
Congo DRC,2025-08,1461,527,1.4364326377836814,36.07118412046543,False
Congo DRC,2025-09,1467,572,1.4737762234982517,38.99113837764145,False
Congo DRC,2025-10,1466,614,1.3892508143452769,41.88267394270123,False
Congo DRC,2025-11,1097,347,1.4495677233314122,31.63172288058341,False
Congo DRC,2025-12,1217,467,1.4132762313533191,38.37304847986853,False
Djibouti,2015-01,75,15,1.266666667,20.0,True
Djibouti,2015-02,78,21,1.19047619,26.923076923076923,True
Djibouti,2015-03,84,17,1.529411765,20.238095238095237,True
Djibouti,2015-04,67,9,1.444444444,13.432835820895523,True
Djibouti,2015-05,46,12,1.166666667,26.08695652173913,True
Djibouti,2015-06,53,14,1.285714286,26.41509433962264,True
Djibouti,2015-07,47,9,1.444444444,19.148936170212767,True
Djibouti,2015-08,39,9,1.222222222,23.076923076923077,True
Djibouti,2015-09,40,8,1.25,20.0,True
Djibouti,2015-10,47,9,1.222222222,19.148936170212767,True
Djibouti,2015-11,53,11,1.363636364,20.754716981132077,True
Djibouti,2015-12,61,12,1.166666667,19.672131147540984,True
Djibouti,2016-01,46,9,1.222222222,19.565217391304348,True
Djibouti,2016-02,51,12,1.166666667,23.529411764705884,True
Djibouti,2016-03,44,8,1.25,18.181818181818183,True
Djibouti,2016-04,41,9,1.444444444,21.951219512195124,True
Djibouti,2016-05,41,9,1.222222222,21.951219512195124,True
Djibouti,2016-06,48,11,1.545454545,22.916666666666668,True
Djibouti,2016-07,53,14,1.357142857,26.41509433962264,True
Djibouti,2016-08,53,10,1.2,18.867924528301888,True
Djibouti,2016-09,55,15,1.4,27.272727272727273,True
Djibouti,2016-10,65,10,1.3,15.384615384615385,True
Djibouti,2016-11,65,20,1.25,30.76923076923077,True
Djibouti,2016-12,51,13,1.538461538,25.49019607843137,True
Djibouti,2017-01,51,11,1.545454545,21.568627450980394,True
Djibouti,2017-02,49,9,1.555555556,18.367346938775512,True
Djibouti,2017-03,41,11,1.454545455,26.829268292682926,True
Djibouti,2017-04,42,10,1.5,23.80952380952381,True
Djibouti,2017-05,37,8,1.625,21.62162162162162,True
Djibouti,2017-06,41,10,1.6,24.390243902439025,True
Djibouti,2017-07,40,9,1.666666667,22.5,True
Djibouti,2017-08,40,9,1.777777778,22.5,True
Djibouti,2017-09,46,9,1.555555556,19.565217391304348,True
Djibouti,2017-10,38,9,1.555555556,23.68421052631579,True
Djibouti,2017-11,46,9,1.555555556,19.565217391304348,True
Djibouti,2017-12,38,9,1.555555556,23.68421052631579,True
Djibouti,2018-01,40,10,1.5,25.0,True
Djibouti,2018-02,38,9,1.555555556,23.68421052631579,True
Djibouti,2018-03,37,9,1.555555556,24.324324324324323,True
Djibouti,2018-04,41,13,1.692307692,31.70731707317073,True
Djibouti,2018-05,40,8,1.625,20.0,True
Djibouti,2018-06,52,14,1.714285714,26.923076923076923,True
Djibouti,2018-07,49,11,1.727272727,22.448979591836736,True
Djibouti,2018-08,58,13,1.538461538,22.413793103448278,True
Djibouti,2018-09,56,12,1.416666667,21.428571428571427,True
Djibouti,2018-10,57,13,1.538461538,22.80701754385965,True
Djibouti,2018-11,62,17,1.352941176,27.419354838709676,True
Djibouti,2018-12,65,23,1.608695652,35.38461538461539,True
Djibouti,2019-01,78,22,1.636363636,28.205128205128204,True
Djibouti,2019-02,50,18,1.666666667,36.0,True
Djibouti,2019-03,49,18,1.5,36.734693877551024,True
Djibouti,2019-04,45,15,1.6,33.333333333333336,True
Djibouti,2019-05,41,10,1.5,24.390243902439025,True
Djibouti,2019-06,47,15,1.333333333,31.914893617021278,True
Djibouti,2019-07,47,18,1.555555556,38.297872340425535,True
Djibouti,2019-08,43,8,1.625,18.6046511627907,True
Djibouti,2019-09,39,7,1.714285714,17.94871794871795,True
Djibouti,2019-10,52,14,1.357142857,26.923076923076923,True
Djibouti,2019-11,43,12,1.583333333,27.906976744186046,True
Djibouti,2019-12,41,14,1.642857143,34.146341463414636,True
Djibouti,2020-01,47,12,1.5,25.53191489361702,True
Djibouti,2020-02,44,14,1.428571429,31.818181818181817,True
Djibouti,2020-03,45,10,1.5,22.22222222222222,True
Djibouti,2020-04,53,14,1.642857143,26.41509433962264,True
Djibouti,2020-05,40,8,1.625,20.0,True
Djibouti,2020-06,51,9,1.666666667,17.647058823529413,True
Djibouti,2020-07,45,10,1.8,22.22222222222222,True
Djibouti,2020-08,47,12,1.416666667,25.53191489361702,True
Djibouti,2020-09,37,10,1.7,27.027027027027028,True
Djibouti,2020-10,35,8,1.625,22.857142857142858,True
Djibouti,2020-11,37,8,1.625,21.62162162162162,True
Djibouti,2020-12,36,8,1.625,22.22222222222222,True
Djibouti,2021-01,33,7,1.714285714,21.21212121212121,True
Djibouti,2021-02,35,8,1.75,22.857142857142858,True
Djibouti,2021-03,33,8,1.625,24.242424242424242,True
Djibouti,2021-04,32,7,1.714285714,21.875,True
Djibouti,2021-05,40,8,1.625,20.0,True
Djibouti,2021-06,41,8,1.625,19.51219512195122,True
Djibouti,2021-07,40,8,1.625,20.0,True
Djibouti,2021-08,40,8,1.625,20.0,True
Djibouti,2021-09,31,7,1.714285714,22.580645161290324,True
Djibouti,2021-10,41,8,1.625,19.51219512195122,True
Djibouti,2021-11,40,8,1.625,20.0,True
Djibouti,2021-12,39,8,1.625,20.512820512820515,True
Djibouti,2022-01,38,8,1.625,21.05263157894737,True
Djibouti,2022-02,33,7,1.714285714,21.21212121212121,True
Djibouti,2022-03,79,23,1.086956522,29.11392405063291,True
Djibouti,2022-04,30,9,1.555555556,30.0,True
Djibouti,2022-05,54,18,2.055555556,33.333333333333336,True
Djibouti,2022-06,35,8,1.625,22.857142857142858,True
Djibouti,2022-07,39,13,1.615384615,33.333333333333336,True
Djibouti,2022-08,132,54,1.277777778,40.90909090909091,False
Djibouti,2022-09,72,17,1.470588235,23.61111111111111,True
Djibouti,2022-10,68,18,1.777777778,26.470588235294116,True
Djibouti,2022-11,45,15,1.6,33.333333333333336,True
Djibouti,2022-12,58,18,1.444444444,31.03448275862069,True
Djibouti,2023-01,56,16,1.625,28.571428571428573,True
Djibouti,2023-02,60,13,1.615384615,21.666666666666668,True
Djibouti,2023-03,71,16,1.4375,22.535211267605632,True
Djibouti,2023-04,54,15,1.666666667,27.77777777777778,True
Djibouti,2023-05,55,14,1.714285714,25.454545454545453,True
Djibouti,2023-06,48,15,1.6,31.25,True
Djibouti,2023-07,38,16,1.5,42.10526315789474,True
Djibouti,2023-08,41,15,1.533333333,36.58536585365854,True
Djibouti,2023-09,59,18,1.666666667,30.508474576271187,True
Djibouti,2023-10,54,13,1.615384615,24.074074074074073,True
Djibouti,2023-11,54,19,1.421052632,35.18518518518518,True
Djibouti,2023-12,58,21,1.476190476,36.206896551724135,True
Djibouti,2024-01,68,17,1.882352941,25.0,True
Djibouti,2024-02,59,18,1.5,30.508474576271187,True
Djibouti,2024-03,86,14,1.571428571,16.27906976744186,True
Djibouti,2024-04,69,13,1.615384615,18.840579710144926,True
Djibouti,2024-05,105,35,1.714285714,33.333333333333336,False
Djibouti,2024-06,66,18,1.5,27.272727272727273,True
Djibouti,2024-07,88,28,1.428571429,31.818181818181817,True
Djibouti,2024-08,121,42,1.5238095238333333,34.710743801652896,False
Djibouti,2024-09,58,14,1.571428571,24.137931034482758,True
Djibouti,2024-10,53,17,1.647058824,32.075471698113205,True
Djibouti,2024-11,48,18,1.722222222,37.5,True
Djibouti,2024-12,49,19,1.578947368,38.775510204081634,True
Djibouti,2025-01,44,21,1.714285714,47.72727272727273,True
Djibouti,2025-02,31,13,1.769230769,41.935483870967744,True
Djibouti,2025-03,41,18,1.666666667,43.90243902439025,True
Djibouti,2025-04,45,23,1.5652173910000002,51.111111111111114,True
Djibouti,2025-05,81,44,1.477272727,54.32098765432099,True
Djibouti,2025-06,65,33,1.727272727,50.76923076923077,True
Djibouti,2025-07,41,17,1.470588235,41.46341463414634,True
Djibouti,2025-08,33,18,1.555555556,54.54545454545455,True
Djibouti,2025-09,45,18,1.666666667,40.0,True
Djibouti,2025-10,61,19,1.7368421050000002,31.147540983606557,True
Djibouti,2025-11,147,52,1.288461538,35.374149659863946,False
Djibouti,2025-12,86,27,1.37037037,31.3953488372093,True
Egypt,2015-01,1518,318,1.3930817607201258,20.948616600790515,False
Egypt,2015-02,617,41,1.463414634,6.645056726094003,False
Egypt,2015-03,1809,478,1.3556485352845187,26.42343836373687,False
Egypt,2015-04,1816,399,1.3784461149999998,21.97136563876652,False
Egypt,2015-05,2108,502,1.388446215,23.81404174573055,False
Egypt,2015-06,2024,435,1.4160919539999999,21.492094861660078,False
Egypt,2015-07,1755,410,1.5073170732390244,23.36182336182336,False
Egypt,2015-08,961,152,1.486842105,15.816857440166494,False
Egypt,2015-09,1783,408,1.5882352939999997,22.882781828379137,False
Egypt,2015-10,1844,418,1.559808612,22.66811279826464,False
Egypt,2015-11,1910,463,1.496760259,24.240837696335078,False
Egypt,2015-12,1914,448,1.408482143,23.406478578892372,False
Egypt,2016-01,1666,366,1.5382513660000001,21.968787515006003,False
Egypt,2016-02,1421,308,1.522727273,21.67487684729064,False
Egypt,2016-03,1200,243,1.576131687,20.25,False
Egypt,2016-04,1081,228,1.486842105,21.091581868640148,False
Egypt,2016-05,1042,180,1.5888888889999997,17.27447216890595,False
Egypt,2016-06,988,187,1.534759358,18.927125506072876,False
Egypt,2016-07,1011,182,1.538461538,18.001978239366963,False
Egypt,2016-08,1011,204,1.480392157,20.178041543026705,False
Egypt,2016-09,1078,212,1.650943396,19.666048237476808,False
Egypt,2016-10,1094,251,1.585657371,22.943327239488116,False
Egypt,2016-11,974,216,1.4537037034768518,22.17659137577002,False
Egypt,2016-12,1174,203,1.492610837,17.291311754684838,False
Egypt,2017-01,1041,210,1.428571429,20.172910662824208,False
Egypt,2017-02,1117,226,1.362831858,20.232766338406446,False
Egypt,2017-03,1123,247,1.340080972,21.9946571682992,False
Egypt,2017-04,1138,198,1.419191919,17.398945518453427,False
Egypt,2017-05,1035,211,1.4644549763601895,20.386473429951693,False
Egypt,2017-06,1059,194,1.412371134,18.319169027384326,False
Egypt,2017-07,1113,221,1.538461538,19.856244384546272,False
Egypt,2017-08,520,8,1.125,1.5384615384615385,False
Egypt,2017-09,1106,239,1.464435146,21.609403254972875,False
Egypt,2017-10,1491,341,1.521994135,22.870556673373574,False
Egypt,2017-11,1320,288,1.538194444,21.818181818181817,False
Egypt,2017-12,1346,316,1.449367089,23.476968796433876,False
Egypt,2018-01,1381,320,1.540625,23.171614771904416,False
Egypt,2018-02,1258,256,1.3359375,20.349761526232115,False
Egypt,2018-03,1309,265,1.4415094339094339,20.24446142093201,False
Egypt,2018-04,1129,218,1.3348623849862384,19.309123117803367,False
Egypt,2018-05,871,149,1.308724832,17.106773823191734,False
Egypt,2018-06,874,130,1.269230769,14.874141876430206,False
Egypt,2018-07,983,193,1.378238342,19.63377416073245,False
Egypt,2018-08,1195,282,1.609929078,23.598326359832637,False
Egypt,2018-09,1151,251,1.466135458,21.807124239791484,False
Egypt,2018-10,1311,238,1.483193277,18.154080854309687,False
Egypt,2018-11,806,108,1.435185185,13.399503722084367,False
Egypt,2018-12,1186,300,1.65,25.29510961214165,False
Egypt,2019-01,1109,246,1.597560976,22.18214607754734,False
Egypt,2019-02,1102,233,1.519313305,21.143375680580764,False
Egypt,2019-03,659,71,1.492957746,10.773899848254931,False
Egypt,2019-04,1266,310,1.609677419,24.486571879936808,False
Egypt,2019-05,1377,303,1.570957096,22.004357298474947,False
Egypt,2019-06,1181,309,1.482200647,26.164267569856055,False
Egypt,2019-07,1353,263,1.505703422,19.438285291943828,False
Egypt,2019-08,1179,276,1.619565217,23.40966921119593,False
Egypt,2019-09,1162,272,1.573529412,23.407917383820998,False
Egypt,2019-10,1219,316,1.655063291,25.922887612797375,False
Egypt,2019-11,1172,294,1.653061224,25.085324232081913,False
Egypt,2019-12,1366,303,1.7062706269999999,22.18155197657394,False
Egypt,2020-01,1208,304,1.733552632,25.165562913907284,False
Egypt,2020-02,1180,308,1.727272727,26.10169491525424,False
Egypt,2020-03,1242,322,2.357142857,25.925925925925927,False
Egypt,2020-04,1287,318,2.248427673,24.708624708624708,False
Egypt,2020-05,1818,337,2.118694362,18.536853685368538,False
Egypt,2020-06,1539,347,1.8386167149999997,22.54710851202079,False
Egypt,2020-07,1676,325,1.9753846150000003,19.391408114558473,False
Egypt,2020-08,1323,299,2.076923077,22.600151171579743,False
Egypt,2020-09,1818,289,1.9792387539999998,15.896589658965896,False
Egypt,2020-10,1172,272,1.819852941,23.208191126279864,False
Egypt,2020-11,1372,300,1.676666667,21.865889212827987,False
Egypt,2020-12,1483,288,1.854166667,19.420094403236682,False
Egypt,2021-01,1467,321,1.778816199,21.881390593047033,False
Egypt,2021-02,1483,264,1.666666667,17.80175320296696,False
Egypt,2021-03,1589,318,1.7201257859999999,20.01258653241032,False
Egypt,2021-04,1570,300,1.743333333,19.10828025477707,False
Egypt,2021-05,1544,311,1.803858521,20.142487046632123,False
Egypt,2021-06,1508,289,1.595155709,19.16445623342175,False
Egypt,2021-07,1454,290,1.8275862070000002,19.944979367262725,False
Egypt,2021-08,1541,264,1.837121212,17.131732641142115,False
Egypt,2021-09,1473,287,1.8675958184808361,19.484046164290564,False
Egypt,2021-10,1485,273,1.934065934,18.383838383838384,False
Egypt,2021-11,2398,586,1.5802047786416382,24.43703085904921,False
Egypt,2021-12,1500,270,1.77037037,18.0,False
Egypt,2022-01,1500,250,1.964,16.666666666666668,False
Egypt,2022-02,1417,255,1.7176470588235293,17.99576570218772,False
Egypt,2022-03,1082,236,1.847457627,21.811460258780038,False
Egypt,2022-04,1038,213,1.647887324,20.520231213872833,False
Egypt,2022-05,1271,216,1.768518519,16.99449252557042,False
Egypt,2022-06,2101,558,1.491039426202509,26.558781532603522,False
Egypt,2022-07,1502,236,1.669491525,15.712383488681757,False
Egypt,2022-08,1537,262,1.622137405,17.04619388418998,False
Egypt,2022-09,1520,210,1.39047619,13.81578947368421,False
Egypt,2022-10,1533,275,1.538181818,17.938682322243967,False
Egypt,2022-11,1526,250,1.471999999596,16.382699868938403,False
Egypt,2022-12,1503,264,1.560606061,17.564870259481037,False
Egypt,2023-01,1486,261,1.5210727964674329,17.56393001345895,False
Egypt,2023-02,1298,226,1.446902655,17.41140215716487,False
Egypt,2023-03,1462,260,1.542307692,17.783857729138166,False
Egypt,2023-04,1398,204,1.475490196,14.592274678111588,False
Egypt,2023-05,1349,238,1.68487395,17.64269829503336,False
Egypt,2023-06,1157,215,1.511627907,18.582541054451166,False
Egypt,2023-07,1179,232,1.5431034479999999,19.67769296013571,False
Egypt,2023-08,1145,210,1.538095238,18.34061135371179,False
Egypt,2023-09,1104,198,1.590909091,17.934782608695652,False
Egypt,2023-10,1150,192,1.7395833329947916,16.695652173913043,False
Egypt,2023-11,1113,173,1.797687861,15.543575920934412,False
Egypt,2023-12,1059,190,1.663157894863158,17.94145420207743,False
Egypt,2024-01,1080,211,1.63507109,19.537037037037038,False
Egypt,2024-02,1039,203,1.561576355,19.53801732435034,False
Egypt,2024-03,1031,186,1.559139785,18.04073714839961,False
Egypt,2024-04,1016,195,1.487179487,19.19291338582677,False
Egypt,2024-05,1027,160,1.50625,15.57935735150925,False
Egypt,2024-06,1032,172,1.593023256,16.666666666666668,False
Egypt,2024-07,711,18,1.166666667,2.5316455696202533,False
Egypt,2024-08,1093,162,1.549382716,14.821591948764867,False
Egypt,2024-09,1066,171,1.567251462,16.04127579737336,False
Egypt,2024-10,1105,187,1.5935828880000003,16.923076923076923,False
Egypt,2024-11,1080,211,1.5023696679999998,19.537037037037038,False
Egypt,2024-12,1092,212,1.551886792,19.413919413919412,False
Egypt,2025-01,1072,199,1.452261307,18.563432835820894,False
Egypt,2025-02,1051,203,1.5467980300000002,19.314938154138915,False
Egypt,2025-03,1055,183,1.540983607,17.345971563981042,False
Egypt,2025-04,1035,212,1.617924528,20.483091787439612,False
Egypt,2025-05,1068,216,1.481481481,20.224719101123597,False
Egypt,2025-06,1041,181,1.7513812150000003,17.38712776176753,False
Egypt,2025-07,1087,208,1.615384615,19.135234590616374,False
Egypt,2025-08,1081,216,1.574074074,19.981498612395928,False
Egypt,2025-09,1100,230,1.6173913039999999,20.90909090909091,False
Egypt,2025-10,1077,187,1.411764706,17.36304549675023,False
Egypt,2025-11,1070,202,1.594059406,18.878504672897197,False
Egypt,2025-12,1318,679,1.487481591,51.517450682852804,False
Equatorial Guinea,2015-01,16,1,1.0,6.25,True
Equatorial Guinea,2015-02,16,1,1.0,6.25,True
Equatorial Guinea,2015-03,16,2,1.0,12.5,True
Equatorial Guinea,2015-04,16,3,1.0,18.75,True
Equatorial Guinea,2015-05,16,3,1.0,18.75,True
Equatorial Guinea,2015-06,16,2,1.0,12.5,True
Equatorial Guinea,2015-07,16,2,1.0,12.5,True
Equatorial Guinea,2015-08,16,2,1.0,12.5,True
Equatorial Guinea,2015-09,16,1,1.0,6.25,True
Equatorial Guinea,2015-10,16,0,0.0,0.0,True
Equatorial Guinea,2015-11,16,0,0.0,0.0,True
Equatorial Guinea,2015-12,16,0,0.0,0.0,True
Equatorial Guinea,2016-01,16,0,0.0,0.0,True
Equatorial Guinea,2016-02,16,0,0.0,0.0,True
Equatorial Guinea,2016-03,16,0,0.0,0.0,True
Equatorial Guinea,2016-04,16,0,0.0,0.0,True
Equatorial Guinea,2016-05,16,0,0.0,0.0,True
Equatorial Guinea,2016-06,16,0,0.0,0.0,True
Equatorial Guinea,2016-07,16,0,0.0,0.0,True
Equatorial Guinea,2016-08,16,0,0.0,0.0,True
Equatorial Guinea,2016-09,16,0,0.0,0.0,True
Equatorial Guinea,2016-10,16,0,0.0,0.0,True
Equatorial Guinea,2016-11,16,0,0.0,0.0,True
Equatorial Guinea,2016-12,16,0,0.0,0.0,True
Equatorial Guinea,2017-01,16,0,0.0,0.0,True
Equatorial Guinea,2017-02,16,0,0.0,0.0,True
Equatorial Guinea,2017-03,16,0,0.0,0.0,True
Equatorial Guinea,2017-04,16,0,0.0,0.0,True
Equatorial Guinea,2017-05,16,0,0.0,0.0,True
Equatorial Guinea,2017-06,16,0,0.0,0.0,True
Equatorial Guinea,2017-07,16,0,0.0,0.0,True
Equatorial Guinea,2017-08,16,0,0.0,0.0,True
Equatorial Guinea,2017-09,16,1,1.0,6.25,True
Equatorial Guinea,2017-10,16,1,1.0,6.25,True
Equatorial Guinea,2017-11,16,1,1.0,6.25,True
Equatorial Guinea,2017-12,16,2,1.0,12.5,True
Equatorial Guinea,2018-01,16,2,1.0,12.5,True
Equatorial Guinea,2018-02,16,2,1.0,12.5,True
Equatorial Guinea,2018-03,16,2,1.0,12.5,True
Equatorial Guinea,2018-04,16,2,1.0,12.5,True
Equatorial Guinea,2018-05,16,2,1.0,12.5,True
Equatorial Guinea,2018-06,16,2,1.0,12.5,True
Equatorial Guinea,2018-07,16,2,1.0,12.5,True
Equatorial Guinea,2018-08,16,2,1.0,12.5,True
Equatorial Guinea,2018-09,16,2,1.0,12.5,True
Equatorial Guinea,2018-10,16,2,1.0,12.5,True
Equatorial Guinea,2018-11,16,2,1.0,12.5,True
Equatorial Guinea,2018-12,16,1,1.0,6.25,True
Equatorial Guinea,2019-01,16,1,1.0,6.25,True
Equatorial Guinea,2019-02,16,1,1.0,6.25,True
Equatorial Guinea,2019-03,85,22,1.136363636,25.88235294117647,True
Equatorial Guinea,2019-04,31,5,1.4,16.129032258064516,True
Equatorial Guinea,2019-05,8,1,1.0,12.5,True
Equatorial Guinea,2019-06,145,42,1.142857143,28.96551724137931,False
Equatorial Guinea,2019-07,108,19,1.157894737,17.59259259259259,False
Equatorial Guinea,2019-08,58,18,1.222222222,31.03448275862069,True
Equatorial Guinea,2019-09,82,13,1.307692308,15.853658536585366,True
Equatorial Guinea,2019-10,75,15,1.133333333,20.0,True
Equatorial Guinea,2019-11,104,17,1.117647059,16.346153846153847,False
Equatorial Guinea,2019-12,95,28,1.321428571,29.473684210526315,True
Equatorial Guinea,2020-01,118,16,1.3125,13.559322033898304,False
Equatorial Guinea,2020-02,83,22,1.181818182,26.50602409638554,True
Equatorial Guinea,2020-03,113,22,1.454545455,19.469026548672566,False
Equatorial Guinea,2020-04,99,26,2.153846154,26.262626262626263,True
Equatorial Guinea,2020-05,117,23,1.869565217,19.65811965811966,False
Equatorial Guinea,2020-06,110,23,1.652173913,20.90909090909091,False
Equatorial Guinea,2020-07,125,17,1.941176471,13.6,False
Equatorial Guinea,2020-08,205,31,1.838709677,15.121951219512194,False
Equatorial Guinea,2020-09,207,25,1.8,12.077294685990339,False
Equatorial Guinea,2020-10,257,36,1.638888889,14.007782101167315,False
Equatorial Guinea,2020-11,236,25,1.56,10.59322033898305,False
Equatorial Guinea,2020-12,168,18,1.666666667,10.714285714285714,False
Equatorial Guinea,2021-01,197,35,1.342857143,17.766497461928935,False
Equatorial Guinea,2021-02,306,33,1.484848485,10.784313725490197,False
Equatorial Guinea,2021-03,192,36,1.527777778,18.75,False
Equatorial Guinea,2021-04,151,18,1.388888889,11.920529801324504,False
Equatorial Guinea,2021-05,157,17,1.235294118,10.828025477707007,False
Equatorial Guinea,2021-06,191,28,1.571428571,14.659685863874346,False
Equatorial Guinea,2021-07,235,23,1.347826087,9.787234042553191,False
Equatorial Guinea,2021-08,212,21,1.428571429,9.90566037735849,False
Equatorial Guinea,2021-09,132,10,1.4,7.575757575757576,False
Equatorial Guinea,2021-10,152,18,1.2222222226666668,11.842105263157896,False
Equatorial Guinea,2021-11,204,19,1.210526316,9.313725490196079,False
Equatorial Guinea,2021-12,203,25,1.32,12.31527093596059,False
Equatorial Guinea,2022-01,216,22,1.363636364,10.185185185185185,False
Equatorial Guinea,2022-02,207,28,1.428571429,13.526570048309178,False
Equatorial Guinea,2022-03,263,38,1.263157895,14.448669201520913,False
Equatorial Guinea,2022-04,239,36,1.166666667,15.06276150627615,False
Equatorial Guinea,2022-05,182,22,1.318181818,12.087912087912088,False
Equatorial Guinea,2022-06,204,20,1.15,9.803921568627452,False
Equatorial Guinea,2022-07,197,23,1.173913043,11.6751269035533,False
Equatorial Guinea,2022-08,212,35,1.285714286,16.50943396226415,False
Equatorial Guinea,2022-09,296,44,1.340909091,14.864864864864865,False
Equatorial Guinea,2022-10,251,44,1.136363636,17.529880478087648,False
Equatorial Guinea,2022-11,233,35,1.257142857,15.021459227467812,False
Equatorial Guinea,2022-12,197,35,1.228571429,17.766497461928935,False
Equatorial Guinea,2023-01,219,29,1.24137931,13.242009132420092,False
Equatorial Guinea,2023-02,205,20,1.3,9.75609756097561,False
Equatorial Guinea,2023-03,211,37,1.135135135,17.53554502369668,False
Equatorial Guinea,2023-04,182,24,1.083333333,13.186813186813186,False
Equatorial Guinea,2023-05,207,31,1.225806452,14.97584541062802,False
Equatorial Guinea,2023-06,208,27,1.333333333,12.98076923076923,False
Equatorial Guinea,2023-07,217,23,1.086956522,10.599078341013826,False
Equatorial Guinea,2023-08,186,14,1.071428571,7.526881720430108,False
Equatorial Guinea,2023-09,199,31,1.064516129,15.577889447236181,False
Equatorial Guinea,2023-10,191,18,1.055555556,9.424083769633508,False
Equatorial Guinea,2023-11,218,19,1.105263158,8.715596330275229,False
Equatorial Guinea,2023-12,104,15,1.0,14.423076923076923,False
Equatorial Guinea,2024-01,148,14,1.0,9.45945945945946,False
Equatorial Guinea,2024-02,164,25,1.16,15.24390243902439,False
Equatorial Guinea,2024-03,159,25,1.16,15.723270440251572,False
Equatorial Guinea,2024-04,210,36,1.138888889,17.142857142857142,False
Equatorial Guinea,2024-05,203,19,1.157894737,9.35960591133005,False
Equatorial Guinea,2024-06,201,29,1.068965517,14.427860696517413,False
Equatorial Guinea,2024-07,201,26,1.307692308,12.935323383084578,False
Equatorial Guinea,2024-08,163,28,1.428571429,17.177914110429448,False
Equatorial Guinea,2024-09,198,23,1.173913043,11.616161616161616,False
Equatorial Guinea,2024-10,215,22,1.136363636,10.232558139534884,False
Equatorial Guinea,2024-11,237,23,1.130434783,9.70464135021097,False
Equatorial Guinea,2024-12,218,32,1.1875,14.678899082568808,False
Equatorial Guinea,2025-01,266,32,1.125,12.030075187969924,False
Equatorial Guinea,2025-02,262,30,1.066666667,11.450381679389313,False
Equatorial Guinea,2025-03,243,37,1.189189189,15.22633744855967,False
Equatorial Guinea,2025-04,261,39,1.051282051,14.942528735632184,False
Equatorial Guinea,2025-05,300,35,1.114285714,11.666666666666666,False
Equatorial Guinea,2025-06,249,24,1.083333333,9.63855421686747,False
Equatorial Guinea,2025-07,159,19,1.210526316,11.949685534591195,False
Equatorial Guinea,2025-08,173,22,1.318181818,12.716763005780347,False
Equatorial Guinea,2025-09,217,24,1.208333333,11.059907834101383,False
Equatorial Guinea,2025-10,243,27,1.111111111,11.11111111111111,False
Equatorial Guinea,2025-11,219,34,1.058823529,15.525114155251142,False
Equatorial Guinea,2025-12,216,21,1.0,9.722222222222221,False
Eritrea,2015-01,287,66,1.53030303,22.99651567944251,False
Eritrea,2015-02,247,45,1.377777778,18.218623481781375,False
Eritrea,2015-03,288,45,1.111111111,15.625,False
Eritrea,2015-04,225,51,1.4117647060000003,22.666666666666668,False
Eritrea,2015-05,206,44,1.545454545,21.359223300970875,False
Eritrea,2015-06,237,50,1.58,21.09704641350211,False
Eritrea,2015-07,205,49,1.612244898,23.902439024390244,False
Eritrea,2015-08,173,41,1.7317073170000001,23.69942196531792,False
Eritrea,2015-09,192,39,1.538461538,20.3125,False
Eritrea,2015-10,175,44,1.5,25.142857142857142,False
Eritrea,2015-11,162,59,1.559322034,36.41975308641975,False
Eritrea,2015-12,192,51,1.68627451,26.5625,False
Eritrea,2016-01,167,44,1.818181818,26.347305389221557,False
Eritrea,2016-02,176,51,1.764705882,28.977272727272727,False
Eritrea,2016-03,217,62,1.580645161,28.571428571428573,False
Eritrea,2016-04,220,44,1.386363636,20.0,False
Eritrea,2016-05,238,56,1.625,23.529411764705884,False
Eritrea,2016-06,223,68,1.588235294,30.493273542600896,False
Eritrea,2016-07,188,53,1.641509434,28.19148936170213,False
Eritrea,2016-08,205,49,1.448979592,23.902439024390244,False
Eritrea,2016-09,217,57,1.543859649,26.267281105990783,False
Eritrea,2016-10,192,41,1.463414634,21.354166666666668,False
Eritrea,2016-11,201,54,1.574074074,26.865671641791046,False
Eritrea,2016-12,198,56,1.535714286,28.282828282828284,False
Eritrea,2017-01,219,59,1.491525424,26.940639269406393,False
Eritrea,2017-02,196,57,1.50877193,29.081632653061224,False
Eritrea,2017-03,214,62,1.403225806,28.97196261682243,False
Eritrea,2017-04,213,61,1.573770492,28.63849765258216,False
Eritrea,2017-05,215,67,1.417910448,31.162790697674417,False
Eritrea,2017-06,215,59,1.559322034,27.441860465116278,False
Eritrea,2017-07,206,63,1.444444444,30.58252427184466,False
Eritrea,2017-08,215,52,1.519230769,24.186046511627907,False
Eritrea,2017-09,204,43,1.418604651,21.07843137254902,False
Eritrea,2017-10,230,52,1.403846154,22.608695652173914,False
Eritrea,2017-11,232,64,1.5625,27.586206896551722,False
Eritrea,2017-12,222,75,1.4,33.78378378378378,False
Eritrea,2018-01,214,58,1.482758621,27.102803738317757,False
Eritrea,2018-02,194,42,1.238095238,21.649484536082475,False
Eritrea,2018-03,218,48,1.520833333,22.01834862385321,False
Eritrea,2018-04,196,58,1.2931034479999999,29.591836734693878,False
Eritrea,2018-05,226,47,1.340425532,20.79646017699115,False
Eritrea,2018-06,195,52,1.75,26.666666666666668,False
Eritrea,2018-07,212,61,1.278688525,28.77358490566038,False
Eritrea,2018-08,188,46,1.4347826089999998,24.46808510638298,False
Eritrea,2018-09,210,52,1.403846154,24.761904761904763,False
Eritrea,2018-10,211,69,1.565217391,32.70142180094787,False
Eritrea,2018-11,189,54,1.574074074,28.571428571428573,False
Eritrea,2018-12,214,58,1.25862069,27.102803738317757,False
Eritrea,2019-01,216,54,1.611111111,25.0,False
Eritrea,2019-02,196,48,1.583333333,24.489795918367346,False
Eritrea,2019-03,199,47,1.255319149,23.618090452261306,False
Eritrea,2019-04,184,44,1.340909091,23.91304347826087,False
Eritrea,2019-05,224,60,1.516666667,26.785714285714285,False
Eritrea,2019-06,206,46,1.304347826,22.33009708737864,False
Eritrea,2019-07,202,58,1.327586207,28.712871287128714,False
Eritrea,2019-08,194,48,1.333333333,24.742268041237114,False
Eritrea,2019-09,177,38,1.394736842,21.468926553672315,False
Eritrea,2019-10,196,50,1.36,25.510204081632654,False
Eritrea,2019-11,182,40,1.35,21.978021978021978,False
Eritrea,2019-12,170,37,1.243243243,21.764705882352942,False
Eritrea,2020-01,190,45,1.355555556,23.68421052631579,False
Eritrea,2020-02,175,45,1.422222222,25.714285714285715,False
Eritrea,2020-03,194,32,1.625,16.49484536082474,False
Eritrea,2020-04,139,24,1.583333333,17.26618705035971,False
Eritrea,2020-05,152,39,1.435897436,25.657894736842106,False
Eritrea,2020-06,141,30,1.466666667,21.27659574468085,False
Eritrea,2020-07,116,24,1.791666667,20.689655172413794,False
Eritrea,2020-08,133,42,1.642857143,31.57894736842105,False
Eritrea,2020-09,188,37,1.432432432,19.680851063829788,False
Eritrea,2020-10,181,36,1.722222222,19.88950276243094,False
Eritrea,2020-11,148,29,1.482758621,19.594594594594593,False
Eritrea,2020-12,177,39,1.743589744,22.033898305084747,False
Eritrea,2021-01,131,41,1.585365854,31.297709923664122,False
Eritrea,2021-02,144,42,1.738095238,29.166666666666668,False
Eritrea,2021-03,158,52,1.865384615,32.91139240506329,False
Eritrea,2021-04,164,43,1.7674418604651163,26.21951219512195,False
Eritrea,2021-05,237,49,1.5306122449999997,20.675105485232066,False
Eritrea,2021-06,243,47,1.7659574469999997,19.34156378600823,False
Eritrea,2021-07,228,45,1.6666666669999999,19.736842105263158,False
Eritrea,2021-08,200,39,1.692307692,19.5,False
Eritrea,2021-09,206,47,1.70212766,22.815533980582526,False
Eritrea,2021-10,230,58,1.620689655,25.217391304347824,False
Eritrea,2021-11,242,49,1.673469388,20.24793388429752,False
Eritrea,2021-12,245,52,1.673076923,21.224489795918366,False
Eritrea,2022-01,220,43,1.7906976740000002,19.545454545454547,False
Eritrea,2022-02,227,43,1.76744186,18.94273127753304,False
Eritrea,2022-03,226,55,1.581818182,24.336283185840706,False
Eritrea,2022-04,176,38,1.684210526,21.59090909090909,False
Eritrea,2022-05,207,48,1.729166667,23.18840579710145,False
Eritrea,2022-06,221,48,1.833333333,21.71945701357466,False
Eritrea,2022-07,204,50,1.58,24.50980392156863,False
Eritrea,2022-08,197,41,1.658536585,20.81218274111675,False
Eritrea,2022-09,187,40,1.675,21.390374331550802,False
Eritrea,2022-10,182,45,1.644444444,24.725274725274726,False
Eritrea,2022-11,169,41,1.7317073170000001,24.2603550295858,False
Eritrea,2022-12,164,49,1.551020408,29.878048780487806,False
Eritrea,2023-01,165,37,1.702702703,22.424242424242426,False
Eritrea,2023-02,160,41,1.756097561,25.625,False
Eritrea,2023-03,177,53,1.490566038,29.943502824858758,False
Eritrea,2023-04,157,35,1.8857142859999998,22.29299363057325,False
Eritrea,2023-05,191,49,1.714285714,25.654450261780106,False
Eritrea,2023-06,173,43,1.6279069769999999,24.85549132947977,False
Eritrea,2023-07,173,44,1.613636364,25.433526011560694,False
Eritrea,2023-08,167,36,1.888888889,21.55688622754491,False
Eritrea,2023-09,189,47,1.7659574469999997,24.867724867724867,False
Eritrea,2023-10,158,40,1.7,25.31645569620253,False
Eritrea,2023-11,157,41,1.6097560980000003,26.11464968152866,False
Eritrea,2023-12,158,36,1.75,22.78481012658228,False
Eritrea,2024-01,158,40,1.65,25.31645569620253,False
Eritrea,2024-02,199,48,1.541666667,24.12060301507538,False
Eritrea,2024-03,182,42,1.738095238,23.076923076923077,False
Eritrea,2024-04,156,34,1.705882353,21.794871794871796,False
Eritrea,2024-05,175,45,1.533333333,25.714285714285715,False
Eritrea,2024-06,192,72,1.625,37.5,False
Eritrea,2024-07,161,39,1.641025641,24.22360248447205,False
Eritrea,2024-08,138,44,1.681818182,31.884057971014492,False
Eritrea,2024-09,171,46,1.695652174,26.900584795321638,False
Eritrea,2024-10,160,39,1.8974358969999998,24.375,False
Eritrea,2024-11,146,49,1.673469388,33.56164383561644,False
Eritrea,2024-12,162,48,1.645833333,29.62962962962963,False
Eritrea,2025-01,178,51,1.549019608,28.651685393258425,False
Eritrea,2025-02,158,32,1.65625,20.253164556962027,False
Eritrea,2025-03,187,47,1.8723404260000003,25.13368983957219,False
Eritrea,2025-04,187,49,2.0,26.203208556149733,False
Eritrea,2025-05,211,53,1.886792453,25.118483412322274,False
Eritrea,2025-06,186,56,1.660714286,30.107526881720432,False
Eritrea,2025-07,202,51,1.921568627,25.247524752475247,False
Eritrea,2025-08,191,53,1.735849057,27.74869109947644,False
Eritrea,2025-09,177,45,1.955555556,25.423728813559322,False
Eritrea,2025-10,179,48,1.791666667,26.81564245810056,False
Eritrea,2025-11,216,63,2.0,29.166666666666668,False
Eritrea,2025-12,197,52,2.0,26.395939086294415,False
Eswatini,2015-01,148,59,1.288135593,39.86486486486486,False
Eswatini,2015-02,120,48,1.333333333,40.0,False
Eswatini,2015-03,60,10,1.0,16.666666666666668,True
Eswatini,2015-04,104,36,1.222222222,34.61538461538461,False
Eswatini,2015-05,194,79,1.265822785,40.72164948453608,False
Eswatini,2015-06,244,105,1.266666667,43.032786885245905,False
Eswatini,2015-07,202,87,1.218390805,43.06930693069307,False
Eswatini,2015-08,80,18,1.166666667,22.5,True
Eswatini,2015-09,207,90,1.277777778,43.47826086956522,False
Eswatini,2015-10,83,19,1.105263158,22.89156626506024,True
Eswatini,2015-11,104,36,1.305555556,34.61538461538461,False
Eswatini,2015-12,66,11,1.0,16.666666666666668,True
Eswatini,2016-01,222,95,1.315789474,42.792792792792795,False
Eswatini,2016-02,78,21,1.095238095,26.923076923076923,True
Eswatini,2016-03,179,76,1.328947368,42.45810055865922,False
Eswatini,2016-04,90,23,1.173913043,25.555555555555557,True
Eswatini,2016-05,86,24,1.291666667,27.906976744186046,True
Eswatini,2016-06,142,53,1.339622642,37.32394366197183,False
Eswatini,2016-07,220,97,1.309278351,44.09090909090909,False
Eswatini,2016-08,131,43,1.465116279,32.82442748091603,False
Eswatini,2016-09,121,35,1.428571429,28.925619834710744,False
Eswatini,2016-10,241,107,1.317757009,44.398340248962654,False
Eswatini,2016-11,211,91,1.340659341,43.127962085308056,False
Eswatini,2016-12,158,57,1.298245614,36.075949367088604,False
Eswatini,2017-01,89,23,1.304347826,25.84269662921348,True
Eswatini,2017-02,93,25,1.52,26.881720430107528,True
Eswatini,2017-03,205,90,1.333333333,43.90243902439025,False
Eswatini,2017-04,114,43,1.348837209,37.719298245614034,False
Eswatini,2017-05,109,37,1.459459459,33.944954128440365,False
Eswatini,2017-06,240,104,1.259615385,43.333333333333336,False
Eswatini,2017-07,141,56,1.357142857,39.716312056737586,False
Eswatini,2017-08,77,23,1.347826087,29.87012987012987,True
Eswatini,2017-09,81,20,1.15,24.691358024691358,True
Eswatini,2017-10,65,12,1.333333333,18.46153846153846,True
Eswatini,2017-11,107,36,1.166666667,33.64485981308411,False
Eswatini,2017-12,104,31,1.322580645,29.807692307692307,False
Eswatini,2018-01,114,40,1.25,35.08771929824562,False
Eswatini,2018-02,142,49,1.387755102,34.50704225352113,False
Eswatini,2018-03,96,37,1.297297297,38.541666666666664,True
Eswatini,2018-04,142,62,1.193548387,43.66197183098591,False
Eswatini,2018-05,201,94,1.276595745,46.766169154228855,False
Eswatini,2018-06,176,69,1.376811594,39.20454545454545,False
Eswatini,2018-07,92,24,1.208333333,26.08695652173913,True
Eswatini,2018-08,62,11,1.454545455,17.741935483870968,True
Eswatini,2018-09,63,11,1.454545455,17.46031746031746,True
Eswatini,2018-10,61,9,1.444444444,14.754098360655737,True
Eswatini,2018-11,57,8,1.5,14.035087719298245,True
Eswatini,2018-12,157,58,1.310344828,36.94267515923567,False
Eswatini,2019-01,133,52,1.25,39.097744360902254,False
Eswatini,2019-02,181,79,1.341772152,43.646408839779006,False
Eswatini,2019-03,168,73,1.260273973,43.45238095238095,False
Eswatini,2019-04,141,55,1.218181818,39.00709219858156,False
Eswatini,2019-05,120,45,1.311111111,37.5,False
Eswatini,2019-06,92,27,1.37037037,29.347826086956523,True
Eswatini,2019-07,59,12,1.416666667,20.338983050847457,True
Eswatini,2019-08,98,37,1.162162162,37.755102040816325,True
Eswatini,2019-09,152,58,1.362068966,38.1578947368421,False
Eswatini,2019-10,75,20,1.55,26.666666666666668,True
Eswatini,2019-11,46,5,1.6,10.869565217391305,True
Eswatini,2019-12,107,34,1.352941176,31.77570093457944,False
Eswatini,2020-01,131,44,1.181818182,33.587786259541986,False
Eswatini,2020-02,145,60,1.216666667,41.37931034482759,False
Eswatini,2020-03,107,34,1.382352941,31.77570093457944,False
Eswatini,2020-04,341,155,1.535483871,45.45454545454545,False
Eswatini,2020-05,272,98,1.428571429,36.029411764705884,False
Eswatini,2020-06,267,99,1.343434343,37.07865168539326,False
Eswatini,2020-07,254,83,1.373493976,32.67716535433071,False
Eswatini,2020-08,272,113,1.327433628,41.544117647058826,False
Eswatini,2020-09,198,66,1.272727273,33.333333333333336,False
Eswatini,2020-10,150,62,1.419354839,41.333333333333336,False
Eswatini,2020-11,193,62,1.387096774,32.12435233160622,False
Eswatini,2020-12,280,128,1.34375,45.714285714285715,False
Eswatini,2021-01,251,88,1.340909091,35.059760956175296,False
Eswatini,2021-02,215,83,1.43373494,38.604651162790695,False
Eswatini,2021-03,120,34,1.558823529,28.333333333333332,False
Eswatini,2021-04,118,40,1.325,33.898305084745765,False
Eswatini,2021-05,128,35,1.285714286,27.34375,False
Eswatini,2021-06,128,35,1.228571429,27.34375,False
Eswatini,2021-07,134,47,1.319148936,35.07462686567164,False
Eswatini,2021-08,90,34,1.441176471,37.77777777777778,True
Eswatini,2021-09,104,35,1.371428571,33.65384615384615,False
Eswatini,2021-10,74,14,1.357142857,18.91891891891892,True
Eswatini,2021-11,64,15,1.266666667,23.4375,True
Eswatini,2021-12,245,110,1.318181818,44.89795918367347,False
Eswatini,2022-01,79,26,1.346153846,32.91139240506329,True
Eswatini,2022-02,217,100,1.34,46.08294930875576,False
Eswatini,2022-03,137,55,1.618181818,40.14598540145985,False
Eswatini,2022-04,172,72,1.388888889,41.86046511627907,False
Eswatini,2022-05,149,59,1.406779661,39.59731543624161,False
Eswatini,2022-06,155,61,1.278688525,39.354838709677416,False
Eswatini,2022-07,103,35,1.314285714,33.980582524271846,False
Eswatini,2022-08,75,29,1.517241379,38.666666666666664,True
Eswatini,2022-09,83,23,1.347826087,27.710843373493976,True
Eswatini,2022-10,116,44,1.386363636,37.93103448275862,False
Eswatini,2022-11,51,12,1.333333333,23.529411764705884,True
Eswatini,2022-12,43,7,1.428571429,16.27906976744186,True
Eswatini,2023-01,208,92,1.293478261,44.23076923076923,False
Eswatini,2023-02,178,75,1.28,42.13483146067416,False
Eswatini,2023-03,50,8,1.875,16.0,True
Eswatini,2023-04,85,31,1.451612903,36.470588235294116,True
Eswatini,2023-05,264,123,1.292682927,46.59090909090909,False
Eswatini,2023-06,242,97,1.278350515,40.082644628099175,False
Eswatini,2023-07,146,45,1.444444444,30.82191780821918,False
Eswatini,2023-08,115,23,1.260869565,20.0,False
Eswatini,2023-09,131,44,1.272727273,33.587786259541986,False
Eswatini,2023-10,113,23,1.304347826,20.353982300884955,False
Eswatini,2023-11,200,71,1.295774648,35.5,False
Eswatini,2023-12,179,61,1.1803278690163936,34.07821229050279,False
Eswatini,2024-01,145,34,1.382352941,23.448275862068964,False
Eswatini,2024-02,233,95,1.252631579,40.772532188841204,False
Eswatini,2024-03,223,85,1.235294118,38.11659192825112,False
Eswatini,2024-04,94,20,1.35,21.27659574468085,True
Eswatini,2024-05,74,15,1.6,20.27027027027027,True
Eswatini,2024-06,52,11,1.454545454909091,21.153846153846153,True
Eswatini,2024-07,67,13,1.307692308,19.402985074626866,True
Eswatini,2024-08,85,16,1.3124999999375,18.823529411764707,True
Eswatini,2024-09,227,99,1.333333333,43.61233480176212,False
Eswatini,2024-10,62,17,1.176470588,27.419354838709676,True
Eswatini,2024-11,53,14,1.214285714,26.41509433962264,True
Eswatini,2024-12,61,13,1.230769231,21.311475409836067,True
Eswatini,2025-01,62,10,1.3,16.129032258064516,True
Eswatini,2025-02,77,20,1.3,25.974025974025974,True
Eswatini,2025-03,221,91,1.175824176,41.1764705882353,False
Eswatini,2025-04,193,67,1.179104478,34.715025906735754,False
Eswatini,2025-05,447,207,1.246376812,46.308724832214764,False
Eswatini,2025-06,466,193,1.279792746,41.41630901287554,False
Eswatini,2025-07,738,318,1.289308176,43.08943089430894,False
Eswatini,2025-08,1013,440,1.270454545,43.43534057255676,False
Eswatini,2025-09,948,420,1.323809524,44.30379746835443,False
Eswatini,2025-10,779,343,1.332361516,44.03080872913992,False
Eswatini,2025-11,963,429,1.263403263,44.54828660436137,False
Eswatini,2025-12,709,254,1.44488189,35.82510578279267,False
Ethiopia,2015-01,638,154,1.383116883,24.137931034482758,False
Ethiopia,2015-02,669,150,1.293333333,22.42152466367713,False
Ethiopia,2015-03,636,147,1.346938776,23.11320754716981,False
Ethiopia,2015-04,652,160,1.36875,24.539877300613497,False
Ethiopia,2015-05,622,150,1.34,24.115755627009648,False
Ethiopia,2015-06,655,164,1.402439024,25.0381679389313,False
Ethiopia,2015-07,651,173,1.323699422,26.574500768049155,False
Ethiopia,2015-08,648,214,1.2757009349999997,33.02469135802469,False
Ethiopia,2015-09,674,211,1.279620853,31.305637982195847,False
Ethiopia,2015-10,638,209,1.2679425840000003,32.758620689655174,False
Ethiopia,2015-11,603,195,1.266666667,32.33830845771144,False
Ethiopia,2015-12,657,212,1.226415094,32.267884322678846,False
Ethiopia,2016-01,624,206,1.266990291,33.01282051282051,False
Ethiopia,2016-02,602,191,1.298429319,31.727574750830566,False
Ethiopia,2016-03,596,188,1.2978723400159573,31.543624161073826,False
Ethiopia,2016-04,585,185,1.2378378381405406,31.623931623931625,False
Ethiopia,2016-05,579,185,1.243243243362162,31.951640759930914,False
Ethiopia,2016-06,582,185,1.2918918914054054,31.786941580756015,False
Ethiopia,2016-07,594,190,1.2263157894631578,31.986531986531986,False
Ethiopia,2016-08,625,163,1.2331288340490796,26.08,False
Ethiopia,2016-09,661,179,1.245810056217877,27.080181543116492,False
Ethiopia,2016-10,578,180,1.2388888886222222,31.141868512110726,False
Ethiopia,2016-11,613,199,1.201005025,32.46329526916803,False
Ethiopia,2016-12,633,217,1.211981566718894,34.28120063191153,False
Ethiopia,2017-01,686,248,1.2258064516129032,36.15160349854227,False
Ethiopia,2017-02,639,218,1.2110091742201834,34.11580594679186,False
Ethiopia,2017-03,634,228,1.2324561403684209,35.96214511041009,False
Ethiopia,2017-04,643,232,1.2672413795301722,36.080870917573876,False
Ethiopia,2017-05,640,228,1.2456140352631577,35.625,False
Ethiopia,2017-06,607,212,1.250000000495283,34.92586490939045,False
Ethiopia,2017-07,604,203,1.246305419133005,33.609271523178805,False
Ethiopia,2017-08,622,202,1.2821782177227723,32.47588424437299,False
Ethiopia,2017-09,669,231,1.2640692644155844,34.52914798206278,False
Ethiopia,2017-10,629,214,1.2242990656588784,34.02225755166932,False
Ethiopia,2017-11,706,205,1.2878048784878047,29.03682719546742,False
Ethiopia,2017-12,735,259,1.274131273992278,35.23809523809524,False
Ethiopia,2018-01,757,271,1.317343173,35.79920739762219,False
Ethiopia,2018-02,735,261,1.363984674,35.51020408163265,False
Ethiopia,2018-03,778,308,1.334415584,39.588688946015424,False
Ethiopia,2018-04,862,291,1.408934708,33.75870069605568,False
Ethiopia,2018-05,769,305,1.354098361,39.66189856957087,False
Ethiopia,2018-06,799,329,1.431610942,41.1764705882353,False
Ethiopia,2018-07,864,364,1.304945055,42.129629629629626,False
Ethiopia,2018-08,807,321,1.336448598,39.77695167286245,False
Ethiopia,2018-09,747,284,1.383802817,38.01874163319946,False
Ethiopia,2018-10,789,312,1.288461538,39.543726235741445,False
Ethiopia,2018-11,816,281,1.3558718863416368,34.43627450980392,False
Ethiopia,2018-12,667,244,1.290983607,36.58170914542729,False
Ethiopia,2019-01,840,410,1.373170732,48.80952380952381,False
Ethiopia,2019-02,2985,2317,1.297367285,77.6214405360134,False
Ethiopia,2019-03,706,343,1.381924198,48.58356940509915,False
Ethiopia,2019-04,701,355,1.329577465,50.64194008559201,False
Ethiopia,2019-05,687,346,1.277456647,50.36390101892285,False
Ethiopia,2019-06,759,376,1.3776595739999997,49.53886693017128,False
Ethiopia,2019-07,832,415,1.359036145,49.87980769230769,False
Ethiopia,2019-08,811,401,1.329177057,49.44512946979038,False
Ethiopia,2019-09,779,373,1.412868633,47.881899871630296,False
Ethiopia,2019-10,707,336,1.318452381,47.524752475247524,False
Ethiopia,2019-11,687,354,1.307909605,51.52838427947598,False
Ethiopia,2019-12,804,417,1.364508393,51.865671641791046,False
Ethiopia,2020-01,786,416,1.329326923,52.92620865139949,False
Ethiopia,2020-02,763,391,1.3580562659999997,51.24508519003932,False
Ethiopia,2020-03,797,389,1.586118252,48.80803011292346,False
Ethiopia,2020-04,826,365,1.8547945210000003,44.18886198547216,False
Ethiopia,2020-05,999,431,1.703016241,43.14314314314314,False
Ethiopia,2020-06,995,377,1.596816976,37.88944723618091,False
Ethiopia,2020-07,604,280,1.578571429,46.35761589403973,False
Ethiopia,2020-08,885,399,1.493734336,45.08474576271186,False
Ethiopia,2020-09,854,358,1.413407821,41.92037470725995,False
Ethiopia,2020-10,903,371,1.412398922167116,41.08527131782946,False
Ethiopia,2020-11,895,342,1.543859649,38.212290502793294,False
Ethiopia,2020-12,774,341,1.460410557,44.05684754521964,False
Ethiopia,2021-01,793,341,1.480938416,43.00126103404792,False
Ethiopia,2021-02,931,319,1.344827586,34.26423200859291,False
Ethiopia,2021-03,1146,358,1.4050279325111732,31.239092495637,False
Ethiopia,2021-04,960,300,1.34,31.25,False
Ethiopia,2021-05,1105,437,1.379862700439359,39.547511312217196,False
Ethiopia,2021-06,1210,464,1.342672414,38.34710743801653,False
Ethiopia,2021-07,982,338,1.346153846,34.419551934826885,False
Ethiopia,2021-08,956,314,1.340764331,32.84518828451883,False
Ethiopia,2021-09,913,347,1.3919308360345821,38.0065717415115,False
Ethiopia,2021-10,897,317,1.365930599,35.340022296544035,False
Ethiopia,2021-11,918,334,1.413173653,36.38344226579521,False
Ethiopia,2021-12,1009,355,1.315492958,35.18334985133796,False
Ethiopia,2022-01,1030,360,1.35,34.95145631067961,False
Ethiopia,2022-02,1023,364,1.293956044,35.58162267839687,False
Ethiopia,2022-03,1019,378,1.314814815,37.09519136408243,False
Ethiopia,2022-04,945,359,1.359331476,37.98941798941799,False
Ethiopia,2022-05,1063,361,1.387811634,33.96048918156162,False
Ethiopia,2022-06,1014,346,1.36416185,34.12228796844182,False
Ethiopia,2022-07,1003,377,1.421750663,37.587238285144565,False
Ethiopia,2022-08,951,334,1.383233533,35.12092534174553,False
Ethiopia,2022-09,906,373,1.356568365,41.16997792494481,False
Ethiopia,2022-10,949,379,1.3509234830000003,39.93677555321391,False
Ethiopia,2022-11,920,353,1.3597733710141644,38.369565217391305,False
Ethiopia,2022-12,971,342,1.371345029,35.22142121524202,False
Ethiopia,2023-01,849,318,1.34591195,37.45583038869258,False
Ethiopia,2023-02,790,291,1.388316151,36.835443037974684,False
Ethiopia,2023-03,829,310,1.3354838707064516,37.39445114595899,False
Ethiopia,2023-04,796,297,1.3131313127811448,37.311557788944725,False
Ethiopia,2023-05,809,282,1.2872340428652485,34.857849196538936,False
Ethiopia,2023-06,894,314,1.3789808916210193,35.12304250559284,False
Ethiopia,2023-07,848,336,1.3363095234672617,39.62264150943396,False
Ethiopia,2023-08,833,309,1.3592233010226538,37.09483793517407,False
Ethiopia,2023-09,773,266,1.2969924816729324,34.411384217335055,False
Ethiopia,2023-10,804,288,1.2743055559166667,35.82089552238806,False
Ethiopia,2023-11,790,283,1.261484099063604,35.822784810126585,False
Ethiopia,2023-12,725,283,1.2367491167491167,39.03448275862069,False
Ethiopia,2024-01,853,289,1.3564013845605536,33.88042203985932,False
Ethiopia,2024-02,898,303,1.392739273808581,33.74164810690423,False
Ethiopia,2024-03,1175,430,1.3744186049348837,36.59574468085106,False
Ethiopia,2024-04,1685,726,1.3732782368705234,43.08605341246291,False
Ethiopia,2024-05,1598,773,1.2716688225200516,48.3729662077597,False
Ethiopia,2024-06,1371,657,1.2952815826544901,47.921225382932164,False
Ethiopia,2024-07,1604,722,1.3351800552257618,45.01246882793018,False
Ethiopia,2024-08,1729,736,1.3260869566820652,42.56795835743204,False
Ethiopia,2024-09,1708,754,1.3899204245079577,44.14519906323185,False
Ethiopia,2024-10,948,320,1.2500000004312501,33.755274261603375,False
Ethiopia,2024-11,873,282,1.3049645391489362,32.302405498281786,False
Ethiopia,2024-12,1322,315,1.3238095239873016,23.827534039334342,False
Ethiopia,2025-01,1077,297,1.3501683504175084,27.57660167130919,False
Ethiopia,2025-02,1470,363,1.426997245,24.693877551020407,False
Ethiopia,2025-03,4545,617,1.3533225283014585,13.575357535753575,False
Ethiopia,2025-04,5434,677,1.2555391433220089,12.458594037541406,False
Ethiopia,2025-05,4130,613,1.340946166,14.842615012106538,False
Ethiopia,2025-06,1395,391,1.4833759594987213,28.02867383512545,False
Ethiopia,2025-07,4272,540,1.3407407404555556,12.640449438202246,False
Ethiopia,2025-08,5285,1131,1.2555260830274095,21.40018921475875,False
Ethiopia,2025-09,4330,2090,1.1746411480803827,48.26789838337182,False
Ethiopia,2025-10,5154,1105,1.2162895926226245,21.439658517656188,False
Ethiopia,2025-11,4697,576,1.3420138890381945,12.263146689376198,False
Ethiopia,2025-12,1087,285,1.733333333,26.21895124195032,False
Gabon,2015-01,502,345,1.113043478,68.72509960159363,False
Gabon,2015-02,553,299,1.25083612,54.06871609403255,False
Gabon,2015-03,367,97,1.7113402059999998,26.430517711171664,False
Gabon,2015-04,403,101,1.7623762379999999,25.062034739454095,False
Gabon,2015-05,403,101,1.7623762379999999,25.062034739454095,False
Gabon,2015-06,203,44,1.568181818,21.67487684729064,False
Gabon,2015-07,401,102,1.7549019609999998,25.43640897755611,False
Gabon,2015-08,402,102,1.7549019609999998,25.37313432835821,False
Gabon,2015-09,401,103,1.7475728160000001,25.6857855361596,False
Gabon,2015-10,402,104,1.740384615,25.870646766169155,False
Gabon,2015-11,386,95,1.7263157889999998,24.61139896373057,False
Gabon,2015-12,400,102,1.7549019609999998,25.5,False
Gabon,2016-01,446,123,1.682926829,27.57847533632287,False
Gabon,2016-02,437,130,1.669230769,29.748283752860413,False
Gabon,2016-03,523,131,1.633587786,25.047801147227535,False
Gabon,2016-04,560,155,1.587096774,27.678571428571427,False
Gabon,2016-05,2547,2163,2.915857605192788,84.92343934040048,False
Gabon,2016-06,583,154,1.636363636,26.41509433962264,False
Gabon,2016-07,693,166,1.524096386,23.953823953823953,False
Gabon,2016-08,747,182,1.532967033,24.364123159303883,False
Gabon,2016-09,627,147,1.632653061,23.444976076555022,False
Gabon,2016-10,815,246,1.520325203,30.1840490797546,False
Gabon,2016-11,852,255,1.529411765,29.929577464788732,False
Gabon,2016-12,823,233,1.484978541,28.311057108140947,False
Gabon,2017-01,697,193,1.5492227979999997,27.69010043041607,False
Gabon,2017-02,663,192,1.604166667,28.959276018099548,False
Gabon,2017-03,712,207,1.497584541,29.073033707865168,False
Gabon,2017-04,715,217,1.428571429,30.34965034965035,False
Gabon,2017-05,875,255,1.51372549,29.142857142857142,False
Gabon,2017-06,828,252,1.567460317,30.434782608695652,False
Gabon,2017-07,767,231,1.4978354976623378,30.117340286831812,False
Gabon,2017-08,746,225,1.537777778,30.160857908847184,False
Gabon,2017-09,737,217,1.502304147,29.44369063772049,False
Gabon,2017-10,792,256,1.4921875,32.323232323232325,False
Gabon,2017-11,2736,2247,2.851802402801958,82.12719298245614,False
Gabon,2017-12,633,184,1.489130435,29.067930489731438,False
Gabon,2018-01,730,221,1.5294117649999999,30.273972602739725,False
Gabon,2018-02,722,223,1.632286996,30.886426592797783,False
Gabon,2018-03,852,261,1.440613027,30.633802816901408,False
Gabon,2018-04,854,245,1.342857143,28.688524590163933,False
Gabon,2018-05,944,299,1.3979933113712375,31.673728813559322,False
Gabon,2018-06,945,276,1.463768116,29.206349206349206,False
Gabon,2018-07,814,239,1.313807531,29.36117936117936,False
Gabon,2018-08,928,251,1.446215139,27.04741379310345,False
Gabon,2018-09,978,284,1.3978873238732394,29.038854805725972,False
Gabon,2018-10,952,255,1.450980392,26.785714285714285,False
Gabon,2018-11,922,270,1.396296296,29.284164859002168,False
Gabon,2018-12,856,261,1.459770115,30.490654205607477,False
Gabon,2019-01,601,175,1.268571429,29.118136439267886,False
Gabon,2019-02,758,211,1.4976303318862558,27.83641160949868,False
Gabon,2019-03,628,176,1.5,28.02547770700637,False
Gabon,2019-04,841,224,1.433035714,26.634958382877528,False
Gabon,2019-05,1057,287,1.407665505,27.1523178807947,False
Gabon,2019-06,991,267,1.438202247,26.942482341069628,False
Gabon,2019-07,959,230,1.465217391,23.983315954118872,False
Gabon,2019-08,800,214,1.434579439,26.75,False
Gabon,2019-09,742,189,1.417989418,25.471698113207548,False
Gabon,2019-10,748,209,1.4066985648325359,27.941176470588236,False
Gabon,2019-11,755,212,1.400943396,28.079470198675498,False
Gabon,2019-12,756,206,1.412621359,27.24867724867725,False
Gabon,2020-01,868,197,1.502538071,22.695852534562214,False
Gabon,2020-02,858,249,1.397590361,29.02097902097902,False
Gabon,2020-03,954,224,1.6383928575892857,23.48008385744235,False
Gabon,2020-04,729,194,1.768041237,26.611796982167352,False
Gabon,2020-05,810,193,1.7979274611502591,23.82716049382716,False
Gabon,2020-06,836,235,1.680851064,28.11004784688995,False
Gabon,2020-07,814,212,1.6886792448915096,26.044226044226043,False
Gabon,2020-08,870,217,1.5622119819999998,24.942528735632184,False
Gabon,2020-09,861,234,1.534188034,27.177700348432055,False
Gabon,2020-10,919,249,1.5060240963855422,27.094668117519042,False
Gabon,2020-11,847,238,1.449579832,28.09917355371901,False
Gabon,2020-12,809,196,1.5102040819999998,24.2274412855377,False
Gabon,2021-01,640,168,1.636904762,26.25,False
Gabon,2021-02,1146,272,1.488970588,23.7347294938918,False
Gabon,2021-03,1275,317,1.507886435,24.862745098039216,False
Gabon,2021-04,1135,299,1.602006689,26.34361233480176,False
Gabon,2021-05,957,249,1.678714859,26.018808777429467,False
Gabon,2021-06,1166,333,1.5735735739999999,28.55917667238422,False
Gabon,2021-07,1128,285,1.550877193,25.26595744680851,False
Gabon,2021-08,1112,313,1.434504792,28.14748201438849,False
Gabon,2021-09,1196,324,1.422839506,27.090301003344482,False
Gabon,2021-10,1228,350,1.528571429,28.501628664495115,False
Gabon,2021-11,1209,323,1.380804954,26.716294458229942,False
Gabon,2021-12,1170,292,1.510273973,24.957264957264957,False
Gabon,2022-01,1049,250,1.548,23.83222116301239,False
Gabon,2022-02,1146,293,1.5221843,25.56719022687609,False
Gabon,2022-03,1364,340,1.411764706,24.926686217008797,False
Gabon,2022-04,1375,365,1.4630136990000002,26.545454545454547,False
Gabon,2022-05,1477,386,1.4067357510000003,26.134055517941775,False
Gabon,2022-06,1236,346,1.465317919,27.993527508090615,False
Gabon,2022-07,1108,311,1.498392283,28.068592057761734,False
Gabon,2022-08,1097,292,1.48630137,26.618049225159528,False
Gabon,2022-09,1244,335,1.417910448,26.929260450160772,False
Gabon,2022-10,1372,384,1.416666667,27.988338192419825,False
Gabon,2022-11,1439,398,1.3919597990000003,27.658095899930508,False
Gabon,2022-12,1377,388,1.404639175,28.177196804647785,False
Gabon,2023-01,1347,347,1.443804035,25.760950259836672,False
Gabon,2023-02,1212,298,1.39261745,24.58745874587459,False
Gabon,2023-03,1277,298,1.436241611,23.335943617854348,False
Gabon,2023-04,1131,312,1.416666667,27.586206896551722,False
Gabon,2023-05,997,246,1.447154472,24.674022066198596,False
Gabon,2023-06,1296,344,1.438953488,26.54320987654321,False
Gabon,2023-07,1267,309,1.417475728,24.388318863456984,False
Gabon,2023-08,1250,270,1.437037037,21.6,False
Gabon,2023-09,1369,344,1.3837209305813953,25.12783053323594,False
Gabon,2023-10,1270,338,1.363905325,26.614173228346456,False
Gabon,2023-11,1121,314,1.232484076,28.0107047279215,False
Gabon,2023-12,1378,425,1.388235294,30.84179970972424,False
Gabon,2024-01,1349,361,1.216066481734072,26.760563380281692,False
Gabon,2024-02,1517,432,1.37037037,28.47725774555043,False
Gabon,2024-03,1314,313,1.268370607,23.820395738203956,False
Gabon,2024-04,1279,339,1.250737463,26.50508209538702,False
Gabon,2024-05,1211,341,1.19941349,28.158546655656483,False
Gabon,2024-06,1259,371,1.226415094,29.467831612390786,False
Gabon,2024-07,1329,410,1.246341463,30.850263355906698,False
Gabon,2024-08,1152,298,1.2449664427617448,25.868055555555557,False
Gabon,2024-09,1243,326,1.40797546,26.226870474658085,False
Gabon,2024-10,1206,325,1.3476923075292306,26.948590381426204,False
Gabon,2024-11,774,181,1.298342541,23.385012919896642,False
Gabon,2024-12,794,204,1.367647059,25.692695214105793,False
Gabon,2025-01,1265,318,1.323899371,25.138339920948617,False
Gabon,2025-02,1011,252,1.341269841,24.92581602373887,False
Gabon,2025-03,990,258,1.298449612,26.060606060606062,False
Gabon,2025-04,1450,393,1.27735369,27.103448275862068,False
Gabon,2025-05,1471,417,1.309352518,28.348062542488105,False
Gabon,2025-06,1320,403,1.260545906,30.53030303030303,False
Gabon,2025-07,1734,539,1.27458256,31.084198385236448,False
Gabon,2025-08,1648,516,1.327519379767442,31.310679611650485,False
Gabon,2025-09,1529,444,1.225225225,29.038587311968605,False
Gabon,2025-10,1392,436,1.357798165,31.32183908045977,False
Gabon,2025-11,1454,560,1.303571429,38.514442916093536,False
Gabon,2025-12,1524,586,1.303754266,38.4514435695538,False
Gambia,2015-01,446,136,1.3382352937794115,30.493273542600896,False
Gambia,2015-02,396,155,1.225806451303226,39.14141414141414,False
Gambia,2015-03,513,199,1.2311557786130651,38.79142300194932,False
Gambia,2015-04,546,192,1.5364583329791668,35.16483516483517,False
Gambia,2015-05,330,147,1.5918367342380952,44.54545454545455,False
Gambia,2015-06,188,83,1.2771084334337348,44.148936170212764,False
Gambia,2015-07,231,94,1.3085106379574467,40.692640692640694,False
Gambia,2015-08,183,64,1.3437499996562499,34.97267759562842,False
Gambia,2015-09,187,64,1.5312500003125,34.224598930481285,False
Gambia,2015-10,206,79,1.3417721524810127,38.349514563106794,False
Gambia,2015-11,252,77,1.480519481012987,30.555555555555557,False
Gambia,2015-12,255,91,1.3846153845934066,35.68627450980392,False
Gambia,2016-01,215,75,1.2666666669333333,34.883720930232556,False
Gambia,2016-02,235,82,1.548780488097561,34.8936170212766,False
Gambia,2016-03,255,105,1.4476190471619048,41.1764705882353,False
Gambia,2016-04,208,73,1.4931506849315068,35.09615384615385,False
Gambia,2016-05,268,73,1.4246575339041094,27.238805970149254,False
Gambia,2016-06,338,128,1.54687499953125,37.8698224852071,False
Gambia,2016-07,233,72,1.4583333333888888,30.901287553648068,False
Gambia,2016-08,279,102,1.4117647060392158,36.55913978494624,False
Gambia,2016-09,237,81,1.691358024506173,34.177215189873415,False
Gambia,2016-10,241,69,1.623188405985507,28.630705394190873,False
Gambia,2016-11,287,92,1.3913043474130435,32.055749128919864,False
Gambia,2016-12,375,151,1.5960264899470198,40.266666666666666,False
Gambia,2017-01,611,135,1.8370370367851852,22.094926350245498,False
Gambia,2017-02,713,171,1.4385964916725145,23.983169705469845,False
Gambia,2017-03,858,175,1.2971428574114285,20.396270396270396,False
Gambia,2017-04,681,214,1.3224299064485983,31.42437591776799,False
Gambia,2017-05,868,344,1.4011627909215116,39.63133640552996,False
Gambia,2017-06,680,262,1.3015267177480916,38.529411764705884,False
Gambia,2017-07,831,346,1.3439306358063583,41.63658243080626,False
Gambia,2017-08,685,259,1.2123552125482624,37.81021897810219,False
Gambia,2017-09,530,208,1.3557692303846154,39.24528301886792,False
Gambia,2017-10,605,234,1.2905982903717947,38.67768595041322,False
Gambia,2017-11,644,223,1.4260089687264572,34.62732919254658,False
Gambia,2017-12,575,225,1.3733333328000001,39.130434782608695,False
Gambia,2018-01,666,246,1.3211382113821137,36.93693693693694,False
Gambia,2018-02,440,137,1.3868613138394161,31.136363636363637,False
Gambia,2018-03,528,203,1.2610837434729063,38.446969696969695,False
Gambia,2018-04,673,225,1.377777777568889,33.43239227340268,False
Gambia,2018-05,638,245,1.3224489794938776,38.4012539184953,False
Gambia,2018-06,683,212,1.457547169528302,31.039531478770133,False
Gambia,2018-07,940,335,1.3582089548656717,35.638297872340424,False
Gambia,2018-08,709,226,1.384955752460177,31.875881523272213,False
Gambia,2018-09,670,222,1.3828828831711713,33.134328358208954,False
Gambia,2018-10,473,164,1.4085365855792682,34.6723044397463,False
Gambia,2018-11,757,211,1.345971563649289,27.873183619550858,False
Gambia,2018-12,705,228,1.3991228067543857,32.340425531914896,False
Gambia,2019-01,806,254,1.2519685035787402,31.5136476426799,False
Gambia,2019-02,737,215,1.344186046627907,29.17232021709634,False
Gambia,2019-03,764,238,1.3109243699159663,31.151832460732983,False
Gambia,2019-04,758,241,1.4066390040788381,31.79419525065963,False
Gambia,2019-05,886,286,1.356643356979021,32.27990970654628,False
Gambia,2019-06,673,194,1.3092783505360825,28.826151560178307,False
Gambia,2019-07,761,221,1.3122171942081449,29.040735873850196,False
Gambia,2019-08,640,213,1.4835680746713613,33.28125,False
Gambia,2019-09,635,227,1.3436123350925109,35.74803149606299,False
Gambia,2019-10,693,209,1.4162679427033493,30.158730158730158,False
Gambia,2019-11,678,195,1.2512820508102562,28.761061946902654,False
Gambia,2019-12,739,197,1.380710659786802,26.65764546684709,False
Gambia,2020-01,803,220,1.4272727268454546,27.397260273972602,False
Gambia,2020-02,617,188,1.398936170106383,30.47001620745543,False
Gambia,2020-03,798,213,1.6901408448356807,26.69172932330827,False
Gambia,2020-04,751,298,1.9999999996644295,39.680426098535285,False
Gambia,2020-05,923,341,1.9912023465190616,36.94474539544962,False
Gambia,2020-06,1140,298,1.5436241610738255,26.140350877192983,False
Gambia,2020-07,1019,258,1.5852713179689923,25.318940137389596,False
Gambia,2020-08,1043,263,1.9277566536577948,25.215723873441995,False
Gambia,2020-09,990,309,1.4854368930064723,31.21212121212121,False
Gambia,2020-10,1087,230,1.3826086958260868,21.159153633854647,False
Gambia,2020-11,905,206,1.4417475732572815,22.76243093922652,False
Gambia,2020-12,996,219,1.3881278542694064,21.987951807228917,False
Gambia,2021-01,1039,252,1.3412698411031745,24.254090471607316,False
Gambia,2021-02,1018,246,1.345528455,24.165029469548134,False
Gambia,2021-03,1175,235,1.4085106381574468,20.0,False
Gambia,2021-04,1014,256,1.3515625,25.2465483234714,False
Gambia,2021-05,890,251,1.498007968,28.202247191011235,False
Gambia,2021-06,940,218,1.3073394494357797,23.19148936170213,False
Gambia,2021-07,857,221,1.398190045,25.787631271878645,False
Gambia,2021-08,961,263,1.2053231943726237,27.36732570239334,False
Gambia,2021-09,1004,270,1.333333333,26.89243027888446,False
Gambia,2021-10,1169,326,1.334355828,27.887082976903336,False
Gambia,2021-11,1391,417,1.321342926,29.9784327821711,False
Gambia,2021-12,1300,276,1.427536232,21.23076923076923,False
Gambia,2022-01,1025,266,1.319548872,25.951219512195124,False
Gambia,2022-02,850,309,1.310679612,36.35294117647059,False
Gambia,2022-03,876,242,1.425619835,27.625570776255707,False
Gambia,2022-04,867,248,1.411290323,28.604382929642444,False
Gambia,2022-05,812,290,1.475862069,35.714285714285715,False
Gambia,2022-06,833,282,1.290780142,33.85354141656663,False
Gambia,2022-07,825,255,1.321568627,30.90909090909091,False
Gambia,2022-08,878,308,1.444805195,35.07972665148064,False
Gambia,2022-09,824,339,1.442477876,41.140776699029125,False
Gambia,2022-10,789,287,1.414634146,36.37515842839037,False
Gambia,2022-11,743,317,1.470031546,42.664872139973085,False
Gambia,2022-12,794,282,1.336879433,35.51637279596977,False
Gambia,2023-01,619,174,1.344827586,28.109854604200322,False
Gambia,2023-02,694,194,1.288659794,27.953890489913544,False
Gambia,2023-03,889,305,1.34754098384918,34.308211473565805,False
Gambia,2023-04,657,211,1.246445498,32.115677321156774,False
Gambia,2023-05,728,240,1.345833333,32.967032967032964,False
Gambia,2023-06,668,215,1.5302325579999998,32.18562874251497,False
Gambia,2023-07,699,219,1.283105023,31.330472103004293,False
Gambia,2023-08,784,311,1.498392283,39.66836734693877,False
Gambia,2023-09,847,239,1.40167364,28.217237308146398,False
Gambia,2023-10,867,297,1.2558922558451178,34.2560553633218,False
Gambia,2023-11,847,341,1.290322581,40.25974025974026,False
Gambia,2023-12,755,291,1.209621993,38.54304635761589,False
Gambia,2024-01,811,269,1.249070632,33.168927250308265,False
Gambia,2024-02,757,221,1.343891403,29.194187582562748,False
Gambia,2024-03,801,317,1.3343848585141955,39.57553058676654,False
Gambia,2024-04,731,282,1.4539007094326242,38.57729138166895,False
Gambia,2024-05,821,327,1.302752294,39.82947624847747,False
Gambia,2024-06,658,220,1.268181818,33.43465045592705,False
Gambia,2024-07,943,386,1.3704663210000003,40.93319194061506,False
Gambia,2024-08,892,335,1.397014925038806,37.55605381165919,False
Gambia,2024-09,797,327,1.363914373,41.028858218318696,False
Gambia,2024-10,820,309,1.3851132689644012,37.68292682926829,False
Gambia,2024-11,810,348,1.373563218,42.96296296296296,False
Gambia,2024-12,937,412,1.376213592,43.970117395944506,False
Gambia,2025-01,869,330,1.3575757578303032,37.9746835443038,False
Gambia,2025-02,802,316,1.4430379743544304,39.401496259351624,False
Gambia,2025-03,973,324,1.3364197528641977,33.29907502569373,False
Gambia,2025-04,963,336,1.35416666675,34.890965732087224,False
Gambia,2025-05,949,351,1.4444444448376068,36.986301369863014,False
Gambia,2025-06,910,375,1.49333333296,41.20879120879121,False
Gambia,2025-07,1134,419,1.3198090689880668,36.948853615520285,False
Gambia,2025-08,1031,366,1.4836065575081965,35.499515033947624,False
Gambia,2025-09,1125,407,1.4889434887051598,36.17777777777778,False
Gambia,2025-10,1048,373,1.4611260056970508,35.591603053435115,False
Gambia,2025-11,1049,389,1.475578406118252,37.08293612964728,False
Gambia,2025-12,1147,571,1.514886164140105,49.78204010462075,False
Ghana,2015-01,1499,460,1.4282608691043477,30.687124749833224,False
Ghana,2015-02,1434,452,1.4535398233893806,31.520223152022314,False
Ghana,2015-03,6439,2183,1.374713696962895,33.90277993477248,False
Ghana,2015-04,1931,555,1.4342342346576578,28.741584671154843,False
Ghana,2015-05,1567,542,1.4464944645608855,34.58838544990427,False
Ghana,2015-06,1554,507,1.4082840234556213,32.625482625482626,False
Ghana,2015-07,1523,528,1.3863636364772727,34.66841759684833,False
Ghana,2015-08,1494,517,1.3887814318336558,34.60508701472557,False
Ghana,2015-09,1441,535,1.4299065424448598,37.12699514226232,False
Ghana,2015-10,4901,1755,1.3965811961264956,35.80901856763926,False
Ghana,2015-11,4442,1535,1.3524429963622149,34.55650607834309,False
Ghana,2015-12,4406,1429,1.3491952411686494,32.43304584657285,False
Ghana,2016-01,1703,505,1.4237623763643565,29.65355255431591,False
Ghana,2016-02,1700,483,1.3933747417267082,28.41176470588235,False
Ghana,2016-03,7151,2206,1.3232094289533092,30.848832331142496,False
Ghana,2016-04,6562,2065,1.3171912837152544,31.46906430966169,False
Ghana,2016-05,5849,1879,1.3571048425023948,32.12514959822192,False
Ghana,2016-06,1782,530,1.360377358362264,29.74186307519641,False
Ghana,2016-07,4323,1054,1.3567362432163188,24.38121674762896,False
Ghana,2016-08,7368,2192,1.3211678833343978,29.750271444082518,False
Ghana,2016-09,6485,1852,1.301835852865011,28.558211256746336,False
Ghana,2016-10,6264,1847,1.3075257177357877,29.485951468710088,False
Ghana,2016-11,8028,2369,1.3157450398805404,29.50921773791729,False
Ghana,2016-12,4797,1147,1.2772449867637314,23.910777569314156,False
Ghana,2017-01,9839,3116,1.3096919123360078,31.66988515092997,False
Ghana,2017-02,9921,2863,1.285714285402026,28.857978026408627,False
Ghana,2017-03,9253,2744,1.2682215740779883,29.655246946936128,False
Ghana,2017-04,8938,2659,1.2704024073621663,29.7493846498098,False
Ghana,2017-05,8078,2165,1.2646651275048497,26.80118841297351,False
Ghana,2017-06,6871,1505,1.245847176204651,21.903653034492795,False
Ghana,2017-07,7357,1764,1.2358276647426303,23.977164605137965,False
Ghana,2017-08,9730,2952,1.3299457995311652,30.339157245632066,False
Ghana,2017-09,9002,2550,1.237647058877647,28.327038435903134,False
Ghana,2017-10,7621,1912,1.3012552304707112,25.088571053667497,False
Ghana,2017-11,10214,3480,1.2431034478077587,34.07088310162522,False
Ghana,2017-12,7464,2158,1.2618164969082484,28.912111468381564,False
Ghana,2018-01,7805,2136,1.2944756555383896,27.367072389493913,False
Ghana,2018-02,7203,1919,1.2589890572089633,26.641677078994864,False
Ghana,2018-03,6019,2184,1.3035714287362636,36.28509719222462,False
Ghana,2018-04,8952,2889,1.2589131191214953,32.27211796246649,False
Ghana,2018-05,8262,2690,1.2572490709773234,32.55870249334301,False
Ghana,2018-06,7445,2047,1.2115290668485588,27.494963062458027,False
Ghana,2018-07,7954,2199,1.2373806278490223,27.64646718632135,False
Ghana,2018-08,6128,2118,1.3833805481912183,34.56266318537859,False
Ghana,2018-09,7066,2530,1.3498023714276681,35.80526464760826,False
Ghana,2018-10,8334,2825,1.3175221243270798,33.89728821694264,False
Ghana,2018-11,7362,2678,1.2875280054887976,36.375984786742734,False
Ghana,2018-12,5999,1909,1.2823467786631744,31.821970328388065,False
Ghana,2019-01,12943,4339,1.283014519559115,33.523912539596694,False
Ghana,2019-02,14712,4195,1.2655542308023837,28.514138118542686,False
Ghana,2019-03,15332,4689,1.2582640222226489,30.58309418210279,False
Ghana,2019-04,14191,4899,1.2382118803216984,34.52188006482982,False
Ghana,2019-05,15352,4841,1.2681264198537492,31.5333507034914,False
Ghana,2019-06,13874,4102,1.2506094585470502,29.566094853683147,False
Ghana,2019-07,15425,5275,1.2233175355548815,34.19773095623987,False
Ghana,2019-08,14606,4713,1.2957776359526842,32.26756127618787,False
Ghana,2019-09,15734,4646,1.2793801118269479,29.52840981314351,False
Ghana,2019-10,14902,5376,1.2414434523363096,36.07569453764595,False
Ghana,2019-11,15660,6435,1.2407148407490287,41.0919540229885,False
Ghana,2019-12,14017,5346,1.2287691731477741,38.13940215452665,False
Ghana,2020-01,17048,5232,1.2937691131156346,30.68981698732989,False
Ghana,2020-02,16800,4859,1.3331961306021813,28.922619047619047,False
Ghana,2020-03,18308,4819,1.5459638930018675,26.321826523923967,False
Ghana,2020-04,17757,5377,1.7604612241026596,30.28101593737681,False
Ghana,2020-05,18657,5495,1.5878070969579618,29.452752318164762,False
Ghana,2020-06,18513,4735,1.4620908127131995,25.576621833306326,False
Ghana,2020-07,19567,5793,1.4988779560397032,29.605969233914244,False
Ghana,2020-08,19418,6192,1.4119832038641797,31.887939025646308,False
Ghana,2020-09,19654,6788,1.3417796113921627,34.537498727994304,False
Ghana,2020-10,19643,6283,1.3417157410711442,31.98594919309678,False
Ghana,2020-11,19313,5846,1.3109818675453302,30.269766478537772,False
Ghana,2020-12,17526,4283,1.3621293481109036,24.43797786146297,False
Ghana,2021-01,18045,4399,1.4039554446519664,24.377944028816845,False
Ghana,2021-02,7394,1731,1.4136337374292316,23.410873681363267,False
Ghana,2021-03,11619,3684,1.3802931599324106,31.706687322489028,False
Ghana,2021-04,7314,1794,1.3439241914587514,24.528301886792452,False
Ghana,2021-05,9863,3001,1.374208597634122,30.42684781506641,False
Ghana,2021-06,8364,2501,1.3470611757041184,29.901960784313726,False
Ghana,2021-07,9265,2894,1.391845197459917,31.235833783054506,False
Ghana,2021-08,8243,2086,1.3609779480604027,25.306320514375834,False
Ghana,2021-09,11389,3808,1.3773634457681199,33.43577135832821,False
Ghana,2021-10,8700,2549,1.3679874461785013,29.298850574712645,False
Ghana,2021-11,11289,4126,1.3208919049985457,36.5488528656214,False
Ghana,2021-12,8194,2742,1.3282275709146607,33.463509885281916,False
Ghana,2022-01,8668,2549,1.389172224429188,29.40701430549146,False
Ghana,2022-02,7963,2569,1.3721292332526274,32.26171041064925,False
Ghana,2022-03,7605,2549,1.444880345211848,33.517422748191976,False
Ghana,2022-04,10715,3656,1.3856673959969914,34.12039197386841,False
Ghana,2022-05,11135,3753,1.380495603551292,33.70453524921419,False
Ghana,2022-06,11725,4304,1.4175185876672862,36.707889125799575,False
Ghana,2022-07,11792,4568,1.501532399459063,38.73812754409769,False
Ghana,2022-08,12580,4346,1.4081914404482283,34.546899841017485,False
Ghana,2022-09,8207,2746,1.4271667884413692,33.45924211039357,False
Ghana,2022-10,11682,4384,1.4657846715225822,37.527820578668035,False
Ghana,2022-11,11675,4142,1.5004828589768229,35.477516059957175,False
Ghana,2022-12,13105,4930,1.4411764701801217,37.61922930179321,False
Ghana,2023-01,10790,3529,1.4630206854349677,32.7062094531974,False
Ghana,2023-02,10609,3649,1.4116196213998355,34.395324724290695,False
Ghana,2023-03,12370,3968,1.4861391133427422,32.07760711398545,False
Ghana,2023-04,13389,4605,1.4254071660351793,34.393905444768095,False
Ghana,2023-05,11247,3873,1.4402272142321197,34.435849559882634,False
Ghana,2023-06,12823,4017,1.3721682848493901,31.326522654605007,False
Ghana,2023-07,13521,4646,1.3676280671491605,34.36136380445233,False
Ghana,2023-08,12290,4194,1.4172627560610398,34.125305126118796,False
Ghana,2023-09,13350,4704,1.3900935375992771,35.235955056179776,False
Ghana,2023-10,10275,3376,1.428613743863744,32.85644768856448,False
Ghana,2023-11,10899,3706,1.3734484620183485,34.0031195522525,False
Ghana,2023-12,9829,3133,1.3271624637835941,31.875063587343575,False
Ghana,2024-01,11232,3550,1.3490140849076058,31.606125356125357,False
Ghana,2024-02,10380,3855,1.3377431902679637,37.138728323699425,False
Ghana,2024-03,11212,3693,1.3809910646108856,32.93792365322869,False
Ghana,2024-04,11806,3992,1.4263527053897795,33.81331526342538,False
Ghana,2024-05,13146,4776,1.3295644887164992,36.330442720219075,False
Ghana,2024-06,12015,4276,1.3842376050818521,35.588847274240536,False
Ghana,2024-07,13930,4935,1.3665653492948326,35.42713567839196,False
Ghana,2024-08,14084,5425,1.4282027652414748,38.51888667992048,False
Ghana,2024-09,9437,3109,1.4438726282492764,32.94479177704779,False
Ghana,2024-10,11401,4232,1.4180056713166351,37.11955091658626,False
Ghana,2024-11,10878,4084,1.4147894226349167,37.54366611509469,False
Ghana,2024-12,13497,4303,1.3918196605861026,31.8811587760243,False
Ghana,2025-01,9337,3268,1.3797429625260096,35.00053550390918,False
Ghana,2025-02,23509,9946,1.4515383064082044,42.307201497298905,False
Ghana,2025-03,22913,10863,1.4001656997354321,47.40976738096277,False
Ghana,2025-04,22423,9831,1.4223375042887803,43.84337510591803,False
Ghana,2025-05,21795,9467,1.3801626698565543,43.43656802018812,False
Ghana,2025-06,22673,9577,1.4286310953283907,42.23966832796719,False
Ghana,2025-07,33052,14456,1.322841726856392,43.737141474040904,False
Ghana,2025-08,29689,12241,1.3034065840723799,41.23075886692041,False
Ghana,2025-09,22042,10049,1.4500945365678177,45.59023682061519,False
Ghana,2025-10,26097,11297,1.4329467998630612,43.288500593938004,False
Ghana,2025-11,31118,13947,1.345809134088478,44.819718490905586,False
Ghana,2025-12,22706,9767,1.4304289951561382,43.01506209812384,False
Guinea,2015-01,830,142,1.556338028056338,17.10843373493976,False
Guinea,2015-02,687,118,1.4237288133305084,17.17612809315866,False
Guinea,2015-03,1052,178,1.7359550559999999,16.920152091254753,False
Guinea,2015-04,1182,166,1.644578313,14.043993231810491,False
Guinea,2015-05,1183,169,1.603550296,14.285714285714286,False
Guinea,2015-06,1193,184,1.5923913043478262,15.4233025984912,False
Guinea,2015-07,646,139,1.482014388,21.51702786377709,False
Guinea,2015-08,723,108,1.453703704,14.937759336099585,False
Guinea,2015-09,1092,170,1.405882353,15.567765567765568,False
Guinea,2015-10,1204,159,1.641509434,13.205980066445182,False
Guinea,2015-11,1086,197,1.50253807106599,18.139963167587478,False
Guinea,2015-12,984,203,1.472906404,20.630081300813007,False
Guinea,2016-01,1096,238,1.495798319,21.715328467153284,False
Guinea,2016-02,666,143,1.713286713,21.47147147147147,False
Guinea,2016-03,721,143,1.559440559,19.83356449375867,False
Guinea,2016-04,1056,213,1.478873239023474,20.170454545454547,False
Guinea,2016-05,718,153,1.522875817,21.309192200557103,False
Guinea,2016-06,1075,226,1.553097345,21.023255813953487,False
Guinea,2016-07,766,141,1.4468085106524824,18.407310704960835,False
Guinea,2016-08,1373,249,1.4698795184618474,18.135469774217043,False
Guinea,2016-09,1317,302,1.4834437082251655,22.93090356871678,False
Guinea,2016-10,1004,204,1.3333333329509802,20.318725099601593,False
Guinea,2016-11,947,244,1.356557377,25.76557550158395,False
Guinea,2016-12,833,192,1.4062499999791669,23.04921968787515,False
Guinea,2017-01,707,136,1.514705882,19.236209335219236,False
Guinea,2017-02,1382,287,1.449477352,20.767004341534008,False
Guinea,2017-03,920,200,1.36,21.73913043478261,False
Guinea,2017-04,1450,334,1.377245508997006,23.03448275862069,False
Guinea,2017-05,1367,321,1.451713396,23.48207754206291,False
Guinea,2017-06,930,192,1.34375,20.64516129032258,False
Guinea,2017-07,1350,265,1.4641509436566038,19.62962962962963,False
Guinea,2017-08,1078,208,1.432692308,19.29499072356215,False
Guinea,2017-09,931,181,1.458563536,19.441460794844254,False
Guinea,2017-10,1867,439,1.4419134391571753,23.513658275307982,False
Guinea,2017-11,1989,486,1.3744855970329217,24.43438914027149,False
Guinea,2017-12,1675,369,1.4688346887262873,22.029850746268657,False
Guinea,2018-01,2146,425,1.4423529407482352,19.804287045666356,False
Guinea,2018-02,1669,300,1.5299999997166667,17.97483523067705,False
Guinea,2018-03,2009,430,1.6604651166697675,21.40368342458935,False
Guinea,2018-04,2490,641,1.4586583466427459,25.7429718875502,False
Guinea,2018-05,2586,624,1.471153846625,24.129930394431554,False
Guinea,2018-06,2357,574,1.4599303131707317,24.352991090369112,False
Guinea,2018-07,2185,919,1.7551686620000002,42.05949656750572,False
Guinea,2018-08,1681,447,1.597315436,26.59131469363474,False
Guinea,2018-09,1599,402,1.6542288560000002,25.140712945590995,False
Guinea,2018-10,2296,476,1.5882352938907562,20.73170731707317,False
Guinea,2018-11,2107,430,1.351162790660465,20.408163265306122,False
Guinea,2018-12,2362,642,1.4080996882943924,27.18035563082134,False
Guinea,2019-01,3166,712,1.5154494380000003,22.488945041061275,False
Guinea,2019-02,2963,600,1.286666667,20.24974687816402,False
Guinea,2019-03,3124,769,1.270481144,24.615877080665815,False
Guinea,2019-04,3284,725,1.411034483,22.07673568818514,False
Guinea,2019-05,3240,860,1.4651162790000003,26.54320987654321,False
Guinea,2019-06,2727,588,1.445578231,21.562156215621563,False
Guinea,2019-07,3011,648,1.4675925925540123,21.521089339090004,False
Guinea,2019-08,2521,551,1.4609800366243195,21.856406188020628,False
Guinea,2019-09,2798,549,1.5154826956284153,19.621157969978555,False
Guinea,2019-10,3560,588,1.452380952154762,16.51685393258427,False
Guinea,2019-11,3094,574,1.484320557,18.552036199095024,False
Guinea,2019-12,3227,681,1.406754772,21.10319181902696,False
Guinea,2020-01,3298,599,1.514190317,18.162522741055184,False
Guinea,2020-02,3474,617,1.551053485,17.760506620610247,False
Guinea,2020-03,4076,634,1.7712933758785487,15.554465161923455,False
Guinea,2020-04,3585,821,2.081607795829476,22.900976290097628,False
Guinea,2020-05,3635,806,2.035980148439206,22.17331499312242,False
Guinea,2020-06,3599,807,1.7236679060000002,22.422895248680188,False
Guinea,2020-07,3808,740,1.7337837835162162,19.432773109243698,False
Guinea,2020-08,3421,639,1.644757433,18.67874890382929,False
Guinea,2020-09,3325,655,1.5175572514183207,19.69924812030075,False
Guinea,2020-10,3736,649,1.56394453,17.37152034261242,False
Guinea,2020-11,3302,747,1.528781794,22.622652937613566,False
Guinea,2020-12,3098,696,1.5344827590000003,22.466107165913492,False
Guinea,2021-01,3013,692,1.576589595,22.96714238300697,False
Guinea,2021-02,1899,391,1.4987212277544757,20.5897840968931,False
Guinea,2021-03,1839,474,1.5991561183016878,25.774877650897228,False
Guinea,2021-04,1312,322,1.5900621117142855,24.54268292682927,False
Guinea,2021-05,1092,290,1.7896551720689657,26.55677655677656,False
Guinea,2021-06,1324,304,1.5921052629013157,22.9607250755287,False
Guinea,2021-07,2046,492,1.5731707319715447,24.04692082111437,False
Guinea,2021-08,1944,449,1.610244989,23.096707818930042,False
Guinea,2021-09,1438,300,1.4,20.86230876216968,False
Guinea,2021-10,1606,368,1.483695652521739,22.91407222914072,False
Guinea,2021-11,2115,404,1.4405940593143562,19.1016548463357,False
Guinea,2021-12,1529,403,1.394540943,26.3570961412688,False
Guinea,2022-01,1967,402,1.5646766172736317,20.43721403152008,False
Guinea,2022-02,2104,510,1.4941176470588236,24.23954372623574,False
Guinea,2022-03,2154,544,1.4301470585055145,25.255338904363974,False
Guinea,2022-04,2086,445,1.4808988759730337,21.3326941514861,False
Guinea,2022-05,1556,390,1.4435897431692308,25.06426735218509,False
Guinea,2022-06,1824,471,1.503184712951168,25.82236842105263,False
Guinea,2022-07,1682,406,1.472906403862069,24.137931034482758,False
Guinea,2022-08,1585,379,1.5065963061741425,23.91167192429022,False
Guinea,2022-09,1765,450,1.411111110711111,25.495750708215297,False
Guinea,2022-10,1795,357,1.4593837533249299,19.88857938718663,False
Guinea,2022-11,2104,454,1.3722466960352422,21.577946768060837,False
Guinea,2022-12,1926,520,1.3769230768,26.99896157840083,False
Guinea,2023-01,1995,451,1.407982261241685,22.606516290726816,False
Guinea,2023-02,1936,438,1.340182648,22.623966942148762,False
Guinea,2023-03,2119,457,1.345733041251641,21.566776781500707,False
Guinea,2023-04,1683,356,1.3342696631573034,21.15270350564468,False
Guinea,2023-05,2044,460,1.360869565319565,22.504892367906066,False
Guinea,2023-06,1603,329,1.519756839,20.524017467248907,False
Guinea,2023-07,1370,296,1.4189189192567568,21.605839416058394,False
Guinea,2023-08,1377,317,1.451104101,23.02106027596224,False
Guinea,2023-09,1453,381,1.454068241929134,26.221610461114935,False
Guinea,2023-10,1837,455,1.4175824179164838,24.76864452912357,False
Guinea,2023-11,1790,372,1.42204301108871,20.782122905027933,False
Guinea,2023-12,1484,362,1.674033149,24.393530997304584,False
Guinea,2024-01,1118,238,1.651260504,21.288014311270125,False
Guinea,2024-02,1596,409,1.579462102572127,25.6265664160401,False
Guinea,2024-03,1518,367,1.3869209809891008,24.176548089591567,False
Guinea,2024-04,1705,428,1.4813084115630841,25.102639296187682,False
Guinea,2024-05,1839,468,1.5876068372820513,25.448613376835237,False
Guinea,2024-06,1660,367,1.449591280318801,22.10843373493976,False
Guinea,2024-07,1301,303,1.396039604009901,23.28977709454266,False
Guinea,2024-08,1346,342,1.5877192985964912,25.40861812778603,False
Guinea,2024-09,1455,317,1.3438485804731861,21.786941580756015,False
Guinea,2024-10,1413,353,1.3682719546968838,24.982307147912245,False
Guinea,2024-11,1379,289,1.3425605540692043,20.95721537345903,False
Guinea,2024-12,1415,316,1.4208860763291138,22.3321554770318,False
Guinea,2025-01,1387,304,1.411184210276316,21.91780821917808,False
Guinea,2025-02,2903,788,1.4263959390241117,27.144333448157077,False
Guinea,2025-03,3013,854,1.338407494,28.343843345502822,False
Guinea,2025-04,3347,879,1.5005688281035265,26.262324469674336,False
Guinea,2025-05,3221,951,1.4111461620904309,29.524992238435267,False
Guinea,2025-06,3108,819,1.510378510818071,26.35135135135135,False
Guinea,2025-07,3277,870,1.5747126439999999,26.548672566371682,False
Guinea,2025-08,3360,751,1.569906791,22.351190476190474,False
Guinea,2025-09,3259,768,1.4843750002291667,23.565510892911938,False
Guinea,2025-10,3330,946,1.4238900635835094,28.40840840840841,False
Guinea,2025-11,3211,985,1.393908629,30.675801930862658,False
Guinea,2025-12,3275,672,1.2961309522395834,20.519083969465647,False
Guinea-Bissau,2015-01,2,1,1.0,50.0,True
Guinea-Bissau,2015-02,2,1,1.0,50.0,True
Guinea-Bissau,2015-03,2,1,1.0,50.0,True
Guinea-Bissau,2015-04,2,1,1.0,50.0,True
Guinea-Bissau,2015-05,2,1,1.0,50.0,True
Guinea-Bissau,2015-06,2,1,1.0,50.0,True
Guinea-Bissau,2015-07,2,1,1.0,50.0,True
Guinea-Bissau,2015-08,2,1,1.0,50.0,True
Guinea-Bissau,2015-09,2,1,1.0,50.0,True
Guinea-Bissau,2015-10,2,1,1.0,50.0,True
Guinea-Bissau,2015-11,2,1,1.0,50.0,True
Guinea-Bissau,2015-12,2,1,1.0,50.0,True
Guinea-Bissau,2016-01,2,1,1.0,50.0,True
Guinea-Bissau,2016-02,2,1,1.0,50.0,True
Guinea-Bissau,2016-03,2,1,1.0,50.0,True
Guinea-Bissau,2016-04,2,1,1.0,50.0,True
Guinea-Bissau,2016-05,2,1,1.0,50.0,True
Guinea-Bissau,2016-06,2,1,1.0,50.0,True
Guinea-Bissau,2016-07,2,1,1.0,50.0,True
Guinea-Bissau,2016-08,2,1,1.0,50.0,True
Guinea-Bissau,2016-09,2,1,1.0,50.0,True
Guinea-Bissau,2016-10,2,1,1.0,50.0,True
Guinea-Bissau,2016-11,2,1,1.0,50.0,True
Guinea-Bissau,2016-12,2,1,1.0,50.0,True
Guinea-Bissau,2017-01,2,1,1.0,50.0,True
Guinea-Bissau,2017-02,2,1,1.0,50.0,True
Guinea-Bissau,2017-03,2,1,1.0,50.0,True
Guinea-Bissau,2017-04,2,1,1.0,50.0,True
Guinea-Bissau,2017-05,2,1,1.0,50.0,True
Guinea-Bissau,2017-06,2,1,1.0,50.0,True
Guinea-Bissau,2017-07,2,1,1.0,50.0,True
Guinea-Bissau,2017-08,2,1,1.0,50.0,True
Guinea-Bissau,2017-09,2,1,1.0,50.0,True
Guinea-Bissau,2017-10,2,1,1.0,50.0,True
Guinea-Bissau,2017-11,2,1,1.0,50.0,True
Guinea-Bissau,2017-12,2,1,1.0,50.0,True
Guinea-Bissau,2018-01,2,1,1.0,50.0,True
Guinea-Bissau,2018-02,2,1,1.0,50.0,True
Guinea-Bissau,2018-03,2,1,1.0,50.0,True
Guinea-Bissau,2018-04,2,1,1.0,50.0,True
Guinea-Bissau,2018-05,2,1,1.0,50.0,True
Guinea-Bissau,2018-06,2,1,1.0,50.0,True
Guinea-Bissau,2018-07,2,1,1.0,50.0,True
Guinea-Bissau,2018-08,2,1,1.0,50.0,True
Guinea-Bissau,2018-09,2,1,1.0,50.0,True
Guinea-Bissau,2018-10,2,1,1.0,50.0,True
Guinea-Bissau,2018-11,2,1,1.0,50.0,True
Guinea-Bissau,2018-12,2,1,1.0,50.0,True
Guinea-Bissau,2019-01,2,1,1.0,50.0,True
Guinea-Bissau,2019-02,2,1,1.0,50.0,True
Guinea-Bissau,2019-03,2,1,1.0,50.0,True
Guinea-Bissau,2019-04,2,1,1.0,50.0,True
Guinea-Bissau,2019-05,2,1,1.0,50.0,True
Guinea-Bissau,2019-06,2,1,1.0,50.0,True
Guinea-Bissau,2019-07,2,1,1.0,50.0,True
Guinea-Bissau,2019-08,2,1,1.0,50.0,True
Guinea-Bissau,2019-09,2,1,1.0,50.0,True
Guinea-Bissau,2019-10,2,1,1.0,50.0,True
Guinea-Bissau,2019-11,2,1,1.0,50.0,True
Guinea-Bissau,2019-12,2,1,1.0,50.0,True
Guinea-Bissau,2020-01,2,1,1.0,50.0,True
Guinea-Bissau,2020-02,2,1,1.0,50.0,True
Guinea-Bissau,2020-03,2,1,1.0,50.0,True
Guinea-Bissau,2020-04,2,1,1.0,50.0,True
Guinea-Bissau,2020-05,2,1,1.0,50.0,True
Guinea-Bissau,2020-06,2,1,1.0,50.0,True
Guinea-Bissau,2020-07,2,1,1.0,50.0,True
Guinea-Bissau,2020-08,2,1,1.0,50.0,True
Guinea-Bissau,2020-09,2,1,1.0,50.0,True
Guinea-Bissau,2020-10,2,1,1.0,50.0,True
Guinea-Bissau,2020-11,2,1,1.0,50.0,True
Guinea-Bissau,2020-12,2,1,1.0,50.0,True
Guinea-Bissau,2021-01,2,1,1.0,50.0,True
Guinea-Bissau,2021-02,2,0,0.0,0.0,True
Guinea-Bissau,2021-03,2,0,0.0,0.0,True
Guinea-Bissau,2021-04,2,0,0.0,0.0,True
Guinea-Bissau,2021-05,2,0,0.0,0.0,True
Guinea-Bissau,2021-06,2,0,0.0,0.0,True
Guinea-Bissau,2021-07,2,0,0.0,0.0,True
Guinea-Bissau,2021-08,2,0,0.0,0.0,True
Guinea-Bissau,2021-09,2,0,0.0,0.0,True
Guinea-Bissau,2021-10,2,0,0.0,0.0,True
Guinea-Bissau,2021-11,2,0,0.0,0.0,True
Guinea-Bissau,2021-12,2,0,0.0,0.0,True
Guinea-Bissau,2022-01,2,0,0.0,0.0,True
Guinea-Bissau,2022-02,2,0,0.0,0.0,True
Guinea-Bissau,2022-03,2,0,0.0,0.0,True
Guinea-Bissau,2022-04,2,0,0.0,0.0,True
Guinea-Bissau,2022-05,2,0,0.0,0.0,True
Guinea-Bissau,2022-06,2,0,0.0,0.0,True
Guinea-Bissau,2022-07,2,0,0.0,0.0,True
Guinea-Bissau,2022-08,2,0,0.0,0.0,True
Guinea-Bissau,2022-09,2,0,0.0,0.0,True
Guinea-Bissau,2022-10,2,0,0.0,0.0,True
Guinea-Bissau,2022-11,2,0,0.0,0.0,True
Guinea-Bissau,2022-12,2,0,0.0,0.0,True
Guinea-Bissau,2023-01,2,0,0.0,0.0,True
Guinea-Bissau,2023-02,2,0,0.0,0.0,True
Guinea-Bissau,2023-03,2,0,0.0,0.0,True
Guinea-Bissau,2023-04,2,0,0.0,0.0,True
Guinea-Bissau,2023-05,2,0,0.0,0.0,True
Guinea-Bissau,2023-06,2,0,0.0,0.0,True
Guinea-Bissau,2023-07,2,0,0.0,0.0,True
Guinea-Bissau,2023-08,2,0,0.0,0.0,True
Guinea-Bissau,2023-09,2,0,0.0,0.0,True
Guinea-Bissau,2023-10,2,0,0.0,0.0,True
Guinea-Bissau,2023-11,2,0,0.0,0.0,True
Guinea-Bissau,2023-12,2,0,0.0,0.0,True
Guinea-Bissau,2024-01,2,0,0.0,0.0,True
Guinea-Bissau,2024-02,2,0,0.0,0.0,True
Guinea-Bissau,2024-03,2,0,0.0,0.0,True
Guinea-Bissau,2024-04,2,0,0.0,0.0,True
Guinea-Bissau,2024-05,2,0,0.0,0.0,True
Guinea-Bissau,2024-06,2,0,0.0,0.0,True
Guinea-Bissau,2024-07,2,0,0.0,0.0,True
Guinea-Bissau,2024-08,2,0,0.0,0.0,True
Guinea-Bissau,2024-09,2,0,0.0,0.0,True
Guinea-Bissau,2024-10,2,0,0.0,0.0,True
Guinea-Bissau,2024-11,2,0,0.0,0.0,True
Guinea-Bissau,2024-12,2,0,0.0,0.0,True
Guinea-Bissau,2025-01,2,0,0.0,0.0,True
Guinea-Bissau,2025-02,2,1,1.0,50.0,True
Guinea-Bissau,2025-03,2,1,1.0,50.0,True
Guinea-Bissau,2025-04,2,1,1.0,50.0,True
Guinea-Bissau,2025-05,2,1,1.0,50.0,True
Guinea-Bissau,2025-06,2,1,1.0,50.0,True
Guinea-Bissau,2025-07,2,1,1.0,50.0,True
Guinea-Bissau,2025-08,2,1,1.0,50.0,True
Guinea-Bissau,2025-09,2,1,1.0,50.0,True
Guinea-Bissau,2025-10,2,1,1.0,50.0,True
Guinea-Bissau,2025-11,2,1,1.0,50.0,True
Ivory Coast,2015-01,1331,220,1.468181818,16.52892561983471,False
Ivory Coast,2015-02,1269,189,1.4656084660000002,14.893617021276595,False
Ivory Coast,2015-03,1358,217,1.479262673,15.97938144329897,False
Ivory Coast,2015-04,1303,205,1.5609756100000003,15.732924021488872,False
Ivory Coast,2015-05,1280,189,1.3597883600000003,14.765625,False
Ivory Coast,2015-06,1294,177,1.361581921,13.678516228748068,False
Ivory Coast,2015-07,1279,192,1.416666667,15.011727912431587,False
Ivory Coast,2015-08,1274,191,1.560209424,14.992150706436421,False
Ivory Coast,2015-09,980,105,1.228571429,10.714285714285714,False
Ivory Coast,2015-10,1274,179,1.4748603350000002,14.050235478806908,False
Ivory Coast,2015-11,1221,165,1.327272727,13.513513513513514,False
Ivory Coast,2015-12,1190,160,1.34375,13.445378151260504,False
Ivory Coast,2016-01,1180,175,1.388571429,14.830508474576272,False
Ivory Coast,2016-02,1182,191,1.460732984,16.159052453468696,False
Ivory Coast,2016-03,1216,187,1.465240642,15.37828947368421,False
Ivory Coast,2016-04,1208,192,1.427083333,15.894039735099337,False
Ivory Coast,2016-05,1216,186,1.47311828,15.296052631578947,False
Ivory Coast,2016-06,1213,186,1.489247312,15.333882934872218,False
Ivory Coast,2016-07,1210,190,1.331578947,15.702479338842975,False
Ivory Coast,2016-08,1218,196,1.367346939,16.091954022988507,False
Ivory Coast,2016-09,1211,176,1.454545455,14.533443435177539,False
Ivory Coast,2016-10,1250,187,1.443850267,14.96,False
Ivory Coast,2016-11,1322,202,1.400990099,15.279878971255673,False
Ivory Coast,2016-12,1357,201,1.3233830842587064,14.812085482682388,False
Ivory Coast,2017-01,1522,221,1.407239819,14.520367936925098,False
Ivory Coast,2017-02,1376,251,1.446215139,18.24127906976744,False
Ivory Coast,2017-03,1421,264,1.481060606,18.578465869106264,False
Ivory Coast,2017-04,1349,252,1.555555556,18.680504077094145,False
Ivory Coast,2017-05,1299,189,1.523809524,14.549653579676674,False
Ivory Coast,2017-06,1312,204,1.406862745,15.548780487804878,False
Ivory Coast,2017-07,1267,195,1.446153846,15.390686661404894,False
Ivory Coast,2017-08,1281,192,1.489583333510417,14.988290398126464,False
Ivory Coast,2017-09,1305,202,1.50990099,15.478927203065133,False
Ivory Coast,2017-10,1396,237,1.573839662,16.977077363896846,False
Ivory Coast,2017-11,1368,231,1.4285714286406928,16.885964912280702,False
Ivory Coast,2017-12,1365,253,1.37944664,18.534798534798536,False
Ivory Coast,2018-01,1692,306,1.4411764711633985,18.085106382978722,False
Ivory Coast,2018-02,1680,341,1.366568914809384,20.297619047619047,False
Ivory Coast,2018-03,1754,319,1.4420062696426335,18.187001140250857,False
Ivory Coast,2018-04,1726,313,1.3130990412619807,18.13441483198146,False
Ivory Coast,2018-05,1798,328,1.396341463182927,18.242491657397107,False
Ivory Coast,2018-06,1672,291,1.3367697598900343,17.404306220095695,False
Ivory Coast,2018-07,1745,317,1.381703469577287,18.16618911174785,False
Ivory Coast,2018-08,1670,256,1.4843749998749998,15.32934131736527,False
Ivory Coast,2018-09,1723,320,1.3875,18.57225769007545,False
Ivory Coast,2018-10,1773,288,1.3124999995868054,16.243654822335024,False
Ivory Coast,2018-11,1676,307,1.429967426781759,18.317422434367543,False
Ivory Coast,2018-12,1703,288,1.3020833333055557,16.911332941867293,False
Ivory Coast,2019-01,1750,362,1.5331491709530385,20.685714285714287,False
Ivory Coast,2019-02,1725,334,1.46706586852994,19.36231884057971,False
Ivory Coast,2019-03,1852,379,1.3746701846965699,20.464362850971924,False
Ivory Coast,2019-04,1845,373,1.297587131790885,20.21680216802168,False
Ivory Coast,2019-05,2267,417,1.354916067791367,18.39435377150419,False
Ivory Coast,2019-06,2093,350,1.4285714285200002,16.722408026755854,False
Ivory Coast,2019-07,2284,455,1.285714285391209,19.92119089316988,False
Ivory Coast,2019-08,2073,366,1.363387977978142,17.655571635311144,False
Ivory Coast,2019-09,2106,366,1.3469945356393442,17.37891737891738,False
Ivory Coast,2019-10,2033,392,1.3622448981454083,19.28184948352189,False
Ivory Coast,2019-11,2075,456,1.3925438599298245,21.97590361445783,False
Ivory Coast,2019-12,2110,347,1.2766570606051875,16.445497630331754,False
Ivory Coast,2020-01,2023,348,1.356321838954023,17.202174987642117,False
Ivory Coast,2020-02,1938,361,1.3601108036731302,18.627450980392158,False
Ivory Coast,2020-03,2169,356,1.561797752938202,16.413093591516827,False
Ivory Coast,2020-04,2239,384,1.85937500015625,17.150513622152747,False
Ivory Coast,2020-05,2120,362,1.5773480657071823,17.07547169811321,False
Ivory Coast,2020-06,2167,375,1.471999999456,17.305029995385325,False
Ivory Coast,2020-07,2111,310,1.4354838703903228,14.684983420180009,False
Ivory Coast,2020-08,2114,269,1.4907063197843866,12.72469252601703,False
Ivory Coast,2020-09,1976,304,1.4473684213815787,15.384615384615385,False
Ivory Coast,2020-10,2289,333,1.39939939996997,14.5478374836173,False
Ivory Coast,2020-11,1967,238,1.4411764708193278,12.099644128113878,False
Ivory Coast,2020-12,2058,323,1.3931888544303406,15.694849368318756,False
Ivory Coast,2021-01,2080,336,1.4285714284642859,16.153846153846153,False
Ivory Coast,2021-02,1989,340,1.4823529409411762,17.094017094017094,False
Ivory Coast,2021-03,1843,287,1.4285714287108011,15.572436245252305,False
Ivory Coast,2021-04,1544,269,1.5018587362044609,17.422279792746114,False
Ivory Coast,2021-05,1938,380,1.542105263173684,19.607843137254903,False
Ivory Coast,2021-06,1992,404,1.534653464789604,20.281124497991968,False
Ivory Coast,2021-07,2107,401,1.588528678254364,19.031798766018035,False
Ivory Coast,2021-08,2199,379,1.525065962353562,17.23510686675762,False
Ivory Coast,2021-09,2160,366,1.3524590159999998,16.944444444444443,False
Ivory Coast,2021-10,2062,405,1.3925925929925926,19.64112512124151,False
Ivory Coast,2021-11,2039,411,1.3187347931873479,20.156939676311918,False
Ivory Coast,2021-12,2021,347,1.331412104184438,17.169717961405244,False
Ivory Coast,2022-01,1936,301,1.4518272425946843,15.547520661157025,False
Ivory Coast,2022-02,1847,348,1.3678160915000002,18.841364374661612,False
Ivory Coast,2022-03,1978,395,1.4278481007822783,19.969666329625884,False
Ivory Coast,2022-04,1806,334,1.4191616761377246,18.49390919158361,False
Ivory Coast,2022-05,1903,363,1.3526170801570248,19.07514450867052,False
Ivory Coast,2022-06,1980,414,1.3405797097826087,20.90909090909091,False
Ivory Coast,2022-07,2094,391,1.35294117586445,18.672397325692454,False
Ivory Coast,2022-08,2057,347,1.3948126799769451,16.869227029654837,False
Ivory Coast,2022-09,2009,374,1.3609625674652408,18.616226978596316,False
Ivory Coast,2022-10,2056,403,1.292803970759305,19.601167315175097,False
Ivory Coast,2022-11,2038,388,1.3324742272860823,19.038272816486753,False
Ivory Coast,2022-12,1900,327,1.2232415908562688,17.210526315789473,False
Ivory Coast,2023-01,1860,302,1.3708609266754965,16.236559139784948,False
Ivory Coast,2023-02,1782,321,1.3052959507102806,18.013468013468014,False
Ivory Coast,2023-03,1750,308,1.2564935060064935,17.6,False
Ivory Coast,2023-04,1685,311,1.3922829578456588,18.456973293768545,False
Ivory Coast,2023-05,1855,322,1.1987577638975153,17.358490566037737,False
Ivory Coast,2023-06,1851,324,1.2469135795987656,17.504051863857374,False
Ivory Coast,2023-07,1808,294,1.1870748297959184,16.261061946902654,False
Ivory Coast,2023-08,2057,274,1.2408759124233577,13.32036947010209,False
Ivory Coast,2023-09,2011,328,1.3140243901951218,16.310293386374937,False
Ivory Coast,2023-10,2183,337,1.2611275970029672,15.437471369674759,False
Ivory Coast,2023-11,2296,397,1.198992443,17.290940766550523,False
Ivory Coast,2023-12,3586,650,1.1784615388246151,18.126045733407697,False
Ivory Coast,2024-01,3486,529,1.1814744807032136,15.174985656913368,False
Ivory Coast,2024-02,3238,499,1.1743486977114226,15.410747374922792,False
Ivory Coast,2024-03,3608,641,1.1684867396255851,17.766075388026607,False
Ivory Coast,2024-04,3174,567,1.2310405646843035,17.86389413988658,False
Ivory Coast,2024-05,3726,748,1.1417112301470589,20.075147611379496,False
Ivory Coast,2024-06,3658,694,1.1599423633890489,18.972115910333514,False
Ivory Coast,2024-07,3784,727,1.1623108661348005,19.212473572938688,False
Ivory Coast,2024-08,3547,600,1.1649999994933333,16.91570341133352,False
Ivory Coast,2024-09,3407,643,1.1788491445629858,18.87290871734664,False
Ivory Coast,2024-10,3507,725,1.162758620241379,20.672939834616482,False
Ivory Coast,2024-11,3363,663,1.1704374062202112,19.714540588760034,False
Ivory Coast,2024-12,3674,805,1.2260869563080745,21.91072400653239,False
Ivory Coast,2025-01,3824,851,1.2397179791868391,22.25418410041841,False
Ivory Coast,2025-02,3894,924,1.218614719047619,23.728813559322035,False
Ivory Coast,2025-03,4450,1096,1.1861313866715328,24.629213483146067,False
Ivory Coast,2025-04,4652,1300,1.2423076919507692,27.944969905417025,False
Ivory Coast,2025-05,4349,1132,1.2217314492438165,26.02897217751207,False
Ivory Coast,2025-06,4261,931,1.204081632585392,21.849331142924196,False
Ivory Coast,2025-07,4269,990,1.168686868779798,23.190442726633872,False
Ivory Coast,2025-08,4262,854,1.1838407490398126,20.03754106053496,False
Ivory Coast,2025-09,4419,917,1.2017448203729553,20.751301199366374,False
Ivory Coast,2025-10,4422,908,1.1707048454118942,20.533695160560832,False
Ivory Coast,2025-11,3679,802,1.1982543644912718,21.799402011416145,False
Ivory Coast,2025-12,3796,814,1.1572481572481572,21.443624868282402,False
Kenya,2015-01,1936,339,1.2802359886430676,17.510330578512395,False
Kenya,2015-02,1829,340,1.2911764709,18.58939311098961,False
Kenya,2015-03,1885,384,1.2343750002890628,20.371352785145888,False
Kenya,2015-04,1861,343,1.2886297372536442,18.430951101558303,False
Kenya,2015-05,1832,353,1.3541076483626062,19.268558951965066,False
Kenya,2015-06,2072,481,1.3014553010893972,23.214285714285715,False
Kenya,2015-07,1992,433,1.279445726960739,21.73694779116466,False
Kenya,2015-08,1734,382,1.2591623031623036,22.029988465974625,False
Kenya,2015-09,1774,354,1.3022598867683615,19.95490417136415,False
Kenya,2015-10,1823,370,1.3135135131135134,20.29621503017005,False
Kenya,2015-11,1923,396,1.3005050505555555,20.59282371294852,False
Kenya,2015-12,1740,344,1.3168604647732558,19.770114942528735,False
Kenya,2016-01,1757,316,1.3987341773449369,17.98520204894707,False
Kenya,2016-02,1899,361,1.337950138836565,19.010005265929436,False
Kenya,2016-03,1978,409,1.3520782394376527,20.677451971688573,False
Kenya,2016-04,1795,365,1.4246575337041094,20.33426183844011,False
Kenya,2016-05,1818,352,1.3636363636931819,19.36193619361936,False
Kenya,2016-06,1884,334,1.3443113767485029,17.72823779193206,False
Kenya,2016-07,1935,390,1.3846153850871794,20.155038759689923,False
Kenya,2016-08,2052,459,1.4575163395729849,22.36842105263158,False
Kenya,2016-09,2106,449,1.492204899648107,21.320037986704655,False
Kenya,2016-10,2009,390,1.3641025642666667,19.412643106022898,False
Kenya,2016-11,2040,458,1.4366812230567685,22.45098039215686,False
Kenya,2016-12,1873,350,1.4400000003657143,18.686599038974908,False
Kenya,2017-01,2018,443,1.4537246044920995,21.952428146679882,False
Kenya,2017-02,1938,430,1.3930232562976745,22.187822497420022,False
Kenya,2017-03,2192,521,1.3685220726295586,23.76824817518248,False
Kenya,2017-04,2239,382,1.4031413612434553,17.0611880303707,False
Kenya,2017-05,2354,514,1.4046692608715954,21.83517417162277,False
Kenya,2017-06,2327,480,1.3791666663916666,20.62741727546197,False
Kenya,2017-07,2471,552,1.373188405570652,22.33913395386483,False
Kenya,2017-08,2453,485,1.4164948448824741,19.771708112515288,False
Kenya,2017-09,2545,519,1.3680154145356453,20.392927308447938,False
Kenya,2017-10,2454,471,1.5116772822399152,19.193154034229828,False
Kenya,2017-11,2559,565,1.4106194690566372,22.07893708479875,False
Kenya,2017-12,2387,536,1.4011194028358207,22.45496439044826,False
Kenya,2018-01,2708,653,1.3384379790842265,24.11373707533235,False
Kenya,2018-02,2993,566,1.309187279042403,18.910791847644504,False
Kenya,2018-03,2987,611,1.386252045564648,20.455306327418814,False
Kenya,2018-04,2811,539,1.3376623374693877,19.174670935610102,False
Kenya,2018-05,3210,626,1.3322683707651757,19.501557632398754,False
Kenya,2018-06,2902,578,1.3062283735986158,19.917298414886286,False
Kenya,2018-07,2938,603,1.288557213888889,20.524166099387337,False
Kenya,2018-08,3135,618,1.2847896439514563,19.71291866028708,False
Kenya,2018-09,2947,727,1.2833562582530949,24.669155072955547,False
Kenya,2018-10,3151,647,1.3013910354296754,20.53316407489686,False
Kenya,2018-11,2800,488,1.303278688170082,17.428571428571427,False
Kenya,2018-12,2257,464,1.3642241380387932,20.558263181214002,False
Kenya,2019-01,3094,755,1.384105960365563,24.402068519715577,False
Kenya,2019-02,2993,693,1.3116883119437228,23.154026060808555,False
Kenya,2019-03,3232,928,1.1918103445700432,28.712871287128714,False
Kenya,2019-04,3048,705,1.2765957448312055,23.12992125984252,False
Kenya,2019-05,3424,832,1.318509615472356,24.299065420560748,False
Kenya,2019-06,3606,839,1.3730631707294398,23.26677759290072,False
Kenya,2019-07,3983,923,1.3131094258634886,23.173487321114738,False
Kenya,2019-08,3875,896,1.3448660714821428,23.12258064516129,False
Kenya,2019-09,3352,774,1.3798449608604653,23.09069212410501,False
Kenya,2019-10,3279,709,1.3892806774189,21.622445867642575,False
Kenya,2019-11,3177,671,1.3994038751490314,21.120553981743782,False
Kenya,2019-12,2603,587,1.4565587739659283,22.550902804456396,False
Kenya,2020-01,3369,722,1.4349030472506925,21.43069159988127,False
Kenya,2020-02,3189,750,1.4199999996613335,23.51834430856068,False
Kenya,2020-03,3351,820,1.71707317027439,24.470307370934048,False
Kenya,2020-04,3281,740,1.7986486487837838,22.554099359951234,False
Kenya,2020-05,3301,678,1.6548672563923303,20.539230536201153,False
Kenya,2020-06,3627,788,1.5862944165228425,21.72594430658947,False
Kenya,2020-07,3457,810,1.580246913888889,23.430720277697425,False
Kenya,2020-08,3421,834,1.529976019408873,24.378836597486114,False
Kenya,2020-09,3798,927,1.4617044223592233,24.407582938388625,False
Kenya,2020-10,3634,846,1.4751773051926713,23.280132085855808,False
Kenya,2020-11,3694,842,1.4821852736045131,22.793719545208447,False
Kenya,2020-12,2967,757,1.4491413473130779,25.513987192450287,False
Kenya,2021-01,2707,760,1.5039473688828946,28.075360177318064,False
Kenya,2021-02,1694,329,1.2948328269452887,19.421487603305785,False
Kenya,2021-03,2249,471,1.399150743329087,20.942641173855048,False
Kenya,2021-04,2351,518,1.517374517,22.033177371331348,False
Kenya,2021-05,2004,356,1.362359550738764,17.764471057884233,False
Kenya,2021-06,2023,334,1.3413173654371258,16.510133465150766,False
Kenya,2021-07,2570,570,1.428070175263158,22.17898832684825,False
Kenya,2021-08,2472,515,1.4640776702912621,20.833333333333332,False
Kenya,2021-09,2591,619,1.4151857835315025,23.89038981088383,False
Kenya,2021-10,1920,350,1.29142857172,18.229166666666668,False
Kenya,2021-11,1957,412,1.315533981067961,21.05263157894737,False
Kenya,2021-12,2267,533,1.4221388371106942,23.511248345831497,False
Kenya,2022-01,1905,331,1.3202416920664652,17.3753280839895,False
Kenya,2022-02,1870,330,1.2969696968484847,17.647058823529413,False
Kenya,2022-03,2932,774,1.5116279071627907,26.398362892223737,False
Kenya,2022-04,2734,695,1.5812949635251796,25.420629114850037,False
Kenya,2022-05,1879,367,1.2506811985694823,19.53166577967004,False
Kenya,2022-06,2017,423,1.2742316781583924,20.971740208230045,False
Kenya,2022-07,2003,343,1.3265306120583091,17.124313529705443,False
Kenya,2022-08,3187,652,1.434049079697853,20.458111076247256,False
Kenya,2022-09,2279,513,1.292397661,22.509872751206668,False
Kenya,2022-10,2208,532,1.302631579,24.094202898550726,False
Kenya,2022-11,2235,568,1.350352113,25.41387024608501,False
Kenya,2022-12,2215,492,1.343495935,22.21218961625282,False
Kenya,2023-01,2405,500,1.292,20.79002079002079,False
Kenya,2023-02,2234,561,1.368983957,25.11190689346464,False
Kenya,2023-03,2461,660,1.318181818,26.81836651767574,False
Kenya,2023-04,2414,507,1.347140039,21.002485501242752,False
Kenya,2023-05,2424,579,1.30224525,23.886138613861387,False
Kenya,2023-06,2271,474,1.303797468,20.871862615587848,False
Kenya,2023-07,3041,905,1.351381215,29.759947385728378,False
Kenya,2023-08,2323,513,1.251461988,22.083512699095998,False
Kenya,2023-09,2410,503,1.363817097,20.87136929460581,False
Kenya,2023-10,2224,460,1.269565217,20.68345323741007,False
Kenya,2023-11,2836,808,1.3081683169999998,28.49083215796897,False
Kenya,2023-12,2024,441,1.249433106834467,21.788537549407113,False
Kenya,2024-01,3252,635,1.384251969,19.526445264452644,False
Kenya,2024-02,2599,412,1.274271845,15.852250865717584,False
Kenya,2024-03,3251,662,1.3021148033474321,20.362965241464163,False
Kenya,2024-04,2675,411,1.3163017035815086,15.36448598130841,False
Kenya,2024-05,3210,701,1.383737518,21.838006230529594,False
Kenya,2024-06,2679,520,1.261538462,19.410227696901828,False
Kenya,2024-07,3133,766,1.343342037,24.449409511650174,False
Kenya,2024-08,3082,737,1.297150611,23.91304347826087,False
Kenya,2024-09,2990,669,1.355754858,22.37458193979933,False
Kenya,2024-10,2808,583,1.320754717,20.762108262108264,False
Kenya,2024-11,2722,655,1.352671756,24.063188831741368,False
Kenya,2024-12,2304,495,1.274747475,21.484375,False
Kenya,2025-01,2900,622,1.3392282961800643,21.448275862068964,False
Kenya,2025-02,3171,745,1.4040268459463088,23.49416587827184,False
Kenya,2025-03,3103,699,1.3791130190271816,22.52658717370287,False
Kenya,2025-04,2739,694,1.40778098,25.337714494341,False
Kenya,2025-05,3138,898,1.34298441,28.616953473550033,False
Kenya,2025-06,3107,834,1.412470024,26.842613453492113,False
Kenya,2025-07,3300,970,1.4226804120000003,29.393939393939394,False
Kenya,2025-08,3285,989,1.371081901,30.106544901065448,False
Kenya,2025-09,3098,951,1.449001052,30.697224015493866,False
Kenya,2025-10,3154,931,1.409237379,29.518072289156628,False
Kenya,2025-11,3031,903,1.410852713,29.792147806004618,False
Kenya,2025-12,3367,1294,1.4698608959752706,38.43183843183843,False
Lesotho,2015-01,146,53,1.6415094336792453,36.3013698630137,False
Lesotho,2015-02,230,74,1.459459459,32.17391304347826,False
Lesotho,2015-03,237,82,1.365853659,34.59915611814346,False
Lesotho,2015-04,171,67,1.52238806,39.1812865497076,False
Lesotho,2015-05,240,89,1.213483146,37.083333333333336,False
Lesotho,2015-06,246,90,1.333333333,36.58536585365854,False
Lesotho,2015-07,255,87,1.4482758618850575,34.11764705882353,False
Lesotho,2015-08,241,78,1.371794872,32.365145228215766,False
Lesotho,2015-09,241,82,1.390243902,34.024896265560166,False
Lesotho,2015-10,281,94,1.3617021280000001,33.45195729537367,False
Lesotho,2015-11,276,89,1.393258427,32.2463768115942,False
Lesotho,2015-12,227,85,1.552941176,37.44493392070485,False
Lesotho,2016-01,208,65,1.4,31.25,False
Lesotho,2016-02,258,90,1.366666667,34.883720930232556,False
Lesotho,2016-03,247,107,1.448598131,43.31983805668016,False
Lesotho,2016-04,267,110,1.372727273,41.19850187265918,False
Lesotho,2016-05,232,95,1.221052632,40.94827586206897,False
Lesotho,2016-06,227,80,1.3,35.242290748898675,False
Lesotho,2016-07,240,84,1.321428571,35.0,False
Lesotho,2016-08,205,81,1.1975308647160494,39.51219512195122,False
Lesotho,2016-09,266,116,1.155172413448276,43.609022556390975,False
Lesotho,2016-10,259,96,1.35416666675,37.06563706563706,False
Lesotho,2016-11,238,95,1.326315789336842,39.91596638655462,False
Lesotho,2016-12,207,86,1.290697674,41.54589371980676,False
Lesotho,2017-01,221,88,1.295454545,39.81900452488688,False
Lesotho,2017-02,260,105,1.266666667,40.38461538461539,False
Lesotho,2017-03,254,114,1.429824561,44.881889763779526,False
Lesotho,2017-04,206,87,1.2988505748965518,42.23300970873787,False
Lesotho,2017-05,288,125,1.46399999968,43.40277777777778,False
Lesotho,2017-06,309,107,1.373831776,34.627831715210355,False
Lesotho,2017-07,238,78,1.3205128203076923,32.773109243697476,False
Lesotho,2017-08,337,125,1.224,37.0919881305638,False
Lesotho,2017-09,330,113,1.3628318580265486,34.24242424242424,False
Lesotho,2017-10,319,132,1.310606060840909,41.37931034482759,False
Lesotho,2017-11,281,116,1.405172414051724,41.281138790035584,False
Lesotho,2017-12,245,91,1.340659340296703,37.142857142857146,False
Lesotho,2018-01,220,85,1.294117647,38.63636363636363,False
Lesotho,2018-02,250,107,1.196261682,42.8,False
Lesotho,2018-03,278,134,1.21641791,48.201438848920866,False
Lesotho,2018-04,153,54,1.314814815,35.294117647058826,False
Lesotho,2018-05,292,129,1.364341085,44.178082191780824,False
Lesotho,2018-06,251,116,1.155172414,46.21513944223108,False
Lesotho,2018-07,247,100,1.13,40.48582995951417,False
Lesotho,2018-08,262,106,1.226415094,40.458015267175576,False
Lesotho,2018-09,228,96,1.177083333,42.10526315789474,False
Lesotho,2018-10,236,106,1.169811321,44.91525423728814,False
Lesotho,2018-11,218,87,1.1954022986666666,39.908256880733944,False
Lesotho,2018-12,197,83,1.34939759,42.131979695431475,False
Lesotho,2019-01,186,71,1.366197183,38.17204301075269,False
Lesotho,2019-02,287,132,1.3333333336666668,45.99303135888502,False
Lesotho,2019-03,384,176,1.369318182,45.833333333333336,False
Lesotho,2019-04,371,147,1.421768707,39.62264150943396,False
Lesotho,2019-05,380,168,1.5952380949047618,44.21052631578947,False
Lesotho,2019-06,276,104,1.586538462,37.68115942028985,False
Lesotho,2019-07,309,137,1.4379562046861314,44.336569579288025,False
Lesotho,2019-08,320,134,1.253731343,41.875,False
Lesotho,2019-09,313,111,1.279279279,35.46325878594249,False
Lesotho,2019-10,291,127,1.3700787401574803,43.6426116838488,False
Lesotho,2019-11,318,152,1.3618421053486842,47.79874213836478,False
Lesotho,2019-12,176,73,1.315068493,41.47727272727273,False
Lesotho,2020-01,106,42,1.380952381,39.62264150943396,False
Lesotho,2020-02,267,121,1.363636363966942,45.3183520599251,False
Lesotho,2020-03,290,152,1.4736842102302632,52.41379310344828,False
Lesotho,2020-04,240,116,1.7758620685517241,48.333333333333336,False
Lesotho,2020-05,237,122,1.6311475409836065,51.47679324894515,False
Lesotho,2020-06,404,186,1.4462365587580646,46.039603960396036,False
Lesotho,2020-07,379,149,1.630872483557047,39.31398416886544,False
Lesotho,2020-08,451,200,1.62,44.34589800443459,False
Lesotho,2020-09,447,185,1.432432432,41.38702460850112,False
Lesotho,2020-10,387,188,1.3723404257180853,48.57881136950905,False
Lesotho,2020-11,254,111,1.45045045,43.7007874015748,False
Lesotho,2020-12,284,118,1.296610169,41.54929577464789,False
Lesotho,2021-01,436,148,1.513513514,33.944954128440365,False
Lesotho,2021-02,478,169,1.366863905,35.35564853556485,False
Lesotho,2021-03,535,224,1.410714286,41.86915887850467,False
Lesotho,2021-04,462,205,1.2780487806487804,44.37229437229437,False
Lesotho,2021-05,474,227,1.396475771,47.89029535864979,False
Lesotho,2021-06,524,220,1.263636363722727,41.98473282442748,False
Lesotho,2021-07,502,201,1.3781094531343283,40.0398406374502,False
Lesotho,2021-08,626,224,1.4062500003928573,35.78274760383387,False
Lesotho,2021-09,398,183,1.3278688522240436,45.97989949748744,False
Lesotho,2021-10,350,182,1.3021978024395604,52.0,False
Lesotho,2021-11,389,161,1.3602484475776397,41.38817480719794,False
Lesotho,2021-12,281,134,1.2761194023432836,47.686832740213525,False
Lesotho,2022-01,518,201,1.3532338307363185,38.803088803088805,False
Lesotho,2022-02,448,164,1.3597560975243903,36.607142857142854,False
Lesotho,2022-03,416,206,1.2233009706504854,49.51923076923077,False
Lesotho,2022-04,314,160,1.393750000175,50.955414012738856,False
Lesotho,2022-05,355,163,1.2944785276380368,45.91549295774648,False
Lesotho,2022-06,353,153,1.3921568631503267,43.342776203966004,False
Lesotho,2022-07,434,200,1.305,46.08294930875576,False
Lesotho,2022-08,421,206,1.3592233005145633,48.93111638954869,False
Lesotho,2022-09,273,120,1.541666667,43.956043956043956,False
Lesotho,2022-10,194,99,1.3232323236767678,51.03092783505155,False
Lesotho,2022-11,364,199,1.4271356783919598,54.67032967032967,False
Lesotho,2022-12,118,67,1.313432836,56.779661016949156,False
Lesotho,2023-01,178,84,1.30952381,47.19101123595506,False
Lesotho,2023-02,210,122,1.442622951,58.095238095238095,False
Lesotho,2023-03,316,165,1.2121212116242424,52.21518987341772,False
Lesotho,2023-04,197,91,1.340659341,46.192893401015226,False
Lesotho,2023-05,308,165,1.303030303,53.57142857142857,False
Lesotho,2023-06,610,242,1.3140495869421487,39.67213114754098,False
Lesotho,2023-07,586,212,1.2499999999198113,36.177474402730375,False
Lesotho,2023-08,354,218,1.270642202,61.5819209039548,False
Lesotho,2023-09,344,203,1.394088669507389,59.01162790697674,False
Lesotho,2023-10,309,174,1.206896552,56.310679611650485,False
Lesotho,2023-11,647,254,1.4251968503740158,39.258114374034,False
Lesotho,2023-12,268,149,1.523489933,55.59701492537314,False
Lesotho,2024-01,492,166,1.307228916,33.739837398373986,False
Lesotho,2024-02,580,252,1.238095237936508,43.44827586206897,False
Lesotho,2024-03,594,241,1.315352697319502,40.572390572390574,False
Lesotho,2024-04,636,251,1.298804781,39.465408805031444,False
Lesotho,2024-05,650,269,1.286245353,41.38461538461539,False
Lesotho,2024-06,666,284,1.3485915491408451,42.64264264264264,False
Lesotho,2024-07,642,249,1.4216867469879517,38.78504672897196,False
Lesotho,2024-08,466,257,1.346303502,55.15021459227468,False
Lesotho,2024-09,551,286,1.43006993,51.90562613430127,False
Lesotho,2024-10,426,222,1.3828828824324324,52.11267605633803,False
Lesotho,2024-11,434,203,1.3596059110738916,46.774193548387096,False
Lesotho,2024-12,328,152,1.407894737,46.34146341463415,False
Lesotho,2025-01,563,162,1.3456790121358027,28.77442273534636,False
Lesotho,2025-02,405,220,1.418181818,54.32098765432099,False
Lesotho,2025-03,614,291,1.35738831628866,47.39413680781759,False
Lesotho,2025-04,716,356,1.466292134401685,49.720670391061454,False
Lesotho,2025-05,568,319,1.347962382445141,56.16197183098591,False
Lesotho,2025-06,603,352,1.488636364,58.37479270315091,False
Lesotho,2025-07,681,361,1.4432132961218838,53.010279001468426,False
Lesotho,2025-08,490,281,1.5160142347117438,57.3469387755102,False
Lesotho,2025-09,680,377,1.435013263,55.44117647058823,False
Lesotho,2025-10,632,310,1.470967742,49.050632911392405,False
Lesotho,2025-11,531,263,1.326996197961977,49.52919020715631,False
Lesotho,2025-12,408,217,1.4055299541474655,53.18627450980392,False
Liberia,2015-01,89,49,1.4693877550000003,55.056179775280896,True
Liberia,2015-02,89,49,1.4693877550000003,55.056179775280896,True
Liberia,2015-03,81,41,1.317073171,50.617283950617285,True
Liberia,2015-04,89,50,1.42,56.17977528089887,True
Liberia,2015-05,89,50,1.42,56.17977528089887,True
Liberia,2015-06,89,50,1.42,56.17977528089887,True
Liberia,2015-07,89,50,1.42,56.17977528089887,True
Liberia,2015-08,89,50,1.42,56.17977528089887,True
Liberia,2015-09,89,50,1.42,56.17977528089887,True
Liberia,2015-10,89,49,1.408163265,55.056179775280896,True
Liberia,2015-11,89,49,1.408163265,55.056179775280896,True
Liberia,2015-12,80,46,1.282608696,57.5,True
Liberia,2016-01,89,54,1.351851852,60.674157303370784,True
Liberia,2016-02,89,55,1.345454545,61.79775280898876,True
Liberia,2016-03,189,106,1.4528301889999997,56.08465608465608,False
Liberia,2016-04,349,215,1.497674419,61.60458452722063,False
Liberia,2016-05,400,227,1.4625550659999997,56.75,False
Liberia,2016-06,407,215,1.43255814,52.825552825552826,False
Liberia,2016-07,370,214,1.439252336,57.83783783783784,False
Liberia,2016-08,367,220,1.645454545,59.94550408719346,False
Liberia,2016-09,376,220,1.563636364,58.51063829787234,False
Liberia,2016-10,321,179,1.379888268,55.76323987538941,False
Liberia,2016-11,316,171,1.304093567,54.11392405063291,False
Liberia,2016-12,311,172,1.424418605,55.30546623794212,False
Liberia,2017-01,423,258,1.465116279,60.99290780141844,False
Liberia,2017-02,304,183,1.382513661,60.19736842105263,False
Liberia,2017-03,348,195,1.364102564,56.03448275862069,False
Liberia,2017-04,335,188,1.4627659569999998,56.11940298507463,False
Liberia,2017-05,337,191,1.361256545,56.676557863501486,False
Liberia,2017-06,414,232,1.413793103,56.03864734299517,False
Liberia,2017-07,407,225,1.2844444439999998,55.28255528255528,False
Liberia,2017-08,430,213,1.309859155,49.53488372093023,False
Liberia,2017-09,393,202,1.391089109,51.399491094147585,False
Liberia,2017-10,368,154,1.422077922,41.84782608695652,False
Liberia,2017-11,354,173,1.468208092,48.87005649717514,False
Liberia,2017-12,334,172,1.325581395,51.49700598802395,False
Liberia,2018-01,530,253,1.434782609,47.735849056603776,False
Liberia,2018-02,525,254,1.42519685,48.38095238095238,False
Liberia,2018-03,641,334,1.30239521,52.106084243369736,False
Liberia,2018-04,587,251,1.410358566,42.759795570698465,False
Liberia,2018-05,542,272,1.419117647,50.18450184501845,False
Liberia,2018-06,498,266,1.409774436,53.4136546184739,False
Liberia,2018-07,540,298,1.412751678,55.18518518518518,False
Liberia,2018-08,548,263,1.463878327,47.99270072992701,False
Liberia,2018-09,489,285,1.378947368,58.282208588957054,False
Liberia,2018-10,581,305,1.367213115,52.49569707401033,False
Liberia,2018-11,666,335,1.319402985,50.3003003003003,False
Liberia,2018-12,651,315,1.3777777772952382,48.38709677419355,False
Liberia,2019-01,679,322,1.397515528,47.422680412371136,False
Liberia,2019-02,651,298,1.399328859,45.775729646697386,False
Liberia,2019-03,683,350,1.471428571,51.24450951683748,False
Liberia,2019-04,680,320,1.390625,47.05882352941177,False
Liberia,2019-05,699,380,1.4052631579999997,54.36337625178827,False
Liberia,2019-06,706,382,1.426701571,54.107648725212464,False
Liberia,2019-07,749,360,1.316666667,48.06408544726302,False
Liberia,2019-08,816,374,1.318181818,45.833333333333336,False
Liberia,2019-09,620,306,1.385620915,49.354838709677416,False
Liberia,2019-10,756,423,1.4184397160000002,55.95238095238095,False
Liberia,2019-11,647,342,1.347953216,52.85935085007728,False
Liberia,2019-12,569,336,1.485119048,59.05096660808436,False
Liberia,2020-01,507,265,1.479245283,52.26824457593688,False
Liberia,2020-02,660,347,1.507204611,52.57575757575758,False
Liberia,2020-03,457,199,1.386934673,43.544857768052516,False
Liberia,2020-04,518,224,2.165178571,43.24324324324324,False
Liberia,2020-05,491,244,1.922131148,49.69450101832994,False
Liberia,2020-06,1158,480,1.652083333,41.45077720207254,False
Liberia,2020-07,1086,470,1.493617021,43.278084714548804,False
Liberia,2020-08,983,406,1.4926108375812808,41.30213631739573,False
Liberia,2020-09,911,394,1.373096447,43.24917672886937,False
Liberia,2020-10,933,448,1.424107143,48.01714898177921,False
Liberia,2020-11,804,373,1.36997319,46.39303482587065,False
Liberia,2020-12,762,301,1.4784053155614618,39.501312335958005,False
Liberia,2021-01,711,342,1.464912281,48.10126582278481,False
Liberia,2021-02,465,205,1.429268293,44.086021505376344,False
Liberia,2021-03,634,299,1.357859532,47.1608832807571,False
Liberia,2021-04,586,238,1.457983193,40.61433447098976,False
Liberia,2021-05,504,265,1.381132075,52.57936507936508,False
Liberia,2021-06,512,240,1.4833333335041665,46.875,False
Liberia,2021-07,593,298,1.536912752,50.252951096121414,False
Liberia,2021-08,594,288,1.329861111,48.484848484848484,False
Liberia,2021-09,586,264,1.443181818,45.051194539249146,False
Liberia,2021-10,583,250,1.3640000002039998,42.88164665523156,False
Liberia,2021-11,512,260,1.376923077,50.78125,False
Liberia,2021-12,578,278,1.402877698086331,48.09688581314879,False
Liberia,2022-01,635,286,1.440559441,45.039370078740156,False
Liberia,2022-02,572,260,1.3769230774,45.45454545454545,False
Liberia,2022-03,589,269,1.498141264,45.67062818336163,False
Liberia,2022-04,616,264,1.4734848482765153,42.857142857142854,False
Liberia,2022-05,481,220,1.290909091,45.73804573804574,False
Liberia,2022-06,642,307,1.358306189,47.81931464174455,False
Liberia,2022-07,629,293,1.453924915,46.5818759936407,False
Liberia,2022-08,666,337,1.400593472,50.6006006006006,False
Liberia,2022-09,765,385,1.4467532467194804,50.326797385620914,False
Liberia,2022-10,688,320,1.437499999753125,46.51162790697674,False
Liberia,2022-11,687,335,1.337313433,48.7627365356623,False
Liberia,2022-12,723,363,1.4214876034820936,50.20746887966805,False
Liberia,2023-01,706,327,1.366972477,46.31728045325779,False
Liberia,2023-02,708,324,1.429012346,45.76271186440678,False
Liberia,2023-03,726,309,1.4012944988511327,42.56198347107438,False
Liberia,2023-04,440,206,1.3009708740000003,46.81818181818182,False
Liberia,2023-05,715,319,1.266457680047022,44.61538461538461,False
Liberia,2023-06,576,289,1.411764706,50.173611111111114,False
Liberia,2023-07,695,341,1.3137829911260996,49.064748201438846,False
Liberia,2023-08,819,348,1.439655172,42.49084249084249,False
Liberia,2023-09,842,379,1.3614775730131927,45.01187648456057,False
Liberia,2023-10,683,230,1.313043478573913,33.674963396778914,False
Liberia,2023-11,833,314,1.343949045,37.69507803121248,False
Liberia,2023-12,643,310,1.3741935483870968,48.211508553654745,False
Liberia,2024-01,688,313,1.4249201278146966,45.49418604651163,False
Liberia,2024-02,752,341,1.392961877,45.34574468085106,False
Liberia,2024-03,739,367,1.4223433240762942,49.6617050067659,False
Liberia,2024-04,679,313,1.370607029,46.09720176730486,False
Liberia,2024-05,594,298,1.4362416102953022,50.168350168350166,False
Liberia,2024-06,444,242,1.3223140494380166,54.5045045045045,False
Liberia,2024-07,464,283,1.3710247353639575,60.991379310344826,False
Liberia,2024-08,454,245,1.375510204244898,53.9647577092511,False
Liberia,2024-09,412,243,1.3703703703539094,58.980582524271846,False
Liberia,2024-10,484,268,1.410447761108209,55.37190082644628,False
Liberia,2024-11,537,318,1.481132075,59.21787709497207,False
Liberia,2024-12,457,254,1.566929134,55.57986870897155,False
Liberia,2025-01,561,280,1.3857142857035714,49.91087344028521,False
Liberia,2025-02,677,361,1.4487534630000003,53.32348596750369,False
Liberia,2025-03,695,355,1.4563380279999998,51.07913669064748,False
Liberia,2025-04,714,322,1.4378881985527951,45.09803921568628,False
Liberia,2025-05,777,392,1.375000000234694,50.450450450450454,False
Liberia,2025-06,738,413,1.462469733801453,55.96205962059621,False
Liberia,2025-07,712,419,1.453460621,58.848314606741575,False
Liberia,2025-08,678,384,1.473958333,56.63716814159292,False
Liberia,2025-09,797,406,1.4482758618940887,50.94102885821832,False
Liberia,2025-10,734,446,1.367713004,60.762942779291556,False
Liberia,2025-11,702,417,1.482014388,59.401709401709404,False
Liberia,2025-12,917,536,1.524253731511194,58.45147219193021,False
Libya,2015-01,1581,82,1.756097561,5.186590765338393,False
Libya,2015-02,1938,75,1.6,3.869969040247678,False
Libya,2015-03,2163,70,1.542857143,3.236245954692557,False
Libya,2015-04,2041,76,1.486842105,3.7236648701616852,False
Libya,2015-05,1686,54,1.425925926,3.202846975088968,False
Libya,2015-06,1376,67,1.597014925,4.869186046511628,False
Libya,2015-07,1613,52,1.5,3.223806571605704,False
Libya,2015-08,1573,61,1.6557377050000002,3.877940241576605,False
Libya,2015-09,1569,59,1.440677966,3.760356915232632,False
Libya,2015-10,1487,48,1.375,3.2279757901815738,False
Libya,2015-11,1792,49,1.4693877550000003,2.734375,False
Libya,2015-12,4393,105,1.5047619050000003,2.3901661734577737,False
Libya,2016-01,5399,148,1.601351351,2.7412483793295053,False
Libya,2016-02,2763,129,1.472868217,4.668838219326819,False
Libya,2016-03,3344,147,1.666666667,4.395933014354067,False
Libya,2016-04,2544,191,1.476439791,7.5078616352201255,False
Libya,2016-05,2250,111,1.333333333,4.933333333333334,False
Libya,2016-06,2073,90,1.766666667,4.341534008683068,False
Libya,2016-07,1975,97,1.855670103,4.9113924050632916,False
Libya,2016-08,2038,89,1.337078652,4.36702649656526,False
Libya,2016-09,1879,128,1.5625,6.812134113890367,False
Libya,2016-10,2145,103,1.524271845,4.801864801864802,False
Libya,2016-11,2084,91,1.703296703,4.366602687140115,False
Libya,2016-12,1180,79,1.518987342,6.694915254237288,False
Libya,2017-01,1855,112,1.669642857,6.037735849056604,False
Libya,2017-02,1792,78,1.3333333330000001,4.352678571428571,False
Libya,2017-03,1986,147,1.401360544,7.401812688821752,False
Libya,2017-04,1830,144,1.465277778,7.868852459016393,False
Libya,2017-05,2273,200,1.45,8.798944126704795,False
Libya,2017-06,1814,119,1.420168067,6.560088202866593,False
Libya,2017-07,2628,162,1.469135802,6.164383561643835,False
Libya,2017-08,2327,137,1.481751825,5.8874086807047705,False
Libya,2017-09,3147,119,1.43697479,3.7813790911979663,False
Libya,2017-10,2301,121,1.429752066,5.258583224684919,False
Libya,2017-11,2161,121,1.363636364,5.599259602036095,False
Libya,2017-12,1907,142,1.387323944,7.446250655479811,False
Libya,2018-01,2436,82,1.487804878,3.3661740558292284,False
Libya,2018-02,2327,79,1.291139241,3.3949290932531158,False
Libya,2018-03,2527,99,1.3232323230000003,3.917688959240206,False
Libya,2018-04,2174,91,1.538461538,4.185832566697332,False
Libya,2018-05,1768,103,1.553398058,5.82579185520362,False
Libya,2018-06,1565,89,1.528089888,5.686900958466453,False
Libya,2018-07,1617,88,1.511363636,5.442176870748299,False
Libya,2018-08,1613,70,1.442857143,4.3397396156230625,False
Libya,2018-09,1564,81,1.530864198,5.179028132992327,False
Libya,2018-10,1784,48,1.5833333335,2.690582959641256,False
Libya,2018-11,2052,88,1.420454545,4.288499025341131,False
Libya,2018-12,9952,62,1.596774194,0.6229903536977492,False
Libya,2019-01,6851,89,1.471910112,1.299080426215151,False
Libya,2019-02,6145,79,1.443037975,1.2855980471928397,False
Libya,2019-03,6258,69,1.492753623,1.102588686481304,False
Libya,2019-04,2675,44,1.636363636,1.644859813084112,False
Libya,2019-05,7233,60,1.566666667,0.8295313148071339,False
Libya,2019-06,7344,60,1.566666667,0.8169934640522876,False
Libya,2019-07,5471,94,1.5319148939999998,1.7181502467556204,False
Libya,2019-08,4890,63,1.555555556,1.2883435582822085,False
Libya,2019-09,5381,67,1.447761194,1.245121724586508,False
Libya,2019-10,6003,101,1.376237624,1.6824920872896885,False
Libya,2019-11,5588,59,1.423728814,1.055833929849678,False
Libya,2019-12,6068,69,1.246376812,1.1371127224785762,False
Libya,2020-01,6464,52,1.576923077,0.8044554455445545,False
Libya,2020-02,5863,80,1.375,1.364489169367218,False
Libya,2020-03,6983,130,1.430769231,1.8616640412430188,False
Libya,2020-04,6871,125,1.704,1.8192402852568768,False
Libya,2020-05,6588,153,1.8366013070000002,2.3224043715846996,False
Libya,2020-06,7241,171,1.701754386,2.361552271785665,False
Libya,2020-07,7177,173,1.7052023119999997,2.410477915563606,False
Libya,2020-08,6010,212,1.698113208,3.5274542429284526,False
Libya,2020-09,7212,219,1.7077625569999997,3.0366056572379367,False
Libya,2020-10,7744,203,1.541871921,2.6213842975206614,False
Libya,2020-11,7520,205,1.443902439,2.726063829787234,False
Libya,2020-12,7326,273,1.509157509,3.7264537264537263,False
Libya,2021-01,7341,226,1.504424779,3.0785996458248195,False
Libya,2021-02,2432,191,1.439790576,7.853618421052632,False
Libya,2021-03,3314,279,1.265232975,8.418829209414605,False
Libya,2021-04,3017,305,1.308196721,10.109380178985747,False
Libya,2021-05,2586,226,1.314159292,8.739365815931942,False
Libya,2021-06,2548,275,1.36,10.792778649921507,False
Libya,2021-07,2320,209,1.516746411,9.008620689655173,False
Libya,2021-08,2497,218,1.472477064,8.730476571886264,False
Libya,2021-09,2263,229,1.524017467,10.119310649580203,False
Libya,2021-10,2318,264,1.443181818,11.389128559102675,False
Libya,2021-11,2040,194,1.639175258,9.509803921568627,False
Libya,2021-12,2331,163,1.447852761,6.992706992706993,False
Libya,2022-01,2671,337,1.5578635010000002,12.616997379258704,False
Libya,2022-02,1833,156,1.621794872,8.51063829787234,False
Libya,2022-03,2136,160,1.7125,7.49063670411985,False
Libya,2022-04,1959,199,1.738693467,10.158244002041858,False
Libya,2022-05,2415,240,1.620833333,9.937888198757763,False
Libya,2022-06,2539,292,1.551369863,11.50059078377314,False
Libya,2022-07,2563,249,1.662650602,9.715177526336324,False
Libya,2022-08,2250,218,1.623853211,9.688888888888888,False
Libya,2022-09,2270,233,1.708154506,10.26431718061674,False
Libya,2022-10,2342,298,1.506711409,12.724167378309138,False
Libya,2022-11,2060,282,1.581560284,13.689320388349515,False
Libya,2022-12,2190,247,1.530364372,11.278538812785389,False
Libya,2023-01,2191,251,1.549800797,11.45595618439069,False
Libya,2023-02,1779,184,1.326086957,10.342889263631253,False
Libya,2023-03,2505,294,1.452380952,11.736526946107784,False
Libya,2023-04,2228,243,1.436213992,10.906642728904847,False
Libya,2023-05,2400,227,1.488986784,9.458333333333334,False
Libya,2023-06,2377,269,1.319702602,11.31678586453513,False
Libya,2023-07,2512,291,1.487972509,11.584394904458598,False
Libya,2023-08,2581,270,1.4592592596148148,10.461061604029446,False
Libya,2023-09,2502,200,1.435,7.9936051159072745,False
Libya,2023-10,2380,303,1.524752475,12.731092436974789,False
Libya,2023-11,2461,278,1.464028777,11.296221048354328,False
Libya,2023-12,2277,233,1.532188841,10.23276240667545,False
Libya,2024-01,2560,275,1.654545455,10.7421875,False
Libya,2024-02,2398,169,1.556213018,7.047539616346956,False
Libya,2024-03,2590,214,1.7242990650000003,8.262548262548263,False
Libya,2024-04,2314,200,1.715,8.64304235090752,False
Libya,2024-05,2720,249,1.586345382,9.154411764705882,False
Libya,2024-06,2383,202,1.8465346529999997,8.476710029374738,False
Libya,2024-07,2605,258,1.810077519,9.904030710172744,False
Libya,2024-08,2401,257,1.945525292,10.70387338608913,False
Libya,2024-09,2372,265,2.143396226,11.172006745362562,False
Libya,2024-10,3021,318,1.8081761009245283,10.526315789473685,False
Libya,2024-11,3081,300,1.7199999995766666,9.737098344693282,False
Libya,2024-12,3122,338,1.74852071,10.8263933376041,False
Libya,2025-01,3330,416,1.646634615,12.492492492492492,False
Libya,2025-02,3118,373,1.715817694,11.962796664528543,False
Libya,2025-03,3045,278,1.7410071943165466,9.129720853858785,False
Libya,2025-04,2923,318,1.63836478,10.87923366404379,False
Libya,2025-05,3830,284,1.661971831,7.415143603133159,False
Libya,2025-06,3145,262,1.709923664,8.330683624801273,False
Libya,2025-07,3667,363,1.567493113,9.899100081810744,False
Libya,2025-08,3874,323,1.6965944270000002,8.337635518843573,False
Libya,2025-09,3682,297,1.498316498,8.066268332428029,False
Libya,2025-10,3909,375,1.5173333330000003,9.593246354566386,False
Libya,2025-11,3602,258,1.399224806,7.162687395891171,False
Libya,2025-12,5130,283,1.54770318,5.516569200779727,False
Madagascar,2015-01,795,91,1.4505494510000003,11.446540880503145,False
Madagascar,2015-02,799,108,1.481481481,13.516896120150188,False
Madagascar,2015-03,819,96,1.375,11.72161172161172,False
Madagascar,2015-04,813,109,1.422018349,13.407134071340714,False
Madagascar,2015-05,787,98,1.459183673,12.452350698856417,False
Madagascar,2015-06,800,98,1.571428571,12.25,False
Madagascar,2015-07,817,97,1.381443299,11.872705018359854,False
Madagascar,2015-08,797,86,1.3837209301395348,10.790464240903388,False
Madagascar,2015-09,811,124,1.346774194,15.289765721331689,False
Madagascar,2015-10,827,116,1.422413793,14.026602176541717,False
Madagascar,2015-11,749,93,1.4301075269999999,12.416555407209612,False
Madagascar,2015-12,823,106,1.396226415,12.879708383961118,False
Madagascar,2016-01,788,109,1.4036697243669727,13.83248730964467,False
Madagascar,2016-02,799,116,1.439655172,14.518147684605758,False
Madagascar,2016-03,809,113,1.353982301,13.967861557478368,False
Madagascar,2016-04,821,90,1.433333333,10.962241169305726,False
Madagascar,2016-05,798,94,1.457446809,11.779448621553884,False
Madagascar,2016-06,810,110,1.345454545,13.580246913580247,False
Madagascar,2016-07,819,115,1.4695652169217388,14.041514041514041,False
Madagascar,2016-08,822,109,1.293577982,13.260340632603405,False
Madagascar,2016-09,800,114,1.412280702,14.25,False
Madagascar,2016-10,800,114,1.324561404,14.25,False
Madagascar,2016-11,764,115,1.3826086960000001,15.052356020942408,False
Madagascar,2016-12,543,27,1.37037037,4.972375690607735,False
Madagascar,2017-01,698,80,1.35,11.461318051575931,False
Madagascar,2017-02,739,108,1.342592593,14.614343707713125,False
Madagascar,2017-03,783,102,1.3529411759999999,13.026819923371647,False
Madagascar,2017-04,796,103,1.213592233,12.93969849246231,False
Madagascar,2017-05,776,112,1.294642857,14.43298969072165,False
Madagascar,2017-06,750,97,1.360824742,12.933333333333334,False
Madagascar,2017-07,800,120,1.266666667,15.0,False
Madagascar,2017-08,803,107,1.327102804,13.325031133250311,False
Madagascar,2017-09,809,126,1.238095238,15.57478368355995,False
Madagascar,2017-10,730,75,1.266666667,10.273972602739725,False
Madagascar,2017-11,765,100,1.33,13.071895424836601,False
Madagascar,2017-12,799,105,1.304761905,13.14142678347935,False
Madagascar,2018-01,820,110,1.372727273,13.414634146341463,False
Madagascar,2018-02,797,106,1.386792453,13.299874529485571,False
Madagascar,2018-03,810,109,1.321100917,13.45679012345679,False
Madagascar,2018-04,802,92,1.380434783,11.471321695760599,False
Madagascar,2018-05,797,105,1.4857142857142858,13.174404015056462,False
Madagascar,2018-06,788,108,1.453703704,13.705583756345177,False
Madagascar,2018-07,783,105,1.295238095,13.409961685823754,False
Madagascar,2018-08,819,124,1.370967742,15.14041514041514,False
Madagascar,2018-09,863,124,1.370967742,14.36848203939745,False
Madagascar,2018-10,924,117,1.35042735,12.662337662337663,False
Madagascar,2018-11,883,100,1.47000000035,11.325028312570781,False
Madagascar,2018-12,1579,278,1.44964028776259,17.60607979734009,False
Madagascar,2019-01,1676,269,1.457249071,16.050119331742245,False
Madagascar,2019-02,1653,273,1.2710622713626376,16.515426497277677,False
Madagascar,2019-03,1685,286,1.2937062937622377,16.973293768545993,False
Madagascar,2019-04,1470,255,1.223529412,17.346938775510203,False
Madagascar,2019-05,1565,295,1.308474575837288,18.849840255591054,False
Madagascar,2019-06,1655,260,1.223076923,15.709969788519638,False
Madagascar,2019-07,1438,304,1.282894737,21.140472878998608,False
Madagascar,2019-08,1514,285,1.270175439,18.824306472919417,False
Madagascar,2019-09,1536,286,1.2377622378531468,18.619791666666668,False
Madagascar,2019-10,1562,288,1.319444444,18.437900128040972,False
Madagascar,2019-11,1337,212,1.2971698114339625,15.856394913986538,False
Madagascar,2019-12,1564,275,1.28,17.58312020460358,False
Madagascar,2020-01,1712,262,1.3435114504503818,15.30373831775701,False
Madagascar,2020-02,1766,304,1.342105263111842,17.214043035107586,False
Madagascar,2020-03,1589,264,1.734848485,16.614222781623663,False
Madagascar,2020-04,1610,230,2.186956522,14.285714285714286,False
Madagascar,2020-05,1563,255,2.133333333,16.314779270633398,False
Madagascar,2020-06,1618,337,2.038575668062314,20.828182941903584,False
Madagascar,2020-07,1522,304,2.065789474,19.97371879106439,False
Madagascar,2020-08,1704,341,2.0645161290439886,20.011737089201876,False
Madagascar,2020-09,1959,384,1.6640625003671874,19.601837672281775,False
Madagascar,2020-10,1969,396,1.5833333336565656,20.11173184357542,False
Madagascar,2020-11,1824,398,1.5904522615904522,21.82017543859649,False
Madagascar,2020-12,1818,410,1.5975609751804876,22.55225522552255,False
Madagascar,2021-01,1097,140,1.707142857,12.76207839562443,False
Madagascar,2021-02,1047,127,1.6535433070866141,12.12989493791786,False
Madagascar,2021-03,1099,115,1.5391304348695654,10.464058234758872,False
Madagascar,2021-04,1068,111,1.729729730018018,10.393258426966293,False
Madagascar,2021-05,1000,92,1.6304347830217392,9.2,False
Madagascar,2021-06,1078,137,1.4963503649635037,12.708719851576994,False
Madagascar,2021-07,1083,144,1.6805555558472223,13.296398891966758,False
Madagascar,2021-08,1101,154,1.4675324674999999,13.987284287011807,False
Madagascar,2021-09,1069,164,1.4573170727560976,15.341440598690365,False
Madagascar,2021-10,1085,147,1.5170068032108843,13.548387096774194,False
Madagascar,2021-11,1073,148,1.385135135135135,13.793103448275861,False
Madagascar,2021-12,1095,130,1.4692307691076922,11.872146118721462,False
Madagascar,2022-01,1027,113,1.3805309729911504,11.002921129503408,False
Madagascar,2022-02,1073,86,1.465116279127907,8.014911463187325,False
Madagascar,2022-03,1068,138,1.4927536231884058,12.92134831460674,False
Madagascar,2022-04,1104,165,1.5090909093999998,14.945652173913043,False
Madagascar,2022-05,1139,190,1.4157894733473684,16.681299385425813,False
Madagascar,2022-06,1112,165,1.351515152,14.838129496402878,False
Madagascar,2022-07,1106,220,1.4090909092090909,19.89150090415913,False
Madagascar,2022-08,1105,134,1.380597015,12.126696832579185,False
Madagascar,2022-09,1077,145,1.351724138,13.463324048282265,False
Madagascar,2022-10,1103,164,1.4329268289634145,14.86854034451496,False
Madagascar,2022-11,1631,177,1.3898305083615818,10.852237890864501,False
Madagascar,2022-12,2498,309,1.378640777,12.369895916733388,False
Madagascar,2023-01,2495,292,1.482876712,11.703406813627254,False
Madagascar,2023-02,2349,244,1.487704918,10.38739889314602,False
Madagascar,2023-03,2501,295,1.3118644069694916,11.795281887245102,False
Madagascar,2023-04,2165,260,1.246153846,12.009237875288683,False
Madagascar,2023-05,2351,318,1.251572327,13.526159081242024,False
Madagascar,2023-06,2370,314,1.337579618,13.248945147679326,False
Madagascar,2023-07,2249,261,1.363984674,11.605157847932414,False
Madagascar,2023-08,2396,255,1.352941176,10.642737896494157,False
Madagascar,2023-09,2388,267,1.359550562,11.180904522613066,False
Madagascar,2023-10,2392,264,1.409090909,11.036789297658864,False
Madagascar,2023-11,2267,245,1.318367347,10.807234230260256,False
Madagascar,2023-12,2337,305,1.324590164170492,13.05091998288404,False
Madagascar,2024-01,2394,277,1.299638989,11.570593149540517,False
Madagascar,2024-02,2329,295,1.261016949,12.66638042078145,False
Madagascar,2024-03,2304,287,1.257839721,12.456597222222221,False
Madagascar,2024-04,2238,303,1.264026403,13.53887399463807,False
Madagascar,2024-05,1927,249,1.232931727,12.92163985469642,False
Madagascar,2024-06,2130,265,1.230188679,12.44131455399061,False
Madagascar,2024-07,2304,253,1.268774704,10.980902777777779,False
Madagascar,2024-08,2279,268,1.294776119,11.75954365949978,False
Madagascar,2024-09,2301,279,1.35483871,12.1251629726206,False
Madagascar,2024-10,2544,321,1.292834891,12.617924528301886,False
Madagascar,2024-11,2348,294,1.299319728,12.52129471890971,False
Madagascar,2024-12,2359,296,1.22972973,12.54768969902501,False
Madagascar,2025-01,2434,315,1.342857143,12.941659819227608,False
Madagascar,2025-02,2293,304,1.3125,13.257740950719581,False
Madagascar,2025-03,2290,304,1.263157895,13.275109170305678,False
Madagascar,2025-04,2314,315,1.279365079,13.612791702679344,False
Madagascar,2025-05,2375,341,1.275659824,14.357894736842105,False
Madagascar,2025-06,2093,300,1.313333333,14.33349259436216,False
Madagascar,2025-07,2670,312,1.294871795,11.685393258426966,False
Madagascar,2025-08,2469,311,1.22829582,12.596192790603483,False
Madagascar,2025-09,2509,283,1.268551237,11.279394180948586,False
Madagascar,2025-10,2556,308,1.516233766,12.050078247261347,False
Madagascar,2025-11,2217,309,1.40776699,13.937753721244926,False
Madagascar,2025-12,2491,396,1.2601010097348484,15.897230028101164,False
Malawi,2015-01,532,174,1.4827586209999999,32.70676691729323,False
Malawi,2015-02,612,232,1.262931034,37.908496732026144,False
Malawi,2015-03,607,234,1.256410256,38.5502471169687,False
Malawi,2015-04,567,230,1.226086957,40.564373897707235,False
Malawi,2015-05,558,212,1.202830189,37.992831541218635,False
Malawi,2015-06,636,296,1.212837838,46.540880503144656,False
Malawi,2015-07,777,267,1.359550562,34.36293436293436,False
Malawi,2015-08,857,235,1.238297872,27.421236872812134,False
Malawi,2015-09,829,271,1.398523985,32.68998793727383,False
Malawi,2015-10,857,300,1.306666667,35.00583430571762,False
Malawi,2015-11,1209,451,1.3325942349999997,37.303556658395365,False
Malawi,2015-12,1201,339,1.194690265,28.22647793505412,False
Malawi,2016-01,802,285,1.340350877,35.53615960099751,False
Malawi,2016-02,861,336,1.541666667,39.02439024390244,False
Malawi,2016-03,834,337,1.299703264,40.407673860911274,False
Malawi,2016-04,819,271,1.291512915,33.08913308913309,False
Malawi,2016-05,851,294,1.255102041,34.5475910693302,False
Malawi,2016-06,793,288,1.232638889,36.31778058007566,False
Malawi,2016-07,769,250,1.436,32.50975292587776,False
Malawi,2016-08,823,261,1.191570881,31.713244228432565,False
Malawi,2016-09,1207,330,1.251515152,27.340513670256836,False
Malawi,2016-10,689,183,1.333333333,26.560232220609578,False
Malawi,2016-11,876,269,1.3866171,30.707762557077626,False
Malawi,2016-12,1263,315,1.257142857,24.94061757719715,False
Malawi,2017-01,1383,369,1.241192412,26.68112798264642,False
Malawi,2017-02,1017,297,1.225589226,29.20353982300885,False
Malawi,2017-03,1160,301,1.179401993,25.948275862068964,False
Malawi,2017-04,1015,265,1.1773584902415095,26.108374384236452,False
Malawi,2017-05,1107,313,1.21086262,28.274616079494127,False
Malawi,2017-06,4202,723,1.179806362,17.20609233698239,False
Malawi,2017-07,1571,460,1.282608696,29.28071292170592,False
Malawi,2017-08,1747,569,1.196836555,32.57012020606754,False
Malawi,2017-09,1828,560,1.225,30.63457330415755,False
Malawi,2017-10,1815,561,1.301247772,30.90909090909091,False
Malawi,2017-11,1771,609,1.422003284137931,34.387351778656125,False
Malawi,2017-12,1385,417,1.290167866,30.108303249097474,False
Malawi,2018-01,1639,507,1.299802761,30.933496034167174,False
Malawi,2018-02,1826,601,1.309484192983361,32.91347207009858,False
Malawi,2018-03,1871,633,1.230647709649289,33.83217530732229,False
Malawi,2018-04,1583,543,1.255985267,34.301958307012,False
Malawi,2018-05,1529,563,1.2735346354884547,36.8214519293656,False
Malawi,2018-06,1443,534,1.177902622,37.00623700623701,False
Malawi,2018-07,1654,525,1.2209523805599998,31.741233373639663,False
Malawi,2018-08,2008,674,1.2359050449554896,33.56573705179283,False
Malawi,2018-09,1851,562,1.2313167257864768,30.36196650459211,False
Malawi,2018-10,1744,562,1.2580071178576513,32.22477064220183,False
Malawi,2018-11,1601,521,1.2667946258157388,32.5421611492817,False
Malawi,2018-12,5573,1155,1.20519480515671,20.724923739458102,False
Malawi,2019-01,5242,928,1.185344828,17.703166730255628,False
Malawi,2019-02,5281,988,1.17611336,18.708577920848324,False
Malawi,2019-03,2317,666,1.225225225,28.744065602071643,False
Malawi,2019-04,2354,745,1.198657718209396,31.648258283772304,False
Malawi,2019-05,2376,562,1.142348754,23.653198653198654,False
Malawi,2019-06,2114,525,1.184761905,24.834437086092716,False
Malawi,2019-07,2830,825,1.232727273,29.151943462897528,False
Malawi,2019-08,2755,873,1.2600229090492554,31.687840290381125,False
Malawi,2019-09,2675,835,1.252694611,31.214953271028037,False
Malawi,2019-10,3299,892,1.220852017689462,27.03849651409518,False
Malawi,2019-11,3289,928,1.3049568962834053,28.215262997871694,False
Malawi,2019-12,2929,829,1.2340168879445115,28.303175145100717,False
Malawi,2020-01,3277,947,1.2903907074255545,28.898382667073545,False
Malawi,2020-02,2917,753,1.2815405045258963,25.81419266369558,False
Malawi,2020-03,3784,978,1.3905930473762782,25.84566596194503,False
Malawi,2020-04,3690,963,1.586708204,26.097560975609756,False
Malawi,2020-05,4021,1039,1.3686236768431184,25.839343446903754,False
Malawi,2020-06,3972,1160,1.2715517239060345,29.204431017119838,False
Malawi,2020-07,4099,1356,1.262536873,33.08123932666504,False
Malawi,2020-08,3840,1208,1.2930463575513245,31.458333333333332,False
Malawi,2020-09,3739,1206,1.232172471,32.25461353303022,False
Malawi,2020-10,4060,1250,1.2463999999056001,30.788177339901477,False
Malawi,2020-11,4358,1208,1.3418874175289734,27.719137218907758,False
Malawi,2020-12,3808,1083,1.3499538314524469,28.44012605042017,False
Malawi,2021-01,3257,961,1.516129032069719,29.505680073687444,False
Malawi,2021-02,2072,573,1.4066317624258289,27.654440154440156,False
Malawi,2021-03,2134,537,1.2886405962029794,25.164011246485472,False
Malawi,2021-04,2610,787,1.240152478,30.153256704980844,False
Malawi,2021-05,2435,776,1.3402061855528349,31.86858316221766,False
Malawi,2021-06,2770,829,1.3196622431881784,29.927797833935017,False
Malawi,2021-07,2300,707,1.3154172559688826,30.73913043478261,False
Malawi,2021-08,2685,788,1.3172588829416245,29.348230912476723,False
Malawi,2021-09,2533,765,1.2810457514588236,30.201342281879196,False
Malawi,2021-10,1888,624,1.3397435899102563,33.05084745762712,False
Malawi,2021-11,2081,677,1.4268833082422454,32.53243632868813,False
Malawi,2021-12,2206,702,1.3304843301495726,31.82230281051677,False
Malawi,2022-01,2273,590,1.3457627118915256,25.956885173779146,False
Malawi,2022-02,2252,592,1.3243243242888514,26.287744227353464,False
Malawi,2022-03,2407,730,1.28630137,30.328209389281263,False
Malawi,2022-04,2276,680,1.280882353,29.876977152899823,False
Malawi,2022-05,2642,728,1.318681318585165,27.554882664647995,False
Malawi,2022-06,2672,727,1.3328748276423659,27.20808383233533,False
Malawi,2022-07,2275,687,1.292576419,30.197802197802197,False
Malawi,2022-08,2627,704,1.3352272730482955,26.798629615531024,False
Malawi,2022-09,2458,707,1.3564356432065063,28.763222131814484,False
Malawi,2022-10,1812,669,1.396113602,36.920529801324506,False
Malawi,2022-11,1947,609,1.4285714288505746,31.2788906009245,False
Malawi,2022-12,1717,507,1.368836292,29.528246942341294,False
Malawi,2023-01,1880,535,1.3663551401738319,28.45744680851064,False
Malawi,2023-02,1460,502,1.3386454183266931,34.38356164383562,False
Malawi,2023-03,1632,563,1.4067495557548846,34.497549019607845,False
Malawi,2023-04,1581,534,1.383895131,33.776091081593925,False
Malawi,2023-05,1496,535,1.3046728973009347,35.7620320855615,False
Malawi,2023-06,1795,717,1.3235704321980475,39.94428969359331,False
Malawi,2023-07,2168,905,1.3569060770055248,41.74354243542435,False
Malawi,2023-08,2403,1019,1.3738959764563297,42.405326674989595,False
Malawi,2023-09,2436,971,1.39443872315551,39.860426929392446,False
Malawi,2023-10,2077,789,1.310519645272497,37.987481945113146,False
Malawi,2023-11,2342,1087,1.3624655014388225,46.4133219470538,False
Malawi,2023-12,1812,651,1.298003072,35.9271523178808,False
Malawi,2024-01,2258,869,1.3509781358573072,38.48538529672276,False
Malawi,2024-02,2253,916,1.299126638021834,40.656901908566354,False
Malawi,2024-03,2028,776,1.2835051551340206,38.26429980276134,False
Malawi,2024-04,2346,937,1.261472785,39.94032395566922,False
Malawi,2024-05,2763,1093,1.2644098813870084,39.55845095910242,False
Malawi,2024-06,2239,694,1.3054755047190203,30.99598034836981,False
Malawi,2024-07,2219,857,1.2870478415939322,38.62100045065345,False
Malawi,2024-08,2405,890,1.329213483035955,37.00623700623701,False
Malawi,2024-09,2103,782,1.3567774935255754,37.1849738468854,False
Malawi,2024-10,2392,920,1.3967391307391304,38.46153846153846,False
Malawi,2024-11,2170,895,1.585474860764246,41.244239631336406,False
Malawi,2024-12,2094,841,1.4209274668561236,40.16236867239733,False
Malawi,2025-01,2098,924,1.4523809523268398,44.0419447092469,False
Malawi,2025-02,1967,888,1.524774775,45.14489069649212,False
Malawi,2025-03,1990,924,1.4924242424588743,46.4321608040201,False
Malawi,2025-04,1610,709,1.354019746361072,44.037267080745345,False
Malawi,2025-05,1484,688,1.4011627911744187,46.3611859838275,False
Malawi,2025-06,1979,852,1.4143192491619718,43.05204648812531,False
Malawi,2025-07,1782,792,1.4684343433737375,44.44444444444444,False
Malawi,2025-08,2041,960,1.4385416667708333,47.03576678098971,False
Malawi,2025-09,1695,592,1.4797297297702703,34.926253687315636,False
Malawi,2025-10,1802,776,1.429123711572165,43.06326304106548,False
Malawi,2025-11,1937,907,1.4961411246361631,46.82498709344347,False
Malawi,2025-12,3358,1223,1.4734260021095666,36.42048838594401,False
Mali,2015-01,5595,1596,1.860902255783208,28.525469168900806,False
Mali,2015-02,5906,1996,1.8236472947279558,33.796139519133085,False
Mali,2015-03,6413,1932,1.768115942059524,30.12630594105723,False
Mali,2015-04,5483,1701,1.7895355671299236,31.023162502279774,False
Mali,2015-05,5057,1429,1.878236529339398,28.257860391536482,False
Mali,2015-06,5249,1644,1.7718978100723846,31.320251476471707,False
Mali,2015-07,5655,1719,1.7452006976055847,30.397877984084882,False
Mali,2015-08,5857,1660,1.7873493973975902,28.342154686699676,False
Mali,2015-09,4855,1650,1.85090909088,33.985581874356335,False
Mali,2015-10,5687,1852,1.7413606906868253,32.56550026375945,False
Mali,2015-11,5785,1689,1.802249852042037,29.196197061365602,False
Mali,2015-12,5545,1822,1.7129527992316136,32.85843101893598,False
Mali,2016-01,5422,1792,1.8348214286350448,33.05053485798598,False
Mali,2016-02,6152,1982,1.7780020181715441,32.21716514954486,False
Mali,2016-03,6367,1990,1.6427135678743716,31.25490811999372,False
Mali,2016-04,5495,1859,1.688004302937063,33.83075523202912,False
Mali,2016-05,5935,2007,1.7244643743816643,33.81634372367313,False
Mali,2016-06,5427,1813,1.7506894654054057,33.407038879675696,False
Mali,2016-07,4895,1491,1.7639168346545941,30.45965270684372,False
Mali,2016-08,6018,2064,1.7054263570542636,34.297108673978066,False
Mali,2016-09,4862,1738,1.817606443958573,35.74660633484163,False
Mali,2016-10,5571,1873,1.6919380670667379,33.62053491294202,False
Mali,2016-11,5500,1751,1.7150199881690462,31.836363636363636,False
Mali,2016-12,4734,1461,1.7070499661882272,30.861850443599494,False
Mali,2017-01,5301,1660,1.7963855421993975,31.314846255423504,False
Mali,2017-02,5569,1946,1.726618705106372,34.94343688274376,False
Mali,2017-03,6099,2092,1.7590822178159655,34.30070503361207,False
Mali,2017-04,5229,1705,1.8175953077278595,32.606616943966344,False
Mali,2017-05,5914,1996,1.727454910255511,33.75042272573554,False
Mali,2017-06,4991,1512,1.7804232801699735,30.294530154277698,False
Mali,2017-07,5119,1619,1.6837554041859173,31.627270951357687,False
Mali,2017-08,4959,1626,1.7152521527220173,32.78886872353297,False
Mali,2017-09,1543,437,1.9427917623066362,28.321451717433572,False
Mali,2017-10,13645,2168,1.6365313651199263,15.888603884206669,False
Mali,2017-11,5421,1670,1.7317365267520959,30.806124331304186,False
Mali,2017-12,1526,432,1.912037037101852,28.309305373525557,False
Mali,2018-01,5540,1709,1.765944996702165,30.84837545126354,False
Mali,2018-02,5597,1763,1.733408961514464,31.49901733071288,False
Mali,2018-03,5629,1790,1.697765363285475,31.799609166814708,False
Mali,2018-04,1780,497,1.716297787110664,27.921348314606742,False
Mali,2018-05,6018,1852,1.7494600435637149,30.77434363575939,False
Mali,2018-06,5387,1449,1.8281573498840578,26.898087989604605,False
Mali,2018-07,5929,1892,1.6749471459106766,31.910946196660483,False
Mali,2018-08,4921,1214,1.7158154855024712,24.669782564519405,False
Mali,2018-09,4677,1462,1.73871409048974,31.25935428693607,False
Mali,2018-10,5464,1713,1.7180385289579687,31.350658857979504,False
Mali,2018-11,5060,1662,1.7316486160619737,32.84584980237154,False
Mali,2018-12,4451,1385,1.677978339,31.116603010559423,False
Mali,2019-01,5358,1724,1.733758701,32.17618514371034,False
Mali,2019-02,5568,1863,1.7471819650000002,33.45905172413793,False
Mali,2019-03,6302,1977,1.728882145,31.370993335449064,False
Mali,2019-04,5813,1681,1.7662105894277216,28.917942542576984,False
Mali,2019-05,4864,1336,1.7552395209999998,27.467105263157894,False
Mali,2019-06,6210,1636,1.7579462102915648,26.344605475040257,False
Mali,2019-07,9303,3738,1.476457999,40.18058690744921,False
Mali,2019-08,10222,2282,1.704645048,22.32439835648601,False
Mali,2019-09,9667,2390,1.717154812,24.72328540395159,False
Mali,2019-10,10087,3449,1.4850681354357786,34.19252503221969,False
Mali,2019-11,9722,2169,1.7127708621410787,22.31022423369677,False
Mali,2019-12,9699,2207,1.6347983692247394,22.754923187957523,False
Mali,2020-01,8957,2867,1.493547262,32.00848498381154,False
Mali,2020-02,10547,2007,1.6995515692556054,19.029107803166777,False
Mali,2020-03,10026,3302,1.4857662021811022,32.9343706363455,False
Mali,2020-04,8272,2799,1.6195069664880315,33.83704061895551,False
Mali,2020-05,8002,1626,1.941574416,20.319920019995003,False
Mali,2020-06,9426,2014,2.118669315,21.36643326967961,False
Mali,2020-07,8540,2632,1.770136778,30.81967213114754,False
Mali,2020-08,5572,1505,2.112292359,27.01005025125628,False
Mali,2020-09,9827,1908,1.962264151,19.415894983209526,False
Mali,2020-10,6405,1798,1.801446051,28.071818891491024,False
Mali,2020-11,6729,2717,1.394184762506441,40.37747064942785,False
Mali,2020-12,6224,1571,1.7683004460000002,25.241002570694086,False
Mali,2021-01,9141,1609,1.8315724049763829,17.602012908872116,False
Mali,2021-02,5966,1787,1.7968662562160045,29.953067381830373,False
Mali,2021-03,5810,1801,1.7123820105141585,30.998278829604132,False
Mali,2021-04,5230,1491,1.7437961098598256,28.508604206500955,False
Mali,2021-05,3002,817,1.8690330477490822,27.21518987341772,False
Mali,2021-06,4916,1425,1.7663157898105262,28.98698128559805,False
Mali,2021-07,3937,1082,1.8123844731996304,27.482854965709933,False
Mali,2021-08,4820,1321,1.748675245743376,27.406639004149376,False
Mali,2021-09,4876,1437,1.7689631176457898,29.470877768662838,False
Mali,2021-10,4458,1244,1.7081993564075562,27.90489008524002,False
Mali,2021-11,4474,1508,1.673076923381963,33.70585605721949,False
Mali,2021-12,4362,1176,1.6258503401360545,26.960110041265473,False
Mali,2022-01,4189,1335,1.8322097382299627,31.869181188827884,False
Mali,2022-02,4676,1301,1.8716372024166026,27.822925577416594,False
Mali,2022-03,5014,1411,1.8447909288561304,28.141204627044274,False
Mali,2022-04,4110,1081,1.7243293252321923,26.30170316301703,False
Mali,2022-05,2612,642,1.774143302369159,24.57886676875957,False
Mali,2022-06,7239,1863,1.7294685990155663,25.73559883961873,False
Mali,2022-07,6547,1676,1.7309069212213604,25.59951122651596,False
Mali,2022-08,6382,1679,1.7212626560226327,26.30836728298339,False
Mali,2022-09,5470,1312,1.7187499995533535,23.985374771480803,False
Mali,2022-10,4988,1213,1.6801319048936523,24.318364073777065,False
Mali,2022-11,3412,952,1.693277310605042,27.90152403282532,False
Mali,2022-12,1977,493,1.75862069,24.936772888214467,False
Mali,2023-01,2152,476,1.642857142894958,22.118959107806692,False
Mali,2023-02,1980,497,1.698189135167002,25.1010101010101,False
Mali,2023-03,3181,927,1.7400215747594392,29.141779314680917,False
Mali,2023-04,2300,650,1.7015384610784614,28.26086956521739,False
Mali,2023-05,3130,848,1.719339622682783,27.0926517571885,False
Mali,2023-06,2711,740,1.6878378375608107,27.29620066396164,False
Mali,2023-07,2924,873,1.674684994183276,29.856361149110807,False
Mali,2023-08,3478,914,1.8468271335404816,26.279470960322023,False
Mali,2023-09,3186,788,2.052030457,24.733207784055242,False
Mali,2023-10,2994,705,1.6241134753120565,23.547094188376754,False
Mali,2023-11,2786,725,1.5986206894551724,26.0229720028715,False
Mali,2023-12,2355,634,1.514195584,26.92144373673036,False
Mali,2024-01,2559,618,1.57605178,24.15005861664713,False
Mali,2024-02,2442,665,1.621052632,27.231777231777233,False
Mali,2024-03,2262,572,1.7272727273146855,25.28735632183908,False
Mali,2024-04,2561,642,1.5919003117056076,25.06833268254588,False
Mali,2024-05,2951,801,1.726591760764045,27.14334124025754,False
Mali,2024-06,2130,557,1.601436266,26.150234741784036,False
Mali,2024-07,2116,608,1.6398026315460525,28.733459357277884,False
Mali,2024-08,2616,667,1.550224888,25.496941896024463,False
Mali,2024-09,2384,601,1.5124792012146424,25.209731543624162,False
Mali,2024-10,2071,556,1.6834532372877697,26.846933848382424,False
Mali,2024-11,1919,419,1.6420047727923626,21.834288692027098,False
Mali,2024-12,2038,505,1.5445544555762376,24.77919528949951,False
Mali,2025-01,1809,479,1.567849687,26.478717523493643,False
Mali,2025-02,1228,382,1.704188482,31.107491856677523,False
Mali,2025-03,2921,949,1.602739725711275,32.48887367339952,False
Mali,2025-04,2820,754,1.7161803712732098,26.73758865248227,False
Mali,2025-05,3363,940,1.55,27.951234017246506,False
Mali,2025-06,3051,826,1.6731234863970945,27.07309078990495,False
Mali,2025-07,3203,906,1.608167770830022,28.285981891976274,False
Mali,2025-08,2508,558,1.566308244,22.248803827751196,False
Mali,2025-09,2500,625,1.5887999999904,25.0,False
Mali,2025-10,2935,791,1.7762326166877371,26.950596252129472,False
Mali,2025-11,2857,826,1.7857142860484263,28.911445572278613,False
Mali,2025-12,2946,803,1.4694894143275217,27.257298031228785,False
Mauritania,2015-01,195,0,0.0,0.0,False
Mauritania,2015-02,201,0,0.0,0.0,False
Mauritania,2015-03,202,0,0.0,0.0,False
Mauritania,2015-04,195,0,0.0,0.0,False
Mauritania,2015-05,197,0,0.0,0.0,False
Mauritania,2015-06,202,0,0.0,0.0,False
Mauritania,2015-07,185,0,0.0,0.0,False
Mauritania,2015-08,202,0,0.0,0.0,False
Mauritania,2015-09,198,0,0.0,0.0,False
Mauritania,2015-10,198,0,0.0,0.0,False
Mauritania,2015-11,188,0,0.0,0.0,False
Mauritania,2015-12,202,0,0.0,0.0,False
Mauritania,2016-01,144,0,0.0,0.0,False
Mauritania,2016-02,166,0,0.0,0.0,False
Mauritania,2016-03,192,0,0.0,0.0,False
Mauritania,2016-04,200,0,0.0,0.0,False
Mauritania,2016-05,190,0,0.0,0.0,False
Mauritania,2016-06,178,0,0.0,0.0,False
Mauritania,2016-07,196,0,0.0,0.0,False
Mauritania,2016-08,202,0,0.0,0.0,False
Mauritania,2016-09,166,0,0.0,0.0,False
Mauritania,2016-10,135,0,0.0,0.0,False
Mauritania,2016-11,196,0,0.0,0.0,False
Mauritania,2016-12,191,0,0.0,0.0,False
Mauritania,2017-01,200,0,0.0,0.0,False
Mauritania,2017-02,192,0,0.0,0.0,False
Mauritania,2017-03,190,0,0.0,0.0,False
Mauritania,2017-04,190,0,0.0,0.0,False
Mauritania,2017-05,178,0,0.0,0.0,False
Mauritania,2017-06,157,0,0.0,0.0,False
Mauritania,2017-07,190,0,0.0,0.0,False
Mauritania,2017-08,196,0,0.0,0.0,False
Mauritania,2017-09,191,0,0.0,0.0,False
Mauritania,2017-10,171,0,0.0,0.0,False
Mauritania,2017-11,195,0,0.0,0.0,False
Mauritania,2017-12,174,0,0.0,0.0,False
Mauritania,2018-01,196,0,0.0,0.0,False
Mauritania,2018-02,198,0,0.0,0.0,False
Mauritania,2018-03,200,0,0.0,0.0,False
Mauritania,2018-04,202,0,0.0,0.0,False
Mauritania,2018-05,202,0,0.0,0.0,False
Mauritania,2018-06,202,0,0.0,0.0,False
Mauritania,2018-07,202,0,0.0,0.0,False
Mauritania,2018-08,202,0,0.0,0.0,False
Mauritania,2018-09,188,0,0.0,0.0,False
Mauritania,2018-10,196,0,0.0,0.0,False
Mauritania,2018-11,202,0,0.0,0.0,False
Mauritania,2018-12,440,0,0.0,0.0,False
Mauritania,2019-01,454,66,1.560606061,14.537444933920705,False
Mauritania,2019-02,405,0,0.0,0.0,False
Mauritania,2019-03,445,0,0.0,0.0,False
Mauritania,2019-04,436,62,1.580645161,14.220183486238533,False
Mauritania,2019-05,459,65,1.584615385,14.161220043572985,False
Mauritania,2019-06,401,51,1.8627450979999998,12.718204488778055,False
Mauritania,2019-07,432,0,0.0,0.0,False
Mauritania,2019-08,445,0,0.0,0.0,False
Mauritania,2019-09,437,0,0.0,0.0,False
Mauritania,2019-10,442,0,0.0,0.0,False
Mauritania,2019-11,493,1,1.0,0.2028397565922921,False
Mauritania,2019-12,492,1,1.0,0.2032520325203252,False
Mauritania,2020-01,433,1,1.0,0.23094688221709006,False
Mauritania,2020-02,419,0,0.0,0.0,False
Mauritania,2020-03,515,4,1.0,0.7766990291262136,False
Mauritania,2020-04,419,0,0.0,0.0,False
Mauritania,2020-05,452,0,0.0,0.0,False
Mauritania,2020-06,455,1,1.0,0.21978021978021978,False
Mauritania,2020-07,483,0,0.0,0.0,False
Mauritania,2020-08,460,2,1.0,0.43478260869565216,False
Mauritania,2020-09,443,1,1.0,0.22573363431151242,False
Mauritania,2020-10,483,0,0.0,0.0,False
Mauritania,2020-11,472,2,2.0,0.423728813559322,False
Mauritania,2020-12,483,1,1.0,0.2070393374741201,False
Mauritania,2021-01,473,1,1.0,0.21141649048625794,False
Mauritania,2021-02,199,0,0.0,0.0,False
Mauritania,2021-03,198,0,0.0,0.0,False
Mauritania,2021-04,196,0,0.0,0.0,False
Mauritania,2021-05,193,0,0.0,0.0,False
Mauritania,2021-06,199,0,0.0,0.0,False
Mauritania,2021-07,199,0,0.0,0.0,False
Mauritania,2021-08,190,0,0.0,0.0,False
Mauritania,2021-09,193,0,0.0,0.0,False
Mauritania,2021-10,196,0,0.0,0.0,False
Mauritania,2021-11,179,0,0.0,0.0,False
Mauritania,2021-12,182,0,0.0,0.0,False
Mauritania,2022-01,172,0,0.0,0.0,False
Mauritania,2022-02,194,6,1.0,3.0927835051546393,False
Mauritania,2022-03,192,0,0.0,0.0,False
Mauritania,2022-04,190,1,1.0,0.5263157894736842,False
Mauritania,2022-05,202,0,0.0,0.0,False
Mauritania,2022-06,202,0,0.0,0.0,False
Mauritania,2022-07,192,0,0.0,0.0,False
Mauritania,2022-08,189,0,0.0,0.0,False
Mauritania,2022-09,193,0,0.0,0.0,False
Mauritania,2022-10,184,0,0.0,0.0,False
Mauritania,2022-11,170,0,0.0,0.0,False
Mauritania,2022-12,197,0,0.0,0.0,False
Mauritania,2023-01,189,0,0.0,0.0,False
Mauritania,2023-02,202,0,0.0,0.0,False
Mauritania,2023-03,202,0,0.0,0.0,False
Mauritania,2023-04,202,0,0.0,0.0,False
Mauritania,2023-05,199,0,0.0,0.0,False
Mauritania,2023-06,195,0,0.0,0.0,False
Mauritania,2023-07,200,0,0.0,0.0,False
Mauritania,2023-08,195,0,0.0,0.0,False
Mauritania,2023-09,190,0,0.0,0.0,False
Mauritania,2023-10,189,0,0.0,0.0,False
Mauritania,2023-11,192,0,0.0,0.0,False
Mauritania,2023-12,188,0,0.0,0.0,False
Mauritania,2024-01,194,0,0.0,0.0,False
Mauritania,2024-02,190,1,1.0,0.5263157894736842,False
Mauritania,2024-03,200,0,0.0,0.0,False
Mauritania,2024-04,184,1,1.0,0.5434782608695652,False
Mauritania,2024-05,200,0,0.0,0.0,False
Mauritania,2024-06,186,1,1.0,0.5376344086021505,False
Mauritania,2024-07,193,0,0.0,0.0,False
Mauritania,2024-08,202,0,0.0,0.0,False
Mauritania,2024-09,195,0,0.0,0.0,False
Mauritania,2024-10,202,0,0.0,0.0,False
Mauritania,2024-11,192,0,0.0,0.0,False
Mauritania,2024-12,202,0,0.0,0.0,False
Mauritania,2025-01,194,2,1.0,1.0309278350515463,False
Mauritania,2025-02,194,1,1.0,0.5154639175257731,False
Mauritania,2025-03,193,1,1.0,0.5181347150259067,False
Mauritania,2025-04,176,0,0.0,0.0,False
Mauritania,2025-05,197,0,0.0,0.0,False
Mauritania,2025-06,184,3,1.0,1.6304347826086956,False
Mauritania,2025-07,202,0,0.0,0.0,False
Mauritania,2025-08,192,0,0.0,0.0,False
Mauritania,2025-09,195,0,0.0,0.0,False
Mauritania,2025-10,202,0,0.0,0.0,False
Mauritania,2025-11,191,0,0.0,0.0,False
Mauritania,2025-12,203,0,0.0,0.0,False
Mauritius,2015-01,1128,63,1.3492063488571426,5.585106382978723,False
Mauritius,2015-02,1075,75,1.4266666664,6.976744186046512,False
Mauritius,2015-03,1215,78,1.4102564098461539,6.419753086419753,False
Mauritius,2015-04,1304,78,1.5256410261538462,5.9815950920245395,False
Mauritius,2015-05,2131,120,1.391666666525,5.631159080244017,False
Mauritius,2015-06,3890,170,1.1705882354941177,4.370179948586118,False
Mauritius,2015-07,1171,76,1.368421052894737,6.490179333902647,False
Mauritius,2015-08,1158,89,1.4943820229213483,7.68566493955095,False
Mauritius,2015-09,1016,71,1.4788732389577466,6.988188976377953,False
Mauritius,2015-10,1776,118,1.2627118647288136,6.6441441441441444,False
Mauritius,2015-11,1877,111,1.3153153154594595,5.913692061800746,False
Mauritius,2015-12,1730,108,1.3888888885000001,6.242774566473988,False
Mauritius,2016-01,1955,88,1.488636363215909,4.501278772378517,False
Mauritius,2016-02,1638,122,1.4098360655327868,7.448107448107448,False
Mauritius,2016-03,1274,81,1.5432098767407407,6.357927786499215,False
Mauritius,2016-04,1830,98,1.4387755099387753,5.355191256830601,False
Mauritius,2016-05,1988,129,1.372093023627907,6.488933601609658,False
Mauritius,2016-06,1038,84,1.5952380955714287,8.092485549132949,False
Mauritius,2016-07,2156,144,1.4375000004374998,6.679035250463822,False
Mauritius,2016-08,938,93,1.5806451616666666,9.914712153518124,False
Mauritius,2016-09,1059,94,1.5425531916170214,8.876298394711993,False
Mauritius,2016-10,1053,105,1.5142857142857142,9.971509971509972,False
Mauritius,2016-11,1039,95,1.5684210524631579,9.143407122232917,False
Mauritius,2016-12,1047,80,1.6750000003749999,7.640878701050621,False
Mauritius,2017-01,1051,83,1.6265060243132532,7.897240723120837,False
Mauritius,2017-02,1120,78,1.474358973974359,6.964285714285714,False
Mauritius,2017-03,862,84,1.3928571430357142,9.74477958236659,False
Mauritius,2017-04,922,77,1.5324675327012987,8.351409978308027,False
Mauritius,2017-05,1847,127,1.346456692440945,6.876015159718462,False
Mauritius,2017-06,890,105,1.5619047617428572,11.797752808988765,False
Mauritius,2017-07,1059,94,1.4042553188191491,8.876298394711993,False
Mauritius,2017-08,2096,143,1.2727272724825174,6.822519083969466,False
Mauritius,2017-09,1081,106,1.4716981128679247,9.805735430157261,False
Mauritius,2017-10,1773,123,1.35772357702439,6.937394247038917,False
Mauritius,2017-11,1064,90,1.4111111107333332,8.458646616541353,False
Mauritius,2017-12,1095,101,1.5346534651089108,9.223744292237443,False
Mauritius,2018-01,2016,101,1.465346535049505,5.009920634920635,False
Mauritius,2018-02,1064,93,1.5591397852903226,8.740601503759398,False
Mauritius,2018-03,1131,97,1.6597938144329898,8.576480990274094,False
Mauritius,2018-04,2065,127,1.4881889764566927,6.150121065375303,False
Mauritius,2018-05,960,87,1.620689655137931,9.0625,False
Mauritius,2018-06,1037,92,1.499999999673913,8.871745419479268,False
Mauritius,2018-07,953,94,1.4787234037659576,9.863588667366212,False
Mauritius,2018-08,1102,96,1.4166666663125003,8.711433756805807,False
Mauritius,2018-09,2019,106,1.358490565820755,5.250123823675087,False
Mauritius,2018-10,1120,102,1.4509803918431372,9.107142857142858,False
Mauritius,2018-11,1999,100,1.3300000005000001,5.002501250625313,False
Mauritius,2018-12,1312,166,1.3674698800903615,12.652439024390244,False
Mauritius,2019-01,2263,192,1.3125000002083336,8.484312859036677,False
Mauritius,2019-02,1133,178,1.3539325848202246,15.710503089143867,False
Mauritius,2019-03,1109,157,1.3503184709426752,14.156898106402164,False
Mauritius,2019-04,2016,176,1.3636363636363635,8.73015873015873,False
Mauritius,2019-05,1039,197,1.3401015229441626,18.960538979788257,False
Mauritius,2019-06,1159,234,1.3290598286837607,20.18981880931838,False
Mauritius,2019-07,2230,197,1.3401015230253805,8.834080717488789,False
Mauritius,2019-08,1003,154,1.4025974026363637,15.353938185443669,False
Mauritius,2019-09,2065,193,1.3730569942901554,9.346246973365618,False
Mauritius,2019-10,1065,171,1.3918128659356725,16.056338028169016,False
Mauritius,2019-11,928,200,1.39999999988,21.551724137931036,False
Mauritius,2019-12,1877,231,1.8701298704978355,12.306872669152904,False
Mauritius,2020-01,919,247,2.0323886643036437,26.87704026115343,False
Mauritius,2020-02,934,226,2.0442477870840707,24.197002141327623,False
Mauritius,2020-03,993,274,2.211678831751825,27.593152064451157,False
Mauritius,2020-04,905,295,2.366101695159322,32.59668508287293,False
Mauritius,2020-05,687,244,2.4877049179508197,35.51673944687045,False
Mauritius,2020-06,664,234,2.358974359145299,35.24096385542169,False
Mauritius,2020-07,1703,242,2.3388429754793387,14.210217263652378,False
Mauritius,2020-08,1726,242,2.3140495870247935,14.020857473928158,False
Mauritius,2020-09,670,194,2.4226804128453603,28.955223880597014,False
Mauritius,2020-10,1052,256,2.0078125,24.334600760456272,False
Mauritius,2020-11,1221,294,2.1462585029931973,24.078624078624077,False
Mauritius,2020-12,1069,263,1.9885931558250953,24.60243217960711,False
Mauritius,2021-01,715,121,2.231404958446281,16.923076923076923,False
Mauritius,2021-02,983,71,1.6901408453661972,7.222787385554425,False
Mauritius,2021-03,1077,81,1.8888888887407405,7.520891364902507,False
Mauritius,2021-04,1014,72,1.847222221888889,7.100591715976331,False
Mauritius,2021-05,973,75,1.7866666664266666,7.708119218910586,False
Mauritius,2021-06,1031,77,1.7142857142857142,7.468477206595538,False
Mauritius,2021-07,1027,80,1.9249999999375,7.789678675754625,False
Mauritius,2021-08,1032,87,1.8620689651724138,8.430232558139535,False
Mauritius,2021-09,1004,77,1.7402597402597402,7.669322709163347,False
Mauritius,2021-10,2019,88,1.6136363632159094,4.358593363051015,False
Mauritius,2021-11,963,84,1.6666666669761905,8.722741433021806,False
Mauritius,2021-12,1165,76,1.7894736843289472,6.523605150214593,False
Mauritius,2022-01,872,50,1.6199999996,5.73394495412844,False
Mauritius,2022-02,1028,65,1.7230769235076921,6.3229571984435795,False
Mauritius,2022-03,953,70,1.8142857146285714,7.345225603357817,False
Mauritius,2022-04,859,69,1.7826086956521738,8.032596041909196,False
Mauritius,2022-05,957,74,1.6756756753108109,7.7324973876698015,False
Mauritius,2022-06,866,54,1.5185185185185186,6.235565819861431,False
Mauritius,2022-07,942,65,1.5384615387692309,6.900212314225053,False
Mauritius,2022-08,1096,55,1.4545454547999999,5.018248175182482,False
Mauritius,2022-09,1050,58,1.5344827582931035,5.523809523809524,False
Mauritius,2022-10,940,55,1.4727272726545455,5.851063829787234,False
Mauritius,2022-11,1818,88,1.215909091125,4.84048404840484,False
Mauritius,2022-12,1032,71,1.6619718305352111,6.87984496124031,False
Mauritius,2023-01,1008,55,1.7272727268363637,5.4563492063492065,False
Mauritius,2023-02,1012,48,1.4166666669375,4.743083003952569,False
Mauritius,2023-03,940,62,1.6612903228225806,6.595744680851064,False
Mauritius,2023-04,1015,69,1.507246376695652,6.798029556650246,False
Mauritius,2023-05,866,55,1.6909090911272728,6.351039260969977,False
Mauritius,2023-06,997,64,1.484374999828125,6.41925777331996,False
Mauritius,2023-07,999,53,1.4150943396226414,5.305305305305305,False
Mauritius,2023-08,846,54,1.3148148152592594,6.382978723404255,False
Mauritius,2023-09,873,78,1.3974358974358974,8.934707903780069,False
Mauritius,2023-10,1033,65,1.492307692,6.292352371732817,False
Mauritius,2023-11,1803,99,1.4141414138181818,5.490848585690515,False
Mauritius,2023-12,1954,81,1.4691358021604937,4.145342886386898,False
Mauritius,2024-01,959,47,1.5106382978723405,4.900938477580813,False
Mauritius,2024-02,954,64,1.484374999828125,6.7085953878406706,False
Mauritius,2024-03,1174,64,1.4999999996875,5.45144804088586,False
Mauritius,2024-04,924,56,1.4642857141785712,6.0606060606060606,False
Mauritius,2024-05,1084,66,1.4848484849090908,6.088560885608856,False
Mauritius,2024-06,1092,71,1.5774647886760564,6.501831501831502,False
Mauritius,2024-07,989,64,1.374999999765625,6.47118301314459,False
Mauritius,2024-08,1014,68,1.6470588239705881,6.70611439842209,False
Mauritius,2024-09,856,64,1.6249999996093751,7.4766355140186915,False
Mauritius,2024-10,939,63,1.4444444446825397,6.7092651757188495,False
Mauritius,2024-11,1827,89,1.3595505621573034,4.871373836891078,False
Mauritius,2024-12,1725,98,1.3469387750714286,5.681159420289855,False
Mauritius,2025-01,923,71,1.4225352108450704,7.6923076923076925,False
Mauritius,2025-02,837,58,1.586206896362069,6.929510155316607,False
Mauritius,2025-03,956,78,1.4743589738846152,8.158995815899582,False
Mauritius,2025-04,829,53,1.4528301891320754,6.393244873341375,False
Mauritius,2025-05,859,74,1.5270270265135135,8.614668218859139,False
Mauritius,2025-06,720,59,1.5254237288135593,8.194444444444445,False
Mauritius,2025-07,1295,88,1.4090909095,6.795366795366795,False
Mauritius,2025-08,909,67,1.5970149249253731,7.370737073707371,False
Mauritius,2025-09,1530,103,1.3689320387961164,6.73202614379085,False
Mauritius,2025-10,939,72,1.6249999998888889,7.667731629392971,False
Mauritius,2025-11,919,78,1.6538461542307692,8.487486398258977,False
Mauritius,2025-12,1765,305,1.4,17.28045325779037,False
Morocco,2015-01,6914,643,1.320373250065319,9.299971073184842,False
Morocco,2015-02,6788,707,1.3748231967157,10.415439010017678,False
Morocco,2015-03,6870,545,1.326605505,7.933042212518195,False
Morocco,2015-04,7897,500,1.408,6.3315182980878815,False
Morocco,2015-05,6636,437,1.33409611,6.585292344786016,False
Morocco,2015-06,7197,579,1.3730569947841105,8.045018757815756,False
Morocco,2015-07,9301,662,1.4350453173655588,7.117514245780024,False
Morocco,2015-08,8813,597,1.3902847571088777,6.774083739929649,False
Morocco,2015-09,6572,457,1.358862144,6.9537431527693245,False
Morocco,2015-10,6550,369,1.327913279,5.633587786259542,False
Morocco,2015-11,9629,899,1.3414905446607341,9.336379686364108,False
Morocco,2015-12,7794,672,1.364583333654762,8.622016936104696,False
Morocco,2016-01,9685,1017,1.378564405,10.500774393391843,False
Morocco,2016-02,11799,1132,1.372791519,9.594033392660394,False
Morocco,2016-03,12003,1448,1.332872928,12.063650753978171,False
Morocco,2016-04,11287,1364,1.3423753664442817,12.084699211482237,False
Morocco,2016-05,11820,1429,1.3226032190587822,12.089678510998308,False
Morocco,2016-06,10977,1320,1.3795454544999999,12.025143481825635,False
Morocco,2016-07,11982,1336,1.3428143716631735,11.15005842096478,False
Morocco,2016-08,9774,904,1.3838495571570797,9.249028033558421,False
Morocco,2016-09,9348,904,1.3484513270907081,9.670517757809158,False
Morocco,2016-10,10862,1202,1.362728785,11.06610200699687,False
Morocco,2016-11,11393,1418,1.3025387866283498,12.446238918634249,False
Morocco,2016-12,10928,1084,1.314575646,9.919472913616397,False
Morocco,2017-01,13921,1275,1.418823529,9.158824797069176,False
Morocco,2017-02,10682,1252,1.348242812,11.720651563377645,False
Morocco,2017-03,12282,1430,1.3482517485076924,11.643054877055855,False
Morocco,2017-04,11367,1333,1.365341335,11.726928829066596,False
Morocco,2017-05,12291,1728,1.3211805552552083,14.059067610446668,False
Morocco,2017-06,12772,1522,1.4047306180091983,11.916692765424365,False
Morocco,2017-07,12264,1708,1.4121779857991803,13.926940639269406,False
Morocco,2017-08,11518,888,1.398648649,7.7096718180239625,False
Morocco,2017-09,10086,1098,1.368852459,10.886377156454492,False
Morocco,2017-10,14377,1926,1.3873312562087226,13.396397023022883,False
Morocco,2017-11,15011,1788,1.3338926170000003,11.911265072280328,False
Morocco,2017-12,13874,1643,1.317102861,11.842294940175869,False
Morocco,2018-01,16163,1477,1.335815843,9.138155045474232,False
Morocco,2018-02,15944,1403,1.354953671129722,8.799548419468138,False
Morocco,2018-03,15410,1739,1.3237492812880967,11.284879948085658,False
Morocco,2018-04,13865,1593,1.277463905,11.48936170212766,False
Morocco,2018-05,14379,1615,1.343034055549226,11.231657277974824,False
Morocco,2018-06,14417,1215,1.4485596710189301,8.427550808073802,False
Morocco,2018-07,20048,1667,1.3671265749796042,8.315043894652833,False
Morocco,2018-08,10947,938,1.479744136444563,8.568557595688317,False
Morocco,2018-09,11844,1381,1.335264301,11.659912191827086,False
Morocco,2018-10,14896,1706,1.3253223915685814,11.452738990332975,False
Morocco,2018-11,14518,1818,1.2717271724009902,12.52238600358176,False
Morocco,2018-12,29092,2625,1.3257142861142859,9.023099133782484,False
Morocco,2019-01,29734,2445,1.3860940694249488,8.222909800228694,False
Morocco,2019-02,27616,2302,1.3240660291511728,8.335747392815758,False
Morocco,2019-03,32656,2928,1.2961065570177597,8.966193042626164,False
Morocco,2019-04,30902,2868,1.2723152025285913,9.280952689146334,False
Morocco,2019-05,31081,2616,1.354740060841743,8.416717608828545,False
Morocco,2019-06,31230,2289,1.3010048051275667,7.329490874159462,False
Morocco,2019-07,31064,2657,1.3041023715107265,8.553309296935359,False
Morocco,2019-08,22590,1581,1.34977862086907,6.99867197875166,False
Morocco,2019-09,29032,2287,1.3047660690861391,7.877514466795261,False
Morocco,2019-10,27734,2897,1.3120469446489471,10.445662363885484,False
Morocco,2019-11,26257,2392,1.3336120404916387,9.109951631945767,False
Morocco,2019-12,26302,2335,1.314346894677516,8.877651889590146,False
Morocco,2020-01,31733,2547,1.297605025745583,8.026344814546372,False
Morocco,2020-02,27830,2609,1.3142966658202375,9.374775422206252,False
Morocco,2020-03,37308,2881,1.8365150986799725,7.72220435295379,False
Morocco,2020-04,35260,2771,2.152291591824251,7.858763471355644,False
Morocco,2020-05,33416,2521,2.0737802454454584,7.544290160402203,False
Morocco,2020-06,31740,2593,1.940994986913999,8.169502205419029,False
Morocco,2020-07,31805,2591,1.9154766503434968,8.14651784310643,False
Morocco,2020-08,27301,1685,1.833234421,6.1719350939526025,False
Morocco,2020-09,25449,2401,1.852561433,9.434555385280365,False
Morocco,2020-10,26320,2522,1.721252974,9.582066869300911,False
Morocco,2020-11,25067,2482,1.713537469845286,9.901464076275582,False
Morocco,2020-12,25452,2885,1.654072790718891,11.335062077636335,False
Morocco,2021-01,14238,1545,1.6627831710854368,10.851243152128108,False
Morocco,2021-02,11242,1438,1.644645340769124,12.791318270770326,False
Morocco,2021-03,11624,1574,1.664548919968234,13.540949759119064,False
Morocco,2021-04,11547,1240,1.6112903224556452,10.738720013856414,False
Morocco,2021-05,11850,1533,1.657534246665362,12.936708860759493,False
Morocco,2021-06,11512,1581,1.6470588236818469,13.733495482974288,False
Morocco,2021-07,11039,1384,1.6596820813302022,12.537367515173475,False
Morocco,2021-08,10617,1102,1.7032667872831215,10.379579918997834,False
Morocco,2021-09,12387,1422,1.5984528833579466,11.479777185759264,False
Morocco,2021-10,12578,1690,1.6650887571538462,13.436158371760216,False
Morocco,2021-11,11168,1368,1.6176900582412284,12.249283667621777,False
Morocco,2021-12,12841,1649,1.5924802906973923,12.841678996962854,False
Morocco,2022-01,12181,1548,1.6524547807235141,12.708316230194566,False
Morocco,2022-02,11539,1598,1.6314142681852315,13.848687061270475,False
Morocco,2022-03,13541,2152,1.603159851348513,15.892474706447087,False
Morocco,2022-04,12597,1707,1.5852372586900993,13.550845439390331,False
Morocco,2022-05,12987,2053,1.5450560153312225,15.808115808115808,False
Morocco,2022-06,12073,1747,1.5912993701934746,14.470305640685828,False
Morocco,2022-07,11943,1774,1.599210822533258,14.853889307544168,False
Morocco,2022-08,10630,1220,1.67622950847541,11.47695202257761,False
Morocco,2022-09,10630,1457,1.6122168842498283,13.706491063029162,False
Morocco,2022-10,10780,1638,1.6086691084090354,15.194805194805195,False
Morocco,2022-11,11645,1794,1.4888517278623188,15.40575354229283,False
Morocco,2022-12,11516,1795,1.4635097497582172,15.587009378256338,False
Morocco,2023-01,10587,1654,1.5798065300459492,15.622933786719562,False
Morocco,2023-02,9511,1381,1.611151339513396,14.520029439596257,False
Morocco,2023-03,10961,2074,1.4411764706027002,18.92163123802573,False
Morocco,2023-04,10057,1420,1.4992957745816902,14.119518743163965,False
Morocco,2023-05,11104,2058,1.3979591838950438,18.53386167146974,False
Morocco,2023-06,10257,1605,1.3676012464448597,15.647850248610705,False
Morocco,2023-07,11142,1880,1.3856382975500001,16.87309280201041,False
Morocco,2023-08,10503,1417,1.5201129141376148,13.491383414262591,False
Morocco,2023-09,10917,1552,1.576675258234536,14.216359805807457,False
Morocco,2023-10,11683,2225,1.41932584228,19.044765899169732,False
Morocco,2023-11,11358,1899,1.3938915219536596,16.71949286846276,False
Morocco,2023-12,12283,2360,1.3588983054936439,19.213547179027923,False
Morocco,2024-01,10857,1881,1.3726741095757575,17.325227963525837,False
Morocco,2024-02,9988,1682,1.4024970274435193,16.84020824989988,False
Morocco,2024-03,10350,1852,1.3936285098002161,17.893719806763286,False
Morocco,2024-04,11914,2304,1.373263888747396,19.33859325163673,False
Morocco,2024-05,10242,2004,1.3368263471057884,19.566490919742236,False
Morocco,2024-06,10337,1894,1.3727560713780358,18.322530714907614,False
Morocco,2024-07,11132,2193,1.3917008661865027,19.699964067553,False
Morocco,2024-08,9630,1563,1.4830454252610366,16.230529595015575,False
Morocco,2024-09,10153,1884,1.427282377614119,18.556091795528417,False
Morocco,2024-10,12755,2448,1.3439542482177287,19.192473539788317,False
Morocco,2024-11,10794,2109,1.363205310458037,19.53863257365203,False
Morocco,2024-12,13557,2427,1.3906056855591264,17.902190750165968,False
Morocco,2025-01,12560,2261,1.4002653690442282,18.001592356687897,False
Morocco,2025-02,11864,2414,1.3632974314676884,20.347269049224543,False
Morocco,2025-03,12655,2520,1.4063492062158731,19.913077834847886,False
Morocco,2025-04,11904,2568,1.3714953271082555,21.572580645161292,False
Morocco,2025-05,13660,2611,1.382995020763692,19.11420204978038,False
Morocco,2025-06,12499,2301,1.4011299434211213,18.409472757820627,False
Morocco,2025-07,12410,2445,1.3869120649333333,19.701853344077357,False
Morocco,2025-08,10268,1460,1.5130136987561646,14.218932606155045,False
Morocco,2025-09,11211,2307,1.4338968356896402,20.57800374632058,False
Morocco,2025-10,13989,3073,1.3804100232600065,21.967259989992137,False
Morocco,2025-11,12352,2699,1.3693960726231937,21.85071243523316,False
Morocco,2025-12,22198,3350,1.3202985076713434,15.091449680151365,False
Mozambique,2015-01,757,125,1.328,16.512549537648614,False
Mozambique,2015-02,718,131,1.267175573,18.245125348189415,False
Mozambique,2015-03,723,123,1.195121951,17.012448132780083,False
Mozambique,2015-04,710,139,1.208633094,19.577464788732396,False
Mozambique,2015-05,706,128,1.2421875,18.13031161473088,False
Mozambique,2015-06,729,117,1.230769231,16.049382716049383,False
Mozambique,2015-07,743,142,1.330985915,19.11170928667564,False
Mozambique,2015-08,731,138,1.152173913,18.87824897400821,False
Mozambique,2015-09,696,99,1.272727273,14.224137931034482,False
Mozambique,2015-10,698,108,1.259259259,15.472779369627506,False
Mozambique,2015-11,657,97,1.422680412,14.76407914764079,False
Mozambique,2015-12,679,138,1.456521739,20.3240058910162,False
Mozambique,2016-01,670,112,1.455357143,16.71641791044776,False
Mozambique,2016-02,607,110,1.418181818,18.12191103789127,False
Mozambique,2016-03,646,122,1.385245902,18.88544891640867,False
Mozambique,2016-04,662,140,1.45,21.148036253776436,False
Mozambique,2016-05,639,130,1.307692308,20.344287949921753,False
Mozambique,2016-06,648,133,1.368421053,20.52469135802469,False
Mozambique,2016-07,651,122,1.450819672,18.740399385560675,False
Mozambique,2016-08,698,127,1.448818898,18.19484240687679,False
Mozambique,2016-09,644,115,1.408695652,17.857142857142858,False
Mozambique,2016-10,601,98,1.408163265,16.306156405990016,False
Mozambique,2016-11,614,115,1.4,18.729641693811075,False
Mozambique,2016-12,652,122,1.450819672,18.711656441717793,False
Mozambique,2017-01,626,153,1.411764706,24.440894568690094,False
Mozambique,2017-02,502,122,1.409836066,24.302788844621514,False
Mozambique,2017-03,545,140,1.371428571,25.68807339449541,False
Mozambique,2017-04,535,118,1.296610169,22.05607476635514,False
Mozambique,2017-05,1033,291,1.226804124,28.170377541142305,False
Mozambique,2017-06,966,245,1.302040816,25.36231884057971,False
Mozambique,2017-07,995,252,1.345238095,25.326633165829147,False
Mozambique,2017-08,1087,277,1.220216606,25.48298068077277,False
Mozambique,2017-09,960,237,1.227848101,24.6875,False
Mozambique,2017-10,953,224,1.325892857,23.504721930745017,False
Mozambique,2017-11,1086,310,1.367741935,28.5451197053407,False
Mozambique,2017-12,1051,265,1.233962264,25.21408182683159,False
Mozambique,2018-01,1043,183,1.4098360660000002,17.54554170661553,False
Mozambique,2018-02,967,217,1.304147465,22.440537745604964,False
Mozambique,2018-03,1064,243,1.29218107,22.838345864661655,False
Mozambique,2018-04,1091,234,1.273504274,21.448212648945923,False
Mozambique,2018-05,1043,230,1.3260869570000002,22.051773729626078,False
Mozambique,2018-06,977,209,1.2966507179999998,21.392016376663253,False
Mozambique,2018-07,1033,221,1.330316742,21.393998063891576,False
Mozambique,2018-08,1089,256,1.19921875,23.507805325987142,False
Mozambique,2018-09,1023,232,1.232758621,22.67839687194526,False
Mozambique,2018-10,1026,251,1.22310757,24.463937621832358,False
Mozambique,2018-11,1119,283,1.2155477027844523,25.290437890974083,False
Mozambique,2018-12,1082,278,1.3093525179784173,25.693160813308687,False
Mozambique,2019-01,1036,226,1.4026548669867258,21.814671814671815,False
Mozambique,2019-02,975,203,1.261083744,20.82051282051282,False
Mozambique,2019-03,1195,290,1.348275862,24.267782426778243,False
Mozambique,2019-04,1112,272,1.3713235291213237,24.46043165467626,False
Mozambique,2019-05,1079,299,1.227424749,27.710843373493976,False
Mozambique,2019-06,1003,283,1.339222615,28.215353938185444,False
Mozambique,2019-07,1102,253,1.249011858,22.95825771324864,False
Mozambique,2019-08,1008,265,1.260377358,26.28968253968254,False
Mozambique,2019-09,974,233,1.3347639488841203,23.921971252566735,False
Mozambique,2019-10,967,198,1.237373737,20.47569803516029,False
Mozambique,2019-11,761,181,1.276243094,23.78449408672799,False
Mozambique,2019-12,728,174,1.172413793,23.9010989010989,False
Mozambique,2020-01,786,158,1.234177215,20.10178117048346,False
Mozambique,2020-02,730,173,1.271676301,23.698630136986303,False
Mozambique,2020-03,953,230,1.4478260873043478,24.134312696747113,False
Mozambique,2020-04,915,253,1.7154150199407114,27.650273224043715,False
Mozambique,2020-05,837,211,1.71563981,25.209080047789726,False
Mozambique,2020-06,616,140,1.4428571426357144,22.727272727272727,False
Mozambique,2020-07,929,181,1.552486188,19.483315392895587,False
Mozambique,2020-08,872,204,1.4313725493382352,23.394495412844037,False
Mozambique,2020-09,916,200,1.3749999996399997,21.83406113537118,False
Mozambique,2020-10,882,204,1.27450980372549,23.12925170068027,False
Mozambique,2020-11,914,207,1.207729469,22.64770240700219,False
Mozambique,2020-12,903,194,1.231958763,21.483942414174972,False
Mozambique,2021-01,970,125,1.3279999995999998,12.88659793814433,False
Mozambique,2021-02,1015,147,1.25170068,14.482758620689655,False
Mozambique,2021-03,1057,155,1.212903226,14.664143803216652,False
Mozambique,2021-04,1027,155,1.380645161,15.092502434274586,False
Mozambique,2021-05,1094,204,1.3333333332598039,18.647166361974406,False
Mozambique,2021-06,1143,216,1.287037037,18.89763779527559,False
Mozambique,2021-07,1239,230,1.234782609,18.563357546408394,False
Mozambique,2021-08,1258,231,1.277056277090909,18.36248012718601,False
Mozambique,2021-09,1170,235,1.314893617,20.085470085470085,False
Mozambique,2021-10,1165,219,1.246575342,18.798283261802574,False
Mozambique,2021-11,1145,255,1.203921569,22.270742358078603,False
Mozambique,2021-12,1059,185,1.302702703,17.469310670443814,False
Mozambique,2022-01,1013,157,1.184713376,15.498519249753208,False
Mozambique,2022-02,1253,209,1.200956937799043,16.67996807661612,False
Mozambique,2022-03,1262,245,1.326530612212245,19.41362916006339,False
Mozambique,2022-04,1126,243,1.255144033,21.58081705150977,False
Mozambique,2022-05,1357,300,1.223333333,22.10759027266028,False
Mozambique,2022-06,1081,226,1.309734513,20.906567992599445,False
Mozambique,2022-07,933,202,1.3267326735049505,21.65058949624866,False
Mozambique,2022-08,1108,231,1.238095237948052,20.84837545126354,False
Mozambique,2022-09,995,177,1.2090395484858756,17.78894472361809,False
Mozambique,2022-10,992,230,1.182608695926087,23.18548387096774,False
Mozambique,2022-11,986,221,1.180995475,22.413793103448278,False
Mozambique,2022-12,906,208,1.274038462,22.958057395143488,False
Mozambique,2023-01,871,136,1.2867647060367648,15.614236509758898,False
Mozambique,2023-02,834,132,1.212121212,15.827338129496402,False
Mozambique,2023-03,1027,160,1.35,15.57935735150925,False
Mozambique,2023-04,956,207,1.246376812,21.652719665271967,False
Mozambique,2023-05,984,190,1.1631578944,19.308943089430894,False
Mozambique,2023-06,946,183,1.207650273,19.3446088794926,False
Mozambique,2023-07,1010,198,1.262626263080808,19.603960396039604,False
Mozambique,2023-08,1131,198,1.237373737,17.50663129973475,False
Mozambique,2023-09,1018,163,1.171779141,16.01178781925344,False
Mozambique,2023-10,1156,164,1.292682927,14.186851211072664,False
Mozambique,2023-11,1070,222,1.18018018,20.747663551401867,False
Mozambique,2023-12,1357,268,1.141791045,19.749447310243184,False
Mozambique,2024-01,1483,291,1.2027491411821307,19.622387053270398,False
Mozambique,2024-02,1457,261,1.206896552,17.913520933424845,False
Mozambique,2024-03,1393,239,1.284518828,17.15721464465183,False
Mozambique,2024-04,1449,287,1.202090592445993,19.806763285024154,False
Mozambique,2024-05,1462,326,1.165644172101227,22.298221614227085,False
Mozambique,2024-06,1396,283,1.1696113079151944,20.27220630372493,False
Mozambique,2024-07,1609,338,1.2159763313224852,21.00683654443754,False
Mozambique,2024-08,1805,382,1.123036649515707,21.16343490304709,False
Mozambique,2024-09,1671,279,1.154121864,16.696588868940754,False
Mozambique,2024-10,1739,229,1.174672489,13.168487636572744,False
Mozambique,2024-11,1408,265,1.320754717,18.821022727272727,False
Mozambique,2024-12,1453,290,1.4758620686344828,19.958706125258086,False
Mozambique,2025-01,1559,276,1.2318840584057973,17.7036561898653,False
Mozambique,2025-02,1559,361,1.1966759,23.15586914688903,False
Mozambique,2025-03,1745,446,1.253363229118834,25.558739255014327,False
Mozambique,2025-04,1601,466,1.302575107,29.10680824484697,False
Mozambique,2025-05,1510,457,1.2954048142341357,30.264900662251655,False
Mozambique,2025-06,1427,348,1.3218390807471263,24.386825508058866,False
Mozambique,2025-07,1653,433,1.387990761930716,26.194797338173018,False
Mozambique,2025-08,1618,471,1.371549893490446,29.110012360939432,False
Mozambique,2025-09,1470,394,1.3020304566446699,26.802721088435373,False
Mozambique,2025-10,1420,398,1.3417085430000002,28.028169014084508,False
Mozambique,2025-11,1309,390,1.2333333331897436,29.793735676088616,False
Mozambique,2025-12,1092,258,1.26744186,23.626373626373628,False
Namibia,2015-01,730,150,1.2199999998400002,20.54794520547945,False
Namibia,2015-02,982,268,1.2723880600783584,27.29124236252546,False
Namibia,2015-03,1024,292,1.2226027398082193,28.515625,False
Namibia,2015-04,1075,321,1.2741433017133958,29.86046511627907,False
Namibia,2015-05,973,280,1.1999999997142856,28.776978417266186,False
Namibia,2015-06,1146,330,1.2303030300727273,28.79581151832461,False
Namibia,2015-07,1173,326,1.3251533743865032,27.791986359761296,False
Namibia,2015-08,1055,284,1.2183098593133803,26.919431279620852,False
Namibia,2015-09,1085,311,1.2765273309807075,28.663594470046082,False
Namibia,2015-10,1144,321,1.2523364486542057,28.05944055944056,False
Namibia,2015-11,1120,287,1.2682926829825785,25.625,False
Namibia,2015-12,794,184,1.2663043473913045,23.173803526448363,False
Namibia,2016-01,825,192,1.348958332953125,23.272727272727273,False
Namibia,2016-02,985,265,1.215094339554717,26.903553299492387,False
Namibia,2016-03,951,249,1.2208835341606425,26.182965299684543,False
Namibia,2016-04,1026,294,1.26530612272449,28.65497076023392,False
Namibia,2016-05,947,254,1.236220472440945,26.821541710665258,False
Namibia,2016-06,1016,265,1.2603773589320755,26.08267716535433,False
Namibia,2016-07,998,311,1.273311896784566,31.162324649298597,False
Namibia,2016-08,995,271,1.343173431298893,27.236180904522612,False
Namibia,2016-09,1004,308,1.2792207789448051,30.677290836653388,False
Namibia,2016-10,941,277,1.2166064983393503,29.436769394261425,False
Namibia,2016-11,711,146,1.3150684935479453,20.534458509142052,False
Namibia,2016-12,736,164,1.2560975606158538,22.282608695652176,False
Namibia,2017-01,852,195,1.343589743097436,22.887323943661972,False
Namibia,2017-02,892,245,1.3428571432857144,27.466367713004484,False
Namibia,2017-03,962,255,1.247058823282353,26.507276507276508,False
Namibia,2017-04,919,267,1.2996254678651684,29.053318824809576,False
Namibia,2017-05,1062,313,1.2875399365239617,29.472693032015066,False
Namibia,2017-06,1096,327,1.2110091742201834,29.835766423357665,False
Namibia,2017-07,1077,306,1.2581699342156862,28.41225626740947,False
Namibia,2017-08,1054,312,1.2532051284134615,29.601518026565465,False
Namibia,2017-09,1043,303,1.194719471518152,29.050814956855227,False
Namibia,2017-10,1062,270,1.1814814813407406,25.423728813559322,False
Namibia,2017-11,1027,285,1.2421052626666664,27.75073028237585,False
Namibia,2017-12,818,207,1.2077294688405797,25.30562347188264,False
Namibia,2018-01,947,249,1.2570281124497993,26.293558606124606,False
Namibia,2018-02,1048,282,1.2588652482304965,26.908396946564885,False
Namibia,2018-03,1062,319,1.253918495799373,30.037664783427495,False
Namibia,2018-04,1036,290,1.1586206899931035,27.99227799227799,False
Namibia,2018-05,982,256,1.175781250390625,26.069246435845216,False
Namibia,2018-06,1042,280,1.2142857141999999,26.871401151631478,False
Namibia,2018-07,705,155,1.2129032254580645,21.98581560283688,False
Namibia,2018-08,897,248,1.233870968044355,27.647714604236345,False
Namibia,2018-09,998,269,1.2639405205055763,26.95390781563126,False
Namibia,2018-10,1106,305,1.2885245899540982,27.576853526220614,False
Namibia,2018-11,1138,321,1.221183800647975,28.20738137082601,False
Namibia,2018-12,872,229,1.262008734,26.261467889908257,False
Namibia,2019-01,911,300,1.35,32.93084522502744,False
Namibia,2019-02,1128,441,1.2811791380000002,39.09574468085106,False
Namibia,2019-03,1164,406,1.224137931,34.87972508591065,False
Namibia,2019-04,1130,354,1.257062147,31.327433628318584,False
Namibia,2019-05,1150,413,1.288135593,35.91304347826087,False
Namibia,2019-06,1088,352,1.278409091,32.35294117647059,False
Namibia,2019-07,1239,411,1.335766423,33.171912832929785,False
Namibia,2019-08,1102,367,1.234332425,33.30308529945554,False
Namibia,2019-09,1063,358,1.215083799,33.67826904985889,False
Namibia,2019-10,1181,414,1.3478260871497587,35.05503810330229,False
Namibia,2019-11,1111,332,1.277108433457831,29.882988298829883,False
Namibia,2019-12,722,218,1.2431192656330277,30.193905817174514,False
Namibia,2020-01,925,272,1.2867647061691176,29.405405405405407,False
Namibia,2020-02,1090,328,1.3445121955304877,30.091743119266056,False
Namibia,2020-03,1230,411,1.464720195,33.41463414634146,False
Namibia,2020-04,1037,317,1.8075709779999998,30.568948891031823,False
Namibia,2020-05,903,263,1.737642586,29.12513842746401,False
Namibia,2020-06,1264,429,1.6200466200000003,33.93987341772152,False
Namibia,2020-07,1566,520,1.551923077,33.205619412515965,False
Namibia,2020-08,1245,423,1.522458629,33.975903614457835,False
Namibia,2020-09,1201,387,1.4625323,32.223147377185676,False
Namibia,2020-10,1244,403,1.387096774,32.39549839228296,False
Namibia,2020-11,985,293,1.372013652,29.746192893401016,False
Namibia,2020-12,454,99,1.434343434,21.80616740088106,False
Namibia,2021-01,906,222,1.4144144145270272,24.503311258278146,False
Namibia,2021-02,993,285,1.3614035088842105,28.700906344410875,False
Namibia,2021-03,1143,355,1.3718309861183098,31.058617672790902,False
Namibia,2021-04,1095,331,1.3323262836193352,30.228310502283104,False
Namibia,2021-05,995,244,1.3032786887459016,24.522613065326635,False
Namibia,2021-06,1050,274,1.4160583944963505,26.095238095238095,False
Namibia,2021-07,1174,297,1.5084175087542087,25.298126064735946,False
Namibia,2021-08,1116,337,1.359050444688427,30.197132616487455,False
Namibia,2021-09,1255,340,1.3147058826911764,27.09163346613546,False
Namibia,2021-10,1181,341,1.3607038120351909,28.873835732430145,False
Namibia,2021-11,1245,405,1.3012345676641974,32.53012048192771,False
Namibia,2021-12,853,212,1.349056603466981,24.853458382180538,False
Namibia,2022-01,727,173,1.3757225433526012,23.796423658872076,False
Namibia,2022-02,1116,360,1.305555555588889,32.25806451612903,False
Namibia,2022-03,1272,418,1.351674640937799,32.861635220125784,False
Namibia,2022-04,826,225,1.471111110711111,27.239709443099272,False
Namibia,2022-05,553,123,1.4065040650406504,22.24231464737794,False
Namibia,2022-06,1229,409,1.3618581905745721,33.279088689991866,False
Namibia,2022-07,1222,437,1.3638443939313498,35.761047463175125,False
Namibia,2022-08,1261,445,1.3056179778651686,35.289452815226014,False
Namibia,2022-09,1326,442,1.321266968167421,33.333333333333336,False
Namibia,2022-10,1152,387,1.3669250645865634,33.59375,False
Namibia,2022-11,1127,405,1.407407407365432,35.93611357586513,False
Namibia,2022-12,823,271,1.287822878383764,32.92831105710814,False
Namibia,2023-01,959,275,1.3636363634181818,28.67570385818561,False
Namibia,2023-02,1069,354,1.3757062150847457,33.11506080449018,False
Namibia,2023-03,1121,407,1.412776413218673,36.30686886708296,False
Namibia,2023-04,944,326,1.3680981594110428,34.53389830508475,False
Namibia,2023-05,976,333,1.360360359930931,34.118852459016395,False
Namibia,2023-06,1196,420,1.3357142860238096,35.11705685618729,False
Namibia,2023-07,1267,418,1.3732057416889951,32.991318074191,False
Namibia,2023-08,1292,441,1.2675736958548753,34.13312693498452,False
Namibia,2023-09,1230,416,1.2980769234182692,33.82113821138211,False
Namibia,2023-10,1239,403,1.325062034401985,32.52623083131558,False
Namibia,2023-11,1259,413,1.3656174335254236,32.80381254964257,False
Namibia,2023-12,962,292,1.3595890408630138,30.353430353430355,False
Namibia,2024-01,911,227,1.3964757710352425,24.91767288693743,False
Namibia,2024-02,651,129,1.3178294575581397,19.81566820276498,False
Namibia,2024-03,1153,362,1.325966851160221,31.39635732870772,False
Namibia,2024-04,1077,311,1.311897106398714,28.876508820798513,False
Namibia,2024-05,1261,417,1.3213429254460431,33.0689928628073,False
Namibia,2024-06,1667,543,1.3756906078268876,32.57348530293941,False
Namibia,2024-07,1302,410,1.2951219511439025,31.490015360983104,False
Namibia,2024-08,1186,380,1.302631578805263,32.04047217537943,False
Namibia,2024-09,1238,380,1.3684210528157896,30.694668820678515,False
Namibia,2024-10,1329,422,1.4146919430616112,31.753197893152745,False
Namibia,2024-11,1219,372,1.3602150538172044,30.51681706316653,False
Namibia,2024-12,956,260,1.3038461534307693,27.196652719665273,False
Namibia,2025-01,1066,269,1.453531598639405,25.234521575984992,False
Namibia,2025-02,1274,371,1.3207547166442046,29.12087912087912,False
Namibia,2025-03,1245,362,1.2872928179060774,29.076305220883533,False
Namibia,2025-04,1286,426,1.3333333330046948,33.12597200622084,False
Namibia,2025-05,1142,346,1.343930636271676,30.297723292469353,False
Namibia,2025-06,1236,368,1.3804347824565217,29.77346278317152,False
Namibia,2025-07,1271,407,1.3832923834250614,32.02202989771833,False
Namibia,2025-08,1248,425,1.3647058820517646,34.05448717948718,False
Namibia,2025-09,1325,448,1.3415178567767858,33.81132075471698,False
Namibia,2025-10,1362,467,1.3040685221541757,34.287812041116005,False
Namibia,2025-11,1199,382,1.298429319078534,31.859883236030026,False
Namibia,2025-12,1625,680,1.398529411352941,41.84615384615385,False
Niger,2015-01,684,58,1.4310344830689654,8.47953216374269,False
Niger,2015-02,633,41,1.4146341467560977,6.477093206951027,False
Niger,2015-03,729,79,1.3924050633797467,10.83676268861454,False
Niger,2015-04,652,66,1.4393939398030302,10.122699386503067,False
Niger,2015-05,678,79,1.569620253392405,11.651917404129794,False
Niger,2015-06,694,83,1.4578313253012047,11.959654178674352,False
Niger,2015-07,715,74,1.527027026554054,10.34965034965035,False
Niger,2015-08,662,68,1.808823529617647,10.27190332326284,False
Niger,2015-09,662,60,1.4666666669999997,9.06344410876133,False
Niger,2015-10,689,76,1.4078947368684211,11.030478955007258,False
Niger,2015-11,680,58,1.4827586209310344,8.529411764705882,False
Niger,2015-12,678,68,1.514705881970588,10.029498525073747,False
Niger,2016-01,690,75,1.4000000006266669,10.869565217391305,False
Niger,2016-02,702,74,1.4189189193513514,10.54131054131054,False
Niger,2016-03,682,57,1.3333333326842105,8.357771260997067,False
Niger,2016-04,648,57,1.4210526318596493,8.796296296296296,False
Niger,2016-05,846,61,1.2950819668032787,7.210401891252955,False
Niger,2016-06,689,73,1.4109589045479451,10.595065312046444,False
Niger,2016-07,649,67,1.402985074328358,10.323574730354391,False
Niger,2016-08,645,52,1.3076923071923074,8.062015503875969,False
Niger,2016-09,627,61,1.4098360651311475,9.728867623604465,False
Niger,2016-10,638,55,1.2363636367636364,8.620689655172415,False
Niger,2016-11,632,60,1.5166666669666669,9.49367088607595,False
Niger,2016-12,643,68,1.5441176471176472,10.57542768273717,False
Niger,2017-01,629,51,1.3725490192352943,8.108108108108109,False
Niger,2017-02,608,52,1.3846153850769232,8.552631578947368,False
Niger,2017-03,643,73,1.3972602736301367,11.35303265940902,False
Niger,2017-04,659,76,1.4736842106842107,11.532625189681335,False
Niger,2017-05,634,52,1.2692307687500002,8.201892744479496,False
Niger,2017-06,645,69,1.3768115940579708,10.69767441860465,False
Niger,2017-07,661,66,1.3787878787575756,9.984871406959153,False
Niger,2017-08,672,63,1.349206349253968,9.375,False
Niger,2017-09,612,48,1.4583333338541669,7.8431372549019605,False
Niger,2017-10,657,77,1.428571428012987,11.719939117199392,False
Niger,2017-11,655,74,1.3378378377297298,11.297709923664122,False
Niger,2017-12,628,64,1.3593750004374998,10.19108280254777,False
Niger,2018-01,646,67,1.5970149258507462,10.371517027863778,False
Niger,2018-02,647,67,1.6119402984328357,10.35548686244204,False
Niger,2018-03,654,77,1.6363636359740261,11.773700305810397,False
Niger,2018-04,654,68,1.3823529418235296,10.397553516819572,False
Niger,2018-05,665,65,1.399999999676923,9.774436090225564,False
Niger,2018-06,651,68,1.6323529419117644,10.44546850998464,False
Niger,2018-07,650,64,1.390625000625,9.846153846153847,False
Niger,2018-08,746,102,1.3823529416862743,13.672922252010723,False
Niger,2018-09,722,93,1.3548387098924732,12.880886426592797,False
Niger,2018-10,710,91,1.5494505494945054,12.816901408450704,False
Niger,2018-11,686,76,1.250000000394737,11.078717201166182,False
Niger,2018-12,622,65,1.5076923077538464,10.45016077170418,False
Niger,2019-01,619,58,1.4482758620689655,9.369951534733442,False
Niger,2019-02,616,57,1.5087719293859652,9.253246753246753,False
Niger,2019-03,690,86,1.3720930235813953,12.46376811594203,False
Niger,2019-04,610,55,1.563636363981818,9.01639344262295,False
Niger,2019-05,739,85,1.3529411760470589,11.502029769959405,False
Niger,2019-06,872,138,1.2971014488695651,15.825688073394495,False
Niger,2019-07,875,162,1.2283950617530863,18.514285714285716,False
Niger,2019-08,825,136,1.1838235297867647,16.484848484848484,False
Niger,2019-09,804,129,1.465116279147287,16.044776119402986,False
Niger,2019-10,832,132,1.3106060602272727,15.865384615384615,False
Niger,2019-11,782,121,1.4214876033553718,15.473145780051151,False
Niger,2019-12,833,128,1.4296875001328124,15.366146458583433,False
Niger,2020-01,811,119,1.319327731092437,14.67324290998767,False
Niger,2020-02,793,113,1.3008849553097344,14.24968474148802,False
Niger,2020-03,879,129,1.4341085273023255,14.675767918088738,False
Niger,2020-04,838,129,1.8294573644341083,15.393794749403341,False
Niger,2020-05,821,108,1.6666666662037035,13.15468940316687,False
Niger,2020-06,830,132,1.553030303060606,15.903614457831326,False
Niger,2020-07,825,123,1.6991869916097562,14.909090909090908,False
Niger,2020-08,818,110,1.6181818178454546,13.447432762836186,False
Niger,2020-09,817,136,1.5000000001764706,16.64626682986536,False
Niger,2020-10,823,109,1.3944954129816516,13.24422843256379,False
Niger,2020-11,733,98,1.6020408161938775,13.369713506139155,False
Niger,2020-12,783,116,1.5344827588362069,14.814814814814815,False
Niger,2021-01,775,98,1.5204081633877553,12.64516129032258,False
Niger,2021-02,781,93,1.419354839182796,11.907810499359796,False
Niger,2021-03,648,63,1.5873015867142857,9.722222222222221,False
Niger,2021-04,798,132,1.5984848479772729,16.541353383458645,False
Niger,2021-05,804,107,1.4953271026168222,13.308457711442786,False
Niger,2021-06,844,139,1.3021582735683452,16.46919431279621,False
Niger,2021-07,871,138,1.4927536237246377,15.843857634902411,False
Niger,2021-08,853,148,1.3040540536756757,17.35052754982415,False
Niger,2021-09,888,166,1.3493975901686748,18.693693693693692,False
Niger,2021-10,915,173,1.3294797688786126,18.907103825136613,False
Niger,2021-11,941,185,1.4000000001621622,19.659936238044633,False
Niger,2021-12,935,163,1.3496932510429447,17.433155080213904,False
Niger,2022-01,875,180,1.4722222216666665,20.571428571428573,False
Niger,2022-02,875,167,1.4610778443113772,19.085714285714285,False
Niger,2022-03,937,203,1.4630541872118228,21.66488794023479,False
Niger,2022-04,824,154,1.4350649354415583,18.689320388349515,False
Niger,2022-05,904,156,1.5064102560384616,17.256637168141594,False
Niger,2022-06,886,163,1.5276073618895707,18.397291196388263,False
Niger,2022-07,848,150,1.5199999996866669,17.68867924528302,False
Niger,2022-08,859,166,1.4216867472771084,19.324796274738066,False
Niger,2022-09,893,167,1.5089820359041919,18.701007838745802,False
Niger,2022-10,891,166,1.337349397873494,18.6307519640853,False
Niger,2022-11,923,189,1.354497354804233,20.47670639219935,False
Niger,2022-12,920,174,1.2931034482183907,18.91304347826087,False
Niger,2023-01,880,145,1.4068965519931036,16.477272727272727,False
Niger,2023-02,880,180,1.2333333335777776,20.454545454545453,False
Niger,2023-03,943,185,1.2918918922540543,19.618239660657476,False
Niger,2023-04,815,139,1.4604316549352518,17.05521472392638,False
Niger,2023-05,962,179,1.2402234637765364,18.60706860706861,False
Niger,2023-06,883,172,1.2906976739767442,19.479048697621742,False
Niger,2023-07,926,166,1.2771084339578314,17.92656587473002,False
Niger,2023-08,891,123,1.333333333577236,13.804713804713804,False
Niger,2023-09,894,126,1.269841269968254,14.093959731543624,False
Niger,2023-10,904,155,1.4258064519612903,17.146017699115045,False
Niger,2023-11,897,167,1.4371257484071855,18.617614269788184,False
Niger,2023-12,993,164,1.4268292685853659,16.51560926485398,False
Niger,2024-01,899,157,1.3694267520636942,17.46384872080089,False
Niger,2024-02,897,150,1.35999999984,16.722408026755854,False
Niger,2024-03,857,153,1.2287581697254901,17.852975495915985,False
Niger,2024-04,872,148,1.2905405401013514,16.972477064220183,False
Niger,2024-05,934,172,1.2325581396744185,18.41541755888651,False
Niger,2024-06,889,139,1.2589928058129496,15.635545556805399,False
Niger,2024-07,956,182,1.2252747257912089,19.03765690376569,False
Niger,2024-08,895,113,1.265486726176991,12.625698324022347,False
Niger,2024-09,945,146,1.226027397691781,15.44973544973545,False
Niger,2024-10,975,191,1.246073298329843,19.58974358974359,False
Niger,2024-11,976,189,1.2592592597354497,19.364754098360656,False
Niger,2024-12,951,169,1.313609467366864,17.770767613038906,False
Niger,2025-01,744,108,1.2592592592037037,14.516129032258064,False
Niger,2025-02,878,159,1.2452830190314463,18.109339407744876,False
Niger,2025-03,944,170,1.2000000004705882,18.008474576271187,False
Niger,2025-04,944,168,1.2500000001904763,17.796610169491526,False
Niger,2025-05,653,67,1.358208954761194,10.260336906584993,False
Niger,2025-06,933,165,1.2060606057696972,17.684887459807072,False
Niger,2025-07,839,124,1.2983870967741935,14.779499404052443,False
Niger,2025-08,962,191,1.2198952878010472,19.854469854469855,False
Niger,2025-09,727,84,1.2499999995238096,11.554332874828061,False
Niger,2025-10,835,146,1.1986301374657535,17.48502994011976,False
Niger,2025-11,1431,222,1.2432432436981982,15.51362683438155,False
Niger,2025-12,840,295,1.2000000003491524,35.11904761904762,False
Nigeria,2015-01,14289,5344,1.4418038919814746,37.39939813842816,False
Nigeria,2015-02,13257,4926,1.426918391815266,37.157727992758545,False
Nigeria,2015-03,13269,4915,1.4012207523426248,37.04122390534328,False
Nigeria,2015-04,10480,3712,1.3701508623636853,35.41984732824427,False
Nigeria,2015-05,15813,6068,1.398154251654746,38.37349016631885,False
Nigeria,2015-06,15356,6091,1.4316204240661634,39.66527741599375,False
Nigeria,2015-07,15485,6120,1.4117647062375818,39.52211817888279,False
Nigeria,2015-08,11488,4487,1.365277468307778,39.05814763231198,False
Nigeria,2015-09,14916,5803,1.3679131482915732,38.90453204612496,False
Nigeria,2015-10,14286,5751,1.36445835454008,40.25619487610248,False
Nigeria,2015-11,13666,5457,1.3745647795495692,39.931216156885704,False
Nigeria,2015-12,14856,6178,1.3782777599656846,41.58589122240172,False
Nigeria,2016-01,14380,6209,1.374617490988726,43.17802503477051,False
Nigeria,2016-02,17241,7701,1.3751460852748993,44.666782669218726,False
Nigeria,2016-03,18520,8053,1.415869861899913,43.48272138228942,False
Nigeria,2016-04,24763,11690,1.4367835760468777,47.2075273593668,False
Nigeria,2016-05,23726,11597,1.433215486586962,48.878867065666356,False
Nigeria,2016-06,20476,9259,1.4298520361302516,45.218792732955656,False
Nigeria,2016-07,21460,9464,1.4654480131597634,44.10065237651445,False
Nigeria,2016-08,25956,11109,1.4583670899228551,42.799352750809064,False
Nigeria,2016-09,22938,10691,1.4879805441088767,46.60824832156247,False
Nigeria,2016-10,21309,9546,1.423842447279803,44.79797268759679,False
Nigeria,2016-11,29060,13089,1.364810145526167,45.04129387474191,False
Nigeria,2016-12,28444,12850,1.4106614782499611,45.17648713261145,False
Nigeria,2017-01,28242,11602,1.4784519905692122,41.08066000991431,False
Nigeria,2017-02,26517,11626,1.392740408944607,43.84357204812007,False
Nigeria,2017-03,28622,11955,1.3579255545697195,41.7685696317518,False
Nigeria,2017-04,31372,12946,1.334775219974355,41.26609715670024,False
Nigeria,2017-05,28869,12325,1.3508316427683569,42.69285392635699,False
Nigeria,2017-06,36991,15616,1.382876537022413,42.21567408288502,False
Nigeria,2017-07,34290,14089,1.409326424968415,41.0877806940799,False
Nigeria,2017-08,39766,15967,1.3493455251764264,40.152391490217774,False
Nigeria,2017-09,36989,14812,1.394544963483392,40.04433750574495,False
Nigeria,2017-10,38228,16562,1.3335949760688928,43.32426493669561,False
Nigeria,2017-11,32649,14264,1.3397363990325293,43.68893381114276,False
Nigeria,2017-12,42030,16502,1.3852866315666585,39.262431596478706,False
Nigeria,2018-01,39593,13728,1.4107663172622376,34.67279569620892,False
Nigeria,2018-02,38472,15143,1.380968104573202,39.36109378249116,False
Nigeria,2018-03,47748,18617,1.3247569425002952,38.99011476920499,False
Nigeria,2018-04,46303,16310,1.3164316373909257,35.22449949247349,False
Nigeria,2018-05,53978,19807,1.3414449437561469,36.694579273037164,False
Nigeria,2018-06,46519,16699,1.3481645608135218,35.89716030009244,False
Nigeria,2018-07,44762,15176,1.3509488669409593,33.90375765157946,False
Nigeria,2018-08,49986,17439,1.3384368374233613,34.88776857520106,False
Nigeria,2018-09,43880,15657,1.3434246664635627,35.681403828623516,False
Nigeria,2018-10,46093,16913,1.3546975702214863,36.69320721150717,False
Nigeria,2018-11,44809,18095,1.3626416135600994,40.38251244169698,False
Nigeria,2018-12,39548,16159,1.3438950432551517,40.85920906240518,False
Nigeria,2019-01,43751,16865,1.3628224132583455,38.54769033850655,False
Nigeria,2019-02,42161,13624,1.319876688632854,32.31422404591921,False
Nigeria,2019-03,50687,15768,1.2985159820700152,31.108568271943497,False
Nigeria,2019-04,48143,17039,1.3243734962967897,35.39247658018819,False
Nigeria,2019-05,51503,19763,1.3214592926473714,38.37252198901035,False
Nigeria,2019-06,51696,18981,1.3867024915025024,36.716573816155986,False
Nigeria,2019-07,51432,18223,1.3660209620828625,35.43124902784259,False
Nigeria,2019-08,55925,19643,1.3440920429524512,35.12382655341976,False
Nigeria,2019-09,52112,19515,1.3487061230100437,37.44818851704022,False
Nigeria,2019-10,59833,25014,1.3075077954141683,41.80636103822305,False
Nigeria,2019-11,51186,19610,1.2834778176833759,38.311256984331656,False
Nigeria,2019-12,50614,20334,1.3013179893892985,40.1746552337298,False
Nigeria,2020-01,60533,21791,1.3424808407303015,35.998546247501366,False
Nigeria,2020-02,49361,17636,1.3499659790627128,35.728611656976156,False
Nigeria,2020-03,54840,20229,1.602204755634683,36.88730853391685,False
Nigeria,2020-04,55515,19080,1.8026729562597483,34.36908943528776,False
Nigeria,2020-05,53626,18972,1.663029727889943,35.37836124268079,False
Nigeria,2020-06,55279,19925,1.539372647246926,36.0444291684003,False
Nigeria,2020-07,52716,20700,1.4771497584807247,39.26701570680628,False
Nigeria,2020-08,49583,18725,1.491642189718665,37.76495976443539,False
Nigeria,2020-09,58870,24024,1.4515484510536547,40.80856123662307,False
Nigeria,2020-10,55444,20804,1.4472216879984618,37.522545270903976,False
Nigeria,2020-11,53163,21798,1.4253601250211028,41.00220077873709,False
Nigeria,2020-12,52758,20237,1.4252606606774225,38.35816369081466,False
Nigeria,2021-01,47949,16745,1.4226933415789786,34.92252184612818,False
Nigeria,2021-02,46155,17483,1.4222959447315677,37.8788863611743,False
Nigeria,2021-03,60624,23444,1.4109367004478757,38.671153338611774,False
Nigeria,2021-04,53592,20067,1.4065879301480042,37.44402149574563,False
Nigeria,2021-05,50822,19481,1.448231609967045,38.33182480028334,False
Nigeria,2021-06,56085,21991,1.407393933605975,39.21012748506731,False
Nigeria,2021-07,51270,18651,1.363251299697389,36.37799882972499,False
Nigeria,2021-08,58381,21417,1.3942195456599897,36.684880354909986,False
Nigeria,2021-09,52677,20652,1.398702304404416,39.204966114243405,False
Nigeria,2021-10,45990,17939,1.3993533638878421,39.006305718634486,False
Nigeria,2021-11,50042,20711,1.3638163292589929,41.38723472283282,False
Nigeria,2021-12,45056,17558,1.3731632301896572,38.96928267045455,False
Nigeria,2022-01,48330,17775,1.3812658223599437,36.778398510242084,False
Nigeria,2022-02,47146,17451,1.4016388743634174,37.01480507360115,False
Nigeria,2022-03,53304,20706,1.4403071575856272,38.845114813147234,False
Nigeria,2022-04,43457,16695,1.401796945297634,38.41728605287986,False
Nigeria,2022-05,51086,19070,1.390718405708233,37.32920956817915,False
Nigeria,2022-06,55158,19344,1.3930417697291666,35.07016207984336,False
Nigeria,2022-07,59088,20995,1.4581567035808525,35.531749255347954,False
Nigeria,2022-08,59746,23350,1.4572591005836832,39.082114283801424,False
Nigeria,2022-09,57821,22874,1.4346856695967913,39.56002144549558,False
Nigeria,2022-10,58579,23732,1.4418085283397943,40.51281175848,False
Nigeria,2022-11,55993,23268,1.3770844080732336,41.555194399299914,False
Nigeria,2022-12,51883,21659,1.366314233776998,41.745851242218066,False
Nigeria,2023-01,54036,21768,1.3889654534094542,40.284254941150344,False
Nigeria,2023-02,53039,21815,1.4787989915621362,41.1301118045212,False
Nigeria,2023-03,52985,17598,1.3858393000145472,33.213173539681044,False
Nigeria,2023-04,47867,16354,1.3918307446208267,34.165500240249024,False
Nigeria,2023-05,57309,23217,1.3709781623563768,40.511961472020104,False
Nigeria,2023-06,51513,22562,1.3499689741543304,43.79865276726263,False
Nigeria,2023-07,54391,24150,1.3851759838231883,44.400728061627845,False
Nigeria,2023-08,60947,28560,1.4289915968011204,46.860386893530446,False
Nigeria,2023-09,53764,22735,1.3931383332949197,42.28666021873372,False
Nigeria,2023-10,57603,25146,1.3903205277130357,43.65397635539816,False
Nigeria,2023-11,57223,25409,1.3562517215778662,44.40347412753613,False
Nigeria,2023-12,53767,24557,1.3749236469496273,45.672996447635164,False
Nigeria,2024-01,60666,25917,1.373500018890458,42.72079912966077,False
Nigeria,2024-02,53218,26283,1.5019213939048053,49.38742530722688,False
Nigeria,2024-03,52046,24019,1.4188350890818517,46.1495600046113,False
Nigeria,2024-04,59273,26527,1.3795755265024314,44.75393518127984,False
Nigeria,2024-05,64428,30345,1.3870489369886307,47.09908735332464,False
Nigeria,2024-06,53367,24400,1.4108196723334836,45.72113853130212,False
Nigeria,2024-07,63229,29347,1.4384093775947457,46.413829097407834,False
Nigeria,2024-08,61008,27262,1.427518156870956,44.68594282717021,False
Nigeria,2024-09,57832,26204,1.4418791022938866,45.31055471019505,False
Nigeria,2024-10,57896,27172,1.4230457819405269,46.93243056515131,False
Nigeria,2024-11,60148,29291,1.3832235158239732,48.69821107933763,False
Nigeria,2024-12,59500,29311,1.3693152743988266,49.26218487394958,False
Nigeria,2025-01,60021,27720,1.3988095237683982,46.183835657519865,False
Nigeria,2025-02,58257,26873,1.3855914860975327,46.12836225689617,False
Nigeria,2025-03,65565,29040,1.4603650140973141,44.291924044841,False
Nigeria,2025-04,57952,24987,1.457237763515588,43.11671728326891,False
Nigeria,2025-05,60606,27317,1.4219716662977633,45.073095073095075,False
Nigeria,2025-06,58034,25161,1.4729144313633797,43.35561911982631,False
Nigeria,2025-07,61234,26415,1.4261593794428167,43.137799261847995,False
Nigeria,2025-08,65326,27928,1.4268118017376825,42.751737439916724,False
Nigeria,2025-09,64357,29068,1.4567221688728156,45.1668039218733,False
Nigeria,2025-10,63337,29452,1.4424826837539046,46.50046576250848,False
Nigeria,2025-11,60300,26503,1.4846998456353622,43.95190713101161,False
Nigeria,2025-12,68176,31292,1.4773424521543526,45.898850035203004,False
Rwanda,2015-01,70,24,1.333333333,34.285714285714285,True
Rwanda,2015-02,68,20,1.2,29.41176470588235,True
Rwanda,2015-03,58,10,1.0,17.24137931034483,True
Rwanda,2015-04,78,20,1.2,25.641025641025642,True
Rwanda,2015-05,73,25,1.2,34.24657534246575,True
Rwanda,2015-06,67,20,1.5,29.850746268656717,True
Rwanda,2015-07,73,21,1.428571429,28.767123287671232,True
Rwanda,2015-08,70,26,1.0,37.142857142857146,True
Rwanda,2015-09,67,19,1.263157895,28.35820895522388,True
Rwanda,2015-10,81,24,1.083333333,29.62962962962963,True
Rwanda,2015-11,77,20,1.0,25.974025974025974,True
Rwanda,2015-12,77,21,1.333333333,27.272727272727273,True
Rwanda,2016-01,60,12,1.5,20.0,True
Rwanda,2016-02,63,18,1.444444444,28.571428571428573,True
Rwanda,2016-03,71,19,1.052631579,26.760563380281692,True
Rwanda,2016-04,66,11,1.0,16.666666666666668,True
Rwanda,2016-05,71,25,1.16000000016,35.2112676056338,True
Rwanda,2016-06,67,19,1.315789474,28.35820895522388,True
Rwanda,2016-07,85,25,1.08,29.41176470588235,True
Rwanda,2016-08,84,27,1.259259259,32.142857142857146,True
Rwanda,2016-09,100,40,1.275,40.0,False
Rwanda,2016-10,95,34,1.147058824,35.78947368421053,True
Rwanda,2016-11,101,33,1.060606061,32.67326732673267,False
Rwanda,2016-12,96,30,1.266666667,31.25,True
Rwanda,2017-01,117,38,1.131578947,32.47863247863248,False
Rwanda,2017-02,144,55,1.2363636360000003,38.19444444444444,False
Rwanda,2017-03,172,71,1.295774648,41.27906976744186,False
Rwanda,2017-04,154,41,1.243902439,26.623376623376622,False
Rwanda,2017-05,171,81,1.135802469,47.36842105263158,False
Rwanda,2017-06,127,49,1.244897959,38.58267716535433,False
Rwanda,2017-07,228,51,1.117647059,22.36842105263158,False
Rwanda,2017-08,144,35,1.057142857,24.305555555555557,False
Rwanda,2017-09,124,51,1.078431373,41.12903225806452,False
Rwanda,2017-10,172,60,1.033333333,34.883720930232556,False
Rwanda,2017-11,224,81,1.061728395,36.160714285714285,False
Rwanda,2017-12,201,67,1.074626866,33.333333333333336,False
Rwanda,2018-01,180,54,1.240740741,30.0,False
Rwanda,2018-02,172,52,1.0,30.232558139534884,False
Rwanda,2018-03,169,59,1.101694915,34.9112426035503,False
Rwanda,2018-04,146,45,1.111111111,30.82191780821918,False
Rwanda,2018-05,161,61,1.131147541,37.88819875776397,False
Rwanda,2018-06,149,55,1.072727273,36.91275167785235,False
Rwanda,2018-07,132,49,1.040816327,37.121212121212125,False
Rwanda,2018-08,142,46,1.0,32.394366197183096,False
Rwanda,2018-09,132,48,1.229166667,36.36363636363637,False
Rwanda,2018-10,129,49,1.224489796,37.98449612403101,False
Rwanda,2018-11,156,61,1.06557377,39.1025641025641,False
Rwanda,2018-12,152,42,1.047619048,27.63157894736842,False
Rwanda,2019-01,156,49,1.081632653,31.41025641025641,False
Rwanda,2019-02,148,46,1.065217391,31.08108108108108,False
Rwanda,2019-03,171,61,1.114754098,35.67251461988304,False
Rwanda,2019-04,135,37,1.081081081,27.40740740740741,False
Rwanda,2019-05,152,53,1.075471698,34.86842105263158,False
Rwanda,2019-06,162,54,1.203703704,33.333333333333336,False
Rwanda,2019-07,133,53,1.283018868,39.849624060150376,False
Rwanda,2019-08,154,69,1.173913043,44.8051948051948,False
Rwanda,2019-09,148,62,1.161290323,41.891891891891895,False
Rwanda,2019-10,216,76,1.052631579,35.18518518518518,False
Rwanda,2019-11,174,78,1.166666667,44.827586206896555,False
Rwanda,2019-12,179,77,1.285714286,43.01675977653631,False
Rwanda,2020-01,148,57,1.192982456,38.513513513513516,False
Rwanda,2020-02,175,69,1.362318841,39.42857142857143,False
Rwanda,2020-03,178,55,1.454545455,30.89887640449438,False
Rwanda,2020-04,226,78,1.871794872,34.51327433628319,False
Rwanda,2020-05,228,76,1.907894737,33.333333333333336,False
Rwanda,2020-06,216,70,1.6,32.407407407407405,False
Rwanda,2020-07,195,56,1.321428571,28.71794871794872,False
Rwanda,2020-08,168,33,1.393939394,19.642857142857142,False
Rwanda,2020-09,175,49,1.4693877550000003,28.0,False
Rwanda,2020-10,173,72,1.333333333,41.61849710982659,False
Rwanda,2020-11,170,57,1.3333333329999997,33.529411764705884,False
Rwanda,2020-12,185,56,1.446428571,30.27027027027027,False
Rwanda,2021-01,167,46,1.543478261,27.54491017964072,False
Rwanda,2021-02,158,50,1.18,31.645569620253166,False
Rwanda,2021-03,184,51,1.294117647,27.717391304347824,False
Rwanda,2021-04,312,47,1.340425532,15.064102564102564,False
Rwanda,2021-05,412,48,1.375,11.650485436893204,False
Rwanda,2021-06,490,64,1.28125,13.061224489795919,False
Rwanda,2021-07,588,70,1.271428571,11.904761904761905,False
Rwanda,2021-08,206,61,1.7213114751639342,29.611650485436893,False
Rwanda,2021-09,548,82,1.390243902,14.963503649635037,False
Rwanda,2021-10,490,63,1.365079365,12.857142857142858,False
Rwanda,2021-11,436,75,1.093333333,17.201834862385322,False
Rwanda,2021-12,462,64,1.171875,13.852813852813853,False
Rwanda,2022-01,500,46,1.173913043,9.2,False
Rwanda,2022-02,475,58,1.2068965520000001,12.210526315789474,False
Rwanda,2022-03,427,57,1.403508772,13.348946135831381,False
Rwanda,2022-04,465,45,1.488888889,9.67741935483871,False
Rwanda,2022-05,544,52,1.192307692,9.558823529411764,False
Rwanda,2022-06,470,59,1.423728814,12.553191489361701,False
Rwanda,2022-07,462,48,1.229166667,10.38961038961039,False
Rwanda,2022-08,481,67,1.268656716,13.92931392931393,False
Rwanda,2022-09,560,103,1.475728155,18.392857142857142,False
Rwanda,2022-10,728,156,1.33974359,21.428571428571427,False
Rwanda,2022-11,725,154,1.292207792,21.24137931034483,False
Rwanda,2022-12,613,80,1.3875,13.05057096247961,False
Rwanda,2023-01,628,99,1.222222222,15.764331210191083,False
Rwanda,2023-02,558,90,1.3,16.129032258064516,False
Rwanda,2023-03,623,104,1.346153846,16.693418940609952,False
Rwanda,2023-04,513,89,1.2471910107865167,17.348927875243664,False
Rwanda,2023-05,558,97,1.3195876290000002,17.38351254480287,False
Rwanda,2023-06,530,95,1.221052632,17.92452830188679,False
Rwanda,2023-07,651,94,1.319148936,14.439324116743471,False
Rwanda,2023-08,575,83,1.253012048,14.434782608695652,False
Rwanda,2023-09,602,116,1.336206897,19.269102990033222,False
Rwanda,2023-10,627,106,1.216981132,16.905901116427433,False
Rwanda,2023-11,545,87,1.298850575,15.963302752293577,False
Rwanda,2023-12,625,111,1.333333333,17.76,False
Rwanda,2024-01,696,96,1.354166667,13.793103448275861,False
Rwanda,2024-02,771,70,1.3,9.07911802853437,False
Rwanda,2024-03,767,116,1.275862069,15.123859191655802,False
Rwanda,2024-04,875,96,1.3125,10.971428571428572,False
Rwanda,2024-05,811,102,1.274509804,12.577065351418003,False
Rwanda,2024-06,763,105,1.133333333,13.761467889908257,False
Rwanda,2024-07,714,78,1.333333333,10.92436974789916,False
Rwanda,2024-08,752,102,1.245098039,13.563829787234043,False
Rwanda,2024-09,773,112,1.196428571,14.489003880983182,False
Rwanda,2024-10,733,126,1.388888889,17.189631650750343,False
Rwanda,2024-11,572,116,1.353448276,20.27972027972028,False
Rwanda,2024-12,516,90,1.233333333,17.441860465116278,False
Rwanda,2025-01,599,89,1.460674157,14.858096828046744,False
Rwanda,2025-02,532,90,1.6,16.917293233082706,False
Rwanda,2025-03,513,89,1.550561798,17.348927875243664,False
Rwanda,2025-04,411,74,1.391891892,18.004866180048662,False
Rwanda,2025-05,492,108,1.314814815,21.951219512195124,False
Rwanda,2025-06,502,95,1.463157895,18.92430278884462,False
Rwanda,2025-07,499,94,1.478723404,18.837675350701403,False
Rwanda,2025-08,515,97,1.309278351,18.83495145631068,False
Rwanda,2025-09,524,112,1.392857143,21.374045801526716,False
Rwanda,2025-10,544,116,1.318965517,21.323529411764707,False
Rwanda,2025-11,476,117,1.3076923080000002,24.57983193277311,False
Rwanda,2025-12,713,135,1.414814815,18.93408134642356,False
Sao Tome and Principe,2015-01,30,6,1.0,20.0,True
Sao Tome and Principe,2015-02,21,6,1.0,28.571428571428573,True
Sao Tome and Principe,2015-03,30,6,1.0,20.0,True
Sao Tome and Principe,2015-04,30,6,1.0,20.0,True
Sao Tome and Principe,2015-05,30,6,1.0,20.0,True
Sao Tome and Principe,2015-06,30,6,1.0,20.0,True
Sao Tome and Principe,2015-07,30,6,1.0,20.0,True
Sao Tome and Principe,2015-08,30,6,1.0,20.0,True
Sao Tome and Principe,2015-09,21,6,1.0,28.571428571428573,True
Sao Tome and Principe,2015-10,30,6,1.0,20.0,True
Sao Tome and Principe,2015-11,30,6,1.0,20.0,True
Sao Tome and Principe,2015-12,30,6,1.0,20.0,True
Sao Tome and Principe,2016-01,30,6,1.0,20.0,True
Sao Tome and Principe,2016-02,30,6,1.0,20.0,True
Sao Tome and Principe,2016-03,21,6,1.0,28.571428571428573,True
Sao Tome and Principe,2016-04,21,7,1.0,33.333333333333336,True
Sao Tome and Principe,2016-05,21,6,1.0,28.571428571428573,True
Sao Tome and Principe,2016-06,30,6,1.0,20.0,True
Sao Tome and Principe,2016-07,22,1,1.0,4.545454545454546,True
Sao Tome and Principe,2016-08,12,2,1.0,16.666666666666668,True
Sao Tome and Principe,2016-09,23,2,1.0,8.695652173913043,True
Sao Tome and Principe,2016-10,23,1,1.0,4.3478260869565215,True
Sao Tome and Principe,2016-11,23,2,1.0,8.695652173913043,True
Sao Tome and Principe,2016-12,23,2,2.0,8.695652173913043,True
Sao Tome and Principe,2017-01,25,2,2.0,8.0,True
Sao Tome and Principe,2017-02,25,1,1.0,4.0,True
Sao Tome and Principe,2017-03,26,1,1.0,3.8461538461538463,True
Sao Tome and Principe,2017-04,27,4,1.0,14.814814814814815,True
Sao Tome and Principe,2017-05,37,7,1.0,18.91891891891892,True
Sao Tome and Principe,2017-06,24,2,1.0,8.333333333333334,True
Sao Tome and Principe,2017-07,34,4,1.0,11.764705882352942,True
Sao Tome and Principe,2017-08,45,7,1.0,15.555555555555555,True
Sao Tome and Principe,2017-09,59,13,1.076923077,22.033898305084747,True
Sao Tome and Principe,2017-10,31,6,1.0,19.35483870967742,True
Sao Tome and Principe,2017-11,50,10,1.0,20.0,True
Sao Tome and Principe,2017-12,63,10,1.1,15.873015873015873,True
Sao Tome and Principe,2018-01,85,12,1.083333333,14.117647058823529,True
Sao Tome and Principe,2018-02,69,17,1.176470588,24.63768115942029,True
Sao Tome and Principe,2018-03,60,11,1.090909091,18.333333333333332,True
Sao Tome and Principe,2018-04,67,15,1.266666667,22.388059701492537,True
Sao Tome and Principe,2018-05,75,12,1.166666667,16.0,True
Sao Tome and Principe,2018-06,72,21,1.142857143,29.166666666666668,True
Sao Tome and Principe,2018-07,78,12,1.0,15.384615384615385,True
Sao Tome and Principe,2018-08,77,19,1.157894737,24.675324675324674,True
Sao Tome and Principe,2018-09,61,9,1.0,14.754098360655737,True
Sao Tome and Principe,2018-10,69,9,1.111111111,13.043478260869565,True
Sao Tome and Principe,2018-11,54,6,1.166666667,11.11111111111111,True
Sao Tome and Principe,2018-12,77,19,1.210526316,24.675324675324674,True
Sao Tome and Principe,2019-01,79,30,1.0999999995,37.9746835443038,True
Sao Tome and Principe,2019-02,70,21,1.0952380952380953,30.0,True
Sao Tome and Principe,2019-03,79,25,1.04,31.645569620253166,True
Sao Tome and Principe,2019-04,85,26,1.230769231,30.58823529411765,True
Sao Tome and Principe,2019-05,71,20,1.05,28.169014084507044,True
Sao Tome and Principe,2019-06,88,24,1.125,27.272727272727273,True
Sao Tome and Principe,2019-07,84,29,1.275862069,34.523809523809526,True
Sao Tome and Principe,2019-08,88,23,1.217391304,26.136363636363637,True
Sao Tome and Principe,2019-09,83,27,1.0,32.53012048192771,True
Sao Tome and Principe,2019-10,92,29,1.137931034,31.52173913043478,True
Sao Tome and Principe,2019-11,81,28,1.035714286,34.5679012345679,True
Sao Tome and Principe,2019-12,70,29,1.068965517,41.42857142857143,True
Sao Tome and Principe,2020-01,57,10,1.1,17.54385964912281,True
Sao Tome and Principe,2020-02,64,20,1.2,31.25,True
Sao Tome and Principe,2020-03,80,14,1.785714286,17.5,True
Sao Tome and Principe,2020-04,69,24,2.416666667,34.78260869565217,True
Sao Tome and Principe,2020-05,118,23,1.695652174,19.491525423728813,False
Sao Tome and Principe,2020-06,115,24,1.5,20.869565217391305,False
Sao Tome and Principe,2020-07,106,31,1.290322581,29.245283018867923,False
Sao Tome and Principe,2020-08,97,14,1.571428571,14.43298969072165,True
Sao Tome and Principe,2020-09,103,21,1.476190476,20.388349514563107,False
Sao Tome and Principe,2020-10,100,24,1.333333333,24.0,False
Sao Tome and Principe,2020-11,123,22,1.136363636,17.88617886178862,False
Sao Tome and Principe,2020-12,94,20,1.25,21.27659574468085,True
Sao Tome and Principe,2021-01,83,18,1.333333333,21.686746987951807,True
Sao Tome and Principe,2021-02,97,19,1.210526316,19.587628865979383,True
Sao Tome and Principe,2021-03,112,20,1.5,17.857142857142858,False
Sao Tome and Principe,2021-04,115,28,1.25,24.347826086956523,False
Sao Tome and Principe,2021-05,104,23,1.4347826089999998,22.115384615384617,False
Sao Tome and Principe,2021-06,95,22,1.136363636,23.157894736842106,True
Sao Tome and Principe,2021-07,109,18,1.333333333,16.513761467889907,False
Sao Tome and Principe,2021-08,102,21,1.0,20.58823529411765,False
Sao Tome and Principe,2021-09,126,27,1.296296296,21.428571428571427,False
Sao Tome and Principe,2021-10,130,23,1.086956522,17.692307692307693,False
Sao Tome and Principe,2021-11,90,22,1.318181818,24.444444444444443,True
Sao Tome and Principe,2021-12,125,39,1.153846154,31.2,False
Sao Tome and Principe,2022-01,114,18,1.222222222,15.789473684210526,False
Sao Tome and Principe,2022-02,124,23,1.086956522,18.548387096774192,False
Sao Tome and Principe,2022-03,140,40,1.1,28.571428571428573,False
Sao Tome and Principe,2022-04,109,25,1.24,22.93577981651376,False
Sao Tome and Principe,2022-05,104,22,1.545454545,21.153846153846153,False
Sao Tome and Principe,2022-06,82,18,1.166666667,21.951219512195124,True
Sao Tome and Principe,2022-07,75,18,1.111111111,24.0,True
Sao Tome and Principe,2022-08,105,25,1.08,23.80952380952381,False
Sao Tome and Principe,2022-09,86,14,1.142857143,16.27906976744186,True
Sao Tome and Principe,2022-10,83,19,1.105263158,22.89156626506024,True
Sao Tome and Principe,2022-11,75,19,1.315789474,25.333333333333332,True
Sao Tome and Principe,2022-12,83,20,1.15,24.096385542168676,True
Sao Tome and Principe,2023-01,73,16,1.125,21.91780821917808,True
Sao Tome and Principe,2023-02,52,18,1.222222222,34.61538461538461,True
Sao Tome and Principe,2023-03,85,24,1.208333333,28.235294117647058,True
Sao Tome and Principe,2023-04,76,31,1.129032258,40.78947368421053,True
Sao Tome and Principe,2023-05,79,28,1.071428571,35.44303797468354,True
Sao Tome and Principe,2023-06,61,25,1.52,40.98360655737705,True
Sao Tome and Principe,2023-07,62,15,1.466666667,24.193548387096776,True
Sao Tome and Principe,2023-08,67,14,1.142857143,20.895522388059703,True
Sao Tome and Principe,2023-09,53,12,1.166666667,22.641509433962263,True
Sao Tome and Principe,2023-10,68,22,1.363636364,32.35294117647059,True
Sao Tome and Principe,2023-11,76,28,1.142857143,36.8421052631579,True
Sao Tome and Principe,2023-12,68,22,1.409090909,32.35294117647059,True
Sao Tome and Principe,2024-01,60,17,1.176470588,28.333333333333332,True
Sao Tome and Principe,2024-02,70,21,1.238095238,30.0,True
Sao Tome and Principe,2024-03,64,16,1.1875,25.0,True
Sao Tome and Principe,2024-04,72,22,1.272727273,30.555555555555557,True
Sao Tome and Principe,2024-05,83,26,1.153846154,31.325301204819276,True
Sao Tome and Principe,2024-06,46,22,1.136363636,47.82608695652174,True
Sao Tome and Principe,2024-07,33,10,1.2,30.303030303030305,True
Sao Tome and Principe,2024-08,30,9,1.0,30.0,True
Sao Tome and Principe,2024-09,30,4,1.0,13.333333333333334,True
Sao Tome and Principe,2024-10,71,20,1.25,28.169014084507044,True
Sao Tome and Principe,2024-11,60,20,1.15,33.333333333333336,True
Sao Tome and Principe,2024-12,61,23,1.173913043,37.704918032786885,True
Sao Tome and Principe,2025-01,59,18,1.166666667,30.508474576271187,True
Sao Tome and Principe,2025-02,51,19,1.315789474,37.254901960784316,True
Sao Tome and Principe,2025-03,61,19,1.157894737,31.147540983606557,True
Sao Tome and Principe,2025-04,49,11,1.181818182,22.448979591836736,True
Sao Tome and Principe,2025-05,28,2,1.0,7.142857142857143,True
Sao Tome and Principe,2025-06,61,16,1.0625,26.229508196721312,True
Sao Tome and Principe,2025-07,61,18,1.0,29.508196721311474,True
Sao Tome and Principe,2025-08,69,22,1.272727273,31.884057971014492,True
Sao Tome and Principe,2025-09,71,11,1.0,15.492957746478874,True
Sao Tome and Principe,2025-10,69,22,1.045454545,31.884057971014492,True
Sao Tome and Principe,2025-11,29,5,1.0,17.24137931034483,True
Sao Tome and Principe,2025-12,36,10,1.0,27.77777777777778,True
Senegal,2015-01,2150,323,1.5727554180588235,15.023255813953488,False
Senegal,2015-02,1940,301,1.5083056474684386,15.515463917525773,False
Senegal,2015-03,2035,330,1.5363636362212123,16.216216216216218,False
Senegal,2015-04,1838,306,1.3692810462156864,16.64853101196953,False
Senegal,2015-05,1649,255,1.3294117643921568,15.463917525773196,False
Senegal,2015-06,1571,298,1.3120805369295303,18.96880967536601,False
Senegal,2015-07,1732,300,1.4699999999933333,17.321016166281755,False
Senegal,2015-08,2182,328,1.4146341468292682,15.032080659945004,False
Senegal,2015-09,3034,381,1.587926509047244,12.557679630850362,False
Senegal,2015-10,3352,434,1.4976958527465438,12.947494033412887,False
Senegal,2015-11,3637,461,1.4078091106290673,12.675281825680505,False
Senegal,2015-12,4260,491,1.4684317718940938,11.525821596244132,False
Senegal,2016-01,4246,506,1.397233201624506,11.917098445595855,False
Senegal,2016-02,3829,471,1.4798301486199574,12.300861843823453,False
Senegal,2016-03,4042,399,1.541353383932331,9.871350816427512,False
Senegal,2016-04,5367,611,1.389525367797054,11.384386062977455,False
Senegal,2016-05,5964,670,1.4656716414298505,11.234071093226023,False
Senegal,2016-06,5518,459,1.459694988732026,8.318231243204059,False
Senegal,2016-07,4805,452,1.5287610623340708,9.406867845993757,False
Senegal,2016-08,1883,235,1.429787233531915,12.48008497079129,False
Senegal,2016-09,4666,453,1.5231788079470199,9.708529789969996,False
Senegal,2016-10,6164,624,1.4759615385865386,10.123296560674886,False
Senegal,2016-11,6303,708,1.4251412425706216,11.232746311280343,False
Senegal,2016-12,7272,783,1.4240102169016602,10.767326732673267,False
Senegal,2017-01,9333,1093,1.5635864591390667,11.711132540447872,False
Senegal,2017-02,9507,1265,1.4830039522648224,13.30598506363732,False
Senegal,2017-03,11318,1341,1.4817300521625654,11.848383106555929,False
Senegal,2017-04,8494,777,1.3281853282136422,9.1476336237344,False
Senegal,2017-05,10024,981,1.4230377171131496,9.786512370311254,False
Senegal,2017-06,9467,982,1.4378818739918533,10.372874194570613,False
Senegal,2017-07,11003,1129,1.4588131086217893,10.260837953285467,False
Senegal,2017-08,10914,1129,1.4712134632524356,10.344511636430273,False
Senegal,2017-09,20403,2108,1.5422201135749525,10.33181394892908,False
Senegal,2017-10,11254,1487,1.4788164087094822,13.213079793851076,False
Senegal,2017-11,10696,1261,1.4655035684266455,11.789454001495887,False
Senegal,2017-12,11386,1511,1.3421575116796822,13.2706832952749,False
Senegal,2018-01,11812,1167,1.485004284764353,9.879783271249577,False
Senegal,2018-02,11217,1272,1.4544025161855347,11.339930462690559,False
Senegal,2018-03,10665,1107,1.4426377594263775,10.379746835443038,False
Senegal,2018-04,9473,831,1.519855595716005,8.772300221682677,False
Senegal,2018-05,10183,1097,1.5195989056700092,10.772856721987626,False
Senegal,2018-06,9151,813,1.4858548580701108,8.88427494262922,False
Senegal,2018-07,9124,1031,1.4112512122638217,11.299868478737396,False
Senegal,2018-08,8189,803,1.4495641348742216,9.805837098546831,False
Senegal,2018-09,8035,768,1.4270833329270836,9.558182949595519,False
Senegal,2018-10,9014,928,1.4515086204482757,10.295096516529842,False
Senegal,2018-11,8446,994,1.4527162975362173,11.768884679138054,False
Senegal,2018-12,9303,1061,1.4458058430386427,11.404923143072127,False
Senegal,2019-01,9413,928,1.4213362063836208,9.858706044831616,False
Senegal,2019-02,9366,805,1.5565217392770185,8.594917787742899,False
Senegal,2019-03,6637,712,1.39466292105618,10.72773843604038,False
Senegal,2019-04,8588,1037,1.4551591123240115,12.074988355845365,False
Senegal,2019-05,8979,963,1.3831775698577364,10.725025058469763,False
Senegal,2019-06,8138,867,1.4498269897058822,10.65372327353158,False
Senegal,2019-07,9041,964,1.4024896261991702,10.662537329941378,False
Senegal,2019-08,7764,890,1.4629213487460675,11.463163317877383,False
Senegal,2019-09,6718,717,1.4630404465244076,10.67281929145579,False
Senegal,2019-10,7281,821,1.4080389771498176,11.275923636863068,False
Senegal,2019-11,7036,1083,1.423822714327793,15.39226833428084,False
Senegal,2019-12,7116,1488,1.5409946241733872,20.9106239460371,False
Senegal,2020-01,7142,1176,1.556972788653061,16.465975917110054,False
Senegal,2020-02,6259,880,1.5443181822761365,14.0597539543058,False
Senegal,2020-03,7210,868,1.8364055301958526,12.03883495145631,False
Senegal,2020-04,7578,1117,2.008057296329454,14.740036949063077,False
Senegal,2020-05,7848,889,1.9302587180933632,11.327726809378186,False
Senegal,2020-06,7682,906,1.7902869757726267,11.793803696953919,False
Senegal,2020-07,8547,1147,1.692240627429817,13.41991341991342,False
Senegal,2020-08,8949,1123,1.7025823683036507,12.548888143926696,False
Senegal,2020-09,8543,1105,1.5990950222479636,12.93456631160014,False
Senegal,2020-10,7406,891,1.5813692475510663,12.03078584931137,False
Senegal,2020-11,7173,920,1.4967391307826088,12.825874808308937,False
Senegal,2020-12,7304,1108,1.5469314080577616,15.169769989047097,False
Senegal,2021-01,7011,835,1.6479041914970058,11.90985594066467,False
Senegal,2021-02,7068,746,1.6715817696621984,10.55461233729485,False
Senegal,2021-03,9555,1053,1.6923076927844256,11.020408163265307,False
Senegal,2021-04,8642,1122,1.5062388589304814,12.983105762554963,False
Senegal,2021-05,7822,983,1.6052899289308242,12.567118384045001,False
Senegal,2021-06,7371,875,1.4971428574262855,11.870845204178538,False
Senegal,2021-07,6918,808,1.6522277227722773,11.679676206996241,False
Senegal,2021-08,8007,893,1.6808510637357224,11.152741351317598,False
Senegal,2021-09,7201,836,1.5574162674545455,11.609498680738787,False
Senegal,2021-10,7769,985,1.5187817259035534,12.678594413695457,False
Senegal,2021-11,8015,868,1.4815668205506913,10.829694323144105,False
Senegal,2021-12,8919,1500,1.5233333330106664,16.818028927009756,False
Senegal,2022-01,8246,984,1.5365853660091464,11.93305845258307,False
Senegal,2022-02,7482,898,1.6258351897995547,12.002138465650896,False
Senegal,2022-03,8280,1082,1.572088724207024,13.067632850241546,False
Senegal,2022-04,8388,1113,1.5893980238418688,13.2689556509299,False
Senegal,2022-05,7504,1084,1.573800737592251,14.445628997867804,False
Senegal,2022-06,7653,960,1.6499999997666668,12.544100352802822,False
Senegal,2022-07,7216,1044,1.5114942531302682,14.467849223946786,False
Senegal,2022-08,7709,952,1.5189075630756304,12.349202231158387,False
Senegal,2022-09,7327,963,1.5202492212087226,13.14316910058687,False
Senegal,2022-10,7746,1108,1.5379061366859206,14.304156984249936,False
Senegal,2022-11,8135,1059,1.4589235131586404,13.017824216349108,False
Senegal,2022-12,7492,1158,1.523316062399827,15.456486919380673,False
Senegal,2023-01,6594,720,1.6749999997222222,10.91901728844404,False
Senegal,2023-02,5752,701,1.5420827392097005,12.187065368567454,False
Senegal,2023-03,6488,722,1.4986149582271466,11.128236744759556,False
Senegal,2023-04,6011,718,1.420612813470752,11.944767925469971,False
Senegal,2023-05,7107,989,1.4620829124893833,13.915857605177994,False
Senegal,2023-06,6618,1087,1.499540018376265,16.42490178301602,False
Senegal,2023-07,7052,953,1.4679958029905562,13.513896766874646,False
Senegal,2023-08,6964,895,1.653631285027933,12.851809304997127,False
Senegal,2023-09,6188,851,1.5440658048930669,13.752424046541694,False
Senegal,2023-10,7757,1301,1.531898539688701,16.77194791800954,False
Senegal,2023-11,6629,1163,1.4488392089914015,17.54412430230804,False
Senegal,2023-12,6017,976,1.4846311472459017,16.22070799401695,False
Senegal,2024-01,6076,709,1.5881523272496474,11.668861092824226,False
Senegal,2024-02,6064,740,1.617567567108108,12.203166226912929,False
Senegal,2024-03,7302,1062,1.5160075326741995,14.543960558751028,False
Senegal,2024-04,6402,1185,1.448945147723207,18.509840674789128,False
Senegal,2024-05,6582,1253,1.4421388668643256,19.036766940139774,False
Senegal,2024-06,5685,1260,1.4507936511420634,22.16358839050132,False
Senegal,2024-07,6181,1253,1.430167598142059,20.2718006795017,False
Senegal,2024-08,6046,999,1.5945945946826827,16.523321204101887,False
Senegal,2024-09,6192,951,1.5015772869737118,15.358527131782946,False
Senegal,2024-10,6503,1272,1.526729559683176,19.560202983238504,False
Senegal,2024-11,5571,1111,1.4455445541629164,19.94255968407826,False
Senegal,2024-12,6021,1322,1.4425113459939485,21.956485633615678,False
Senegal,2025-01,6874,1400,1.547857143267857,20.36659877800407,False
Senegal,2025-02,7224,1915,1.5054830289613574,26.50885935769657,False
Senegal,2025-03,7010,1482,1.5337381916315789,21.141226818830244,False
Senegal,2025-04,6775,1425,1.5431578943480702,21.03321033210332,False
Senegal,2025-05,7128,1641,1.4357099333918342,23.021885521885523,False
Senegal,2025-06,6439,1463,1.4559125084928228,22.72091939742196,False
Senegal,2025-07,7411,1530,1.5915032678588235,20.64498718121711,False
Senegal,2025-08,6536,1394,1.5021520808608322,21.328029375764995,False
Senegal,2025-09,6690,1437,1.5121781491774529,21.47982062780269,False
Senegal,2025-10,7148,1719,1.5171611406806285,24.048684946838275,False
Senegal,2025-11,6584,1452,1.5881542702816802,22.053462940461724,False
Senegal,2025-12,18324,2842,1.2142857146319495,15.50971403623663,False
Seychelles,2015-01,27,10,1.1,37.03703703703704,True
Seychelles,2015-02,27,7,1.0,25.925925925925927,True
Seychelles,2015-03,26,10,1.1,38.46153846153846,True
Seychelles,2015-04,27,10,1.1,37.03703703703704,True
Seychelles,2015-05,28,10,1.1,35.714285714285715,True
Seychelles,2015-06,27,10,1.1,37.03703703703704,True
Seychelles,2015-07,26,10,1.1,38.46153846153846,True
Seychelles,2015-08,27,10,1.1,37.03703703703704,True
Seychelles,2015-09,27,10,1.3,37.03703703703704,True
Seychelles,2015-10,28,10,1.3,35.714285714285715,True
Seychelles,2015-11,27,10,1.3,37.03703703703704,True
Seychelles,2015-12,26,10,1.3,38.46153846153846,True
Seychelles,2016-01,28,10,1.3,35.714285714285715,True
Seychelles,2016-02,26,10,1.3,38.46153846153846,True
Seychelles,2016-03,27,10,1.3,37.03703703703704,True
Seychelles,2016-04,26,10,1.3,38.46153846153846,True
Seychelles,2016-05,27,10,1.3,37.03703703703704,True
Seychelles,2016-06,27,10,1.3,37.03703703703704,True
Seychelles,2016-07,26,10,1.3,38.46153846153846,True
Seychelles,2016-08,28,10,1.3,35.714285714285715,True
Seychelles,2016-09,26,10,1.3,38.46153846153846,True
Seychelles,2016-10,27,10,1.3,37.03703703703704,True
Seychelles,2016-11,27,10,1.3,37.03703703703704,True
Seychelles,2016-12,27,10,1.3,37.03703703703704,True
Seychelles,2017-01,27,10,1.3,37.03703703703704,True
Seychelles,2017-02,28,10,1.3,35.714285714285715,True
Seychelles,2017-03,27,10,1.3,37.03703703703704,True
Seychelles,2017-04,27,10,1.3,37.03703703703704,True
Seychelles,2017-05,27,10,1.3,37.03703703703704,True
Seychelles,2017-06,28,10,1.3,35.714285714285715,True
Seychelles,2017-07,27,10,1.3,37.03703703703704,True
Seychelles,2017-08,28,10,1.3,35.714285714285715,True
Seychelles,2017-09,28,10,1.3,35.714285714285715,True
Seychelles,2017-10,28,10,1.3,35.714285714285715,True
Seychelles,2017-11,27,10,1.3,37.03703703703704,True
Seychelles,2017-12,28,10,1.3,35.714285714285715,True
Seychelles,2018-01,28,10,1.3,35.714285714285715,True
Seychelles,2018-02,28,10,1.3,35.714285714285715,True
Seychelles,2018-03,28,10,1.3,35.714285714285715,True
Seychelles,2018-04,28,10,1.3,35.714285714285715,True
Seychelles,2018-05,28,10,1.3,35.714285714285715,True
Seychelles,2018-06,28,10,1.3,35.714285714285715,True
Seychelles,2018-07,28,10,1.3,35.714285714285715,True
Seychelles,2018-08,28,10,1.3,35.714285714285715,True
Seychelles,2018-09,28,10,1.3,35.714285714285715,True
Seychelles,2018-10,28,10,1.3,35.714285714285715,True
Seychelles,2018-11,28,10,1.3,35.714285714285715,True
Seychelles,2018-12,28,10,1.3,35.714285714285715,True
Seychelles,2019-01,28,10,1.3,35.714285714285715,True
Seychelles,2019-02,28,10,1.3,35.714285714285715,True
Seychelles,2019-03,28,10,1.3,35.714285714285715,True
Seychelles,2019-04,28,10,1.3,35.714285714285715,True
Seychelles,2019-05,28,10,1.3,35.714285714285715,True
Seychelles,2019-06,28,10,1.3,35.714285714285715,True
Seychelles,2019-07,28,10,1.3,35.714285714285715,True
Seychelles,2019-08,28,10,1.3,35.714285714285715,True
Seychelles,2019-09,28,10,1.3,35.714285714285715,True
Seychelles,2019-10,28,10,1.3,35.714285714285715,True
Seychelles,2019-11,28,10,1.3,35.714285714285715,True
Seychelles,2019-12,28,10,1.3,35.714285714285715,True
Seychelles,2020-01,28,10,1.3,35.714285714285715,True
Seychelles,2020-02,28,10,1.3,35.714285714285715,True
Seychelles,2020-03,28,10,1.3,35.714285714285715,True
Seychelles,2020-04,28,10,1.3,35.714285714285715,True
Seychelles,2020-05,28,10,1.3,35.714285714285715,True
Seychelles,2020-06,28,10,1.3,35.714285714285715,True
Seychelles,2020-07,28,10,1.3,35.714285714285715,True
Seychelles,2020-08,28,10,1.3,35.714285714285715,True
Seychelles,2020-09,28,10,1.3,35.714285714285715,True
Seychelles,2020-10,28,10,1.3,35.714285714285715,True
Seychelles,2020-11,28,10,1.3,35.714285714285715,True
Seychelles,2020-12,28,10,1.3,35.714285714285715,True
Seychelles,2021-01,28,10,1.3,35.714285714285715,True
Seychelles,2021-02,28,10,1.3,35.714285714285715,True
Seychelles,2021-03,28,10,1.3,35.714285714285715,True
Seychelles,2021-04,28,10,1.3,35.714285714285715,True
Seychelles,2021-05,28,10,1.3,35.714285714285715,True
Seychelles,2021-06,28,10,1.3,35.714285714285715,True
Seychelles,2021-07,28,10,1.3,35.714285714285715,True
Seychelles,2021-08,28,10,1.3,35.714285714285715,True
Seychelles,2021-09,28,10,1.3,35.714285714285715,True
Seychelles,2021-10,28,10,1.3,35.714285714285715,True
Seychelles,2021-11,28,10,1.3,35.714285714285715,True
Seychelles,2021-12,28,10,1.3,35.714285714285715,True
Seychelles,2022-01,28,10,1.3,35.714285714285715,True
Seychelles,2022-02,28,10,1.3,35.714285714285715,True
Seychelles,2022-03,28,10,1.3,35.714285714285715,True
Seychelles,2022-04,27,10,1.3,37.03703703703704,True
Seychelles,2022-05,28,10,1.3,35.714285714285715,True
Seychelles,2022-06,28,10,1.3,35.714285714285715,True
Seychelles,2022-07,28,10,1.3,35.714285714285715,True
Seychelles,2022-08,28,10,1.3,35.714285714285715,True
Seychelles,2022-09,28,10,1.3,35.714285714285715,True
Seychelles,2022-10,28,10,1.3,35.714285714285715,True
Seychelles,2022-11,28,10,1.3,35.714285714285715,True
Seychelles,2022-12,28,10,1.3,35.714285714285715,True
Seychelles,2023-01,28,10,1.3,35.714285714285715,True
Seychelles,2023-02,28,10,1.3,35.714285714285715,True
Seychelles,2023-03,28,10,1.3,35.714285714285715,True
Seychelles,2023-04,28,10,1.3,35.714285714285715,True
Seychelles,2023-05,28,10,1.3,35.714285714285715,True
Seychelles,2023-06,28,10,1.3,35.714285714285715,True
Seychelles,2023-07,28,10,1.3,35.714285714285715,True
Seychelles,2023-08,28,10,1.3,35.714285714285715,True
Seychelles,2023-09,28,10,1.3,35.714285714285715,True
Seychelles,2023-10,28,10,1.3,35.714285714285715,True
Seychelles,2023-11,28,10,1.3,35.714285714285715,True
Seychelles,2023-12,28,10,1.3,35.714285714285715,True
Seychelles,2024-01,28,10,1.3,35.714285714285715,True
Seychelles,2024-02,28,10,1.3,35.714285714285715,True
Seychelles,2024-03,28,10,1.3,35.714285714285715,True
Seychelles,2024-04,28,10,1.3,35.714285714285715,True
Seychelles,2024-05,28,10,1.3,35.714285714285715,True
Seychelles,2024-06,28,10,1.3,35.714285714285715,True
Seychelles,2024-07,28,10,1.3,35.714285714285715,True
Seychelles,2024-08,28,10,1.3,35.714285714285715,True
Seychelles,2024-09,28,10,1.3,35.714285714285715,True
Seychelles,2024-10,28,10,1.3,35.714285714285715,True
Seychelles,2024-11,28,10,1.3,35.714285714285715,True
Seychelles,2024-12,28,10,1.3,35.714285714285715,True
Seychelles,2025-01,28,10,1.3,35.714285714285715,True
Seychelles,2025-02,28,10,1.3,35.714285714285715,True
Seychelles,2025-03,10,9,1.333333333,90.0,True
Seychelles,2025-04,28,10,1.3,35.714285714285715,True
Seychelles,2025-05,152,10,1.3,6.578947368421052,False
Seychelles,2025-06,140,10,1.3,7.142857142857143,False
Seychelles,2025-07,28,10,1.3,35.714285714285715,True
Seychelles,2025-08,28,10,1.3,35.714285714285715,True
Seychelles,2025-09,28,10,1.3,35.714285714285715,True
Seychelles,2025-10,10,9,1.333333333,90.0,True
Seychelles,2025-11,28,10,1.3,35.714285714285715,True
Seychelles,2025-12,56,48,1.208333333,85.71428571428571,True
Sierra Leone,2015-01,710,282,1.6524822693687942,39.71830985915493,False
Sierra Leone,2015-02,726,302,1.5695364242119205,41.59779614325069,False
Sierra Leone,2015-03,538,219,1.803652968757991,40.70631970260223,False
Sierra Leone,2015-04,497,220,1.6863636361272727,44.265593561368206,False
Sierra Leone,2015-05,488,225,1.7022222223066663,46.10655737704918,False
Sierra Leone,2015-06,750,291,1.5773195870103092,38.8,False
Sierra Leone,2015-07,630,277,1.570397111740072,43.96825396825397,False
Sierra Leone,2015-08,735,281,1.5444839863772242,38.2312925170068,False
Sierra Leone,2015-09,726,285,1.4912280699368423,39.256198347107436,False
Sierra Leone,2015-10,482,214,1.602803737850467,44.398340248962654,False
Sierra Leone,2015-11,534,239,1.6527196658744774,44.756554307116104,False
Sierra Leone,2015-12,670,285,1.5438596496842105,42.53731343283582,False
Sierra Leone,2016-01,740,299,1.538461538394649,40.4054054054054,False
Sierra Leone,2016-02,490,207,1.5458937199806762,42.244897959183675,False
Sierra Leone,2016-03,622,275,1.4836363636072731,44.21221864951769,False
Sierra Leone,2016-04,586,264,1.5189393943257579,45.051194539249146,False
Sierra Leone,2016-05,503,232,1.5431034477715522,46.12326043737575,False
Sierra Leone,2016-06,516,241,1.6016597505435686,46.70542635658915,False
Sierra Leone,2016-07,519,224,1.6026785709285716,43.15992292870906,False
Sierra Leone,2016-08,509,239,1.5815899583765691,46.95481335952849,False
Sierra Leone,2016-09,510,221,1.5610859727058823,43.333333333333336,False
Sierra Leone,2016-10,413,220,1.709090908968182,53.26876513317191,False
Sierra Leone,2016-11,365,184,1.6793478270000002,50.41095890410959,False
Sierra Leone,2016-12,458,210,1.6476190476190475,45.851528384279476,False
Sierra Leone,2017-01,647,270,1.5481481481629629,41.73106646058733,False
Sierra Leone,2017-02,607,248,1.4919354834395162,40.85667215815486,False
Sierra Leone,2017-03,423,172,1.5697674418372096,40.66193853427896,False
Sierra Leone,2017-04,477,213,1.553990610727699,44.65408805031446,False
Sierra Leone,2017-05,384,184,1.5978260864673914,47.916666666666664,False
Sierra Leone,2017-06,385,164,1.6158536584146344,42.5974025974026,False
Sierra Leone,2017-07,334,162,1.6049382721851853,48.50299401197605,False
Sierra Leone,2017-08,399,155,1.832258065406451,38.847117794486216,False
Sierra Leone,2017-09,359,158,1.829113923398734,44.01114206128134,False
Sierra Leone,2017-10,351,155,1.5677419352000002,44.15954415954416,False
Sierra Leone,2017-11,368,186,1.6182795700215051,50.54347826086956,False
Sierra Leone,2017-12,394,195,1.538461537805128,49.49238578680203,False
Sierra Leone,2018-01,475,220,1.6409090905909094,46.31578947368421,False
Sierra Leone,2018-02,369,178,1.668539326404494,48.23848238482385,False
Sierra Leone,2018-03,651,243,1.5925925926008229,37.327188940092164,False
Sierra Leone,2018-04,467,207,1.6473429946763287,44.3254817987152,False
Sierra Leone,2018-05,425,223,1.5201793726143495,52.470588235294116,False
Sierra Leone,2018-06,397,200,1.49000000038,50.377833753148614,False
Sierra Leone,2018-07,601,293,1.6006825942901024,48.75207986688852,False
Sierra Leone,2018-08,393,215,1.5116279064744187,54.70737913486005,False
Sierra Leone,2018-09,292,143,1.4965034958321677,48.97260273972603,False
Sierra Leone,2018-10,688,281,1.4911032031672595,40.843023255813954,False
Sierra Leone,2018-11,457,215,1.506976744986046,47.04595185995623,False
Sierra Leone,2018-12,446,235,1.4765957447234044,52.690582959641254,False
Sierra Leone,2019-01,471,200,1.55500000053,42.46284501061571,False
Sierra Leone,2019-02,642,285,1.6105263159017544,44.39252336448598,False
Sierra Leone,2019-03,623,314,1.5668789803821657,50.40128410914928,False
Sierra Leone,2019-04,622,314,1.4936305735000002,50.48231511254019,False
Sierra Leone,2019-05,638,293,1.4880546074470993,45.924764890282134,False
Sierra Leone,2019-06,711,312,1.5480769230641027,43.881856540084385,False
Sierra Leone,2019-07,564,278,1.4964028774244604,49.290780141843975,False
Sierra Leone,2019-08,600,294,1.5340136050340136,49.0,False
Sierra Leone,2019-09,602,297,1.5454545451952864,49.33554817275748,False
Sierra Leone,2019-10,714,388,1.474226803469072,54.34173669467787,False
Sierra Leone,2019-11,728,389,1.4575835482210797,53.434065934065934,False
Sierra Leone,2019-12,500,276,1.5398550729528984,55.2,False
Sierra Leone,2020-01,9131,3614,1.2935805197000554,39.57945460519111,False
Sierra Leone,2020-02,578,306,1.4738562097058825,52.94117647058823,False
Sierra Leone,2020-03,752,345,1.7130434783768114,45.87765957446808,False
Sierra Leone,2020-04,970,416,1.790865385,42.88659793814433,False
Sierra Leone,2020-05,625,298,1.8154362412348994,47.68,False
Sierra Leone,2020-06,732,362,1.7182320447955801,49.45355191256831,False
Sierra Leone,2020-07,756,333,1.5675675673393394,44.04761904761905,False
Sierra Leone,2020-08,745,327,1.5565749240856268,43.89261744966443,False
Sierra Leone,2020-09,681,329,1.5379939210030396,48.311306901615275,False
Sierra Leone,2020-10,797,362,1.5386740336574585,45.42032622333752,False
Sierra Leone,2020-11,681,354,1.5056497178531072,51.98237885462555,False
Sierra Leone,2020-12,550,268,1.5373134323507462,48.72727272727273,False
Sierra Leone,2021-01,639,304,1.5559210530986842,47.57433489827856,False
Sierra Leone,2021-02,662,320,1.5000000001062497,48.338368580060425,False
Sierra Leone,2021-03,1137,538,1.4553903342453531,47.317502198768686,False
Sierra Leone,2021-04,772,341,1.4926686223607042,44.170984455958546,False
Sierra Leone,2021-05,1172,491,1.4378818738533605,41.89419795221843,False
Sierra Leone,2021-06,958,392,1.5535714288520408,40.91858037578288,False
Sierra Leone,2021-07,1212,508,1.452755905320866,41.914191419141915,False
Sierra Leone,2021-08,1167,451,1.5011086479290465,38.64610111396744,False
Sierra Leone,2021-09,1090,432,1.4837962969513887,39.63302752293578,False
Sierra Leone,2021-10,987,358,1.38826815603352,36.271529888551164,False
Sierra Leone,2021-11,1129,412,1.4999999998786409,36.49247121346324,False
Sierra Leone,2021-12,1031,392,1.3724489795637753,38.02133850630456,False
Sierra Leone,2022-01,1246,394,1.4314720812081219,31.62118780096308,False
Sierra Leone,2022-02,1245,435,1.4160919546988502,34.93975903614458,False
Sierra Leone,2022-03,1585,631,1.4881141045958794,39.81072555205047,False
Sierra Leone,2022-04,1654,616,1.4480519480487013,37.24304715840387,False
Sierra Leone,2022-05,1589,579,1.3454231429360968,36.43801132787917,False
Sierra Leone,2022-06,1574,613,1.4404567695562802,38.94536213468869,False
Sierra Leone,2022-07,1458,548,1.5547445254452552,37.585733882030176,False
Sierra Leone,2022-08,1738,621,1.5169082122608695,35.730724971231304,False
Sierra Leone,2022-09,1387,439,1.4259681089111618,31.651045421773613,False
Sierra Leone,2022-10,1249,423,1.4609929076075652,33.86709367493995,False
Sierra Leone,2022-11,1324,507,1.3944773179092702,38.29305135951662,False
Sierra Leone,2022-12,1264,500,1.4459999995200001,39.55696202531646,False
Sierra Leone,2023-01,1242,435,1.259770115342529,35.02415458937198,False
Sierra Leone,2023-02,1352,418,1.2966507180861244,30.91715976331361,False
Sierra Leone,2023-03,1445,486,1.3930041156440327,33.63321799307958,False
Sierra Leone,2023-04,1155,407,1.449631449149877,35.23809523809524,False
Sierra Leone,2023-05,1404,455,1.3626373625626373,32.407407407407405,False
Sierra Leone,2023-06,1404,370,1.5972972969702703,26.353276353276353,False
Sierra Leone,2023-07,1434,478,1.4058577402301256,33.333333333333336,False
Sierra Leone,2023-08,1435,535,1.4822429908878505,37.282229965156795,False
Sierra Leone,2023-09,1411,518,1.3976833977992278,36.711552090715806,False
Sierra Leone,2023-10,1431,614,1.3713355044267102,42.90705800139762,False
Sierra Leone,2023-11,1304,498,1.4056224899598393,38.190184049079754,False
Sierra Leone,2023-12,1140,386,1.3808290155751295,33.85964912280702,False
Sierra Leone,2024-01,1299,484,1.2995867770578513,37.259430331023864,False
Sierra Leone,2024-02,1202,478,1.2782426774895397,39.767054908485854,False
Sierra Leone,2024-03,1307,559,1.4329159212200357,42.76970160673298,False
Sierra Leone,2024-04,994,396,1.5252525252525253,39.839034205231385,False
Sierra Leone,2024-05,1211,453,1.3796909493487859,37.40710156895128,False
Sierra Leone,2024-06,1123,421,1.2541567694655582,37.48886910062333,False
Sierra Leone,2024-07,1411,541,1.2754158963160815,38.34160170092133,False
Sierra Leone,2024-08,1367,506,1.391304348,37.01536210680322,False
Sierra Leone,2024-09,1370,565,1.4159292039575222,41.24087591240876,False
Sierra Leone,2024-10,1372,562,1.3007117441209963,40.96209912536443,False
Sierra Leone,2024-11,1170,577,1.344887348577123,49.31623931623932,False
Sierra Leone,2024-12,1025,400,1.40500000034,39.02439024390244,False
Sierra Leone,2025-01,1093,429,1.31002331,39.24977127172919,False
Sierra Leone,2025-02,1245,461,1.396963124,37.028112449799195,False
Sierra Leone,2025-03,1376,541,1.338262477310536,39.31686046511628,False
Sierra Leone,2025-04,1271,519,1.439306358770713,40.83398898505114,False
Sierra Leone,2025-05,1398,561,1.370766488848485,40.128755364806864,False
Sierra Leone,2025-06,1345,546,1.4926739928644688,40.594795539033456,False
Sierra Leone,2025-07,1537,678,1.3657817111769912,44.111906310995444,False
Sierra Leone,2025-08,1393,553,1.4177215189620254,39.698492462311556,False
Sierra Leone,2025-09,1411,571,1.366024518,40.467753366406804,False
Sierra Leone,2025-10,1678,712,1.492977527985955,42.43146603098927,False
Sierra Leone,2025-11,1617,769,1.490247074556567,47.557204700061845,False
Sierra Leone,2025-12,1392,661,1.485627836547655,47.485632183908045,False
Somalia,2015-01,657,14,1.642857143,2.13089802130898,False
Somalia,2015-02,470,22,1.772727273,4.680851063829787,False
Somalia,2015-03,460,27,1.925925926,5.869565217391305,False
Somalia,2015-04,473,24,1.791666667,5.07399577167019,False
Somalia,2015-05,963,23,1.8260869569999998,2.3883696780893042,False
Somalia,2015-06,929,28,1.464285714,3.013993541442411,False
Somalia,2015-07,875,17,1.941176471,1.9428571428571428,False
Somalia,2015-08,947,26,1.5,2.7455121436114043,False
Somalia,2015-09,862,13,1.461538462,1.5081206496519721,False
Somalia,2015-10,884,24,1.625,2.7149321266968327,False
Somalia,2015-11,727,22,1.545454545,3.0261348005502064,False
Somalia,2015-12,752,15,1.4,1.9946808510638299,False
Somalia,2016-01,810,21,1.4761904766666667,2.5925925925925926,False
Somalia,2016-02,799,24,1.45833333325,3.0037546933667083,False
Somalia,2016-03,784,18,1.777777778,2.295918367346939,False
Somalia,2016-04,800,18,1.6666666670555559,2.25,False
Somalia,2016-05,860,13,1.769230769,1.5116279069767442,False
Somalia,2016-06,827,14,1.928571429,1.6928657799274487,False
Somalia,2016-07,794,8,1.75,1.0075566750629723,False
Somalia,2016-08,1009,17,1.529411765,1.6848364717542121,False
Somalia,2016-09,953,15,1.4,1.5739769150052465,False
Somalia,2016-10,1091,10,1.6,0.916590284142988,False
Somalia,2016-11,1050,11,1.545454545,1.0476190476190477,False
Somalia,2016-12,1013,10,1.9,0.9871668311944719,False
Somalia,2017-01,1334,19,1.315789474,1.424287856071964,False
Somalia,2017-02,1290,17,1.470588235,1.317829457364341,False
Somalia,2017-03,1607,18,1.444444444,1.120099564405725,False
Somalia,2017-04,1178,18,1.444444444,1.5280135823429541,False
Somalia,2017-05,1175,23,1.260869565,1.9574468085106382,False
Somalia,2017-06,892,14,1.428571429,1.5695067264573992,False
Somalia,2017-07,927,16,1.625,1.725997842502697,False
Somalia,2017-08,984,29,1.75862069,2.9471544715447155,False
Somalia,2017-09,877,14,1.571428571,1.596351197263398,False
Somalia,2017-10,909,16,1.5625,1.7601760176017602,False
Somalia,2017-11,842,24,1.5,2.8503562945368173,False
Somalia,2017-12,830,25,1.24,3.0120481927710845,False
Somalia,2018-01,1315,144,1.381944444,10.950570342205323,False
Somalia,2018-02,1042,100,1.22,9.596928982725528,False
Somalia,2018-03,883,19,1.421052632,2.1517553793884483,False
Somalia,2018-04,907,19,1.631578947,2.094818081587652,False
Somalia,2018-05,885,20,1.4,2.2598870056497176,False
Somalia,2018-06,805,16,1.5,1.9875776397515528,False
Somalia,2018-07,838,21,1.428571429,2.5059665871121717,False
Somalia,2018-08,1168,26,1.230769231,2.2260273972602738,False
Somalia,2018-09,1194,32,1.28125,2.680067001675042,False
Somalia,2018-10,904,27,1.555555556,2.9867256637168142,False
Somalia,2018-11,819,28,1.357142857,3.4188034188034186,False
Somalia,2018-12,859,19,1.421052632,2.2118742724097786,False
Somalia,2019-01,783,29,1.586206897,3.7037037037037037,False
Somalia,2019-02,657,35,1.485714286,5.327245053272451,False
Somalia,2019-03,729,23,1.5652173910000002,3.1550068587105624,False
Somalia,2019-04,715,28,1.428571429,3.9160839160839163,False
Somalia,2019-05,833,17,1.352941176,2.0408163265306123,False
Somalia,2019-06,823,15,1.4,1.8226002430133657,False
Somalia,2019-07,728,11,1.545454545,1.510989010989011,False
Somalia,2019-08,751,14,1.428571429,1.8641810918774966,False
Somalia,2019-09,628,12,1.833333333,1.910828025477707,False
Somalia,2019-10,898,27,1.296296296,3.0066815144766146,False
Somalia,2019-11,963,16,1.375,1.6614745586708204,False
Somalia,2019-12,954,28,1.357142857,2.9350104821802936,False
Somalia,2020-01,899,23,1.347826087,2.558398220244716,False
Somalia,2020-02,918,48,1.354166667,5.228758169934641,False
Somalia,2020-03,1000,29,1.413793103,2.9,False
Somalia,2020-04,1045,23,1.260869565,2.200956937799043,False
Somalia,2020-05,1083,17,1.588235294,1.569713758079409,False
Somalia,2020-06,1263,18,1.555555556,1.4251781472684086,False
Somalia,2020-07,1263,26,1.538461538,2.058590657165479,False
Somalia,2020-08,1065,24,1.625,2.2535211267605635,False
Somalia,2020-09,878,14,1.571428571,1.5945330296127562,False
Somalia,2020-10,1041,24,1.333333333,2.3054755043227666,False
Somalia,2020-11,1072,19,1.526315789,1.7723880597014925,False
Somalia,2020-12,1127,20,1.55,1.774622892635315,False
Somalia,2021-01,1082,18,1.277777778,1.6635859519408502,False
Somalia,2021-02,841,13,1.769230769,1.5457788347205708,False
Somalia,2021-03,1011,19,1.631578947,1.8793273986152323,False
Somalia,2021-04,1124,22,1.772727273,1.9572953736654803,False
Somalia,2021-05,1247,31,1.870967742,2.4859663191659984,False
Somalia,2021-06,1265,39,1.3333333333333333,3.08300395256917,False
Somalia,2021-07,1206,22,1.318181818,1.824212271973466,False
Somalia,2021-08,1259,41,1.268292683,3.256552819698173,False
Somalia,2021-09,1375,36,1.472222222,2.618181818181818,False
Somalia,2021-10,1478,56,1.464285714,3.7889039242219216,False
Somalia,2021-11,1303,38,1.710526316,2.916346891788181,False
Somalia,2021-12,1336,40,1.575,2.9940119760479043,False
Somalia,2022-01,1399,63,1.666666667,4.503216583273767,False
Somalia,2022-02,1411,68,1.514705882,4.819277108433735,False
Somalia,2022-03,1523,83,1.409638554,5.449770190413657,False
Somalia,2022-04,1455,32,1.65625,2.1993127147766325,False
Somalia,2022-05,1374,44,1.272727273,3.2023289665211063,False
Somalia,2022-06,1122,43,1.7441860469999997,3.8324420677361855,False
Somalia,2022-07,1052,54,1.574074074,5.133079847908745,False
Somalia,2022-08,1145,37,1.540540541,3.2314410480349345,False
Somalia,2022-09,1095,45,1.6666666669999999,4.109589041095891,False
Somalia,2022-10,1029,37,1.7297297300000003,3.5957240038872693,False
Somalia,2022-11,908,35,1.428571429,3.854625550660793,False
Somalia,2022-12,864,30,1.533333333,3.4722222222222223,False
Somalia,2023-01,939,59,1.423728814,6.283280085197018,False
Somalia,2023-02,873,53,1.735849057,6.0710194730813285,False
Somalia,2023-03,1055,65,1.769230769,6.161137440758294,False
Somalia,2023-04,856,39,1.8974358969999998,4.55607476635514,False
Somalia,2023-05,1138,69,1.608695652,6.063268892794376,False
Somalia,2023-06,1186,64,1.484375,5.39629005059022,False
Somalia,2023-07,1276,75,1.453333333,5.877742946708464,False
Somalia,2023-08,1226,67,1.462686567,5.464926590538336,False
Somalia,2023-09,1194,74,1.418918919,6.197654941373535,False
Somalia,2023-10,1322,71,1.3661971829859154,5.3706505295007565,False
Somalia,2023-11,1186,69,1.391304348,5.81787521079258,False
Somalia,2023-12,1169,90,1.711111111,7.698887938408896,False
Somalia,2024-01,1361,79,1.6962025320000003,5.804555473916238,False
Somalia,2024-02,1194,60,1.4666666662166667,5.025125628140704,False
Somalia,2024-03,1304,65,1.569230769,4.984662576687117,False
Somalia,2024-04,1265,74,1.27027027,5.849802371541502,False
Somalia,2024-05,1472,95,1.305263158,6.453804347826087,False
Somalia,2024-06,1309,60,1.35,4.583651642475172,False
Somalia,2024-07,1420,65,1.461538462,4.577464788732394,False
Somalia,2024-08,1266,69,1.217391304,5.450236966824645,False
Somalia,2024-09,1217,71,1.535211268,5.834018077239112,False
Somalia,2024-10,1331,95,1.315789474,7.137490608564988,False
Somalia,2024-11,1319,82,1.512195122,6.21683093252464,False
Somalia,2024-12,1242,64,1.28125,5.152979066022544,False
Somalia,2025-01,1304,83,1.506024096,6.365030674846626,False
Somalia,2025-02,1375,99,1.5252525250000002,7.2,False
Somalia,2025-03,1242,69,1.797101449,5.555555555555555,False
Somalia,2025-04,1292,104,1.6153846158653846,8.04953560371517,False
Somalia,2025-05,1299,97,1.525773196,7.467282525019246,False
Somalia,2025-06,1263,109,1.587155963,8.630245447347585,False
Somalia,2025-07,1570,193,1.766839378300518,12.292993630573248,False
Somalia,2025-08,1788,261,1.908045977,14.59731543624161,False
Somalia,2025-09,1866,296,1.8108108109999999,15.862808145766346,False
Somalia,2025-10,1715,292,1.845890410989726,17.026239067055393,False
Somalia,2025-11,1582,310,1.9870967740000003,19.59544879898862,False
Somalia,2025-12,1770,289,1.9342560549999999,16.327683615819208,False
South Africa,2015-01,2917,539,1.6382189237977736,18.477888241343848,False
South Africa,2015-02,3055,635,1.5574803151622048,20.78559738134206,False
South Africa,2015-03,3153,636,1.50314465411478,20.17126546146527,False
South Africa,2015-04,2827,564,1.5177304968351064,19.950477538026178,False
South Africa,2015-05,2993,603,1.5058043115655058,20.147009689274974,False
South Africa,2015-06,3684,811,1.5055487056794081,22.01411509229099,False
South Africa,2015-07,3071,720,1.5638888886166666,23.445131878866817,False
South Africa,2015-08,3236,677,1.4608567210546528,20.92088998763906,False
South Africa,2015-09,3145,676,1.532544379142012,21.494435612082672,False
South Africa,2015-10,3962,845,1.4520710062485207,21.32761231701161,False
South Africa,2015-11,3083,636,1.507861635009434,20.629257216996432,False
South Africa,2015-12,3407,719,1.4798331018164115,21.103610214264748,False
South Africa,2016-01,3498,612,1.519607843359477,17.495711835334475,False
South Africa,2016-02,3098,681,1.5139500731688693,21.98192382182053,False
South Africa,2016-03,3276,674,1.4836795249332344,20.573870573870575,False
South Africa,2016-04,3042,687,1.3857350797088792,22.583826429980277,False
South Africa,2016-05,3236,743,1.4374158817658143,22.96044499381953,False
South Africa,2016-06,3137,679,1.4374079530559647,21.644883646796302,False
South Africa,2016-07,3180,651,1.423963134059908,20.471698113207548,False
South Africa,2016-08,3366,710,1.4521126762281689,21.093285799168154,False
South Africa,2016-09,3260,683,1.4963396774055637,20.950920245398773,False
South Africa,2016-10,3067,678,1.4557522121887905,22.106292794261492,False
South Africa,2016-11,3279,730,1.4301369867602738,22.262885025922536,False
South Africa,2016-12,2850,575,1.49391304312,20.17543859649123,False
South Africa,2017-01,3632,763,1.4678899085792922,21.00770925110132,False
South Africa,2017-02,3873,803,1.4707347446575343,20.733281693777432,False
South Africa,2017-03,4188,916,1.484716156760917,21.872015281757403,False
South Africa,2017-04,3021,754,1.509283819628647,24.958622972525653,False
South Africa,2017-05,3304,878,1.425968109328018,26.573849878934624,False
South Africa,2017-06,3327,852,1.4565727704694837,25.608656447249775,False
South Africa,2017-07,3360,755,1.4887417222317882,22.470238095238095,False
South Africa,2017-08,3438,804,1.4365671646019902,23.38568935427574,False
South Africa,2017-09,3458,798,1.4799498747807018,23.076923076923077,False
South Africa,2017-10,4179,882,1.4444444441145126,21.105527638190956,False
South Africa,2017-11,4825,1186,1.478920741969646,24.580310880829014,False
South Africa,2017-12,4448,987,1.4316109421681864,22.18974820143885,False
South Africa,2018-01,7552,1778,1.4505061870078741,23.54343220338983,False
South Africa,2018-02,6623,1677,1.4478234944031008,25.32085157783482,False
South Africa,2018-03,8404,2253,1.4034620501899688,26.808662541646836,False
South Africa,2018-04,6889,1652,1.4243341406101695,23.980258382929307,False
South Africa,2018-05,3963,734,1.3760217986239782,18.52132223063336,False
South Africa,2018-06,2660,337,1.397626112605341,12.669172932330827,False
South Africa,2018-07,6364,1610,1.4068322977652175,25.29855436832181,False
South Africa,2018-08,7712,2040,1.4303921566053919,26.452282157676347,False
South Africa,2018-09,2834,446,1.4215246639461883,15.737473535638673,False
South Africa,2018-10,8086,2369,1.4609539885626845,29.297551323274796,False
South Africa,2018-11,7669,2092,1.3905353724665392,27.278654322597472,False
South Africa,2018-12,5013,1179,1.4995759116861747,23.518850987432675,False
South Africa,2019-01,5534,1352,1.511094674231509,24.43079147090712,False
South Africa,2019-02,7630,2178,1.499081726285583,28.54521625163827,False
South Africa,2019-03,5378,1436,1.495821726575209,26.70137597619933,False
South Africa,2019-04,8620,2324,1.4234079170740104,26.960556844547565,False
South Africa,2019-05,8329,2286,1.349518810177603,27.446272061471966,False
South Africa,2019-06,6659,1808,1.43473451327323,27.151223907493616,False
South Africa,2019-07,7770,2279,1.4111452394725756,29.33075933075933,False
South Africa,2019-08,8393,2450,1.4481632655118366,29.190992493744787,False
South Africa,2019-09,7987,2038,1.4759568208832188,25.51646425441342,False
South Africa,2019-10,8208,2269,1.4548259140647863,27.643762183235868,False
South Africa,2019-11,7873,2081,1.4276790007573281,26.432109742156737,False
South Africa,2019-12,7199,1754,1.541049030573546,24.36449506875955,False
South Africa,2020-01,8188,1947,1.5464817669070365,23.778700537371762,False
South Africa,2020-02,7901,2284,1.5258318740223291,28.907733198329325,False
South Africa,2020-03,5412,1519,1.8051349571184991,28.067257945306725,False
South Africa,2020-04,7526,2523,1.8715814503654382,33.5237842147223,False
South Africa,2020-05,8311,2687,1.7294380347063643,32.330646131632776,False
South Africa,2020-06,8212,2385,1.7039832282901468,29.04286410131515,False
South Africa,2020-07,8877,2555,1.6594911935467709,28.782246254365212,False
South Africa,2020-08,8763,2576,1.5819099374565218,29.396325459317584,False
South Africa,2020-09,8604,2399,1.5506461030516883,27.88238028823803,False
South Africa,2020-10,8710,2485,1.5388329983082496,28.530424799081516,False
South Africa,2020-11,7962,2060,1.509708737669903,25.872896257221804,False
South Africa,2020-12,8168,2017,1.5567674769023303,24.693927522037217,False
South Africa,2021-01,8511,2038,1.5902845930294407,23.945482317001527,False
South Africa,2021-02,8624,2313,1.5175097272624296,26.820500927643785,False
South Africa,2021-03,8565,2249,1.4815473544948865,26.25802685347344,False
South Africa,2021-04,6725,1518,1.4433465084808959,22.5724907063197,False
South Africa,2021-05,6713,1527,1.4944335298284217,22.74690898257113,False
South Africa,2021-06,6618,1286,1.4720062204105753,19.43185252342097,False
South Africa,2021-07,7569,1623,1.547751077991374,21.442726912405867,False
South Africa,2021-08,7605,1587,1.507876496342785,20.86785009861933,False
South Africa,2021-09,7626,1641,1.4801950029274833,21.518489378442172,False
South Africa,2021-10,7610,1684,1.4774346788693586,22.128777923784494,False
South Africa,2021-11,7918,1645,1.4924012162589664,20.775448345541804,False
South Africa,2021-12,7592,1403,1.5067712044975055,18.479978925184405,False
South Africa,2022-01,7781,1444,1.41066482,18.558025960673437,False
South Africa,2022-02,7478,1683,1.509209744946524,22.50601765177855,False
South Africa,2022-03,8077,1899,1.5592417059873618,23.51120465519376,False
South Africa,2022-04,7793,1624,1.487068965703202,20.839214679840882,False
South Africa,2022-05,8138,1918,1.4598540150364963,23.5684443352175,False
South Africa,2022-06,8320,1937,1.458957150615385,23.28125,False
South Africa,2022-07,8410,1814,1.5181918409156558,21.569560047562426,False
South Africa,2022-08,8757,1852,1.5388768896198703,21.148795249514674,False
South Africa,2022-09,8531,1850,1.5810810812627027,21.685617160942446,False
South Africa,2022-10,8605,1824,1.5553728068508772,21.196978500871587,False
South Africa,2022-11,8754,1859,1.5013448090645507,21.236006397075624,False
South Africa,2022-12,8440,1737,1.5423143347265398,20.580568720379148,False
South Africa,2023-01,8718,1673,1.6395696355038853,19.190181234228035,False
South Africa,2023-02,7937,1660,1.666867470192771,20.91470328839612,False
South Africa,2023-03,9897,2146,1.533084808752097,21.683338385369304,False
South Africa,2023-04,9442,1770,1.553672316681356,18.746028383816988,False
South Africa,2023-05,11328,2295,1.5228758169302832,20.259533898305083,False
South Africa,2023-06,9483,1801,1.47362576379789,18.991880206685646,False
South Africa,2023-07,9633,1782,1.4708193046172842,18.498909996885704,False
South Africa,2023-08,10117,1929,1.4717470191187143,19.06691707027775,False
South Africa,2023-09,9356,1696,1.5972877354716981,18.127404873877726,False
South Africa,2023-10,9765,1866,1.530546624039657,19.10906298003072,False
South Africa,2023-11,9985,2027,1.516033546676369,20.30045067601402,False
South Africa,2023-12,8724,1572,1.548346056135496,18.019257221458048,False
South Africa,2024-01,9406,1804,1.4473392464539911,19.17924728896449,False
South Africa,2024-02,8614,1937,1.5028394420624678,22.486649640120735,False
South Africa,2024-03,7771,1737,1.481865284484168,22.35233560674302,False
South Africa,2024-04,4008,932,1.4613733900429184,23.253493013972054,False
South Africa,2024-05,7062,1619,1.4070413835083386,22.925516850750494,False
South Africa,2024-06,6730,1515,1.3498349834138614,22.511144130757803,False
South Africa,2024-07,6692,1561,1.3754003838757207,23.326359832635983,False
South Africa,2024-08,6272,1338,1.3976083703781763,21.332908163265305,False
South Africa,2024-09,6229,1444,1.4106648195844875,23.181891154278375,False
South Africa,2024-10,6632,1588,1.4162468516372795,23.94451145958987,False
South Africa,2024-11,6517,1498,1.4325767694345795,22.986036519871107,False
South Africa,2024-12,5883,1407,1.400142146692253,23.91636919938807,False
South Africa,2025-01,6623,1503,1.4224883569341318,22.693643364034426,False
South Africa,2025-02,6024,1523,1.4937623108141824,25.282204515272245,False
South Africa,2025-03,6281,1637,1.4569334146689064,26.06272886483044,False
South Africa,2025-04,2523,549,1.4608378870491803,21.759809750297265,False
South Africa,2025-05,6329,1653,1.4410163343799154,26.11787012166219,False
South Africa,2025-06,6206,1453,1.4576737783523745,23.412826297131808,False
South Africa,2025-07,6268,1570,1.3859872609936308,25.047862156987875,False
South Africa,2025-08,5813,1369,1.4185536884601897,23.550662308618612,False
South Africa,2025-09,5470,1284,1.47429906505919,23.473491773308957,False
South Africa,2025-10,4027,898,1.4877505570100222,22.299478519990068,False
South Africa,2025-11,6735,1762,1.5153234957105561,26.161841128433554,False
South Africa,2025-12,6856,1966,1.4979654120620547,28.67561260210035,False
South Sudan,2015-01,517,92,1.554347826,17.79497098646035,False
South Sudan,2015-02,509,76,1.618421053,14.931237721021612,False
South Sudan,2015-03,522,118,1.618644068,22.60536398467433,False
South Sudan,2015-04,496,110,1.490909091,22.177419354838708,False
South Sudan,2015-05,530,111,1.7477477481801802,20.943396226415093,False
South Sudan,2015-06,533,89,1.5842696629999997,16.69793621013133,False
South Sudan,2015-07,546,98,1.408163265,17.94871794871795,False
South Sudan,2015-08,532,67,1.447761194,12.593984962406015,False
South Sudan,2015-09,478,81,1.358024691,16.94560669456067,False
South Sudan,2015-10,552,112,1.375,20.28985507246377,False
South Sudan,2015-11,483,83,1.626506024,17.184265010351968,False
South Sudan,2015-12,461,101,1.465346535,21.90889370932755,False
South Sudan,2016-01,445,80,1.5375,17.97752808988764,False
South Sudan,2016-02,496,98,1.397959184,19.758064516129032,False
South Sudan,2016-03,526,112,1.598214286,21.29277566539924,False
South Sudan,2016-04,474,88,1.568181818,18.565400843881857,False
South Sudan,2016-05,477,83,1.5542168670000003,17.40041928721174,False
South Sudan,2016-06,418,94,1.659574468,22.48803827751196,False
South Sudan,2016-07,457,55,1.618181818,12.035010940919037,False
South Sudan,2016-08,472,73,1.410958904,15.466101694915254,False
South Sudan,2016-09,475,71,1.549295775,14.947368421052632,False
South Sudan,2016-10,511,98,1.7040816329999997,19.17808219178082,False
South Sudan,2016-11,489,93,1.741935484,19.01840490797546,False
South Sudan,2016-12,469,76,1.789473684,16.204690831556505,False
South Sudan,2017-01,511,88,1.681818182,17.22113502935421,False
South Sudan,2017-02,396,84,1.6785714289999998,21.21212121212121,False
South Sudan,2017-03,435,59,1.728813559,13.563218390804598,False
South Sudan,2017-04,403,85,1.6823529415294116,21.09181141439206,False
South Sudan,2017-05,406,50,1.66,12.31527093596059,False
South Sudan,2017-06,428,76,1.631578947,17.757009345794394,False
South Sudan,2017-07,439,74,1.608108108,16.856492027334852,False
South Sudan,2017-08,428,66,1.53030303,15.42056074766355,False
South Sudan,2017-09,365,70,1.414285714,19.17808219178082,False
South Sudan,2017-10,304,50,1.42,16.44736842105263,False
South Sudan,2017-11,223,35,1.542857143,15.695067264573991,False
South Sudan,2017-12,239,46,1.782608696,19.246861924686193,False
South Sudan,2018-01,202,31,1.483870968,15.346534653465346,False
South Sudan,2018-02,264,45,1.711111111,17.045454545454547,False
South Sudan,2018-03,262,54,1.425925926,20.610687022900763,False
South Sudan,2018-04,255,38,1.4999999998157894,14.901960784313726,False
South Sudan,2018-05,381,79,1.518987342,20.73490813648294,False
South Sudan,2018-06,360,62,1.5,17.22222222222222,False
South Sudan,2018-07,429,90,1.477777778,20.97902097902098,False
South Sudan,2018-08,295,61,1.606557377,20.677966101694917,False
South Sudan,2018-09,189,33,1.818181818,17.46031746031746,False
South Sudan,2018-10,203,41,1.7317073170000001,20.19704433497537,False
South Sudan,2018-11,214,42,1.6190476190000003,19.626168224299064,False
South Sudan,2018-12,210,50,1.46,23.80952380952381,False
South Sudan,2019-01,261,46,1.608695652,17.624521072796934,False
South Sudan,2019-02,287,60,1.533333333,20.905923344947734,False
South Sudan,2019-03,345,76,1.394736842,22.028985507246375,False
South Sudan,2019-04,334,64,1.59375,19.161676646706585,False
South Sudan,2019-05,336,71,1.492957746,21.13095238095238,False
South Sudan,2019-06,300,91,1.417582418,30.333333333333332,False
South Sudan,2019-07,306,82,1.451219512,26.797385620915033,False
South Sudan,2019-08,310,95,1.294736842,30.64516129032258,False
South Sudan,2019-09,295,50,1.32,16.949152542372882,False
South Sudan,2019-10,364,87,1.6321839080000002,23.9010989010989,False
South Sudan,2019-11,304,68,1.279411765,22.36842105263158,False
South Sudan,2019-12,310,72,1.277777778,23.225806451612904,False
South Sudan,2020-01,305,67,1.447761194,21.9672131147541,False
South Sudan,2020-02,314,67,1.447761194,21.337579617834393,False
South Sudan,2020-03,320,74,1.459459459,23.125,False
South Sudan,2020-04,324,62,1.693548387,19.135802469135804,False
South Sudan,2020-05,342,63,1.476190476,18.42105263157895,False
South Sudan,2020-06,346,69,1.68115942,19.942196531791907,False
South Sudan,2020-07,334,80,1.625,23.952095808383234,False
South Sudan,2020-08,331,90,1.633333333,27.190332326283986,False
South Sudan,2020-09,327,110,1.718181818,33.63914373088685,False
South Sudan,2020-10,304,88,2.011363636,28.94736842105263,False
South Sudan,2020-11,384,81,1.728395062,21.09375,False
South Sudan,2020-12,355,84,1.714285714,23.661971830985916,False
South Sudan,2021-01,480,101,1.5049504950000003,21.041666666666668,False
South Sudan,2021-02,482,116,1.698275862,24.066390041493776,False
South Sudan,2021-03,542,133,1.436090226,24.538745387453876,False
South Sudan,2021-04,535,155,1.4,28.97196261682243,False
South Sudan,2021-05,521,128,1.3828125,24.56813819577735,False
South Sudan,2021-06,474,100,1.47,21.09704641350211,False
South Sudan,2021-07,492,127,1.362204724,25.8130081300813,False
South Sudan,2021-08,559,121,1.338842975,21.645796064400717,False
South Sudan,2021-09,557,149,1.322147651,26.75044883303411,False
South Sudan,2021-10,716,232,1.577586207,32.402234636871505,False
South Sudan,2021-11,757,230,1.443478261,30.383091149273447,False
South Sudan,2021-12,730,209,1.272727273,28.63013698630137,False
South Sudan,2022-01,695,232,1.422413793,33.381294964028775,False
South Sudan,2022-02,765,236,1.258474576,30.84967320261438,False
South Sudan,2022-03,541,136,1.382352941,25.138632162661736,False
South Sudan,2022-04,583,145,1.393103448,24.871355060034304,False
South Sudan,2022-05,730,190,1.336842105231579,26.027397260273972,False
South Sudan,2022-06,658,217,1.5161290326267278,32.97872340425532,False
South Sudan,2022-07,675,231,1.532467532,34.22222222222222,False
South Sudan,2022-08,677,222,1.608108108,32.7917282127031,False
South Sudan,2022-09,661,205,1.351219512,31.013615733736764,False
South Sudan,2022-10,670,178,1.4662921350000002,26.567164179104477,False
South Sudan,2022-11,672,157,1.439490446,23.363095238095237,False
South Sudan,2022-12,581,169,1.301775147928994,29.08777969018933,False
South Sudan,2023-01,587,125,1.32,21.29471890971039,False
South Sudan,2023-02,583,151,1.3443708610331127,25.900514579759864,False
South Sudan,2023-03,759,228,1.381578947614035,30.039525691699605,False
South Sudan,2023-04,666,140,1.55,21.02102102102102,False
South Sudan,2023-05,857,293,1.597269625,34.189031505250874,False
South Sudan,2023-06,902,324,1.49691358,35.92017738359202,False
South Sudan,2023-07,814,299,1.491638796,36.73218673218673,False
South Sudan,2023-08,909,353,1.5637393763569407,38.83388338833883,False
South Sudan,2023-09,848,303,1.465346535,35.7311320754717,False
South Sudan,2023-10,1017,328,1.4939024392195122,32.25172074729597,False
South Sudan,2023-11,877,273,1.527472527,31.12884834663626,False
South Sudan,2023-12,503,137,1.554744526,27.23658051689861,False
South Sudan,2024-01,828,228,1.421052632,27.536231884057973,False
South Sudan,2024-02,876,285,1.459649123,32.534246575342465,False
South Sudan,2024-03,909,327,1.663608563,35.973597359735976,False
South Sudan,2024-04,856,267,1.644194757,31.19158878504673,False
South Sudan,2024-05,916,344,1.6220930230000001,37.55458515283843,False
South Sudan,2024-06,871,326,1.5705521467883434,37.42824339839265,False
South Sudan,2024-07,1065,409,1.723716381,38.4037558685446,False
South Sudan,2024-08,1018,361,1.7008310249999998,35.46168958742633,False
South Sudan,2024-09,910,359,1.727019499,39.45054945054945,False
South Sudan,2024-10,988,374,1.5106951869999998,37.85425101214575,False
South Sudan,2024-11,934,367,1.482288828,39.29336188436831,False
South Sudan,2024-12,800,280,1.6750000002321428,35.0,False
South Sudan,2025-01,809,279,1.609318996,34.48702101359704,False
South Sudan,2025-02,874,290,1.548275862,33.18077803203661,False
South Sudan,2025-03,885,235,1.65106383,26.55367231638418,False
South Sudan,2025-04,894,290,1.596551724,32.43847874720358,False
South Sudan,2025-05,1154,441,1.66893424,38.21490467937608,False
South Sudan,2025-06,1054,387,1.687338501,36.717267552182165,False
South Sudan,2025-07,806,357,1.6918767510000001,44.292803970223325,False
South Sudan,2025-08,857,325,1.6461538459999998,37.92298716452742,False
South Sudan,2025-09,796,294,1.629251701,36.93467336683417,False
South Sudan,2025-10,836,302,1.668874172,36.1244019138756,False
South Sudan,2025-11,797,314,1.75477707,39.39774153074028,False
South Sudan,2025-12,692,277,1.7148014445198554,40.028901734104046,False
Sudan,2015-01,9752,66,1.939393939090909,0.6767842493847416,False
Sudan,2015-02,9127,77,2.077922078,0.8436507066944231,False
Sudan,2015-03,10671,74,1.7432432429999998,0.6934682785118546,False
Sudan,2015-04,10351,69,2.202898551,0.6666022606511448,False
Sudan,2015-05,11539,75,1.8666666667733334,0.6499696680821562,False
Sudan,2015-06,8649,99,1.878787879,1.1446409989594173,False
Sudan,2015-07,6409,106,1.783018868,1.653924169137151,False
Sudan,2015-08,10897,105,1.942857143,0.9635679544828852,False
Sudan,2015-09,9670,122,1.672131148,1.2616339193381592,False
Sudan,2015-10,7675,106,1.745283019,1.3811074918566775,False
Sudan,2015-11,10301,117,1.7094017089999998,1.1358120570818366,False
Sudan,2015-12,10460,123,1.756097561,1.1759082217973231,False
Sudan,2016-01,10554,140,1.7499999999357143,1.3265112753458403,False
Sudan,2016-02,11194,103,1.912621359,0.9201357870287654,False
Sudan,2016-03,12480,120,1.7916666670833332,0.9615384615384616,False
Sudan,2016-04,12807,112,1.910714286,0.8745217459201999,False
Sudan,2016-05,7650,115,1.686956522,1.5032679738562091,False
Sudan,2016-06,11690,108,1.824074074,0.9238665526090676,False
Sudan,2016-07,11321,101,1.603960396,0.8921473368077025,False
Sudan,2016-08,9461,105,1.942857143,1.1098192580065531,False
Sudan,2016-09,10832,136,1.867647059,1.255539143279173,False
Sudan,2016-10,12098,119,1.74789916,0.9836336584559431,False
Sudan,2016-11,11612,177,1.9322033899999997,1.5242852221839476,False
Sudan,2016-12,11794,165,1.96969697,1.3990164490418857,False
Sudan,2017-01,11798,118,1.779661017,1.0001695202576708,False
Sudan,2017-02,9372,111,1.855855856,1.1843790012804096,False
Sudan,2017-03,10903,154,1.668831168805195,1.4124552875355407,False
Sudan,2017-04,10991,97,1.7731958768453608,0.8825402602129014,False
Sudan,2017-05,10977,110,1.9,1.0020952901521363,False
Sudan,2017-06,8712,103,1.980582524,1.182277318640955,False
Sudan,2017-07,9997,160,1.65625,1.600480144043213,False
Sudan,2017-08,10122,131,1.786259542,1.2942106303102154,False
Sudan,2017-09,9098,116,2.017241379,1.2750054957133437,False
Sudan,2017-10,10536,155,1.612903226,1.4711465451784358,False
Sudan,2017-11,9845,135,1.888888889,1.3712544438801422,False
Sudan,2017-12,9258,127,1.984251969,1.3717865629725643,False
Sudan,2018-01,9883,220,1.87727272685,2.2260447232621674,False
Sudan,2018-02,7744,175,1.857142857,2.259814049586777,False
Sudan,2018-03,10403,166,1.9036144579999998,1.595693549937518,False
Sudan,2018-04,10234,174,2.074712644,1.7002149697088138,False
Sudan,2018-05,10156,187,2.304812834,1.8412760929499803,False
Sudan,2018-06,8930,152,2.0,1.702127659574468,False
Sudan,2018-07,10661,180,2.233333333,1.6883969608854703,False
Sudan,2018-08,6700,165,2.418181818,2.462686567164179,False
Sudan,2018-09,6640,132,2.21969697,1.9879518072289157,False
Sudan,2018-10,7733,141,2.262411348,1.8233544549334022,False
Sudan,2018-11,7970,144,2.298611111,1.806775407779172,False
Sudan,2018-12,7989,185,2.335135135,2.3156840655901867,False
Sudan,2019-01,7420,124,2.1935483870000003,1.6711590296495957,False
Sudan,2019-02,6956,119,2.647058824,1.7107533064979874,False
Sudan,2019-03,7576,147,2.639455782,1.940337909186906,False
Sudan,2019-04,7695,143,2.258741259,1.8583495776478232,False
Sudan,2019-05,7558,159,1.7295597479999998,2.1037311458057686,False
Sudan,2019-06,4458,131,2.007633588,2.9385374607447288,False
Sudan,2019-07,6768,167,1.976047904,2.4674940898345152,False
Sudan,2019-08,7322,198,1.732323232,2.70417918601475,False
Sudan,2019-09,9013,193,1.694300518,2.141351381338067,False
Sudan,2019-10,9987,206,1.577669903,2.0626814859317113,False
Sudan,2019-11,9199,193,1.6528497410000003,2.098054136319165,False
Sudan,2019-12,9682,245,1.6,2.530468911381946,False
Sudan,2020-01,9677,186,1.704301075,1.922083290275912,False
Sudan,2020-02,9348,192,1.765625,2.053915275994865,False
Sudan,2020-03,9522,218,1.958715596,2.2894349926486033,False
Sudan,2020-04,9547,193,1.9067357510000003,2.0215774588876085,False
Sudan,2020-05,9306,175,1.8,1.8805071996561358,False
Sudan,2020-06,9869,181,1.70718232,1.8340257371567534,False
Sudan,2020-07,8862,182,1.6648351649999997,2.0537124802527646,False
Sudan,2020-08,10184,177,1.774011299,1.7380204241948154,False
Sudan,2020-09,11026,217,1.894009217,1.968075458008344,False
Sudan,2020-10,11231,225,1.8044444440000003,2.003383492120025,False
Sudan,2020-11,10348,173,2.034682081,1.671820641669888,False
Sudan,2020-12,11176,202,1.772277228,1.807444523979957,False
Sudan,2021-01,12049,203,1.84729064,1.6847871192630093,False
Sudan,2021-02,10306,181,1.9447513809999997,1.7562584901998837,False
Sudan,2021-03,10361,160,1.88125,1.5442524852813435,False
Sudan,2021-04,10078,133,1.9248120303157894,1.3197062909307402,False
Sudan,2021-05,9740,173,1.5953757226820808,1.7761806981519508,False
Sudan,2021-06,10244,157,1.713375796,1.5326044513861772,False
Sudan,2021-07,8972,125,1.712,1.3932233615693268,False
Sudan,2021-08,10250,161,1.850931677,1.5707317073170732,False
Sudan,2021-09,9879,154,1.844155844,1.5588622330195363,False
Sudan,2021-10,8925,143,2.132867133,1.6022408963585435,False
Sudan,2021-11,6467,93,2.086021505,1.438070202566878,False
Sudan,2021-12,8769,100,2.17,1.1403808872163304,False
Sudan,2022-01,9513,106,2.188679245,1.1142646904236309,False
Sudan,2022-02,9327,126,1.928571429,1.3509166934705694,False
Sudan,2022-03,8116,163,2.141104294,2.0083785115820603,False
Sudan,2022-04,10501,113,1.8318584075752213,1.0760879916198458,False
Sudan,2022-05,8463,134,2.044776119,1.5833628736854544,False
Sudan,2022-06,8633,141,2.184397163,1.6332676937333488,False
Sudan,2022-07,7627,112,2.0,1.468467287268913,False
Sudan,2022-08,8729,135,2.140740741,1.5465689082369114,False
Sudan,2022-09,8800,135,2.22962963,1.5340909090909092,False
Sudan,2022-10,7163,141,2.042553191,1.96844897389362,False
Sudan,2022-11,9302,134,2.141791045,1.4405504192646743,False
Sudan,2022-12,9566,121,1.966942149,1.264896508467489,False
Sudan,2023-01,9323,148,1.817567568,1.5874718438270943,False
Sudan,2023-02,6905,114,2.0,1.6509775524981898,False
Sudan,2023-03,8277,123,1.829268293,1.486045668720551,False
Sudan,2023-04,6942,100,2.16,1.4405070584845865,False
Sudan,2023-05,5017,144,2.1875,2.8702411799880405,False
Sudan,2023-06,5066,215,1.702325581,4.243979470983024,False
Sudan,2023-07,7137,235,1.672340425106383,3.2927000140114893,False
Sudan,2023-08,6892,204,1.5392156864215685,2.959953569355775,False
Sudan,2023-09,6555,230,1.660869565,3.508771929824561,False
Sudan,2023-10,6287,161,1.7826086960000003,2.5608398282169555,False
Sudan,2023-11,6790,474,1.44092827,6.980854197349043,False
Sudan,2023-12,6431,487,1.4743326488336757,7.572694759757425,False
Sudan,2024-01,7005,446,1.4372197307982062,6.366880799428979,False
Sudan,2024-02,6835,571,1.41506129593345,8.354059985369423,False
Sudan,2024-03,7439,471,1.4585987264309976,6.331496168839898,False
Sudan,2024-04,7953,560,1.4107142861178572,7.04136803721866,False
Sudan,2024-05,8153,529,1.4706994332703212,6.48840917453698,False
Sudan,2024-06,6485,261,1.6551724136973178,4.024672320740169,False
Sudan,2024-07,8346,787,1.3392630242439645,9.42966690630242,False
Sudan,2024-08,5925,98,2.448979592,1.6540084388185654,False
Sudan,2024-09,5892,95,2.452631579,1.6123557365919892,False
Sudan,2024-10,7552,427,1.4824355973395784,5.654131355932203,False
Sudan,2024-11,6617,150,1.8799999995666667,2.266888317968868,False
Sudan,2024-12,5122,94,2.0851063832340424,1.8352206169465053,False
Sudan,2025-01,9072,133,2.0150375944210523,1.4660493827160495,False
Sudan,2025-02,6028,78,2.038461538,1.2939615129396151,False
Sudan,2025-03,6093,93,1.784946237,1.5263417035942886,False
Sudan,2025-04,6651,124,1.8870967739032258,1.8643812960457073,False
Sudan,2025-05,4735,148,2.1216216218918915,3.125659978880676,False
Sudan,2025-06,5888,151,1.9867549667350994,2.5645380434782608,False
Sudan,2025-07,5442,185,1.8486486491405405,3.3994854832782067,False
Sudan,2025-08,6523,165,1.8666666664545457,2.5295109612141653,False
Sudan,2025-09,6103,150,1.973333333,2.4578076355890546,False
Sudan,2025-10,5907,176,1.7727272724090908,2.97951582867784,False
Sudan,2025-11,7853,221,1.7420814477828055,2.8142111295046477,False
Sudan,2025-12,7854,165,1.993939393751515,2.100840336134454,False
Tanzania,2015-01,117,10,1.3,8.547008547008547,False
Tanzania,2015-02,143,10,1.3,6.993006993006993,False
Tanzania,2015-03,183,11,1.272727273,6.0109289617486334,False
Tanzania,2015-04,189,13,1.230769231,6.878306878306878,False
Tanzania,2015-05,139,10,1.3,7.194244604316546,False
Tanzania,2015-06,168,13,1.230769231,7.738095238095238,False
Tanzania,2015-07,128,11,1.272727273,8.59375,False
Tanzania,2015-08,127,10,1.3,7.874015748031496,False
Tanzania,2015-09,149,9,1.333333333,6.040268456375839,False
Tanzania,2015-10,228,17,1.176470588,7.456140350877193,False
Tanzania,2015-11,235,15,1.2,6.382978723404255,False
Tanzania,2015-12,167,14,1.214285714,8.383233532934131,False
Tanzania,2016-01,206,16,1.1875,7.766990291262136,False
Tanzania,2016-02,197,17,1.176470588,8.629441624365482,False
Tanzania,2016-03,188,16,1.1875,8.51063829787234,False
Tanzania,2016-04,160,14,1.214285714,8.75,False
Tanzania,2016-05,199,16,1.1875,8.040201005025125,False
Tanzania,2016-06,187,14,1.2142857142857142,7.4866310160427805,False
Tanzania,2016-07,157,18,1.166666667,11.464968152866241,False
Tanzania,2016-08,144,14,1.214285714,9.722222222222221,False
Tanzania,2016-09,149,16,1.1875,10.738255033557047,False
Tanzania,2016-10,157,10,1.3,6.369426751592357,False
Tanzania,2016-11,141,13,1.615384615,9.21985815602837,False
Tanzania,2016-12,163,15,1.133333333,9.202453987730062,False
Tanzania,2017-01,154,10,1.1,6.4935064935064934,False
Tanzania,2017-02,150,6,1.166666667,4.0,False
Tanzania,2017-03,147,11,1.090909091,7.482993197278912,False
Tanzania,2017-04,130,7,1.142857143,5.384615384615385,False
Tanzania,2017-05,156,9,1.111111111,5.769230769230769,False
Tanzania,2017-06,142,9,1.111111111,6.338028169014085,False
Tanzania,2017-07,123,6,1.0,4.878048780487805,False
Tanzania,2017-08,122,5,1.2,4.098360655737705,False
Tanzania,2017-09,168,7,1.142857143,4.166666666666667,False
Tanzania,2017-10,124,5,1.2,4.032258064516129,False
Tanzania,2017-11,131,5,1.0,3.816793893129771,False
Tanzania,2017-12,333,11,1.181818182,3.3033033033033035,False
Tanzania,2018-01,509,15,1.0,2.9469548133595285,False
Tanzania,2018-02,393,9,1.0,2.2900763358778624,False
Tanzania,2018-03,357,15,1.2,4.201680672268908,False
Tanzania,2018-04,301,8,1.0,2.6578073089700998,False
Tanzania,2018-05,324,6,1.0,1.8518518518518519,False
Tanzania,2018-06,278,12,1.0,4.316546762589928,False
Tanzania,2018-07,229,9,1.222222222,3.930131004366812,False
Tanzania,2018-08,254,6,1.0,2.3622047244094486,False
Tanzania,2018-09,255,7,1.0,2.7450980392156863,False
Tanzania,2018-10,255,9,1.0,3.5294117647058822,False
Tanzania,2018-11,195,7,1.0,3.58974358974359,False
Tanzania,2018-12,154,5,1.0,3.2467532467532467,False
Tanzania,2019-01,204,7,1.0,3.4313725490196076,False
Tanzania,2019-02,200,6,1.0,3.0,False
Tanzania,2019-03,195,8,1.0,4.102564102564102,False
Tanzania,2019-04,203,6,1.0,2.955665024630542,False
Tanzania,2019-05,194,10,1.0,5.154639175257732,False
Tanzania,2019-06,202,11,1.272727273,5.445544554455446,False
Tanzania,2019-07,223,15,1.0,6.726457399103139,False
Tanzania,2019-08,198,10,1.0,5.05050505050505,False
Tanzania,2019-09,213,11,1.0,5.164319248826291,False
Tanzania,2019-10,181,8,1.0,4.419889502762431,False
Tanzania,2019-11,216,9,1.0,4.166666666666667,False
Tanzania,2019-12,217,9,1.0,4.147465437788019,False
Tanzania,2020-01,255,8,1.0,3.1372549019607843,False
Tanzania,2020-02,224,8,1.25,3.5714285714285716,False
Tanzania,2020-03,257,13,1.0,5.058365758754864,False
Tanzania,2020-04,156,4,1.0,2.5641025641025643,False
Tanzania,2020-05,156,4,1.0,2.5641025641025643,False
Tanzania,2020-06,147,1,1.0,0.6802721088435374,False
Tanzania,2020-07,156,4,1.0,2.5641025641025643,False
Tanzania,2020-08,156,3,1.0,1.9230769230769231,False
Tanzania,2020-09,156,3,1.0,1.9230769230769231,False
Tanzania,2020-10,156,3,1.0,1.9230769230769231,False
Tanzania,2020-11,156,3,1.0,1.9230769230769231,False
Tanzania,2020-12,156,3,1.0,1.9230769230769231,False
Tanzania,2021-01,156,3,1.0,1.9230769230769231,False
Tanzania,2021-02,134,1,1.0,0.746268656716418,False
Tanzania,2021-03,156,3,1.0,1.9230769230769231,False
Tanzania,2021-04,156,3,1.0,1.9230769230769231,False
Tanzania,2021-05,156,3,1.0,1.9230769230769231,False
Tanzania,2021-06,196,3,1.0,1.530612244897959,False
Tanzania,2021-07,170,5,1.0,2.9411764705882355,False
Tanzania,2021-08,182,6,1.0,3.2967032967032965,False
Tanzania,2021-09,178,10,1.0,5.617977528089888,False
Tanzania,2021-10,151,12,1.0,7.947019867549669,False
Tanzania,2021-11,157,8,1.0,5.095541401273885,False
Tanzania,2021-12,147,7,1.0,4.761904761904762,False
Tanzania,2022-01,136,2,1.0,1.4705882352941178,False
Tanzania,2022-02,138,6,1.0,4.3478260869565215,False
Tanzania,2022-03,156,11,1.0,7.051282051282051,False
Tanzania,2022-04,147,9,1.444444444,6.122448979591836,False
Tanzania,2022-05,136,7,1.0,5.147058823529412,False
Tanzania,2022-06,142,8,1.375,5.633802816901408,False
Tanzania,2022-07,195,10,1.2,5.128205128205129,False
Tanzania,2022-08,1036,178,1.202247191,17.18146718146718,False
Tanzania,2022-09,1985,434,1.209677418986175,21.8639798488665,False
Tanzania,2022-10,1469,428,1.2313084114462616,29.135466303607895,False
Tanzania,2022-11,1563,387,1.1989664080206717,24.760076775431862,False
Tanzania,2022-12,1467,357,1.235294118,24.335378323108383,False
Tanzania,2023-01,1331,335,1.197014925,25.169045830202855,False
Tanzania,2023-02,1097,283,1.1943462899222612,25.797629899726527,False
Tanzania,2023-03,1724,457,1.2035010945339168,26.50812064965197,False
Tanzania,2023-04,1589,401,1.194513716,25.235997482693517,False
Tanzania,2023-05,1936,481,1.1372141370395012,24.84504132231405,False
Tanzania,2023-06,1695,425,1.221176471,25.073746312684367,False
Tanzania,2023-07,1804,487,1.1745379878008213,26.995565410199557,False
Tanzania,2023-08,1507,387,1.170542636,25.68015925680159,False
Tanzania,2023-09,1510,379,1.147757256,25.09933774834437,False
Tanzania,2023-10,1860,453,1.145695364,24.35483870967742,False
Tanzania,2023-11,1503,336,1.1875,22.355289421157686,False
Tanzania,2023-12,1352,305,1.2032786884393443,22.559171597633135,False
Tanzania,2024-01,1246,284,1.165492958,22.792937399678973,False
Tanzania,2024-02,1531,352,1.201704545,22.991508817766167,False
Tanzania,2024-03,1672,378,1.1904761902724867,22.607655502392344,False
Tanzania,2024-04,1198,281,1.142348754263345,23.45575959933222,False
Tanzania,2024-05,1374,354,1.183615819,25.76419213973799,False
Tanzania,2024-06,1197,360,1.166666667,30.075187969924812,False
Tanzania,2024-07,1511,411,1.211678832,27.200529450694905,False
Tanzania,2024-08,1340,453,1.203090508,33.80597014925373,False
Tanzania,2024-09,1627,517,1.243713733,31.776275353411187,False
Tanzania,2024-10,1100,34,1.0,3.090909090909091,False
Tanzania,2024-11,1007,29,1.034482759,2.8798411122144985,False
Tanzania,2024-12,1610,399,1.275689223,24.782608695652176,False
Tanzania,2025-01,1629,403,1.275434243,24.739103744628608,False
Tanzania,2025-02,1785,484,1.245867769,27.11484593837535,False
Tanzania,2025-03,1770,437,1.210526315688787,24.689265536723163,False
Tanzania,2025-04,1660,442,1.253393665,26.626506024096386,False
Tanzania,2025-05,1829,554,1.2148014436281587,30.289775833788955,False
Tanzania,2025-06,2092,691,1.241678726,33.03059273422562,False
Tanzania,2025-07,2049,716,1.300279329622905,34.94387506100537,False
Tanzania,2025-08,2093,660,1.207575758,31.53368370759675,False
Tanzania,2025-09,2140,686,1.265306122,32.05607476635514,False
Tanzania,2025-10,1931,606,1.268976898,31.38270326255826,False
Tanzania,2025-11,1519,474,1.261603376,31.20473996050033,False
Tanzania,2025-12,1327,452,1.32079646,34.06179351921628,False
Togo,2015-01,165,28,1.464285714,16.96969696969697,False
Togo,2015-02,227,39,1.461538462,17.180616740088105,False
Togo,2015-03,244,45,1.577777778,18.442622950819672,False
Togo,2015-04,281,44,1.477272727,15.658362989323843,False
Togo,2015-05,203,42,1.5952380950000002,20.689655172413794,False
Togo,2015-06,196,41,1.585365854,20.918367346938776,False
Togo,2015-07,190,33,1.575757576,17.36842105263158,False
Togo,2015-08,189,38,1.657894737,20.105820105820104,False
Togo,2015-09,200,45,1.444444444,22.5,False
Togo,2015-10,210,49,1.428571429,23.333333333333332,False
Togo,2015-11,203,44,1.454545455,21.67487684729064,False
Togo,2015-12,185,40,1.375,21.62162162162162,False
Togo,2016-01,183,42,1.499999999857143,22.950819672131146,False
Togo,2016-02,231,65,1.7076923074769232,28.138528138528137,False
Togo,2016-03,264,72,1.4444444445555555,27.272727272727273,False
Togo,2016-04,318,92,1.7934782608043478,28.930817610062892,False
Togo,2016-05,250,62,1.467741935564516,24.8,False
Togo,2016-06,243,67,1.6119402982089552,27.57201646090535,False
Togo,2016-07,229,57,1.473684210877193,24.890829694323145,False
Togo,2016-08,262,92,1.5869565220869566,35.11450381679389,False
Togo,2016-09,223,56,1.4999999997500002,25.112107623318387,False
Togo,2016-10,233,64,1.484375000453125,27.467811158798284,False
Togo,2016-11,243,93,1.559139785096774,38.27160493827161,False
Togo,2016-12,249,83,1.4578313257831326,33.333333333333336,False
Togo,2017-01,237,84,1.7142857142857142,35.44303797468354,False
Togo,2017-02,268,85,1.6588235293647058,31.71641791044776,False
Togo,2017-03,361,126,1.6349206354285715,34.903047091412745,False
Togo,2017-04,277,93,1.4838709678709676,33.57400722021661,False
Togo,2017-05,220,71,1.5070422535211268,32.27272727272727,False
Togo,2017-06,234,85,1.5294117652,36.324786324786324,False
Togo,2017-07,228,66,1.772727272469697,28.94736842105263,False
Togo,2017-08,285,92,1.6086956522173912,32.280701754385966,False
Togo,2017-09,320,104,1.6442307692692306,32.5,False
Togo,2017-10,318,114,1.7192982459298247,35.84905660377358,False
Togo,2017-11,444,134,1.7462686566492538,30.18018018018018,False
Togo,2017-12,390,128,1.718750000046875,32.82051282051282,False
Togo,2018-01,300,105,1.7238095241904763,35.0,False
Togo,2018-02,311,81,1.8518518520987652,26.04501607717042,False
Togo,2018-03,371,123,1.7317073170731707,33.15363881401617,False
Togo,2018-04,423,147,1.653061224122449,34.751773049645394,False
Togo,2018-05,427,162,1.7283950615061727,37.93911007025761,False
Togo,2018-06,394,140,1.700000000457143,35.53299492385787,False
Togo,2018-07,374,131,1.824427481,35.026737967914436,False
Togo,2018-08,392,134,1.932835821,34.183673469387756,False
Togo,2018-09,313,127,1.700787402,40.575079872204476,False
Togo,2018-10,417,150,1.7066666667000001,35.97122302158273,False
Togo,2018-11,460,168,1.8273809528809526,36.52173913043478,False
Togo,2018-12,483,122,1.8524590161721313,25.25879917184265,False
Togo,2019-01,393,118,1.7372881353559324,30.025445292620866,False
Togo,2019-02,363,124,1.612903226,34.15977961432507,False
Togo,2019-03,406,145,1.544827586,35.714285714285715,False
Togo,2019-04,408,153,1.352941176,37.5,False
Togo,2019-05,464,181,1.44198895,39.008620689655174,False
Togo,2019-06,451,176,1.721590909,39.02439024390244,False
Togo,2019-07,460,173,1.5317919080000002,37.608695652173914,False
Togo,2019-08,438,163,1.5766871169999999,37.21461187214612,False
Togo,2019-09,473,216,1.541666667,45.66596194503171,False
Togo,2019-10,465,189,1.428571429,40.645161290322584,False
Togo,2019-11,436,171,1.467836257,39.22018348623853,False
Togo,2019-12,400,163,1.386503067,40.75,False
Togo,2020-01,516,209,1.492822967,40.50387596899225,False
Togo,2020-02,1049,369,1.601626016601626,35.17635843660629,False
Togo,2020-03,1074,380,1.94999999975,35.381750465549345,False
Togo,2020-04,789,294,2.224489795564626,37.26235741444867,False
Togo,2020-05,1049,392,2.043367347,37.36892278360343,False
Togo,2020-06,1156,493,1.884381339127789,42.64705882352941,False
Togo,2020-07,1030,456,1.839912281,44.271844660194176,False
Togo,2020-08,993,436,1.7545871559311927,43.90735146022155,False
Togo,2020-09,958,459,1.644880174,47.91231732776618,False
Togo,2020-10,998,434,1.6313364056313364,43.48697394789579,False
Togo,2020-11,996,373,1.549597855,37.44979919678715,False
Togo,2020-12,1045,430,1.5627906975930232,41.14832535885167,False
Togo,2021-01,1033,401,1.6009975057381545,38.8189738625363,False
Togo,2021-02,1039,399,1.581453634,38.40230991337825,False
Togo,2021-03,940,356,1.542134831,37.87234042553192,False
Togo,2021-04,1082,430,1.527906976744186,39.741219963031426,False
Togo,2021-05,1066,382,1.565445026,35.834896810506564,False
Togo,2021-06,1074,408,1.524509804,37.98882681564246,False
Togo,2021-07,1025,377,1.5145888590000003,36.78048780487805,False
Togo,2021-08,1049,375,1.4746666669999997,35.74833174451859,False
Togo,2021-09,1069,390,1.428205128,36.48269410664172,False
Togo,2021-10,1067,438,1.529680365,41.04967197750703,False
Togo,2021-11,1086,471,1.4118895970233545,43.370165745856355,False
Togo,2021-12,797,263,1.543726236,32.99874529485571,False
Togo,2022-01,921,405,1.481481481,43.97394136807818,False
Togo,2022-02,940,387,1.589147287,41.170212765957444,False
Togo,2022-03,1112,463,1.537796976,41.63669064748201,False
Togo,2022-04,1011,425,1.743529411524706,42.0375865479723,False
Togo,2022-05,924,421,1.5605700709999997,45.56277056277056,False
Togo,2022-06,854,357,1.602240896140056,41.80327868852459,False
Togo,2022-07,865,347,1.668587896,40.115606936416185,False
Togo,2022-08,546,199,1.778894472361809,36.446886446886445,False
Togo,2022-09,904,413,1.5230024218014528,45.6858407079646,False
Togo,2022-10,966,426,1.495305164516432,44.099378881987576,False
Togo,2022-11,870,383,1.5561357705691907,44.02298850574713,False
Togo,2022-12,825,328,1.478658537,39.75757575757576,False
Togo,2023-01,871,363,1.4986225893498624,41.676234213547644,False
Togo,2023-02,577,248,1.540322580201613,42.98093587521664,False
Togo,2023-03,537,229,1.371179038908297,42.64432029795158,False
Togo,2023-04,436,165,1.3939393938787878,37.84403669724771,False
Togo,2023-05,499,221,1.4027149322262442,44.28857715430862,False
Togo,2023-06,490,203,1.2906403940295568,41.42857142857143,False
Togo,2023-07,493,201,1.4577114429701492,40.77079107505071,False
Togo,2023-08,514,195,1.4769230770000001,37.93774319066148,False
Togo,2023-09,503,214,1.439252336,42.54473161033797,False
Togo,2023-10,501,226,1.4247787610752212,45.10978043912176,False
Togo,2023-11,444,177,1.451977400881356,39.86486486486486,False
Togo,2023-12,310,90,1.455555556,29.032258064516128,False
Togo,2024-01,493,174,1.344827586,35.294117647058826,False
Togo,2024-02,465,177,1.372881356079096,38.064516129032256,False
Togo,2024-03,537,207,1.415458937,38.547486033519554,False
Togo,2024-04,582,213,1.464788732,36.597938144329895,False
Togo,2024-05,491,213,1.328638498,43.38085539714868,False
Togo,2024-06,523,249,1.289156627,47.60994263862333,False
Togo,2024-07,532,213,1.319248826,40.037593984962406,False
Togo,2024-08,491,195,1.271794871528205,39.71486761710794,False
Togo,2024-09,516,210,1.314285714,40.69767441860465,False
Togo,2024-10,568,256,1.34375,45.070422535211264,False
Togo,2024-11,471,211,1.260663507,44.79830148619958,False
Togo,2024-12,474,207,1.381642512,43.67088607594937,False
Togo,2025-01,469,207,1.3864734299999997,44.136460554371006,False
Togo,2025-02,440,166,1.5,37.72727272727273,False
Togo,2025-03,476,201,1.4875621894129354,42.226890756302524,False
Togo,2025-04,557,270,1.5518518518962963,48.473967684021545,False
Togo,2025-05,542,281,1.459074733,51.845018450184504,False
Togo,2025-06,526,242,1.446280992,46.00760456273764,False
Togo,2025-07,565,264,1.5,46.72566371681416,False
Togo,2025-08,500,247,1.469635628,49.4,False
Togo,2025-10,572,311,1.418006431,54.37062937062937,False
Togo,2025-11,487,260,1.373076923,53.38809034907597,False
Togo,2025-12,485,184,1.391304348,37.93814432989691,False
Tunisia,2015-01,2707,478,1.4435146439079498,17.657923900997414,False
Tunisia,2015-02,2872,585,1.3692307692444445,20.36908077994429,False
Tunisia,2015-03,3019,515,1.3242718445223303,17.058628684995032,False
Tunisia,2015-04,2904,551,1.3811252269237748,18.97382920110193,False
Tunisia,2015-05,3175,800,1.4249999997125,25.19685039370079,False
Tunisia,2015-06,3476,759,1.4242424245283267,21.835443037974684,False
Tunisia,2015-07,3131,624,1.5240384617051281,19.92973490897477,False
Tunisia,2015-08,3001,616,1.4512987015974026,20.52649116961013,False
Tunisia,2015-09,3580,738,1.3672086718699188,20.614525139664803,False
Tunisia,2015-10,3979,961,1.3257023936607701,24.15179693390299,False
Tunisia,2015-11,4018,745,1.3704697983087248,18.541562966650076,False
Tunisia,2015-12,4036,955,1.3246073302251309,23.662041625371653,False
Tunisia,2016-01,4044,843,1.4721233688778175,20.845697329376854,False
Tunisia,2016-02,3935,898,1.3207126950000003,22.820838627700127,False
Tunisia,2016-03,4139,862,1.3677494201078886,20.82628654264315,False
Tunisia,2016-04,3608,950,1.3631578947536842,26.33037694013304,False
Tunisia,2016-05,3435,970,1.3494845363886596,28.238719068413392,False
Tunisia,2016-06,3729,928,1.4956896552586205,24.886028425851435,False
Tunisia,2016-07,3254,741,1.5074224016842106,22.771972956361402,False
Tunisia,2016-08,3798,877,1.5131128843420754,23.091100579252238,False
Tunisia,2016-09,3839,957,1.448275862188088,24.92836676217765,False
Tunisia,2016-10,3759,1099,1.4030937219290265,29.236499068901303,False
Tunisia,2016-11,3577,1107,1.3676603428988257,30.947721554375175,False
Tunisia,2016-12,3383,876,1.375570775890411,25.89417676618386,False
Tunisia,2017-01,3851,862,1.3839907194060326,22.383796416515192,False
Tunisia,2017-02,3390,920,1.3913043483119565,27.13864306784661,False
Tunisia,2017-03,3508,904,1.4048672561946904,25.769669327251997,False
Tunisia,2017-04,2959,922,1.4013015188937092,31.159175397093613,False
Tunisia,2017-05,2284,547,1.427787934,23.949211908931698,False
Tunisia,2017-06,2690,589,1.353140916417657,21.895910780669144,False
Tunisia,2017-07,2646,670,1.449253731661194,25.321239606953892,False
Tunisia,2017-08,3534,924,1.505411255792208,26.146010186757216,False
Tunisia,2017-09,3232,890,1.4393258426876405,27.537128712871286,False
Tunisia,2017-10,3435,1126,1.443161634,32.780203784570595,False
Tunisia,2017-11,3457,1201,1.3788509578251458,34.74110500433902,False
Tunisia,2017-12,3237,981,1.4199796124780837,30.30583873957368,False
Tunisia,2018-01,3591,1144,1.5192307696547203,31.85742133110554,False
Tunisia,2018-02,3269,1000,1.407000000136,30.59039461609055,False
Tunisia,2018-03,3715,1043,1.4515819747842764,28.07537012113055,False
Tunisia,2018-04,3333,969,1.4809081526006191,29.072907290729074,False
Tunisia,2018-05,3872,970,1.446391752741237,25.051652892561982,False
Tunisia,2018-06,3176,860,1.509302326,27.07808564231738,False
Tunisia,2018-07,3573,930,1.534408602,26.028547439126783,False
Tunisia,2018-08,3219,810,1.493827160888889,25.16309412861137,False
Tunisia,2018-09,3397,965,1.4497409322279795,28.407418310273773,False
Tunisia,2018-10,3618,1006,1.4224652088091452,27.805417357656165,False
Tunisia,2018-11,3529,1077,1.4401114206239556,30.518560498724852,False
Tunisia,2018-12,3349,1035,1.457004830898551,30.90474768587638,False
Tunisia,2019-01,3381,891,1.4848484853400674,26.35314995563443,False
Tunisia,2019-02,3244,825,1.4993939391466666,25.431565967940813,False
Tunisia,2019-03,3448,844,1.4241706160604266,24.47795823665893,False
Tunisia,2019-04,3430,1041,1.4418828048914505,30.34985422740525,False
Tunisia,2019-05,3335,836,1.4270334923313397,25.067466266866568,False
Tunisia,2019-06,2793,725,1.40137931,25.957751521661297,False
Tunisia,2019-07,3116,692,1.416184971,22.20795892169448,False
Tunisia,2019-08,2670,573,1.446771379,21.46067415730337,False
Tunisia,2019-09,3277,729,1.4170096020877916,22.245956667683856,False
Tunisia,2019-10,3863,837,1.4432497009653527,21.667098110276985,False
Tunisia,2019-11,3525,879,1.352673493060296,24.93617021276596,False
Tunisia,2019-12,3687,882,1.4002267578117913,23.921887713588283,False
Tunisia,2020-01,3791,902,1.4190687358403546,23.793194407807967,False
Tunisia,2020-02,3615,915,1.367213115,25.311203319502074,False
Tunisia,2020-03,4837,1109,1.7033363385464382,22.927434360140584,False
Tunisia,2020-04,5122,1221,1.9115479116003273,23.838344396720032,False
Tunisia,2020-05,3975,935,1.9251336896962568,23.52201257861635,False
Tunisia,2020-06,3848,956,1.8368200841506277,24.844074844074843,False
Tunisia,2020-07,3697,814,1.7985257980737102,22.01785231268596,False
Tunisia,2020-08,3221,717,1.70013947,22.2601676497982,False
Tunisia,2020-09,3761,738,1.6368563682831978,19.622440840202074,False
Tunisia,2020-10,3975,914,1.696936543121444,22.9937106918239,False
Tunisia,2020-11,3726,900,1.6477777780000002,24.154589371980677,False
Tunisia,2020-12,3895,913,1.6790799566615553,23.4403080872914,False
Tunisia,2021-01,3783,710,1.708450704,18.768173407348666,False
Tunisia,2021-02,3405,738,1.712737127607046,21.674008810572687,False
Tunisia,2021-03,3660,841,1.6563614741260404,22.97814207650273,False
Tunisia,2021-04,3331,704,1.6818181822443181,21.134794356049234,False
Tunisia,2021-05,3346,686,1.7536443143892129,20.502092050209207,False
Tunisia,2021-06,3459,702,1.6111111111823364,20.294882914137034,False
Tunisia,2021-07,3224,603,1.742951907628524,18.703473945409428,False
Tunisia,2021-08,2998,535,1.659813083824299,17.845230153435622,False
Tunisia,2021-09,3332,725,1.550344828035862,21.75870348139256,False
Tunisia,2021-10,3366,821,1.6272838003556638,24.39096850861557,False
Tunisia,2021-11,3383,862,1.5672853823294663,25.480342890925215,False
Tunisia,2021-12,3419,841,1.5624256832164092,24.597835624451594,False
Tunisia,2022-01,3406,815,1.622085889388957,23.928361714621257,False
Tunisia,2022-02,2796,784,1.6326530613367347,28.04005722460658,False
Tunisia,2022-03,3150,1106,1.679023508135624,35.111111111111114,False
Tunisia,2022-04,2783,884,1.7002262443959275,31.764283147682356,False
Tunisia,2022-05,2810,971,1.663233779377961,34.555160142348754,False
Tunisia,2022-06,2879,836,1.555023923492823,29.0378603681834,False
Tunisia,2022-07,2823,701,1.649072753221113,24.831739284449167,False
Tunisia,2022-08,2934,868,1.5898617514400923,29.58418541240627,False
Tunisia,2022-09,3177,959,1.6100104279676748,30.18570978910922,False
Tunisia,2022-10,2918,933,1.5862808146216505,31.973954763536668,False
Tunisia,2022-11,3139,991,1.5095862765327952,31.570563873845174,False
Tunisia,2022-12,3020,1044,1.5823754789750957,34.56953642384106,False
Tunisia,2023-01,3517,1112,1.587230215625,31.61785612738129,False
Tunisia,2023-02,3212,841,1.587395956901308,26.183063511830635,False
Tunisia,2023-03,3588,1126,1.5177619895470693,31.382385730211816,False
Tunisia,2023-04,2963,827,1.5864570733615475,27.910901113736077,False
Tunisia,2023-05,3182,938,1.525586354,29.478315524827153,False
Tunisia,2023-06,2742,888,1.5822072067792794,32.38512035010941,False
Tunisia,2023-07,2872,814,1.5638820642235873,28.342618384401113,False
Tunisia,2023-08,2903,820,1.5756097561170732,28.246641405442645,False
Tunisia,2023-09,3194,989,1.5449949446916076,30.964308077645587,False
Tunisia,2023-10,3405,911,1.4489571902810099,26.754772393538914,False
Tunisia,2023-11,3106,883,1.451868629608154,28.428847392144238,False
Tunisia,2023-12,3165,848,1.4469339621462265,26.793048973143758,False
Tunisia,2024-01,3449,849,1.4628975270000002,24.615830675558133,False
Tunisia,2024-02,3212,833,1.4141656665186073,25.933997509339974,False
Tunisia,2024-03,3300,860,1.472093023,26.060606060606062,False
Tunisia,2024-04,3062,714,1.4229691872969188,23.31809274983671,False
Tunisia,2024-05,3560,890,1.4022471908820227,25.0,False
Tunisia,2024-06,3266,940,1.3489361702085108,28.78138395590937,False
Tunisia,2024-07,3401,777,1.4015444016782497,22.84622169950015,False
Tunisia,2024-08,3178,749,1.5046728975300399,23.568281938325992,False
Tunisia,2024-09,3216,807,1.448574968660471,25.09328358208955,False
Tunisia,2024-10,4437,1234,1.4076175037601297,27.811584403876495,False
Tunisia,2024-11,4046,1257,1.3428798731026252,31.067721206129512,False
Tunisia,2024-12,4182,1105,1.35565610880362,26.422764227642276,False
Tunisia,2025-01,4682,1429,1.366689993270819,30.521144809910293,False
Tunisia,2025-02,4416,1407,1.3468372422686565,31.86141304347826,False
Tunisia,2025-03,4340,1319,1.3881728578316908,30.391705069124423,False
Tunisia,2025-04,4767,1501,1.398401066269154,31.487308579819594,False
Tunisia,2025-05,3640,1184,1.3918918917094594,32.527472527472526,False
Tunisia,2025-06,3112,872,1.3784403671204128,28.020565552699228,False
Tunisia,2025-07,3510,1041,1.4534101826897214,29.65811965811966,False
Tunisia,2025-08,3882,1095,1.442009132743379,28.207109737248842,False
Tunisia,2025-09,4013,1294,1.3902627511978363,32.245203089957634,False
Tunisia,2025-10,4660,1474,1.3616010859525103,31.630901287553648,False
Tunisia,2025-11,4567,1637,1.3927916925681123,35.844098970878036,False
Tunisia,2025-12,7200,1993,1.3261414949021577,27.680555555555557,False
Uganda,2015-01,3249,884,1.4751131221176468,27.208371806709756,False
Uganda,2015-02,3049,903,1.4772978956334442,29.616267628730732,False
Uganda,2015-03,3383,957,1.548589341217346,28.288501330180313,False
Uganda,2015-04,3249,1046,1.4799235185774378,32.19452139119729,False
Uganda,2015-05,3314,1034,1.408123790991296,31.2009656004828,False
Uganda,2015-06,3276,1038,1.434489402576108,31.684981684981686,False
Uganda,2015-07,3833,1088,1.4577205882904412,28.385076963214193,False
Uganda,2015-08,3486,1166,1.4579759864562607,33.44807802639128,False
Uganda,2015-09,3320,1074,1.5046554933631284,32.34939759036145,False
Uganda,2015-10,3437,1181,1.4674005082802712,34.36136165260402,False
Uganda,2015-11,3512,1163,1.4239036976698194,33.11503416856492,False
Uganda,2015-12,3266,1005,1.3930348254129354,30.771586037966934,False
Uganda,2016-01,3453,1028,1.3920233463813227,29.7712134375905,False
Uganda,2016-02,3161,902,1.4235033262616408,28.53527364757988,False
Uganda,2016-03,3202,907,1.3484013234399117,28.326046221111806,False
Uganda,2016-04,3704,1074,1.3482309123538174,28.995680345572353,False
Uganda,2016-05,3453,989,1.2871587460364005,28.641760787720823,False
Uganda,2016-06,3840,1128,1.3102836877907802,29.375,False
Uganda,2016-07,3497,1039,1.36669874906256,29.711181012296255,False
Uganda,2016-08,4191,1202,1.3336106485124792,28.680505845860175,False
Uganda,2016-09,4321,1382,1.3379160640115773,31.98333719046517,False
Uganda,2016-10,4252,1385,1.3501805056555958,32.57290686735654,False
Uganda,2016-11,4455,1443,1.377685378180873,32.39057239057239,False
Uganda,2016-12,3843,1245,1.3365461851783131,32.39656518345043,False
Uganda,2017-01,3900,1288,1.3913043474068323,33.02564102564103,False
Uganda,2017-02,3823,1114,1.374326750851885,29.13941930421135,False
Uganda,2017-03,5158,1555,1.337620579118971,30.147343931756495,False
Uganda,2017-04,4253,1370,1.315328467410219,32.2125558429344,False
Uganda,2017-05,4707,1503,1.323353293120426,31.931166347992352,False
Uganda,2017-06,4831,1589,1.297042164830711,32.89174084040571,False
Uganda,2017-07,5139,1575,1.2780952378971429,30.64798598949212,False
Uganda,2017-08,5410,1636,1.3154034226405869,30.24029574861368,False
Uganda,2017-09,5468,1606,1.326899128386675,29.370885149963424,False
Uganda,2017-10,4666,1495,1.3371237455217393,32.04029147021003,False
Uganda,2017-11,5352,1850,1.3702702705772973,34.56651718983557,False
Uganda,2017-12,4368,1426,1.3330995796654976,32.646520146520146,False
Uganda,2018-01,4866,1728,1.2731481481967593,35.511713933415535,False
Uganda,2018-02,5019,1707,1.3251318098418277,34.01075911536162,False
Uganda,2018-03,5267,1873,1.3192738925766152,35.56104044047845,False
Uganda,2018-04,5346,1861,1.2702847932530899,34.81107369996259,False
Uganda,2018-05,5018,1568,1.251913264929209,31.24750896771622,False
Uganda,2018-06,3675,1169,1.1830624467023096,31.80952380952381,False
Uganda,2018-07,3767,1410,1.181560283300709,37.430315901247674,False
Uganda,2018-08,4046,1160,1.1827586203827587,28.670291646070194,False
Uganda,2018-09,3428,1112,1.1852517989379496,32.43873978996499,False
Uganda,2018-10,4660,1536,1.266276041611328,32.96137339055794,False
Uganda,2018-11,5234,1710,1.3233918131649123,32.6709973251815,False
Uganda,2018-12,5411,1755,1.3076923073914528,32.433930881537606,False
Uganda,2019-01,5337,1840,1.3315217387184781,34.47629754543751,False
Uganda,2019-02,4586,1769,1.2724703218699829,38.573920627998255,False
Uganda,2019-03,4431,1674,1.2765830343536442,37.779282329045365,False
Uganda,2019-04,4336,1629,1.3364027007716388,37.56918819188192,False
Uganda,2019-05,4377,1628,1.2192874692874693,37.194425405528904,False
Uganda,2019-06,4253,1722,1.2828106847915215,40.48906654126499,False
Uganda,2019-07,4873,1841,1.2574687668685496,37.77960188795403,False
Uganda,2019-08,4991,1867,1.3085163361638992,37.40733319975957,False
Uganda,2019-09,4438,1659,1.3369499701265821,37.381703470031546,False
Uganda,2019-10,5061,1803,1.3033832498868552,35.625370480142266,False
Uganda,2019-11,4547,1678,1.2705601904469606,36.90345282603915,False
Uganda,2019-12,4067,1364,1.2998533722463343,33.53823457093681,False
Uganda,2020-01,4662,1657,1.3114061552082077,35.54268554268554,False
Uganda,2020-02,4533,1638,1.3479853475274723,36.13500992720053,False
Uganda,2020-03,4855,1760,1.5812499997772727,36.251287332646754,False
Uganda,2020-04,5567,2025,1.703703703785679,36.37506736123586,False
Uganda,2020-05,5870,2177,1.6853468074671565,37.08688245315162,False
Uganda,2020-06,5662,2008,1.462151394047311,35.464500176616035,False
Uganda,2020-07,5517,1860,1.374731182765054,33.71397498640565,False
Uganda,2020-08,5412,1701,1.340388006919459,31.430155210643015,False
Uganda,2020-09,5383,1655,1.3655589128640482,30.744937767044398,False
Uganda,2020-10,5452,1849,1.3115197401838832,33.91415994130594,False
Uganda,2020-11,4988,1640,1.2506097557804878,32.878909382518046,False
Uganda,2020-12,5110,1702,1.243243243532315,33.30724070450098,False
Uganda,2021-01,4383,1193,1.3101424979044425,27.21879990873831,False
Uganda,2021-02,4645,1616,1.3087871291330446,34.79009687836383,False
Uganda,2021-03,5130,1793,1.3011712216380367,34.95126705653021,False
Uganda,2021-04,4881,1780,1.2668539323516852,36.4679368981766,False
Uganda,2021-05,5025,1891,1.2305658378424114,37.6318407960199,False
Uganda,2021-06,4539,1590,1.3597484278666667,35.02974223397224,False
Uganda,2021-07,4838,1707,1.3151728179144697,35.28317486564696,False
Uganda,2021-08,4582,1574,1.3017789071696315,34.35181143605413,False
Uganda,2021-09,5301,1936,1.286157024338843,36.52141105451801,False
Uganda,2021-10,4957,1954,1.2737973391402253,39.41900342949364,False
Uganda,2021-11,4606,1785,1.346218487057703,38.753799392097264,False
Uganda,2021-12,4154,1616,1.2629950493669555,38.90226287915262,False
Uganda,2022-01,4344,1740,1.3528735630344828,40.05524861878453,False
Uganda,2022-02,4482,1755,1.294586894217094,39.1566265060241,False
Uganda,2022-03,5476,2144,1.303171641869403,39.152666179693206,False
Uganda,2022-04,4570,1887,1.2914679385373609,41.2910284463895,False
Uganda,2022-05,4697,2152,1.3104089217746284,45.81647860336385,False
Uganda,2022-06,4216,1858,1.3681377830333694,44.07020872865275,False
Uganda,2022-07,4464,1963,1.3372389200774326,43.97401433691756,False
Uganda,2022-08,4537,1885,1.3363395222493368,41.54727793696275,False
Uganda,2022-09,4394,1886,1.3059384936755036,42.922166590805645,False
Uganda,2022-10,3972,1613,1.3180409174953505,40.60926485397785,False
Uganda,2022-11,4127,1593,1.3239171374764596,38.59946692512721,False
Uganda,2022-12,3832,1490,1.2932885906657718,38.88308977035491,False
Uganda,2023-01,3971,1607,1.2974486625140011,40.46839587005792,False
Uganda,2023-02,4025,1651,1.2931556634651726,41.01863354037267,False
Uganda,2023-03,4088,1828,1.2937636759770241,44.71624266144814,False
Uganda,2023-04,3630,1606,1.3019925282739724,44.24242424242424,False
Uganda,2023-05,3921,1697,1.2840306420948733,43.27977556745728,False
Uganda,2023-06,3887,1616,1.291460395737005,41.57447903267301,False
Uganda,2023-07,3894,1728,1.3171296294120372,44.37596302003082,False
Uganda,2023-08,3918,1831,1.3255051881774986,46.733027054619704,False
Uganda,2023-09,3579,1578,1.31115335887199,44.090528080469404,False
Uganda,2023-10,5494,2196,1.3278688524408016,39.970877320713505,False
Uganda,2023-11,4421,1900,1.2594736845242105,42.97670210359647,False
Uganda,2023-12,3544,1445,1.3017301033854671,40.77313769751693,False
Uganda,2024-01,3971,1601,1.2879450339668954,40.31730042810375,False
Uganda,2024-02,3398,1400,1.332857143217143,41.20070629782225,False
Uganda,2024-03,3986,1748,1.2517162475371855,43.853487205218265,False
Uganda,2024-04,4121,1916,1.2567849686372652,46.49356952196069,False
Uganda,2024-05,4432,1865,1.2627345840729223,42.08032490974729,False
Uganda,2024-06,4344,1859,1.2856374389908554,42.794659300184165,False
Uganda,2024-07,3603,1597,1.2955541640450843,44.324174299195114,False
Uganda,2024-08,4129,1715,1.3201166183965014,41.535480745943325,False
Uganda,2024-09,3654,1487,1.3080026902992603,40.69512862616311,False
Uganda,2024-10,4387,1855,1.2970350400237196,42.28402097105083,False
Uganda,2024-11,4234,1863,1.34084809470102,44.000944733112895,False
Uganda,2024-12,3764,1561,1.3568225497091608,41.47183846971307,False
Uganda,2025-01,3988,1508,1.3594164457102123,37.81344032096289,False
Uganda,2025-02,3732,1433,1.3935799020628055,38.39764201500536,False
Uganda,2025-03,4280,1743,1.3384968449225472,40.72429906542056,False
Uganda,2025-04,3954,1669,1.3720790890982624,42.21041982802225,False
Uganda,2025-05,4006,1776,1.3648648650563062,44.333499750374436,False
Uganda,2025-06,4295,1895,1.3540897100474936,44.12107101280559,False
Uganda,2025-07,4187,2055,1.36301703146472,49.08048722235491,False
Uganda,2025-08,4433,1915,1.34569190555718,43.198736747123846,False
Uganda,2025-09,4762,2013,1.3452558371137606,42.27215455690886,False
Uganda,2025-10,4605,1898,1.3419388834646997,41.216069489685125,False
Uganda,2025-11,4263,1618,1.3986402969969098,37.95449214168426,False
Uganda,2025-12,3713,1694,1.3748524205253836,45.62348505251818,False
Zambia,2015-01,619,157,1.10191082644586,25.363489499192244,False
Zambia,2015-02,473,156,1.1794871799999997,32.98097251585624,False
Zambia,2015-03,594,184,1.2934782620652172,30.976430976430976,False
Zambia,2015-04,585,199,1.201005025241206,34.01709401709402,False
Zambia,2015-05,567,197,1.2385786813451778,34.74426807760141,False
Zambia,2015-06,551,178,1.2303370798764044,32.3049001814882,False
Zambia,2015-07,519,201,1.2786069642437807,38.72832369942196,False
Zambia,2015-08,524,201,1.338308457626866,38.3587786259542,False
Zambia,2015-09,604,246,1.5121951214390248,40.728476821192054,False
Zambia,2015-10,624,257,1.4396887167315173,41.18589743589744,False
Zambia,2015-11,569,247,1.3643724707732794,43.40949033391916,False
Zambia,2015-12,574,213,1.3192488252582162,37.10801393728223,False
Zambia,2016-01,581,199,1.3618090448592963,34.251290877796905,False
Zambia,2016-02,591,190,1.1999999998631576,32.14890016920474,False
Zambia,2016-03,630,188,1.3723404268085104,29.841269841269842,False
Zambia,2016-04,608,213,1.3802816906619717,35.0328947368421,False
Zambia,2016-05,580,188,1.3617021290425537,32.41379310344828,False
Zambia,2016-06,554,204,1.3137254911764702,36.82310469314079,False
Zambia,2016-07,539,166,1.403614457457831,30.79777365491651,False
Zambia,2016-08,550,127,1.3228346436299214,23.09090909090909,False
Zambia,2016-09,533,169,1.242603550136095,31.70731707317073,False
Zambia,2016-10,617,251,1.2031872497768923,40.680713128038896,False
Zambia,2016-11,496,203,1.201970444674877,40.92741935483871,False
Zambia,2016-12,531,208,1.2211538463461535,39.1713747645951,False
Zambia,2017-01,596,233,1.240343348,39.09395973154363,False
Zambia,2017-02,561,204,1.2696078443137253,36.36363636363637,False
Zambia,2017-03,566,225,1.31111111172,39.75265017667844,False
Zambia,2017-04,495,151,1.3377483430993375,30.505050505050505,False
Zambia,2017-05,596,227,1.2643171801233477,38.08724832214765,False
Zambia,2017-06,612,242,1.152892561057851,39.54248366013072,False
Zambia,2017-07,541,193,1.419689118911917,35.67467652495379,False
Zambia,2017-08,598,184,1.266304347163043,30.76923076923077,False
Zambia,2017-09,510,177,1.1638418065988698,34.705882352941174,False
Zambia,2017-10,562,198,1.2878787870000001,35.23131672597865,False
Zambia,2017-11,476,147,1.5034013596666667,30.88235294117647,False
Zambia,2017-12,584,231,1.2424242429999999,39.554794520547944,False
Zambia,2018-01,653,205,1.2487804880829272,31.39356814701378,False
Zambia,2018-02,484,180,1.2777777792,37.1900826446281,False
Zambia,2018-03,548,197,1.345177665649746,35.948905109489054,False
Zambia,2018-04,537,199,1.326633167060301,37.05772811918063,False
Zambia,2018-05,508,174,1.2931034487931032,34.25196850393701,False
Zambia,2018-06,441,163,1.3374233121411052,36.961451247165535,False
Zambia,2018-07,567,237,1.2236286926582274,41.7989417989418,False
Zambia,2018-08,562,213,1.2441314546478879,37.90035587188612,False
Zambia,2018-09,536,224,1.357142857589286,41.791044776119406,False
Zambia,2018-10,565,238,1.2394957994705884,42.123893805309734,False
Zambia,2018-11,597,230,1.2434782600782612,38.52596314907873,False
Zambia,2018-12,548,224,1.1741071435000003,40.87591240875913,False
Zambia,2019-01,562,220,1.2500000003999998,39.145907473309606,False
Zambia,2019-02,448,159,1.2578616360377357,35.49107142857143,False
Zambia,2019-03,496,170,1.3294117639882348,34.274193548387096,False
Zambia,2019-04,404,127,1.3385826757795278,31.435643564356436,False
Zambia,2019-05,449,187,1.417112298411765,41.648106904231625,False
Zambia,2019-06,406,177,1.197740113050848,43.59605911330049,False
Zambia,2019-07,469,167,1.2934131728143718,35.60767590618337,False
Zambia,2019-08,466,161,1.4285714300000005,34.54935622317596,False
Zambia,2019-09,463,163,1.392638036809816,35.20518358531317,False
Zambia,2019-10,465,175,1.2628571413999998,37.634408602150536,False
Zambia,2019-11,442,151,1.4172185422715224,34.16289592760181,False
Zambia,2019-12,448,172,1.4360465106976743,38.392857142857146,False
Zambia,2020-01,417,139,1.4748201437122304,33.333333333333336,False
Zambia,2020-02,381,113,1.5044247773362842,29.658792650918635,False
Zambia,2020-03,454,129,1.6046511610465106,28.41409691629956,False
Zambia,2020-04,448,179,1.6424580998603349,39.955357142857146,False
Zambia,2020-05,410,181,1.5856353588839778,44.146341463414636,False
Zambia,2020-06,421,152,1.3092105267105267,36.104513064133016,False
Zambia,2020-07,448,137,1.4306569328978103,30.580357142857142,False
Zambia,2020-08,426,165,1.3636363641999996,38.732394366197184,False
Zambia,2020-09,447,176,1.522727272,39.37360178970917,False
Zambia,2020-10,541,197,1.5025380721472081,36.41404805914972,False
Zambia,2020-11,467,158,1.6835443022911378,33.83297644539615,False
Zambia,2020-12,496,167,1.395209580395209,33.66935483870968,False
Zambia,2021-01,505,165,1.4424242412000006,32.67326732673267,False
Zambia,2021-02,469,157,1.3821656067579615,33.47547974413646,False
Zambia,2021-03,548,197,1.3401015224568533,35.948905109489054,False
Zambia,2021-04,514,169,1.3254437877751477,32.87937743190661,False
Zambia,2021-05,511,166,1.2530120473975905,32.4853228962818,False
Zambia,2021-06,514,157,1.4522292978407645,30.544747081712064,False
Zambia,2021-07,532,177,1.4632768368305078,33.27067669172932,False
Zambia,2021-08,483,159,1.3962264136792446,32.91925465838509,False
Zambia,2021-09,414,196,1.2244897960000003,47.34299516908212,False
Zambia,2021-10,469,206,1.155339806,43.92324093816631,False
Zambia,2021-11,439,205,1.1756097553853657,46.69703872437358,False
Zambia,2021-12,438,222,1.2027027033513518,50.68493150684932,False
Zambia,2022-01,391,179,1.2346368699720667,45.78005115089514,False
Zambia,2022-02,354,153,1.2222222240000005,43.220338983050844,False
Zambia,2022-03,467,197,1.3147208123908631,42.184154175588866,False
Zambia,2022-04,429,212,1.3349056603207543,49.417249417249415,False
Zambia,2022-05,503,204,1.2598039205882356,40.55666003976143,False
Zambia,2022-06,483,238,1.2310924358151258,49.27536231884058,False
Zambia,2022-07,527,256,1.2812500009687504,48.57685009487666,False
Zambia,2022-08,472,185,1.2756756752216214,39.19491525423729,False
Zambia,2022-09,426,183,1.5136612016557383,42.95774647887324,False
Zambia,2022-10,423,201,1.2786069649552239,47.5177304964539,False
Zambia,2022-11,406,189,1.3174603183333338,46.55172413793103,False
Zambia,2022-12,452,221,1.3257918556153845,48.89380530973451,False
Zambia,2023-01,434,240,1.5249999991,55.29953917050691,False
Zambia,2023-02,421,193,1.5077720192694302,45.843230403800476,False
Zambia,2023-03,476,227,1.286343610977973,47.6890756302521,False
Zambia,2023-04,392,194,1.4381443300721655,49.48979591836735,False
Zambia,2023-05,361,201,1.4626865668208957,55.6786703601108,False
Zambia,2023-06,299,154,1.3506493499999994,51.50501672240803,False
Zambia,2023-07,303,123,1.2357723561707314,40.59405940594059,False
Zambia,2023-08,292,117,1.188034188230769,40.06849315068493,False
Zambia,2023-09,299,122,1.3934426229344263,40.802675585284284,False
Zambia,2023-10,260,101,1.2970297022376236,38.84615384615385,False
Zambia,2023-11,31,8,1.624999981000002,25.806451612903224,True
Zambia,2023-12,223,77,1.3896103892857132,34.52914798206278,False
Zambia,2024-01,222,72,1.4861111095555561,32.432432432432435,False
Zambia,2024-02,211,82,1.487804878487803,38.86255924170616,False
Zambia,2024-03,226,117,1.7350427340000014,51.769911504424776,False
Zambia,2024-04,173,89,1.4831460674494392,51.445086705202314,False
Zambia,2024-05,183,85,1.647058820976471,46.44808743169399,False
Zambia,2024-06,159,83,1.6626506039759035,52.20125786163522,False
Zambia,2024-07,160,62,1.7419354807419338,38.75,False
Zambia,2024-08,148,67,1.7462686599402983,45.270270270270274,False
Zambia,2024-09,162,85,1.8352941192588252,52.46913580246913,False
Zambia,2024-10,163,71,1.5492957762957749,43.558282208588956,False
Zambia,2024-11,153,73,1.616438359342465,47.712418300653596,False
Zambia,2024-12,150,73,1.5342465783424653,48.666666666666664,False
Zambia,2025-01,142,72,1.5138888905000019,50.70422535211268,False
Zambia,2025-02,167,93,1.6236559162365598,55.68862275449102,False
Zambia,2025-03,160,73,1.561643837643836,45.625,False
Zambia,2025-04,149,71,1.6619718327323951,47.651006711409394,False
Zambia,2025-05,164,89,1.5168539351685402,54.26829268292683,False
Zambia,2025-06,137,44,1.5909090955454546,32.11678832116788,False
Zambia,2025-07,156,69,1.2898550743478276,44.23076923076923,False
Zambia,2025-08,172,73,1.4109589036301358,42.44186046511628,False
Zambia,2025-09,192,99,1.5252525276262627,51.5625,False
Zambia,2025-10,438,223,1.2825112107713004,50.91324200913242,False
Zambia,2025-11,455,210,1.3190476182571425,46.15384615384615,False
Zambia,2025-12,532,185,1.4918918920000002,34.774436090225564,False
Zimbabwe,2015-01,2340,867,1.4809688585882352,37.05128205128205,False
Zimbabwe,2015-02,2381,911,1.557628979284303,38.261234775304494,False
Zimbabwe,2015-03,2461,967,1.5232678386907963,39.29297033726127,False
Zimbabwe,2015-04,2174,828,1.5942028986859902,38.086476540938364,False
Zimbabwe,2015-05,1850,734,1.535422343773842,39.67567567567568,False
Zimbabwe,2015-06,2347,903,1.5603543739999999,38.47464848743076,False
Zimbabwe,2015-07,2237,890,1.5044943816235954,39.785426911041576,False
Zimbabwe,2015-08,1989,887,1.6381059748094702,44.59527400703871,False
Zimbabwe,2015-09,1803,709,1.637517630042313,39.32334997226844,False
Zimbabwe,2015-10,1838,722,1.59833795,39.28182807399347,False
Zimbabwe,2015-11,2180,816,1.5845588234019607,37.43119266055046,False
Zimbabwe,2015-12,2029,794,1.4861460958879096,39.13257762444554,False
Zimbabwe,2016-01,2160,772,1.6774611400582902,35.74074074074074,False
Zimbabwe,2016-02,2390,815,1.6257668710000002,34.10041841004184,False
Zimbabwe,2016-03,2280,871,1.526980482,38.20175438596491,False
Zimbabwe,2016-04,2267,878,1.51480637785877,38.729598588442876,False
Zimbabwe,2016-05,2256,929,1.609257266,41.1790780141844,False
Zimbabwe,2016-06,2326,918,1.736383442,39.46689595872743,False
Zimbabwe,2016-07,2594,1041,1.7406340058943324,40.13107170393215,False
Zimbabwe,2016-08,2504,888,1.683558559,35.46325878594249,False
Zimbabwe,2016-09,2078,822,1.6484184911423359,39.55726660250241,False
Zimbabwe,2016-10,1860,669,1.53961136,35.96774193548387,False
Zimbabwe,2016-11,1787,668,1.5748502989999997,37.38108561835478,False
Zimbabwe,2016-12,1493,578,1.5951557097802769,38.71399866041527,False
Zimbabwe,2017-01,2691,971,1.5561277035015448,36.08324043106652,False
Zimbabwe,2017-02,2768,888,1.55518018,32.08092485549133,False
Zimbabwe,2017-03,3020,1044,1.4588122608888892,34.56953642384106,False
Zimbabwe,2017-04,2431,794,1.573047858926952,32.66145619086796,False
Zimbabwe,2017-05,2057,747,1.5943775095475234,36.315021876519204,False
Zimbabwe,2017-06,2016,767,1.4511082134863102,38.04563492063492,False
Zimbabwe,2017-07,2059,764,1.5183246069554974,37.105390966488585,False
Zimbabwe,2017-08,2031,665,1.458646617,32.7424913835549,False
Zimbabwe,2017-09,2035,783,1.708812261,38.47665847665848,False
Zimbabwe,2017-10,2211,854,1.578454333,38.6250565355043,False
Zimbabwe,2017-11,2769,1076,1.7973977692193308,38.85879378837125,False
Zimbabwe,2017-12,3178,1128,1.4423758868377659,35.4940213971051,False
Zimbabwe,2018-01,2695,978,1.404907974977505,36.28942486085343,False
Zimbabwe,2018-02,7080,2221,1.4943719041260695,31.370056497175142,False
Zimbabwe,2018-03,4004,1301,1.4719446580730207,32.49250749250749,False
Zimbabwe,2018-04,4098,1351,1.4455958553589932,32.96730112249878,False
Zimbabwe,2018-05,4787,1377,1.402323892782135,28.765406308752873,False
Zimbabwe,2018-06,5182,1273,1.4697564806842105,24.565804708606716,False
Zimbabwe,2018-07,5855,1533,1.654924983589041,26.18274978650726,False
Zimbabwe,2018-08,4740,994,1.548289738,20.970464135021096,False
Zimbabwe,2018-09,5269,1717,1.5859056491555037,32.58682862023154,False
Zimbabwe,2018-10,5137,2040,1.7142156864887255,39.71189410161573,False
Zimbabwe,2018-11,5124,1664,1.5018028849771634,32.47462919594067,False
Zimbabwe,2018-12,5358,1742,1.6096440874913893,32.512131392310565,False
Zimbabwe,2019-01,5707,2293,1.8290449191997382,40.178727878044505,False
Zimbabwe,2019-02,5024,1652,1.6622276028855931,32.882165605095544,False
Zimbabwe,2019-03,5672,1622,1.5326757092811343,28.596614950634695,False
Zimbabwe,2019-04,5787,1741,1.5066053989758759,30.08467254190427,False
Zimbabwe,2019-05,5952,1832,1.5076419216943229,30.77956989247312,False
Zimbabwe,2019-06,5923,2105,1.5116389549596199,35.539422589903765,False
Zimbabwe,2019-07,6503,2158,1.5625579239703429,33.18468399200369,False
Zimbabwe,2019-08,6016,1963,1.7213448807488538,32.629654255319146,False
Zimbabwe,2019-09,5548,1790,1.6273743013955306,32.263878875270365,False
Zimbabwe,2019-10,5706,2073,1.7197298604143754,36.33017875920084,False
Zimbabwe,2019-11,5540,2076,1.6339113684561657,37.47292418772563,False
Zimbabwe,2019-12,4915,1603,1.6038677479469745,32.61444557477111,False
Zimbabwe,2020-01,5628,1752,1.6170091319452056,31.13006396588486,False
Zimbabwe,2020-02,5279,1722,1.5598141696358887,32.61981435878007,False
Zimbabwe,2020-03,5729,1759,1.6827743033450824,30.703438645487868,False
Zimbabwe,2020-04,5788,1749,1.6918238993001715,30.217691776088458,False
Zimbabwe,2020-05,5105,1609,1.6146674950602857,31.518119490695398,False
Zimbabwe,2020-06,5373,1803,1.6228508045058236,33.556672250139584,False
Zimbabwe,2020-07,5592,1708,1.6791569091188525,30.54363376251788,False
Zimbabwe,2020-08,6052,1888,1.8622881351938558,31.196298744216787,False
Zimbabwe,2020-09,5883,1818,1.629812981379538,30.90260071392147,False
Zimbabwe,2020-10,6213,1760,1.5505681818215908,28.327699983904715,False
Zimbabwe,2020-11,5737,1499,1.5010006670527019,26.128638661321247,False
Zimbabwe,2020-12,5214,1301,1.5372790165226746,24.95205216724204,False
Zimbabwe,2021-01,5359,1295,1.6293436292054055,24.164956148535175,False
Zimbabwe,2021-02,4507,1152,1.5095486107552083,25.560239627246506,False
Zimbabwe,2021-03,5061,1338,1.504484304943946,26.437462951985772,False
Zimbabwe,2021-04,4681,1214,1.5230642505395389,25.934629352702412,False
Zimbabwe,2021-05,5008,1398,1.5092989980901286,27.915335463258785,False
Zimbabwe,2021-06,4627,1309,1.477463713116883,28.290468986384266,False
Zimbabwe,2021-07,4437,1260,1.5952380952063492,28.397565922920894,False
Zimbabwe,2021-08,4583,1218,1.4761904762889984,26.576478289330133,False
Zimbabwe,2021-09,4711,1320,1.4469696972166666,28.019528762470813,False
Zimbabwe,2021-10,4685,1418,1.462623413732017,30.266808964781216,False
Zimbabwe,2021-11,4436,1189,1.4524810762640874,26.803426510369704,False
Zimbabwe,2021-12,4122,984,1.5884146344817074,23.871906841339158,False
Zimbabwe,2022-01,4278,1097,1.5524156794986326,25.642823749415616,False
Zimbabwe,2022-02,4127,1083,1.4801477373610343,26.241822146837897,False
Zimbabwe,2022-03,4732,1233,1.523925385512571,26.05663567202029,False
Zimbabwe,2022-04,4533,1353,1.5055432375365854,29.84778292521509,False
Zimbabwe,2022-05,4320,1311,1.6239511819374524,30.34722222222222,False
Zimbabwe,2022-06,4772,1371,1.5696571846535377,28.730092204526404,False
Zimbabwe,2022-07,4579,1316,1.5980243164437689,28.73989954138458,False
Zimbabwe,2022-08,4439,1279,1.4839718531133699,28.81279567470151,False
Zimbabwe,2022-09,4967,1638,1.4786324783003661,32.97765250654319,False
Zimbabwe,2022-10,4735,1405,1.4604982206903916,29.672650475184795,False
Zimbabwe,2022-11,4952,1514,1.433289299571334,30.5735056542811,False
Zimbabwe,2022-12,4953,1484,1.5168463608355796,29.961639410458307,False
Zimbabwe,2023-01,4959,1102,1.4301270416833032,22.22222222222222,False
Zimbabwe,2023-02,4399,1146,1.411867364751309,26.05137531257104,False
Zimbabwe,2023-03,5030,1467,1.4321745062194955,29.16500994035785,False
Zimbabwe,2023-04,4716,1377,1.382716049328976,29.198473282442748,False
Zimbabwe,2023-05,4978,1596,1.556390977,32.06106870229008,False
Zimbabwe,2023-06,4549,1335,1.5101123595153558,29.34710925478127,False
Zimbabwe,2023-07,4342,1318,1.4309559941987862,30.354675264854905,False
Zimbabwe,2023-08,4517,1151,1.5108601213223285,25.481514279388975,False
Zimbabwe,2023-09,4275,1198,1.4398998333013355,28.023391812865498,False
Zimbabwe,2023-10,5079,1556,1.45115681218509,30.635951959047055,False
Zimbabwe,2023-11,4755,1474,1.50203527814654,30.99894847528917,False
Zimbabwe,2023-12,4334,1189,1.479394449311186,27.434240886017538,False
Zimbabwe,2024-01,4284,1169,1.4833190760307955,27.287581699346404,False
Zimbabwe,2024-02,3806,1001,1.4485514482217783,26.30057803468208,False
Zimbabwe,2024-03,3723,1105,1.442533936851584,29.680365296803654,False
Zimbabwe,2024-04,3559,1280,1.4398437499492187,35.96515875245856,False
Zimbabwe,2024-05,3917,1426,1.393408134523843,36.405412305335716,False
Zimbabwe,2024-06,3596,1150,1.3617391302782609,31.979977753058954,False
Zimbabwe,2024-07,3908,1198,1.4565943238247079,30.65506653019447,False
Zimbabwe,2024-08,3600,1092,1.3864468861538461,30.333333333333332,False
Zimbabwe,2024-09,3823,1222,1.5392798685932898,31.96442584357834,False
Zimbabwe,2024-10,3589,1282,1.4765990636879873,35.72025633881304,False
Zimbabwe,2024-11,3480,1137,1.5268249777352683,32.672413793103445,False
Zimbabwe,2024-12,3571,1103,1.4841341798730736,30.887706524782974,False
Zimbabwe,2025-01,3469,1080,1.536111110824074,31.13289132314788,False
Zimbabwe,2025-02,3513,1198,1.451585976487479,34.1019072018218,False
Zimbabwe,2025-03,4113,1395,1.4157706091182796,33.91684901531729,False
Zimbabwe,2025-04,3700,1345,1.444609665081041,36.351351351351354,False
Zimbabwe,2025-05,4379,1602,1.4388264671310862,36.583694907513134,False
Zimbabwe,2025-06,4734,1752,1.544520548310502,37.00887198986058,False
Zimbabwe,2025-07,4525,1600,1.5968749998706249,35.35911602209945,False
Zimbabwe,2025-08,3642,1251,1.5411670660015988,34.349258649093905,False
Zimbabwe,2025-09,3795,1336,1.5389221560381736,35.20421607378129,False
Zimbabwe,2025-10,4174,1570,1.5050955410853502,37.61379971250599,False
Zimbabwe,2025-11,3512,1387,1.5054073539149242,39.493166287015946,False
Zimbabwe,2025-12,3716,1545,1.559223301029126,41.57696447793326,False
