Country,Period,InflationRisk,FXExternalRisk,DebtFiscalRisk,FinancialSectorRisk,GrowthRealEconomyRisk,CommoditySupplyRisk,PoliticalEconomyRisk,ClimateDisasterRisk
Algeria,2015-01,5.151804924876882,0.8845326434592397,7.932106148415375,7.513745897245996,7.186229947361913,1.5778149648888355,12.880708379506697,0.8845326606705712
Algeria,2015-02,5.284231456401384,1.673257474760257,9.008897723816114,7.881858787657933,5.706871138875927,1.1616411268413247,15.729115830194393,0.973801305496787
Algeria,2015-03,4.528832558354431,1.007969961970464,9.16315016997609,7.674636814863573,5.8720114309479605,0.21097046451758086,12.712142339938618,0.6422878654739803
Algeria,2015-04,6.779542535829431,2.0270901823675853,8.005604728748834,7.9308735999371525,6.403549894511911,0.37599253533769267,11.440915341720343,0.5067725372340028
Algeria,2015-05,4.227776606915822,0.5541146069582645,7.656213310257015,11.450129727587832,5.479839448861118,0.3159632188988446,13.834001721895342,0.7592548941829758
Algeria,2015-06,5.367754357228689,1.4564053001278616,8.667803692824041,9.866050000597662,6.186069492557721,0.41646371466853377,11.619580890048256,0.7355090296273746
Algeria,2015-07,6.865579786128584,1.5749000103260535,12.485389482164415,9.12642300758863,7.397723660232236,0.8581975097037835,13.623501040088131,0.9258689529726238
Algeria,2015-08,7.429750010159548,3.469966607048208,12.464553282424983,10.425367286852282,7.342098951070894,1.0028357722686259,13.805104577911356,1.023459656216035
Algeria,2015-09,9.6078429394233,3.2727796593310265,12.828720071086076,10.92560549528017,6.931949156355248,1.6839676183621684,13.154556437406724,0.8765859244290658
Algeria,2015-10,7.609649133717106,2.2121712168585526,8.928179845614034,9.128289310788965,7.327302819901316,1.2582237262609648,12.743968659519329,0.6195175410087719
Algeria,2015-11,5.599151663751856,2.1049841974175507,8.838812443123276,7.428420025827845,6.073701369540562,0.5965005297537116,12.743902589871823,1.1399788226166487
Algeria,2015-12,6.90064534788387,2.580645099309678,8.436129121126452,6.722580497063226,8.06967726687871,0.766451632447742,12.983225145989199,1.6851612894387096
Algeria,2016-01,8.400996150168867,2.889165640743213,9.123287889683686,11.337484853208375,9.661270416980322,0.5504358747257784,14.353674479545427,1.5541719348821919
Algeria,2016-02,6.504002202980893,2.7007488454118254,10.191065788912987,9.116963425489962,7.825974657410277,0.6816421281636974,12.612961530491837,1.6911955049457783
Algeria,2016-03,5.738724668346812,2.5905354553265942,8.69584531696112,9.37569474619268,6.522994771407464,1.0131082065645414,13.690291323558073,1.0953121251586315
Algeria,2016-04,5.9929494709675675,1.3701527547038777,8.911868408096828,10.862514613393653,7.12103407761269,0.8249118774345476,11.666275665018775,0.749706241040423
Algeria,2016-05,6.130622304487984,1.1850482510429248,8.482234583860341,11.501335363376462,7.570342837057301,0.5976586641922366,12.534401472200301,1.2096939986379132
Algeria,2016-06,6.545006155450556,2.4093711298525275,9.351418209925525,10.002466088562086,6.942046856116398,0.7472256288118373,11.25277450035592,0.5499383466061653
Algeria,2016-07,5.675241238911576,1.6505895444581993,11.04501610242765,9.823151289124597,7.526795426879421,1.3826366661720257,11.385315914896806,0.9512326019525723
Algeria,2016-08,7.422283439787619,1.895460800786795,9.469051439610455,11.144429534156808,8.341127839111417,0.811554313351857,11.58734549246307,1.5130674327570839
Algeria,2016-09,5.981929334609422,0.9194791178889185,8.952963380541725,9.29311731560457,5.872973640315705,0.43847994206643637,11.34467212638407,1.456284865096997
Algeria,2016-10,7.064739313123821,2.3632936250625387,8.42237586412068,12.19987501222918,8.236957720640792,0.2828409801791326,12.517284939013198,0.9553739742322439
Algeria,2016-11,8.71839106768276,3.9022988418804596,10.8103447633467,12.020114895907513,10.014367816326436,1.2155172745793106,16.591953740229886,1.2844827672643677
Algeria,2016-12,7.230337014092696,1.525280891297753,8.800562090652571,9.64044949273687,7.49157305555337,0.48876404079213487,11.421348160042134,0.8455056352008427
Algeria,2017-01,9.364571620362515,1.245714296988343,8.87542896815326,9.277714522216515,6.130285731962057,0.45942857474811427,8.000000349207772,0.6331428528953144
Algeria,2017-02,6.466666573800775,1.378571430416667,7.854762123154762,9.276190621891638,5.876190435178571,0.21428571440476185,9.8761904749361,0.6380952367857142
Algeria,2017-03,6.535976797411813,0.9445311101675206,8.24014266890577,8.941857462271196,4.989975538579194,0.9935397727992871,8.826018914681221,0.7752283616858989
Algeria,2017-04,6.626419120098036,1.958911477773833,8.507839188256803,9.576500671815802,8.520454259232835,0.7352676367460804,11.393044090126443,0.5802847326379528
Algeria,2017-05,4.7304153979560395,1.0896111170016909,7.022355567034851,7.961675741428378,4.630847280509417,0.08453879424009018,7.991734478805185,0.44711628663911324
Algeria,2017-06,6.169724912110355,1.7368640568915763,8.01501278061593,8.279816705614108,5.829858342670141,1.06547123417181,7.973311641104671,0.8527940268628025
Algeria,2017-07,4.784814639527642,1.642757199090273,8.292512413656402,7.206088254591192,3.97480760449965,0.12071378724982504,7.251574794783065,0.7365290651294613
Algeria,2017-08,5.552016997203867,1.0368011224616067,7.650389405098019,5.8828733870893295,4.497523039290209,0.1326963908106865,8.409412760879269,0.5732484006956828
Algeria,2017-09,9.357298849435185,1.4705882008703703,8.643791098768517,11.870007759445036,5.740740616101852,0.08169934628703705,7.937545056277778,0.9513435282777778
Algeria,2017-10,8.3755931082318,2.458694541544741,8.85162771984458,12.275478851447431,6.482905255972354,0.2944544413809913,9.887126321591198,0.8964502064860135
Algeria,2017-11,6.638018434924335,1.2082911923815305,8.483316828049206,9.501179758726474,7.554769307309741,0.6471183146504886,9.927536463733064,0.9723626763427705
Algeria,2017-12,6.195475142961675,2.331221739728507,8.932127042461538,8.157466201930001,5.9927600760295485,0.44524887558371046,8.772851123860002,0.6298642652841422
Algeria,2018-01,9.14848243581294,1.4864643060216571,8.874487434892371,9.281378305207753,7.483182848909434,0.24118129645250203,10.027891613229965,0.4495488164298606
Algeria,2018-02,6.163885698601109,1.8354535163803072,9.572113216374358,10.594747000722917,6.271270356567488,0.1734677017994383,12.666446100193562,0.9978523178608957
Algeria,2018-03,6.415196378950666,1.3935902160331293,8.01944560961253,8.795462648134544,4.953186898754772,0.3997119331263954,9.20597791734795,0.6517825130240598
Algeria,2018-04,6.37738977033167,1.3832086218622826,8.330839490796281,9.21030783816114,5.529509756230424,0.3491271822362427,11.58603526428259,0.964256034477473
Algeria,2018-05,7.7181836153334435,0.68211548807849,6.705288792944662,6.544571028776164,5.6886563765328715,0.2803214353182583,10.59241299099451,0.6914595579603813
Algeria,2018-06,7.030710851512077,1.7115252560700482,10.4623878797481,9.435817951112709,5.113871505185172,0.6469979381183576,9.79986257384472,0.59351276055245
Algeria,2018-07,6.489288188615757,0.8569453939144783,8.346579246908021,7.97166577149376,5.922598433574983,0.34554250125362823,9.331375495983416,0.5304077410850034
Algeria,2018-08,9.809837194370086,2.6769061171585293,9.307003191481373,9.370999890488802,5.202048028608521,0.32912781178277567,10.486378256884255,0.6143719217992321
Algeria,2018-09,5.8729322181851265,0.7215769097354804,7.333685469460929,6.691305954544441,5.617740246045935,0.27983104714097146,9.841605333768833,0.6247800157233367
Algeria,2018-10,6.492487536520034,0.7262103504808014,7.978297251541736,7.342237005372832,5.208681119085141,0.19031719645325543,10.661102381801335,0.48747912829415696
Algeria,2018-11,6.715130986942857,1.9391377493494504,10.123415486189351,6.720202979118368,6.020287250597802,0.7776838547604397,10.767540198402603,0.7878275315846153
Algeria,2018-12,5.643027895018008,1.2589641281921913,9.305179489603825,7.819920262212294,5.716334567603187,0.25338645178836655,11.243028317347097,0.5131474227760955
Algeria,2019-01,6.39323818319395,1.092526683421708,9.373665331500002,6.348754663622446,5.980427201331789,0.491103210069395,11.430604818599933,0.37010676471174375
Algeria,2019-02,4.875159459410061,0.43375251331984693,9.0231457974538,7.814835037547887,6.4188081059442315,0.35538545622416623,10.379078336325861,0.5522143243023511
Algeria,2019-03,3.8551121501832504,1.8547696395451276,6.655249225902381,7.475595384837002,5.5334817668881655,0.3956156940291145,11.236513400095907,0.5651652679335503
Algeria,2019-04,4.967942104394623,0.7342295853898655,7.389865725159569,9.981385761942349,5.207859382839298,0.18614270958014476,11.685625474291623,0.8273009305679421
Algeria,2019-05,5.658995866030963,1.3326359792569038,10.338912306154812,7.6861925250789245,6.1799162696945595,0.3138075310707113,14.711297381783789,0.7238493754317992
Algeria,2019-06,5.636843322300791,1.336051823585512,8.985368249189733,11.554329414424295,8.388102544021107,0.30942672316622694,15.075557412687669,0.8946989792497002
Algeria,2019-07,6.139064600758534,2.4399494310998735,9.835651074589128,9.676359395624495,7.9418458710493045,0.36915298103666244,14.642225759797725,0.7079646017699115
Algeria,2019-08,6.479118318106728,2.07366587900696,10.65255201225058,10.16241302154967,10.10440845225058,0.26102088173549876,17.929234030533642,0.7598607898839908
Algeria,2019-09,6.014826241711401,0.9611452100690183,9.010736537749233,8.77556248110896,8.42280148957183,0.5981594996191206,15.08691198728272,0.6774028633141616
Algeria,2019-10,5.755182644230009,1.5868706972364266,10.85143138352212,10.130799814902089,7.001480663145607,0.31095755537462977,14.88153987890918,1.0019743426214216
Algeria,2019-11,5.485437011529126,2.5701186417880257,8.791801645528965,8.851132938366574,8.667745147653722,0.24271844660194175,14.635922117718446,1.1758360406553399
Algeria,2019-12,4.4978518297073045,1.0042964702873254,6.89044052461869,7.87325466227531,7.696025814250806,0.4269602606928034,12.975295647259635,0.7518796989527391
Algeria,2020-01,4.9587876329784635,2.233448582759904,9.867056770931136,9.462908980725908,8.931135440327571,0.30311087739643705,13.270407359999998,0.9438978998989631
Algeria,2020-02,4.423225870534194,1.9999999756766453,8.074838748845421,9.726451658310518,8.092903094558192,0.4129032319602581,13.233549184340648,0.7458064606990968
Algeria,2020-03,8.816907886239166,1.8755309898249788,8.279524278638062,12.941801526542749,11.338148056826677,1.2723024761915886,12.848343644604926,1.1151231943814783
Algeria,2020-04,8.740947009324653,2.516248910523677,13.546889510139277,14.388115176780548,17.223770509637884,0.8913649029582172,13.279480089972145,1.4986072208579388
Algeria,2020-05,7.783970877811264,2.536997903941187,10.286373336071495,10.197962815595474,9.950028954202958,0.3401883631193542,12.852200860799538,0.7111281957024793
Algeria,2020-06,6.030493338255785,2.339013429409866,9.426008883369326,10.72107635878444,9.878027124462779,0.16143497717811658,11.323767217182352,1.2502242460455608
Algeria,2020-07,4.990710996625063,2.7546022212269885,10.672183970283735,12.433710325728173,8.677588232133255,0.22800202701908462,12.54011148608681,0.837696332990711
Algeria,2020-08,6.112896806535958,3.0373643807360384,10.180795639963842,12.583366791583618,10.74929695638811,0.8838891122040979,13.909200846093787,1.3097629527581358
Algeria,2020-09,3.3719924111731,1.476544951602562,7.422537504288212,9.373377255080536,6.579539688152438,0.35831746656932667,10.782413291429807,1.1649645221424616
Algeria,2020-10,4.755303106298981,2.545515288321029,9.052948037938867,9.00116921317041,8.251211004800401,0.25054284245999664,11.43644605982629,0.5428428296864874
Algeria,2020-11,4.6358363226376085,1.9497261021788592,8.669030063331775,9.682565426550799,7.384788901338544,0.21753142094263614,9.975829843993072,0.844344180428134
Algeria,2020-12,6.060251052240167,3.7322175889866114,7.911297131365691,10.406694621977113,7.1430965727430955,0.2761506274677824,11.08284520595816,0.6292887016552301
Algeria,2021-01,8.344300140997687,4.428241186639517,10.647341422077183,11.600569255351813,9.662102423340208,0.5690912324517161,11.75884782831229,1.1328472316517875
Algeria,2021-02,7.467372804652922,3.117079632396444,9.434461945383015,10.790618574401979,8.846226932173256,0.3291091414790997,13.287308544808022,0.8662757701153773
Algeria,2021-03,10.86760974684447,4.4392673556555255,11.720758229363755,13.237468128596282,9.69312353381491,0.30848329104370187,13.176413991015425,1.55366324773072
Algeria,2021-04,8.850535155056956,4.447704420069037,12.283396446323783,12.977217742658485,9.73938564471522,0.3555402165913013,14.36313482160856,1.1460131309406283
Algeria,2021-05,7.407673048849049,4.863750451370384,10.222301826690568,10.471495310990186,8.76658290199211,0.34958766560631055,12.02760885323772,1.2280387318838293
Algeria,2021-06,7.678161270819015,3.614942501841379,10.998084353413793,11.544061496847366,8.78352505054023,0.8275862168992337,11.555555916413793,1.7203065171954024
Algeria,2021-07,9.8180741832897,3.1382242591322917,9.479928955102235,12.171247606166354,8.859007312022149,0.5260035623017599,12.717026171152858,2.3511963914795335
Algeria,2021-08,10.007779340893816,3.2886036170676776,11.003500864130688,10.029171866336691,8.002722694988332,0.4375729289859977,12.899650427491249,2.063399462833139
Algeria,2021-09,10.646642324086475,3.8530706469102736,8.31260790637842,11.274153432612064,9.158217055837,0.17218289690453414,12.980677440176008,1.2301511241553473
Algeria,2021-10,11.831896506679238,3.547054666149785,10.70761502404095,10.456178284506692,7.029454101490302,0.21012931158620687,12.061781954121766,1.790589080904993
Algeria,2021-11,9.147897926674174,3.673048089156907,8.023648935495121,9.018393384139124,6.953828882727853,0.19144144240540542,11.54091623867021,1.5334084093216969
Algeria,2021-12,9.786671648969607,3.7002077012104966,8.416084724093638,12.293751453793329,8.257504114607514,0.2831791579309043,11.776477438806872,1.4291108179641305
Algeria,2022-01,15.391878094513713,3.701483590396823,9.899595590004646,10.591937633559606,7.579798965127829,0.46455866961456616,11.573505417887008,1.657425444897048
Algeria,2022-02,12.664074203869713,3.3106465488264463,10.646572773320369,8.230432759598001,8.155890485728733,0.19445794841808461,12.244368809567332,2.038567496326689
Algeria,2022-03,13.0384895657008,2.875816990315904,9.741467010149313,9.195352514823565,7.612200496983297,0.705882358887146,14.027596685102395,2.26724765875817
Algeria,2022-04,17.025193719664085,2.8795220365478036,10.234172815090437,9.790051849968872,9.943475348573642,0.2906976745865633,12.480620012144703,2.239987092147287
Algeria,2022-05,11.895557918302815,2.5754493630240756,9.732112677217021,11.213970932648905,9.521871956513225,0.27975585392132923,13.01966805762801,1.7717870590754494
Algeria,2022-06,12.714025423298558,3.0435502837259483,9.52972346407849,10.991886292459554,8.243086527863223,0.3725782411187282,14.244080281718826,2.01854611041795
Algeria,2022-07,11.30533054475984,3.667357336466001,12.79525347017329,11.736673661324781,10.369184310022602,0.48031644388058015,12.757582317705781,1.674514999033905
Algeria,2022-08,11.369216472310356,4.265029917634246,9.899276226977966,13.991186842849624,11.80358825772112,0.28328611911457346,17.42839111237016,2.0900220515051937
Algeria,2022-09,17.249541812895412,5.071559739551559,10.157798508946788,13.878899272965736,12.412844032227524,0.35779816543045867,12.231193033591124,1.9266055131302753
Algeria,2022-10,13.347842604284633,2.8974260734498487,9.689629050687358,11.845193342839377,9.470098330642504,0.3974261926169568,12.993944402465935,1.3247539785892561
Algeria,2022-11,10.64486201235908,4.138250999400603,10.600788723674322,11.526328285971527,9.663651133773138,0.20876826688935285,14.648573847209464,2.0621665413333337
Algeria,2022-12,11.626840518464881,4.3350229972483705,8.911416785622013,14.05020534489579,10.287231588356264,0.3620564805097755,15.133961385662564,1.3565049666386677
Algeria,2023-01,11.530840541442952,3.652924216963247,11.983061675089486,12.954618139222317,9.74272936400863,0.23969319272339407,13.034515989338448,2.1636306120476188
Algeria,2023-02,11.244668903512872,2.76733533056326,10.415416024008845,11.80066353014293,8.741115239289211,0.1800663416780919,12.909493007060496,1.5653135578568946
Algeria,2023-03,11.002753334988153,2.5474569308445156,9.772496706281698,14.67613368133796,6.762787989006521,0.2608317636972902,11.395450321822924,1.4794957066026662
Algeria,2023-04,12.997808679247026,2.730118974396838,11.379148623296807,14.738572226121361,6.80181571024687,0.16437069488180964,11.74859080637132,2.5046963166194427
Algeria,2023-05,8.779857112425375,2.3535676365572797,9.169329143295757,11.487905185231233,7.396926949703787,0.13692377886627113,11.811958343961662,2.8677924839529894
Algeria,2023-06,8.5965499787245,2.2559035663985934,10.907720638370458,11.016580235793546,7.25004188696952,0.22106849886869873,12.59085625532239,2.5925305518253228
Algeria,2023-07,6.916565845397068,1.5976420805736096,7.120616800347038,9.164147747199708,5.672611831354293,0.20405078585807135,10.787485097172008,1.4706771167097943
Algeria,2023-08,9.23264678790511,1.9145690126186117,8.064073319560029,10.84363081866106,7.40808569904241,0.1830663613525553,12.979405210567506,2.283752875339588
Algeria,2023-09,10.713023814629839,2.4682833256640433,9.714147890712221,10.584551390294404,7.2121406686791385,0.21679781578047214,12.734864574385739,2.4249237194467637
Algeria,2023-10,12.516206780394995,3.9665309871671948,8.297904353760892,11.47143085492285,8.655208911206996,0.4975124379683401,10.69651757383386,2.897633058179406
Algeria,2023-11,8.531011853897091,2.325509125370998,8.021140977423908,9.860096428920762,6.817969927241411,0.4430281359278719,11.772112746662522,1.8949168513079433
Algeria,2023-12,7.99573570931919,3.294243065528785,8.078891260380596,11.673774064154212,8.012793491633476,0.26865671994264395,13.040511716850746,2.004264397608742
Algeria,2024-01,7.025111736713603,1.6638422574814358,9.755045312423743,8.93082735124931,6.159297443968573,0.254198120533662,11.454321328017256,1.4666461552401788
Algeria,2024-02,8.104455282360087,1.7153345561475055,7.129984826828633,8.950442371481271,6.172200846993492,0.3754380109327549,11.149674694642355,2.3293842842516272
Algeria,2024-03,5.666001035059763,2.1109233457471195,8.042710226040866,8.543555233818598,5.838070346267936,0.2258411440212014,11.055461866363496,0.9095099061511753
Algeria,2024-04,7.8460008095999,2.8028543473016927,7.930633961262362,11.432127415496723,5.096249587996183,0.16926651246398935,11.354132346666113,1.8287421464244937
Algeria,2024-05,7.270134659711771,1.458353820061953,5.506932891605664,7.958501275106624,4.5540367701379685,0.08850427751499657,8.012587596152226,1.271511458314387
Algeria,2024-06,8.508230699272783,1.8562610252667548,8.112874898415342,10.401234522814999,6.443268586399618,0.37477954188741913,10.667254821732804,1.8430335184229867
Algeria,2024-07,7.870645469087767,2.2508776674399136,8.894139961697002,9.345125466141406,6.771536591943829,0.36456926849392385,10.444234300829057,1.1112611420040508
Algeria,2024-08,9.498855898429634,2.2093821113014873,7.697940592551487,10.094965712066735,7.2356979145623574,0.3054919915760869,9.418764368032036,1.8707093929462242
Algeria,2024-09,8.108479766941327,2.051948073525745,8.440030522930636,10.991596605598664,8.43697478749091,0.27501909850450723,10.756302423868602,1.7097020897857906
Algeria,2024-10,8.503925709784726,2.756602432155746,8.298358195529337,10.459671863650714,6.341184923436974,0.23554603854232692,11.751606457915045,1.4104211676001428
Algeria,2024-11,8.572299273596524,2.4440042825695563,8.48849634521926,8.694194621637095,5.380161404898065,0.3291177872797501,11.881761502238554,1.3637056369532228
Algeria,2024-12,7.019087612121294,3.06213617004711,7.785298463485447,9.78204968071516,5.733044615331934,0.5144172190305943,10.858264445088668,1.9967510429347504
Algeria,2025-01,8.316033891048484,2.0745697975534005,7.906309720240917,8.14531562567881,5.449330897799781,0.24583447152048624,10.442502273801543,1.5091505049131384
Algeria,2025-02,7.225561670334704,2.2761784107105347,8.448276053064044,8.706105615134332,5.272065775045872,0.14236001304903512,11.099335983093956,1.751028134046188
Algeria,2025-03,8.398321253554426,1.1873815424960736,8.184403324537504,7.53587867819906,5.66883295033401,0.12185215270579473,9.90387224908462,1.9916057422947469
Algeria,2025-04,8.259587104631473,2.4820901984328216,9.779463645980373,11.213653989539688,8.00393322252071,0.4214075005899705,10.394718319355364,1.0380671551819074
Algeria,2025-05,5.7075927746458595,2.3728813364967105,8.597216448916907,10.33484915452849,5.553258997524459,0.18602728418768086,10.72068347866198,1.539203557391484
Algeria,2025-06,7.184115658557461,2.1525270819148616,6.901323752373044,10.663357417241766,5.547532951816184,0.5144404407084837,9.927797891404332,1.0709987938610106
Algeria,2025-07,7.187319002200754,3.251302856369427,9.517949998845022,10.57324868005521,4.717718802517607,0.32570932287782284,10.072380226357039,1.1421540391823437
Algeria,2025-08,7.868755814924957,2.406148406097399,8.553059485489882,9.744309734714069,4.525569001483864,0.22169671871814955,10.237954662325759,1.2075081078972294
Algeria,2025-09,6.605951121187192,1.9479977539758062,8.798665341545288,8.986373632274876,5.852336029317177,0.27113459444424365,10.996941303240295,0.8565072625681153
Algeria,2025-10,5.6626669166122845,1.0664689279511932,7.737629619726338,7.579884204804353,6.661723034939432,0.42470001384656875,10.124039444074358,0.907374952184291
Algeria,2025-11,6.169119771527354,2.1882810617786728,8.451819071767565,7.8880866846359545,5.6095528654373785,0.3540683139197445,10.880311060996945,1.2316023600208275
Algeria,2025-12,2.401656341006848,2.02261509673929,2.517916982012581,8.600095841320215,0.4061156308657429,0.0,5.967510838438127,0.019111324005574134
Angola,2015-01,3.279963438786825,4.922232492274474,5.5123511301189385,1.4364135449304667,3.7282709017072277,0.0,0.7044830569926361,0.3842634884226898
Angola,2015-02,4.219780220124836,3.7978024327173627,5.832967066633845,2.404395658626813,2.8483515305986815,0.0,0.5802197296746823,0.725274725316923
Angola,2015-03,3.6613273182192216,3.858123599929977,4.88329516390389,0.9794050709528603,2.077803273753318,0.0,0.8649885195738681,1.153318069479634
Angola,2015-04,2.6741353929171945,3.5119336808567954,3.9844129472893326,0.7793473080925475,2.576717074358987,0.0,0.7647345375786182,0.5991232435036532
Angola,2015-05,2.920000033912,1.9600000171519998,3.533333385816,0.80888893308,2.0711111276480003,0.0,0.8133332680266221,0.426666673024
Angola,2015-06,4.531123701565885,3.698464025529507,7.922392982424414,0.5739692530476961,2.158447890691188,0.0,1.0428455730702917,0.7033144939017785
Angola,2015-07,3.938171779836866,3.5719087051290317,8.232526625715726,1.7775537671196235,3.6995968826868277,0.0,2.16397851395158,0.24193547764112902
Angola,2015-08,4.166970615948419,4.5789280556004375,5.439299960037914,1.046299621651841,3.7404301648811518,0.0,1.6988699170488157,0.4593510897353263
Angola,2015-09,3.535503157862426,3.7426035788276626,7.104289831397929,1.3572484957026627,3.572485326682692,0.0,0.8875739289171232,0.12573964883505917
Angola,2015-10,4.68950768503783,6.434689590955032,8.012134139063527,1.6773732874946468,4.1648823906723775,0.0,3.1905783060335127,0.5139186496473948
Angola,2015-11,4.280458155380213,4.664758776505315,7.330335278143909,2.444807779285364,2.7023714090433364,0.0,1.5085854295854046,0.1962387652739166
Angola,2015-12,7.770004708504591,5.089637145994753,6.432007137686926,1.9720157895277657,6.029733195623088,0.0,1.4560560183340623,1.4298207490205508
Angola,2016-01,5.6547859930052065,5.174209234119342,4.729675883689135,1.870244266740889,4.26511818920785,0.0,1.5378454275274331,0.7208650669483381
Angola,2016-02,7.85714301133603,8.814016035561096,9.613656815137363,1.9676549625997304,3.4770889316796945,0.0,1.5633423266132076,1.8104222903575924
Angola,2016-03,6.911381424023024,5.9339706841216335,6.516073021151508,0.8601216210043442,4.03127725199305,0.0,3.0886186087024328,0.9209383583635969
Angola,2016-04,4.645790554408625,3.916837840949692,7.4537986969506,1.6683778602207389,3.0287475316858314,0.0,3.495893145824435,0.7956878848162219
Angola,2016-05,5.128205128197863,5.414529896216667,9.67093985321956,0.961538492084188,4.611111257632052,0.0,3.094017362789317,0.8547008649910256
Angola,2016-06,4.378531253423728,6.54896465140113,9.27024518473812,1.7655366674510355,3.3709980790781544,0.0,1.0640301950178908,1.4265537146073446
Angola,2016-07,5.609234870544251,4.801196998504489,9.533989200342784,2.4839674628811457,4.578879634736213,0.0,1.8127404401376657,0.9234715751864044
Angola,2016-08,7.286995858074888,4.556053957501794,6.434977994979717,0.9013453085690583,3.1928252317121073,0.0,2.2869956442130044,0.22869955759775784
Angola,2016-09,4.3128592744149366,3.857710969330977,7.026071797615011,2.3906319111581973,1.5996464577984975,0.0,1.5245250196716746,0.8086610883274414
Angola,2016-10,5.737767671272171,2.866972522361621,7.029817009548842,2.392966393275994,2.4694190928188076,0.0,0.45871559583639143,0.35550458536850155
Angola,2016-11,5.777360173001409,5.669328291441992,9.422264282963726,2.1089713188914985,1.611085159530296,0.0704556132644434,0.5636449040112729,0.4931893023203382
Angola,2016-12,4.106447655950671,2.0726958273673732,4.655993113394535,1.527477290381653,2.6179143842245782,0.0,0.7009952422661185,0.6360882854803116
Angola,2017-01,4.607395161066057,3.028666452869963,6.8342336742466845,0.7145824599385127,2.480265764098878,0.0,0.8932281344570003,0.45284587999169085
Angola,2017-02,2.910532362234806,2.680256826636844,6.594941471516712,1.0343526255624764,2.801057004495281,0.1698754242759532,2.1517554422083807,0.6379766078112495
Angola,2017-03,3.0888727807695084,1.708814992256503,5.585260172612633,1.358381491033237,2.4349711876112714,0.0,1.8135837911351156,0.3901734263778902
Angola,2017-04,3.741909318087379,1.5129449874510517,4.5145632479707345,0.9182848009545422,2.6456310141573627,0.0,3.207928964657362,0.3883495207940939
Angola,2017-05,4.067019508064197,2.059964721471605,4.906525653453141,0.8888889498444444,3.855379204096296,0.0,3.153439156661728,0.9206349257407408
Angola,2017-06,2.9996121353624363,2.6038029048913462,5.452076353212904,1.307722168541715,3.2324408396798603,0.0,0.3414823414990299,0.25611177306790844
Angola,2017-07,3.448660778557292,2.3288690703664434,6.439731819542283,0.6622023791625745,2.507440594770461,0.13020833310416668,1.4099702857682292,0.27901786601674106
Angola,2017-08,2.4254743318279135,1.4126016595420055,4.139566647947377,0.8570460771978319,2.4999999579112466,0.0,1.1856368560338755,0.08130081672628726
Angola,2017-09,2.2035256124066507,0.9415063816854968,4.182692455007074,0.8213141122992789,2.508012950875,0.0,0.48477562745072117,0.048076925066105766
Angola,2017-10,4.75261815872445,2.834958443435175,6.460816242344766,0.6392199282600217,2.2174070521906826,0.0,1.5095702747533406,0.8342362005330445
Angola,2017-11,4.354354425786036,2.2259760812064564,6.820570716055426,1.2124624699733484,2.616366511664039,0.0,2.0232732944695946,0.6193694056831832
Angola,2017-12,4.109641068198488,1.761814669342155,4.994328999653933,0.8015122801984877,3.3081287067353498,0.18903591654631383,0.797731601510397,0.31758033454820417
Angola,2018-01,7.440566666541224,7.046029564382208,9.868487843947726,2.3216995009812846,3.9352554235326247,0.0,1.006575648317653,0.9863429440485585
Angola,2018-02,3.1201043887641426,4.912967719188425,7.267188870191322,1.2489121201370756,3.1114013848825066,0.0,1.2184509301631854,0.9530026459181897
Angola,2018-03,2.5789258519065186,3.386633960147601,8.00738048215853,1.4842148827798278,2.0541204979704797,0.0,0.811808135608856,0.4756047719557195
Angola,2018-04,2.4539123156902907,2.5768129225931995,5.800901500341932,1.2986480867882015,2.5891030141745186,0.0,2.326915166939779,0.2949610834289226
Angola,2018-05,3.4854772361497552,2.018106383696341,6.393813843848606,0.765748781230479,2.2632969142580155,0.0,3.059223281555639,0.41870993530931727
Angola,2018-06,3.068678016544264,4.30726478779873,6.919412719265446,1.044065112739182,1.8102421369610957,0.17864231878324732,0.8495434732671695,0.5240174979992059
Angola,2018-07,3.144067869594068,2.309321993966949,5.847457758155363,1.0042372703067797,2.5593219775622877,0.0,1.1991524795788133,0.3432203547491525
Angola,2018-08,3.808438030185861,2.679589627326112,6.77689075063499,1.1706575696784494,2.884834549787913,0.0,1.535537876013683,0.28506272318814135
Angola,2018-09,4.620307297824231,2.478669141168942,8.233788375782702,1.3054607771544369,3.3020480089377133,0.0,0.8959044262585324,0.24317406328924918
Angola,2018-10,4.6142489406275375,3.4477665927323735,7.9734216281360855,1.9748985036308602,3.2410484703492064,0.0,1.4322627464363238,0.26208934555924696
Angola,2018-11,3.9937599213884556,2.164586676774571,7.93291760882397,1.5873634130148204,4.648985840042902,0.0,1.5366615261154446,0.6318253031747271
Angola,2018-12,3.085194253194789,1.5508684468258893,6.70388729933195,0.8643507267886683,3.7841187618486356,0.18610421858974358,2.233250758829611,0.3308519540219189
Angola,2019-01,3.8015406216148615,1.8260081644839148,7.748074093308189,1.0376076382637063,3.7924787713819663,0.0,2.623470844454916,0.5301313913729044
Angola,2019-02,2.617773100492505,2.002141282083512,7.350107242347245,0.6691648945246254,3.8865097582740904,0.0,1.3650963847880087,0.38543896174732334
Angola,2019-03,2.9826209709300144,2.2545796823320807,6.923438092771092,1.521841244711132,3.2832317252325036,0.1878816343330202,1.9398779196031002,1.1413809498050729
Angola,2019-04,4.863760191796548,1.3396911577420527,5.808356077199208,1.2670299124940962,4.68210704093188,0.43142597628519525,3.8374204947920076,1.4214351324087195
Angola,2019-05,5.797040104555602,2.2959831552473573,8.016913587060742,1.2135306973733615,2.418604693453277,1.2050739960799155,2.093023376338689,2.1057082835712473
Angola,2019-06,3.364348632975514,0.9108717715122429,7.8452499908093305,1.3467189034201763,2.5367286249461314,0.0,2.820763999181195,0.42605289146914793
Angola,2019-07,2.2489961370240965,1.7419678981942768,5.8885540829682,1.0993975955195783,4.508032137849398,0.0753012045813253,1.1044176703509034,0.9638554603283133
Angola,2019-08,3.951351436495135,2.1513513099308104,7.45405389201549,0.9459459463848648,4.1405406122010815,0.0,4.389189436222702,2.3243243886291896
Angola,2019-09,3.8143713030323356,2.005988094926946,5.63473076208662,1.544910119338922,6.550897837853892,0.0,3.2874250697101792,1.9461078844455086
Angola,2019-10,7.481481293037037,4.271604985185185,15.876544019221372,2.4691358028148147,9.407407796148147,0.0,2.074074038148148,4.518518801703703
Angola,2019-11,8.488665179309825,2.1158689810780857,11.712846883941198,2.8967254403173803,8.287153797103274,0.0,1.5869018711083125,3.853904330241814
Angola,2019-12,2.3148148149444445,3.6111111253148147,10.617284499026715,2.3148148886296296,3.796296428527777,0.0,0.0,1.5740741921666663
Angola,2020-01,2.487562189134328,2.039801006410448,5.373134481984218,3.0099502245373135,4.601990049276119,0.0,2.3880597364776115,0.37313432814925374
Angola,2020-02,2.528089887884831,2.022471855966292,7.893258332664763,1.2921348721179775,5.870786409823034,0.0,2.5280898872949438,0.0
Angola,2020-03,3.901234674000001,1.2345679014074074,17.18518557107322,1.703703727037037,7.753086325185185,0.0,1.5555556025925925,0.49382716081481487
Angola,2020-04,5.047923383958467,2.188498372511182,10.127795507100087,2.8274761219520763,8.562300951389776,0.0,1.1501597895303515,1.6773162937284345
Angola,2020-05,6.9858153658023046,1.2765957109219859,10.726950286777177,1.427304998812057,10.921985883457447,0.39893617061170217,3.377659861414007,1.4361702798936171
Angola,2020-06,4.262172399084645,2.1573032596644195,9.632959080572777,1.1310861884172285,8.426966524459177,0.11235955066591762,3.0112360655707864,0.3370786519977528
Angola,2020-07,2.984423860134579,2.0747664261757004,8.760124500184832,1.352024880882243,7.445482628829907,0.2803738315214953,2.2616821955364483,1.196261729413084
Angola,2020-08,2.360211800034137,1.5715126294749853,7.380812121933876,1.8128310041600941,4.861683351757504,0.26486168344379046,1.8422601217416128,0.08828722816951148
Angola,2020-09,3.3688699257995736,3.0170576024562905,8.630064059887344,3.5447762969381658,5.565032229151386,0.0,1.1833688721535183,0.46375265518123665
Angola,2020-10,4.588295906178146,3.5577421918967524,9.92232020629533,1.7193164930352147,9.766960044758155,0.0,0.9321595274759192,0.45572244567063697
Angola,2020-11,2.134831473430271,1.5465961253932583,8.182419394371882,2.1480502157964314,9.75545319354924,0.0,0.8327825450363516,0.33707867651024453
Angola,2020-12,1.9136212753435216,2.4983389592664453,6.584718061435405,1.0963455622378735,6.099667770535548,0.299003322758804,1.860465100895681,1.0232558515029901
Angola,2021-01,2.845821205673631,2.9610950935914158,3.8904899303455736,1.2680115380583574,3.61671483875,0.0,0.9293948200252161,0.19452449924351586
Angola,2021-02,2.6530612695739793,1.6241496116301022,6.5306122205192665,1.23299321705017,4.906462568989796,0.0,1.3010203437704082,0.6122448812619047
Angola,2021-03,3.1445169068685543,1.8082789260348584,8.867102164480507,1.4596949996332604,7.051561479707335,0.0,0.7843137393602034,1.2273057096216413
Angola,2021-04,3.0422124622147013,1.644832668073508,6.280931739357827,1.746724908047307,4.628821058110626,0.0,1.1863173533449782,2.3580786617401746
Angola,2021-05,2.599150043909348,1.8909347627832862,5.169971721731343,1.579320211743363,4.313031320573654,0.0,1.4872521919617565,1.0269122483002833
Angola,2021-06,2.4371069183726415,0.872641539,5.290880780879446,1.6666667270518867,3.3097484761415097,0.0,0.7861635410801887,0.353773585259434
Angola,2021-07,1.9006308890031547,0.5835962036782334,4.0772873143885295,1.5299684989589908,3.9116720485425867,0.0,1.9164038195205049,0.8280757095268139
Angola,2021-08,3.0000000551205352,1.4999999748785715,5.312499915116658,0.8035714499830356,3.5178572796419645,0.0,1.339285778319643,0.10714286102857143
Angola,2021-09,3.936535294317324,2.264150849264151,3.885077101074,2.6929673770754716,4.159519725056604,0.12864494046226413,1.5437393208679246,2.8216123175377357
Angola,2021-10,2.5892857635595243,1.3467261832485118,4.709821389421618,0.7440476372053573,3.162202452172619,0.0,0.8258928850223215,1.0267857459642857
Angola,2021-11,2.3678161542467433,0.8275862392429119,4.3678160371537595,0.5593869878452107,2.7279693592068965,0.0,1.8850574820850574,1.394636018881992
Angola,2021-12,3.785834726059022,0.6408094554274874,5.455312258085713,0.4890388015421585,5.092748702612984,0.0,1.4671162653119731,1.2394603546897132
Angola,2022-01,1.9590643646101362,1.6861597700584798,2.768031268167306,0.8382066419493176,2.631578994327485,0.0,1.2865497588060428,0.29239766124269007
Angola,2022-02,1.9426456984939873,0.49953747460129505,4.773357993155093,0.7585569178834413,2.5531914803145233,0.0,2.784458869942646,0.5550416280666051
Angola,2022-03,1.8062088477177798,0.4515522284139228,3.7723425077579082,0.8654750975333961,1.8438382078024458,0.0,1.7779868388654751,1.41110065847413
Angola,2022-04,2.540160709120482,0.2208835389437751,5.843373618338006,1.6064257269518072,1.7871486378232933,0.0,2.3795180771004016,1.4056225376425704
Angola,2022-05,2.0143241247609667,1.3339301790098481,4.14503150074902,1.5935541798657118,3.1423457738513876,0.0,1.611459244730528,0.10743062187645479
Angola,2022-06,2.185602821075455,2.2983521867233305,2.497831842276371,0.9887250730095404,1.4310494564301823,0.0,0.8586296905741544,0.6244579194900259
Angola,2022-07,3.6809817209956175,0.5784399778702893,2.9973707733353696,2.234881766316389,2.5591588043794915,0.0,0.8238387875749342,0.4557405615241017
Angola,2022-08,3.3823529981390377,2.3663101665748663,5.441176573083764,1.270053507919786,3.1818182390160428,0.0,0.949197912315508,1.1631015791631016
Angola,2022-09,2.653061253575865,2.7151731446051466,4.072759588965977,0.6211180338642414,2.812777288735581,0.0,1.3309672540905058,0.612244906242236
Angola,2022-10,5.284939126567164,0.691994559761194,3.9959295152238807,0.8683853749253733,4.518317513552238,0.0,1.4654002975522387,1.52645869719403
Angola,2022-11,7.27630836861677,1.0298255591187395,2.7799661598255487,1.0185706593629713,3.359594664190208,0.0,2.2960045533303326,1.2155317632909397
Angola,2022-12,6.525215451188191,0.47970480918450187,2.4846248081549818,0.7995080096199263,1.8819188284095942,0.0,2.250922327295203,0.553505535195572
Angola,2023-01,8.574338551723015,1.330617763845214,4.935505660154786,1.3034623571486765,5.553292516105907,0.40733197578818736,1.8262049815723014,0.7331975852382893
Angola,2023-02,9.561217564903044,0.806794045004954,5.145081305862704,0.9978768846652513,4.203821899391365,0.0,2.4840764430176927,1.040339739725407
Angola,2023-03,6.743350601600288,1.365923796255212,5.34866997711215,5.010783714815242,3.5154564276204168,0.32350826744859823,1.308411184534867,1.2652768240625452
Angola,2023-04,5.122410644844633,1.0075329610178907,5.4143129321525425,1.3747646081930318,2.2693031476054615,0.0,1.0451977534425612,0.5649717733248587
Angola,2023-05,7.249999863262964,0.8888889240111112,10.101852174555555,1.4537037523185186,4.657407579355556,0.0,1.1111111115481482,0.8240740827222224
Angola,2023-06,5.977212703603857,2.331288293298861,5.100788828099912,1.2182296309991236,2.4189307751165643,0.0,0.6310254417423312,0.8413672137598598
Angola,2023-07,6.606260221840198,0.8731466538088961,5.296540221138903,1.5403625011614495,3.8879737232149916,0.0,1.3097199422825372,0.6589785837347611
Angola,2023-08,4.92732580328997,1.6860465498800872,5.305232436377181,1.1918605067652615,2.4055233183699127,0.0,2.5218023810363372,0.4360465285545059
Angola,2023-09,5.735735491962462,1.7942943016178678,8.445946339337087,1.3963964252635137,3.018017877999249,0.0,1.036036086259009,0.518018025204955
Angola,2023-10,8.186566953866418,2.395522381240298,9.305970419182088,0.8880597081507463,2.738806151240298,0.0,1.5298507458970148,0.8805970291753731
Angola,2023-11,6.014183953926242,1.2056737587702129,7.304964860438298,0.8368794122624112,3.4751774399106385,0.0,1.6950355189262412,0.27659575122269503
Angola,2023-12,3.509571624497721,1.175934353834093,5.232452150581587,0.9845032078778485,1.549680947717411,0.0,0.6107565918614403,1.3400182574111212
Angola,2024-01,6.719840297710867,0.9770687889710868,8.195413811298105,0.827517466889332,0.8374875233718844,0.0,0.5782652232921235,0.6879362012901296
Angola,2024-02,8.444206986212448,3.0364806560085835,7.78970009774678,1.706008645332618,5.139485014699571,0.0,1.3733905533798283,0.41845494640557934
Angola,2024-03,7.25229809324004,0.6128702752665987,9.387129929025537,1.4811032150480081,3.350357624508683,0.0,3.237998034913177,0.0
Angola,2024-04,7.786720787678068,1.2273641894084506,7.585513016305835,2.1227364572313885,3.1790743172394365,0.0,2.64587536710664,0.6036217300201207
Angola,2024-05,4.46560864716508,0.677248686784127,5.682539838593651,0.9523809771015874,2.8888888085174607,0.0,1.26984132035873,1.4285714538857144
Angola,2024-06,4.209919482329873,1.4302191030219147,4.625144219746251,2.1222607069434836,2.629757779538639,0.0,2.387543202906574,0.5882353379008075
Angola,2024-07,4.436008609206074,1.138828633416486,6.225596901338395,2.418655169629067,2.2559652102212584,0.32537960906832974,1.4750541679143168,1.2039044935043384
Angola,2024-08,8.65707480315108,0.647482026086331,6.738609489971224,1.798561093589928,5.08393266494964,0.15587529379136691,1.4028777039856115,1.8705036429640287
Angola,2024-09,6.378698404874556,2.2366863168106508,6.236687017377514,1.1834320088201182,1.7396449763715975,0.15384614781656808,0.8520710396911242,0.8165680305798817
Angola,2024-10,4.42021812301784,1.456887989345887,5.490584983275521,1.1100099391724478,1.5758176743062438,0.14866204125371654,1.7839444995044598,0.23785927626362735
Angola,2024-11,2.7497621176784017,0.9324452855566128,3.6346338,0.2283539577545195,0.6850618500856326,0.0,0.8943863301236916,0.0
Angola,2024-12,3.3876810599673917,1.4221014750923913,2.481884110262681,0.8967391175634057,2.255434834074275,0.0,0.24456522197826086,0.5163043516449275
Angola,2025-01,6.274180215799832,2.0773759506560134,4.415475149465097,1.126997464824222,2.2203531058301094,0.0,1.5643398131455006,0.10092515159461733
Angola,2025-02,4.627710035518379,0.6409047800867107,6.154571379614514,0.9707823217728558,2.4128180648275213,0.0,0.2544769134919887,0.2544769134919887
Angola,2025-03,3.045685278746193,2.1624365188172585,4.010152236380711,0.5888325069898477,1.4314721202639595,0.2030456854720812,0.24365483212690353,0.0
Angola,2025-04,4.431256342375865,1.6023739621928783,4.342235514769535,1.1869436200118695,4.31256192848269,0.0,1.1869436200118695,0.0
Angola,2025-05,5.559534500962399,1.4413607578549685,4.655326981117278,1.6204118093634736,4.315130029936436,0.161145922740376,0.8594449758397491,0.752014353722471
Angola,2025-06,3.9618857528034104,0.3009027080942828,3.5907725034974924,0.5616850691735206,3.269809466449348,0.4513540621414243,0.8124373507161484,0.5717151265035105
Angola,2025-07,4.285714400624304,1.4100185793033397,4.582560504542672,1.0296846138923934,3.580704977841373,0.0,2.727272780410019,0.11131725913914656
Angola,2025-08,2.795477982211716,0.7194244609167523,3.011305334524152,0.58581704136074,3.0318601035313466,0.0,2.713257900825928,0.0
Angola,2025-09,7.177177635555555,3.263263301111112,4.3943942611111115,1.551551598888889,2.9829831211111113,0.6006006011111111,2.59259253,0.5205205255555556
Angola,2025-10,6.3322370190625,2.623355310625,7.516447395625,2.22861849109375,3.76644736453125,0.0,0.4769737,0.0
Angola,2025-11,5.2930567049540125,2.245266056813345,10.10820603322182,1.758340933431019,2.678088350908025,0.0,1.43372412725789,0.0
Angola,2025-12,1.0502692828491922,0.4039497309156193,0.5834829655637344,2.0915619769551164,1.140035932314183,0.0,1.579892314461989,0.8617594384201077
Benin,2015-01,1.1475410289344266,0.0,12.937158609016393,7.6912569213934425,3.428961768319672,0.0,9.357923366577868,0.0
Benin,2015-02,0.8591065561282932,0.0,6.219931403064146,5.143184514318443,2.3024055422394043,0.0,7.938144324885453,0.0
Benin,2015-03,1.1111111252552552,0.0,11.09109159219219,7.927928218738739,4.514514672402402,0.0,11.581581872372373,0.4204204256906907
Benin,2015-04,1.8795180893301204,0.7228915661108434,11.963856249831327,8.168674836587954,4.638554360057832,0.0,8.927710889484338,0.14457831903614457
Benin,2015-05,1.992337183301405,0.0,10.727969345977012,5.887611798837803,2.1966794746040867,0.0,13.601532686462322,0.38314176235632186
Benin,2015-06,2.4843161796537014,0.18820577130740276,10.501882154843162,9.196988672240904,2.597239654668758,0.0,8.281053982638646,1.204516897069009
Benin,2015-07,0.630202162548157,0.23781212833769325,13.008323828240188,9.726516471413792,3.258026142388823,0.0,6.3020215162223545,0.2853745652318668
Benin,2015-08,0.5182926977439025,0.5182926977439025,8.953251780246951,6.585365969939024,5.132113893375,0.45731707350000006,9.410569435515244,0.8536585458262196
Benin,2015-09,2.305229471334045,0.0,9.092849499445036,7.620064145656349,5.122732251483458,0.0,9.850587458078977,0.4802561363500535
Benin,2015-10,1.7611941058915426,0.0995024876238806,5.44278626420597,7.044776090905473,2.8457712055611943,0.0,8.567164050550248,0.8656716461353234
Benin,2015-11,1.0412147656138828,0.0,14.848156136095445,9.045552948937093,2.7114967465770063,0.0,15.34707147943601,0.32537960986984815
Benin,2015-12,1.6463414920609754,0.12195121929512194,12.69512211497561,8.48780486634878,3.2195121779634146,0.0,7.902439192968292,0.5121951278560976
Benin,2016-01,2.4342105841842105,0.4934210529583332,13.245614158421052,8.004386174214911,3.453947289530702,0.0,9.901316019385964,0.16447368465350878
Benin,2016-02,2.6730564582193823,0.6389776361171459,11.735889933003193,7.337593092441959,6.922257645100107,0.0,11.405750996198083,1.246006395138445
Benin,2016-03,1.5154748739381003,0.0,11.536819877908219,9.135539096840983,3.201707705080042,0.0,9.028815561814302,0.2881536874279616
Benin,2016-04,2.720306629527458,0.4980843035951468,9.310345265881226,7.356321948524904,2.911877480127714,0.0,7.049808282988505,1.1494252870689654
Benin,2016-05,0.9926470759656864,0.5514705878455882,12.0220589872549,7.683823564681373,4.583333432210785,0.0,13.676470753799018,1.1642156861200983
Benin,2016-06,3.414634074576074,1.4518002318315912,12.102207049779327,8.94308959723461,2.9268292733623698,0.0,11.231126934134728,0.4529616833890825
Benin,2016-07,0.8305648106046511,0.0,13.355482190963455,10.387596866112956,3.9534884834684383,0.0,10.033222741860465,0.0
Benin,2016-08,1.380368122801636,2.14723926394683,16.380369154805727,9.948875421390593,4.652351665235174,0.0,11.237218388752556,0.1226993909202454
Benin,2016-09,1.3028169184330984,0.6690140898591549,5.352112720880282,6.4553992848063375,3.591549368609155,0.0,9.225352017200706,0.43427230647887327
Benin,2016-10,2.190034801280417,1.2166859787717266,11.92352287902665,6.4310543227636146,4.414832081234068,0.0,11.622247969640787,0.8690614135515643
Benin,2016-11,0.746887996960581,0.2593360997427386,9.49170114616805,9.159751156107882,4.834024688688796,0.0,7.105809128141079,0.37344399797925315
Benin,2016-12,0.5393258640078651,0.6404494167898876,8.426966613910114,8.325842685867416,4.46067426987191,0.0,10.96629196647191,0.0
Benin,2017-01,0.6479481900647948,1.1015118579697625,10.237580911965443,7.818574627352053,3.5313175511706256,0.16198704100215983,9.84881220336933,0.0
Benin,2017-02,1.41424274222668,0.45135406218655966,8.786359211634904,7.091273754262788,3.16950858776329,0.0,6.499498562688064,0.0
Benin,2017-03,1.7395727514140387,0.15259409973550356,10.1627668095117,5.157680768260428,3.1129197211800608,0.0,7.131231061978637,0.732451659491353
Benin,2017-04,0.9920635162103175,1.2698412892063493,13.700397239484126,6.6468253964880954,6.00198426936508,0.0,8.750000312291668,0.0
Benin,2017-05,1.354071358696249,0.7410796100640438,9.725525830498627,6.752058572072278,5.4528822733257085,0.0,7.740164544839891,0.0
Benin,2017-06,1.109969162458376,0.0,9.33196333954368,7.605344443329908,3.895169515116135,0.0,8.499486056435765,0.6166495371510791
Benin,2017-07,0.6488549800508907,0.15267176178117048,8.09160349671247,5.458015400966921,3.8931297890737913,0.0,8.51145021151145,0.0
Benin,2017-08,0.5685618892831662,0.8584169240702341,9.654403609793757,6.923076806156075,1.984392414104794,0.0,10.847269115652173,0.8361204011270904
Benin,2017-09,1.3554217109738957,0.2710843421947791,12.299197269919679,8.022088243144578,3.10240962375502,0.0,10.220883552570282,0.8433734792128516
Benin,2017-10,1.2534819603342617,0.4178272983844012,11.931291355988858,4.846796772367688,2.3491178714206127,0.0,7.400185682814883,0.33426185214484677
Benin,2017-11,0.4786680685223726,0.6243496362955255,7.835588147950052,9.490114444635797,1.914672225989594,0.0,7.658689203580646,0.3329864777013528
Benin,2017-12,0.9563602558802228,0.3899721269015785,11.88486545770659,10.677809216740949,3.7140204048142986,0.0,10.965645370659239,0.7520891715106778
Benin,2018-01,0.942698754595194,0.5545286505914971,9.380776869401108,5.110905703319777,2.8650648054269867,0.0,8.484288637072089,0.0
Benin,2018-02,2.1486123335210388,0.2685765445702775,8.854073547061773,5.523724415427932,3.5810205271504025,0.0,11.575649184682185,0.13428827178424352
Benin,2018-03,2.3608902868998407,0.23847376779014307,13.998410208744039,8.934817253608902,3.7678855967885534,0.0,11.875993833863273,0.3577106516852146
Benin,2018-04,1.9865643498310943,0.28790786964299425,8.800384042261037,6.50671795993474,3.0806142168023034,0.0,9.45297532212668,0.48944341506333977
Benin,2018-05,1.3261944108072485,0.2471169683822076,10.700164945502472,7.652388648540363,1.359143367169687,0.0,10.560131857924217,0.09884679095881385
Benin,2018-06,1.4891696966425996,0.0,6.507220423483755,5.099278150559567,1.6787003523194945,0.0,7.554151865442238,0.11732851573104691
Benin,2018-07,1.2224108938709677,0.0,6.655348014872664,4.745331239303905,2.614600974074703,0.0,6.027164524091681,1.3582342950254669
Benin,2018-08,1.830238731285588,0.0,6.648983437228117,5.358090346386383,2.35190104868435,0.0,6.542882320877984,0.26525198946065426
Benin,2018-09,1.0414903193175276,0.381033022934801,6.10499571800508,5.046570795758679,2.0406434937349704,0.0,7.756139301541067,0.45723961510076205
Benin,2018-10,0.8814102754407052,0.1201923076923077,6.883012713341346,4.4471153465544875,2.1875000340544872,0.0,7.932692842548077,0.0
Benin,2018-11,2.394958123112605,0.226890760194958,4.8151262268504205,5.596638727435294,2.268907582917647,0.0,5.226890739905883,0.20168068040336135
Benin,2018-12,1.4110929810375201,0.0,5.929853321566068,6.533442235399673,1.517128846887439,0.0,9.494290576969005,0.6117455141990213
Benin,2019-01,2.385786846348562,0.0,4.678511336771574,5.524534703296108,2.8934010397563457,0.0,6.802030666666666,0.0
Benin,2019-02,1.7697229398841507,0.1705757000660981,12.636816343667375,4.747689964503909,0.8955223980582799,0.0,6.709310494734896,0.08528784953233831
Benin,2019-03,1.4140127724382165,0.12738853492738855,13.509554107872612,6.394904494807644,3.0191084378828026,0.0,7.968152783961783,0.7070063782089172
Benin,2019-04,1.828605954697043,0.0,11.448401398895594,4.242607233097766,1.8648159524972843,0.27157513618587814,11.237175606590222,0.38020521569040433
Benin,2019-05,1.4358109043817566,0.08445945901576576,10.630630374425676,3.9864864297038287,0.9628378592094595,0.0,6.8524775207015765,0.0
Benin,2019-06,1.0964650319388856,0.0,7.231875591771121,6.590773031751947,0.7908927671342122,0.0,5.88376289173517,0.5392450569868185
Benin,2019-07,0.7461842880033918,0.15262860632108535,5.573770513569248,4.171848539405314,2.3516110742662524,0.0,6.269078661869418,0.25438100586319956
Benin,2019-08,1.2224209758103757,0.17889087616935004,7.835420313943351,3.762671431632081,1.9916517651645798,0.0,7.3345258818944545,0.14311270674239715
Benin,2019-09,0.9980040241949435,0.0,4.078509533223553,4.823685992944113,1.8230206317797737,0.0,4.883566302105788,0.09980039911510313
Benin,2019-10,1.6544363515050033,0.08005337171781188,7.798532329695798,3.375583747810541,0.8005337051621081,0.5336891264276185,6.384255760901267,0.18012008311074051
Benin,2019-11,1.8676123012009456,0.0,10.094562489468085,6.542553207952719,1.5248227489858153,0.26595744634633567,8.581560371362885,0.5319148936938536
Benin,2019-12,2.5221730147937915,1.1973392275920178,8.38691818172062,7.156319457117311,2.206208476203991,0.0,6.962306113108648,0.0
Benin,2020-01,1.3511939877938266,0.2620850323209085,6.301689134184042,4.507862640017472,1.7996505592748981,0.0,5.67268472622947,0.5940593945800816
Benin,2020-02,1.4004914564250615,0.0,7.217444893605651,5.853808541167077,1.3083538351289927,0.0,5.694103138617936,0.44226044485257987
Benin,2020-03,1.2199312961481958,0.0,6.855670324530927,5.360824914564433,4.673539619505154,0.0,4.85824767501031,0.08591065312113401
Benin,2020-04,3.8371183863054035,0.17619420506499606,19.275646502372748,11.863743416570088,9.256069391664058,0.0,10.84181754119812,0.9044635922866092
Benin,2020-05,1.7861434445046056,0.4805766921938326,15.254305956555868,5.3984782866543854,3.880656830555066,0.0,6.21545875273368,0.4565478900248298
Benin,2020-06,0.9341057537089067,0.5430847207646633,11.817524140535843,6.0572048533063,2.766111697859522,0.0,5.148443167160029,0.09775525122085445
Benin,2020-07,1.2239468014682926,0.5498891293725057,9.671840709877605,6.713969258232817,3.3747229180824836,0.0,5.126385868735255,0.3192904785210643
Benin,2020-08,1.249354686783686,0.23231801766649457,10.495611837583892,5.436241780454311,3.1285492978316984,0.0,5.524006268735158,0.29426949091378424
Benin,2020-09,0.6610841994746585,0.0,9.537241352405465,3.807844891204936,2.053768185794623,0.0,5.469369646935214,0.5024240009731159
Benin,2020-10,1.030042928702146,0.05150214834163091,8.91845473873648,2.6180258633296134,3.583691100082403,0.0,5.334764130653219,0.3605150353811158
Benin,2020-11,0.2078822083057601,0.0,5.188393293111737,2.888696480055436,2.732784823325249,0.0,4.20961457444305,0.6236466249172802
Benin,2020-12,1.7451864046013927,0.061450225514133545,9.24621052230992,3.6501433895223268,3.6255634106349857,0.0,5.612454058992216,0.1966407286653011
Benin,2021-01,0.5712109671279512,0.0,7.97791335724029,4.6839300495658795,2.03351109214623,0.0,5.3769992316028175,0.045696879094821015
Benin,2021-02,0.5171748394751061,0.219992282777692,7.7306060612493255,2.960246973720185,1.1501351550304901,0.0,4.832111063418228,0.0
Benin,2021-03,0.5070118803523912,0.04314994818122977,6.195613335627472,2.1574973799884933,2.4056096083466385,0.0,5.1959727055174385,0.0
Benin,2021-04,0.9644670432258883,0.0,5.317259036460237,3.71827411585533,1.3451776931886632,0.0,4.153976333659899,0.20304569325803726
Benin,2021-05,0.6638418150663842,0.14124293792561207,11.953860625922786,6.214689332877589,3.822975576252354,0.0,7.325800315723165,0.0
Benin,2021-06,3.5063612911145037,0.6259541714284987,6.407124977923664,4.458015444168447,0.9363867735547073,0.0,6.183206131459542,0.6870229008234098
Benin,2021-07,1.7922078050909092,0.0,8.431169076646041,3.5480521310046753,0.779220779465974,0.0,2.872727381485714,0.28051948497454543
Benin,2021-08,1.4446227927875868,0.38523276044355265,9.299090535000536,3.3119314933841624,1.7924023798100588,0.0,4.4676297867405035,0.4815409312632425
Benin,2021-09,1.0039370246545276,0.0,7.401574701790353,4.143700848550197,0.7332677212253936,0.0,4.783464393608267,0.8710629941633857
Benin,2021-10,0.6691061386105592,0.0,5.190799925088866,4.903293440888657,1.0036592019032933,0.0,4.955567369335076,0.3136434915133299
Benin,2021-11,0.9824394892724253,0.14238253463360231,5.728524003776459,5.662078680748457,1.2672046146459421,0.0,4.527764620985762,0.9254864736155672
Benin,2021-12,1.364864894935135,0.21621622477702707,11.072072297878378,4.225225266389189,1.8063063664135133,0.0,5.207207385425676,0.37837839310945953
Benin,2022-01,1.4450577351560463,0.13547416235775214,5.143000597374812,4.229804313101857,0.41144005428299046,0.0,5.805318641401907,0.3462117456869042
Benin,2022-02,3.8694992655872538,0.0,3.88973189753566,2.8072837749600406,0.4299443725341427,0.0,5.118867033075366,0.0
Benin,2022-03,5.114631485674031,0.21675698367319715,8.83284740084035,4.31429769326386,1.625677435012922,0.533555645720717,4.535223017185494,0.6877865775289703
Benin,2022-04,5.422535457147887,0.24413145751267606,7.370892107860563,5.342723114501409,1.5539906168112676,0.0,4.821596112130986,1.051643219387324
Benin,2022-05,6.635382509995307,0.6194275009080243,8.718911542268888,3.7869544055443454,2.1961520385640547,0.0,5.391834712055373,0.5912717210323792
Benin,2022-06,4.596774379149431,0.4838709703074004,6.859582742177894,5.336812290954283,1.404174591024668,0.0,5.844402189249999,0.8396584346314041
Benin,2022-07,2.3472823903900917,0.4184704097614238,6.099086016089947,3.5738336516685907,1.6209716466036557,0.0,4.170274149680616,0.3751803956334776
Benin,2022-08,1.5751056658974263,0.2305032652243565,5.889358696546676,3.580484131538609,1.2485593909396848,0.0,3.57280072465194,0.4610065404640799
Benin,2022-09,2.443159972815414,0.5086705130142581,7.456647398585742,3.7109827216701343,1.4258188827375722,0.0,2.8786127554373793,0.3892100151710983
Benin,2022-10,3.290196081981176,0.5960784241270588,6.23921588868706,4.729411947981176,1.3333333805647059,0.0,4.650980444470589,0.27058823865882353
Benin,2022-11,2.0795533979863925,0.47103977628401955,9.954640736971736,5.826936713211794,0.7048150831465457,0.0,4.870900431104676,0.31402652655722263
Benin,2022-12,2.940577254163328,0.14261460229269948,5.0016977504920215,3.3786079154139217,1.8098472211473684,0.0,5.8845500917606115,0.2546689386696095
Benin,2023-01,1.2095895024293497,0.15256084468289138,6.356702021961497,2.662550021511079,1.5256083837602616,0.0,3.447148750988739,0.054486014885579366
Benin,2023-02,0.6800684694542344,0.1796407209195894,5.111206240450812,2.4251497639683492,0.8126604137955517,0.0,2.90846875674166,0.2566295974499572
Benin,2023-03,2.456371549147514,0.24695423114455056,7.454725421494568,2.9008890163141254,1.2841620095666775,0.0,4.441883527390517,0.24695423114455056
Benin,2023-04,1.5776263977956255,0.08605235190319109,6.027250026460379,4.5500179051452125,1.6744353000731447,0.0,3.4134099374550018,0.25815704769523123
Benin,2023-05,2.237735874267547,0.33962264169584905,7.905660341763773,5.113207673338112,1.0867924598339622,0.0,3.049056674035849,0.045283020828301886
Benin,2023-06,3.3710408349909504,0.39969835562443434,6.3876319978552045,5.882352922722948,1.3009050131651585,0.0,4.0384615800950225,0.3167420854208145
Benin,2023-07,1.7266187194093146,0.40893598011662247,5.372964952199925,4.596743607557743,1.2949640212586142,0.0,4.0136312544096935,0.29534268071488073
Benin,2023-08,3.2936834228498775,0.3691550456160787,6.9360132978867926,6.497128709814603,2.186218199789992,0.0,12.867104055159968,0.27071369590812144
Benin,2023-09,4.688070030131339,0.3465888359989055,9.434512965332726,6.296971669938438,1.8059102339660706,0.0,11.284202872809194,0.5581904310229843
Benin,2023-10,3.9499412538897145,0.7860774312514666,7.26241692472546,5.475166387530701,2.553773915132577,0.23464998061947592,5.655064488031209,0.19945248875909266
Benin,2023-11,3.441006607650459,0.24481468235192108,4.535872123297517,5.334920033679701,1.666099990387283,0.0,5.746344886435225,0.6834410278816729
Benin,2023-12,4.537972314079696,0.808080822828657,9.629629615224092,7.624392067166854,2.846988318704078,0.0,8.264122818913954,0.1683501683718668
Benin,2024-01,2.268907694197861,0.6264324043812068,6.180290341570664,5.9396486319125295,0.9167303464576013,0.0,5.9129105263544695,0.22918259112299466
Benin,2024-02,2.2502557350698944,0.8012274045584725,9.679509151922945,5.3358335281336515,1.5274463073508355,0.0,8.27480383486737,0.39890897677940673
Benin,2024-03,2.6949861832844704,0.6580779808360028,9.829387500897463,5.0278551312597495,1.277855154878482,0.0,4.3384400416300934,0.5640668538823119
Benin,2024-04,3.8719798993395043,0.583620942693756,10.112959173501727,7.417634381432382,1.5061186220379668,0.0,4.860370272337073,0.5365547580922497
Benin,2024-05,4.540831737122345,0.1794795098115465,7.71163646724499,4.813042230167515,2.165719444914748,0.37690696679629077,6.524080193374215,0.2602452971432845
Benin,2024-06,3.861502198051056,0.475352106731514,6.654929918614437,4.906103413629401,1.3057512229621477,0.0,5.683685657025528,0.3873239453054578
Benin,2024-07,3.3115152995214547,0.1769697076123636,3.978181920004364,5.900606218505122,1.4400000313134547,0.0,4.744242425428363,0.4363636599032727
Benin,2024-08,3.856799024083935,0.27075812284987966,3.925992851929302,6.257521058637485,2.066787019009326,0.0,4.413357473459687,1.1732851696386883
Benin,2024-09,3.026738058041711,0.2754010742385027,6.57219270284385,5.633689643526738,2.1577540950513368,0.24064171087112302,5.005347460518181,0.7219251336149732
Benin,2024-10,2.7186760915061727,0.7197268088184923,5.639611206540583,5.206199107675335,1.52088262478487,0.0,4.688731253294457,0.70133965735855
Benin,2024-11,2.8742515683670664,0.5449101742377245,5.661676629325749,5.089820416832335,1.6796407801532933,0.0,6.164670568301797,0.404191623420248
Benin,2024-12,4.928349185713396,0.3271028038560747,5.856697730196261,8.056074823189409,1.233644894141433,0.08099688155638628,3.8940809823787004,1.9314642483320872
Benin,2025-01,4.952913701442024,0.4208357773145968,8.537374769558564,5.1118305176795165,1.4743966801280166,0.0,5.479694051640671,0.4237787103972925
Benin,2025-02,1.8541945203508656,0.5059920126158456,6.458055933091877,4.810253225844751,1.810918826087217,0.0,5.149800355279627,0.47936087148335554
Benin,2025-03,2.7246068617302055,0.474540115196481,5.6225007958064515,6.574246992520296,1.9968008620117301,0.0,4.665422535360704,0.6878165745747801
Benin,2025-04,3.306474246043901,0.47513199120866906,5.27090863970214,4.798555320771325,1.717143676656849,0.0,6.137816274313976,0.6001667099083078
Benin,2025-05,3.367037473034378,0.3513650180444894,7.977755630996965,5.856926447925177,2.019716875821031,0.0,5.025278213924166,0.5384226479201214
Benin,2025-06,2.7702530358277535,0.1533350371584462,7.278303213172758,6.368515603449271,2.4380270120388445,0.0,6.4605162755867624,0.572450813866854
Benin,2025-07,2.756512437826422,0.15151514650079745,9.08559259150319,7.052100072168261,1.446039394160553,0.0,5.3748005756640085,1.0606060826116428
Benin,2025-08,2.401296433954626,0.3506187278367707,7.100766317263111,5.766057778896288,1.8149676153258691,0.0,4.269298863498821,0.8043606346744255
Benin,2025-09,2.28155340802589,0.6823085276396981,6.995685046458468,5.609492949295578,1.777238419226537,0.0,3.7081985736796117,0.5663430480636462
Benin,2025-10,2.6622718232170386,0.06085192904259635,8.93762704043002,3.544624793833671,0.8138945327829615,0.41835699751318456,4.391480701046652,0.4690669191764706
Benin,2025-11,1.8849930417946705,0.20196352891388497,7.0883591341239836,3.4586254643551193,1.3997195444280504,0.08415147313772792,4.224404010834783,0.37868164716521735
Benin,2025-12,1.080229247911748,0.2578796634484241,1.7249283819415473,3.713467189791403,0.17191977027908312,0.0,4.750716494631519,0.08595988513954156
Botswana,2015-01,8.309859121383804,7.764084616267606,10.669014488767605,21.232394268884704,8.362676056707746,0.0,2.6408450700105632,0.21126761350352113
Botswana,2015-02,8.060605887108952,8.096969720578493,12.424242655199999,23.75757628203186,6.824242533604399,0.0,2.8000000751054546,1.16363640944
Botswana,2015-03,10.828025695709082,6.407643488426752,17.796179265712937,23.87261190186402,10.891719804063403,0.0,1.6815286385159236,3.5159236459743766
Botswana,2015-04,8.85988968377971,8.530219996565934,10.480769650288462,32.69230778798622,6.346154081886342,0.0,4.409340875720996,3.1730769752335166
Botswana,2015-05,7.736318117551777,3.084577107999538,9.45273631850746,19.365671712215676,10.858208625157355,0.0,3.7313434618593093,1.0820895280099505
Botswana,2015-06,6.920151898336194,5.4372623389746515,14.714829152025528,21.29277569501666,8.022814014996523,0.0,2.5095056061825094,0.5703422049391634
Botswana,2015-07,5.8149170155132985,5.372928190276242,8.342541350430427,18.4116020987794,7.168508234428886,0.0,3.0248618920878845,0.6215469616574586
Botswana,2015-08,6.037295948792542,5.291375302657343,5.757575657957177,17.87878867154985,6.550116361323143,0.0,1.7016317456765895,2.377622333072261
Botswana,2015-09,5.2770081983125054,3.8919668451869804,9.695290796027187,20.789474069496556,4.861495666673486,0.0,2.326869832409972,2.2022160796674313
Botswana,2015-10,5.144175470985006,8.154555945517878,9.31949277283925,21.39561734166627,8.950403817508223,0.0,2.9065743173467458,2.9181083313171863
Botswana,2015-11,8.673469752591838,5.650510015755102,6.2882656956938785,17.551020786407214,11.339285571079737,0.0,1.5688775149178935,3.2142858118367346
Botswana,2015-12,6.210691674,4.182389884622641,7.594339502267521,13.96226418321267,4.544025060191239,0.0,2.54716978185849,4.103773719530862
Botswana,2016-01,4.410875996175227,6.148036260706949,8.700906402210919,16.34441052706949,8.429002942287786,0.0,1.7220543234199395,4.078549992519076
Botswana,2016-02,5.605442313469388,7.142857564930612,7.972789265316502,22.44897942889796,11.687074748777725,0.0,1.714285636244898,3.741496599053061
Botswana,2016-03,4.21997746266176,6.127946304152638,8.181817791505756,16.947251511359596,5.129068440475036,0.0,2.6936027199363153,2.6150391964085298
Botswana,2016-04,2.3200992316736975,4.565757054118965,8.2258065644704,15.099255975295465,6.6377170326526045,0.0,4.466501240419355,0.8933002241153847
Botswana,2016-05,4.680050212047712,6.235884693027926,8.381430238225379,18.067753929088152,7.9171892390613365,0.0,2.0702634878456716,4.968632598549417
Botswana,2016-06,5.755995584976672,5.65172052277959,7.278415084236973,17.778936586609113,7.966631718131533,0.0,1.8456725061601962,4.786235846186026
Botswana,2016-07,5.604519924585311,3.073446332912994,5.954802211050588,13.265537354871634,6.146892747278418,0.0,3.2881356094978846,5.446327661970623
Botswana,2016-08,4.59429820419765,5.712718974479604,8.015350866701503,15.153508877719046,12.116227732552538,0.0,5.756578712636656,3.092105346894737
Botswana,2016-09,3.816872368869606,5.884773545159729,10.637860145562255,18.01440313604365,6.738683274810993,0.0,2.345679032182363,2.9320987163527628
Botswana,2016-10,4.408251837659067,7.546145831054288,10.716612462710653,16.85124852403682,9.641694275296322,0.0,0.16286644953637353,0.9120520762225842
Botswana,2016-11,2.2384701479415074,7.289088885578884,7.446568996858138,15.601799809401736,9.39257621845293,0.0,1.4510686808278965,0.9448819007694038
Botswana,2016-12,5.357142783697247,5.108695630058252,8.385093019809625,10.326087099254302,6.428570999565837,0.0,2.8416150105462266,2.2826085920330077
Botswana,2017-01,4.857143027812692,4.657142877502857,6.099999972919142,14.65714294316612,6.157142809990898,0.0,2.6142858774526934,1.2857142860057147
Botswana,2017-02,3.8675495494960805,3.2847680793023266,8.860927138745124,14.58278166585801,7.986754992094076,0.0,1.5099338511337748,0.9668874426039735
Botswana,2017-03,3.8047558668568557,5.294117491951689,6.770963424146756,15.707134064346143,4.480600745530198,0.0,3.2665833966839966,4.017521831243446
Botswana,2017-04,9.73404252965828,6.063829710813335,5.651595744833776,16.196808186198666,5.518617053244528,0.0,4.627659599682559,2.273936221285257
Botswana,2017-05,3.2767624833497195,3.9947780244464752,10.63968624854211,19.399478170088962,5.27415138670317,0.0,2.754569240818873,1.2271540596684072
Botswana,2017-06,3.3333333143674535,5.839895075937008,5.866141801442106,11.719160222711961,5.80052465950986,0.0,2.7559053548577803,0.7874015752125982
Botswana,2017-07,7.226993906432078,5.288343634310744,6.012270202152776,16.282208830686837,6.478527601408133,0.0,1.8036810165296053,0.5153374295190185
Botswana,2017-08,4.460674082487382,6.235955216525745,6.348314472446514,11.303370485130916,7.46067427472276,0.5056179779595504,2.797752738938908,0.47191011737078653
Botswana,2017-09,4.462584864869738,5.659863932109037,6.571428434753586,12.911564800095238,3.387755050277744,0.0,2.7346939292561316,2.040816326334694
Botswana,2017-10,7.5194807175315015,5.922077847620297,8.103895804692245,16.81818144557777,6.701298657822412,0.0,2.7662337285917253,1.7922078166441562
Botswana,2017-11,6.588089317814994,6.277915650143459,8.00248135998777,13.473945545665652,7.704714361682273,0.0,4.503722167710776,1.8238213165459058
Botswana,2017-12,3.1061806502735787,5.309033167231378,6.402535597767262,14.97622888831718,2.8526148589090785,0.0,3.8034866809215755,1.9017432651632327
Botswana,2018-01,4.463276923718765,4.3361582328497565,4.322033850945278,13.319208896619369,4.999999744424092,0.0,2.2881357008389824,1.271186440173729
Botswana,2018-02,2.8354429901936706,5.417721573015191,6.316455738794466,15.227847463942602,5.050632953198915,0.0,3.455696227101591,1.037974689177215
Botswana,2018-03,5.063878867304596,5.284552817551252,7.80487775012603,18.443670452943852,9.628338570816524,0.0,3.948896576128787,1.9163763062090593
Botswana,2018-04,5.96605722998907,7.467363055156024,9.451696863278588,22.545690850360987,12.454308074192426,0.0,3.2114883005998873,2.584856484586012
Botswana,2018-05,4.9856321561724135,5.502873590304064,7.255746886921551,16.65229948047849,5.66091904051096,0.0,3.3189654349701967,0.6034482826293103
Botswana,2018-06,6.184649679223454,6.162402707300777,6.0511680020379774,14.705228456903543,5.383759558412838,0.0,1.3681868955394882,1.6017798719787384
Botswana,2018-07,2.816281617755367,3.9273927447164536,9.93399344401694,16.721672948670154,7.271726978905547,0.0,2.442244307949395,0.8250825087194718
Botswana,2018-08,5.088235140039831,5.480392236239216,11.950979796685376,19.156862618412912,9.558823692692297,0.0,1.2941176749041734,0.7647059008751258
Botswana,2018-09,6.419597918435928,8.831658700912707,13.15326675699282,19.183416944247988,6.306532788783164,0.0,3.9195980555987795,3.052763843322432
Botswana,2018-10,5.286458382871094,9.179687562339211,13.385416935546274,20.820313037222025,7.604166151895683,0.0,2.070312512697433,1.171875000138021
Botswana,2018-11,5.982694490171357,9.048207671186649,11.211372015333321,14.758961809010842,4.6724348630798875,0.0,3.5599507270307607,0.7416563664338687
Botswana,2018-12,6.945392458959045,9.505119379118186,13.993173248168114,24.744027833474885,3.498293393350268,0.0,3.020478027784349,2.5085323909270594
Botswana,2019-01,10.329513090100285,8.467048594241056,10.458452551224436,17.449857137955625,7.249284097450061,0.0,7.392550163975847,1.2893982813667624
Botswana,2019-02,5.681818351498416,6.661931967535349,12.840908530106368,21.505681834854666,8.735795182603733,0.0,3.536931696354058,2.769886363811445
Botswana,2019-03,4.347181036838279,7.8486648087678255,17.492582433473203,22.195845828641925,3.7685460433711313,0.0,2.433234505918397,2.4035608025163206
Botswana,2019-04,5.6821588280908975,5.652173919866566,10.749624806721524,20.299850880056837,8.995502069684601,0.0,3.193403220143371,2.8335832942065524
Botswana,2019-05,6.777003251545296,6.010452961552266,7.038327542198406,18.919861073286206,5.696863787282029,0.0,2.8745645433321045,2.456445851893081
Botswana,2019-06,2.8479999538362057,8.416000290140616,12.767999805354055,17.903999934516847,4.463999901411016,0.0,2.5439999392527994,4.320000000020022
Botswana,2019-07,5.02242143928251,6.3079223145698915,13.84155439895853,21.405082686332264,7.264573976207601,0.0,5.56053790945236,1.7040358179551571
Botswana,2019-08,6.932623969311398,7.003546015002886,15.44326217934027,18.989361680244933,7.074468355377708,0.0,3.457446597399392,1.063829787109929
Botswana,2019-09,9.797048087555138,5.571955508205271,12.89667849682314,21.568266361678546,7.084870733770531,0.0,6.9741697771512925,5.793357818995624
Botswana,2019-10,2.0097244495850894,2.9497568955786058,4.392220329049642,13.500810829029447,2.4797405955417453,0.0,3.063208937388607,1.410048591604538
Botswana,2019-11,3.866317169619922,7.9161204015001685,13.289645898820146,18.466579524809664,5.858453385124846,0.0,4.4036696501769335,3.3027522690475197
Botswana,2019-12,8.186195902714102,7.512038557945425,13.049759188490805,25.232744600386745,7.223113734599128,0.0,3.467094879227745,5.1524879847447815
Botswana,2020-01,6.946688053210016,3.6187398801179325,6.704361912801521,19.305331179334274,7.075928755356427,0.0,4.458804585368337,2.1809369954620355
Botswana,2020-02,7.35449730999588,6.335978816831367,10.582010649999695,21.084656443090324,10.105820217563679,0.0,2.1031746785066137,1.7063492510026455
Botswana,2020-03,7.009569053229084,10.86124407479665,17.894736833667803,20.681818645564146,11.68660287540058,0.0,1.614832507569378,1.0406698622188995
Botswana,2020-04,8.295318288033615,6.482593066213719,10.996398894193586,17.322929193286807,8.655462517347418,0.0,6.770708065647846,0.5042016861608644
Botswana,2020-05,11.23428652973874,7.645714024670301,10.891428832788309,21.1428580152909,14.914285689901941,0.0,1.3028571807218607,3.222857120594285
Botswana,2020-06,9.171974583087078,8.641189019932606,13.556263304900515,18.83227121931838,9.607218608016348,0.0,4.596603219893721,0.9766454408492569
Botswana,2020-07,9.114688143191806,8.893360314031819,14.788732268883066,21.800805645047976,11.629779120817936,0.0,6.911468673333631,1.8410462969134807
Botswana,2020-08,7.399999910404031,7.422222190895298,9.300000033388633,19.511111206638503,6.066666496883491,0.0,4.1999998883862535,0.8000000054444445
Botswana,2020-09,4.368048514046512,6.7340747652173905,14.873610246614154,25.17694687360219,9.00910033590143,0.0,2.608695503223458,2.578361981678463
Botswana,2020-10,9.536921217053353,6.983729954275344,11.5143932592089,21.31414245928807,10.98873620688128,0.0,1.9524405690358306,1.8397997253041303
Botswana,2020-11,4.885679835055355,5.042117797848375,10.722021677077496,17.845968589089086,7.472924347965721,0.0,4.404332004200516,2.0938627698387484
Botswana,2020-12,4.066225203969537,4.556291403591562,11.284768152562458,17.07284706649222,5.81456964339421,0.0,4.609271580211769,1.3509933517390729
Botswana,2021-01,4.976525776619718,5.758998353389671,11.298904769449363,19.264476062822,8.122065966058887,0.0,4.413145360976526,1.3145539312676056
Botswana,2021-02,8.051947860967246,7.603305881158238,12.750885253514184,18.016529140665,12.963400657673331,0.0,2.727272772269185,2.443919721747344
Botswana,2021-03,3.661645356570104,7.450753070821121,10.046349503166892,15.65469327887386,6.2572421503193825,0.0,2.259559730713359,0.9733487666558519
Botswana,2021-04,5.763358650803126,10.712468414707379,11.895673782268773,19.491094027754304,7.900763074166994,0.0,1.450381751898219,2.506361390035623
Botswana,2021-05,8.025974112206345,6.701298781463487,9.870129405982485,21.58441642962248,5.610389770959591,0.0,2.9220780765501666,0.6623377118025974
Botswana,2021-06,5.98732851105322,4.445617705230473,6.0084478904309835,14.551213797338477,5.047518448785126,0.0,1.5522703827419515,1.045406582103756
Botswana,2021-07,3.6374002391366993,5.632839316675029,6.761687212169507,18.893956243753827,5.153933761736894,0.0,3.660205261328847,0.44469784439224636
Botswana,2021-08,13.051044223812664,6.914153066435064,9.187935286471163,18.839906923792704,6.960557232326283,0.0,2.192575500460424,1.3921114243109047
Botswana,2021-09,8.976744302981261,11.569767276251758,13.127906958020832,23.94186111049973,12.651163063617908,0.0,4.872093200539833,1.4651163237069766
Botswana,2021-10,6.430260227750016,5.4018912870567375,9.373522569335863,18.687943476776624,6.631205634192097,0.0,2.304964679432624,1.6666666835106383
Botswana,2021-11,10.386681273580297,6.842105268695227,13.104189374294458,19.53813091998702,13.372717171290686,0.0,2.932330949457173,1.2244898316197637
Botswana,2021-12,8.13295591721766,4.285714279391271,7.14285734541657,16.88826037067104,5.388967420947867,0.0,2.8429988076122843,0.7637906782531825
Botswana,2022-01,5.905797214291459,5.362318650613924,7.826087181104399,19.275362417269974,6.956521669527639,0.0,1.6847826005385087,0.27173913095289853
Botswana,2022-02,12.243107926395059,5.538847004580057,10.651629018157607,18.8596486467034,7.33082727640118,0.0,3.834586513533834,1.879699247694235
Botswana,2022-03,7.197149461927585,4.655581953469595,6.698337133837767,19.643705593763485,3.5629453109302345,0.534441805368171,2.387173384932609,0.5225653325296912
Botswana,2022-04,13.544164955550457,4.547437301186477,6.902944118163076,22.104689603565223,6.892039472072255,0.16357688116139585,2.8789531444960583,0.948745889798255
Botswana,2022-05,14.450489291247317,6.060935857244302,8.346027907849868,13.460282430365677,5.516866007995244,0.0,1.4036997353865688,0.39173015734929273
Botswana,2022-06,10.988310651206042,6.7693942158380755,5.058448322191953,18.459085962181994,7.938363650646668,0.0,3.3475026821734923,2.3591923534782144
Botswana,2022-07,11.099899380295689,4.8335015228157125,9.182643335344384,16.659939704967734,2.896064754800461,0.1513622606488396,2.3007064242535384,0.6357215128488969
Botswana,2022-08,17.20391824786452,10.3829031019464,9.171860976152118,22.09260914280043,6.473731357634473,0.0,2.2439893825376167,1.7720392105378453
Botswana,2022-09,12.083333400649916,7.976190386883534,8.769841518045409,17.599206695248245,2.8472221801009354,0.0,1.3392857379761902,2.3214286281134635
Botswana,2022-10,12.603960207548004,7.7425742622267055,10.05940585977434,18.356436381206084,6.66336621354679,0.0,1.5742575065673268,2.396039679260764
Botswana,2022-11,10.097560694308793,5.00487804391342,8.575609742232084,11.990243891601589,5.1219511267735465,0.0,1.668292627577561,0.4390243897600001
Botswana,2022-12,6.030341316177315,6.118836836661368,4.778761085940581,12.427307255427634,5.84070797028445,0.0,0.9481669071845765,1.0619469143135274
Botswana,2023-01,10.75822628389626,5.450643865766442,5.937052830609973,13.934191272248723,3.2188841203190277,0.0,2.832618052848722,0.944206062665236
Botswana,2023-02,9.929245462053805,5.471697956244271,8.643867862278167,12.488207779453436,7.429245591829009,0.0,3.9976415764624322,0.5306603775318397
Botswana,2023-03,11.004901776194714,3.370097981291667,14.59558907501369,19.240196394981194,2.7941176414333686,0.0,1.3357843254779411,2.683823628983928
Botswana,2023-04,6.268656625974568,4.477611939755767,6.187245641594146,13.541383725431205,2.2523744783061446,0.0,1.2211669247647603,0.20352781595658073
Botswana,2023-05,6.377748993065644,5.446313022340084,5.368693494804177,17.34799463142484,3.583441082681462,0.0,1.785252257908963,1.513583416781371
Botswana,2023-06,9.067215482971584,5.240054745142503,7.3662552819554366,13.895747625527806,5.486968450331961,0.16460906027160493,0.9190672218751712,0.5761316608724281
Botswana,2023-07,7.682926989692073,6.2042680817534395,5.914634102605183,17.51524405871846,4.207317094592422,0.0,3.704268430537935,0.1829268370807927
Botswana,2023-08,9.90049738188216,7.686567187597795,10.360696506857284,20.609452362532693,4.689054732561408,0.0,4.079601894653305,0.7462686562761192
Botswana,2023-09,8.88888908165844,8.93939478121916,11.666665503478974,18.901514648160678,4.659090981110642,0.0,2.6767676525675332,1.0227272606666664
Botswana,2023-10,5.056979955405291,6.524216584821937,6.282051438226535,7.962963044493976,2.108262134867887,0.0,2.2649572443468857,3.2478632751780627
Botswana,2023-11,5.430463481811921,5.960264521703992,5.430463576715232,12.874172161787774,4.596026590669214,0.0,2.8609272659582956,2.5033113019322983
Botswana,2023-12,5.784671498540146,4.416058446350365,4.671532785824139,11.715328820054326,1.094890510948905,0.0,1.5875912496350364,0.5474452554744526
Botswana,2024-01,8.9225587670202,6.1952862275200085,7.6430974589350145,12.676767868574121,6.4646464404023565,0.0,0.9932660088539679,1.6666666822569505
Botswana,2024-02,8.021977903519582,5.563186845575077,8.626373133980966,12.266483902794857,5.23351643724058,0.0,5.521978061506711,3.076923056774725
Botswana,2024-03,6.134094185449359,6.5477889884829015,7.902995394189036,16.633380526511637,2.7817403708987163,0.0,1.8402282591036065,3.9229671897289586
Botswana,2024-04,5.609348899134605,4.791318872370617,4.90818027681679,11.88647783093761,2.387312138950966,0.0,1.6527546464021456,1.7529215359766277
Botswana,2024-05,5.830860032081432,4.658753652058796,3.0267062457329375,11.735904963461465,3.011869500106825,0.0,1.2017804363905886,2.3145401159287835
Botswana,2024-06,9.013888807599482,6.430555516133333,5.083333650710595,16.083333725198962,4.388888842999486,0.0,1.9999999469772616,4.347222248441865
Botswana,2024-07,7.277701686666561,4.336525314562243,7.5649794738810225,15.800274021316783,5.143638740069611,0.0,0.7387141036580027,4.3228454367272615
Botswana,2024-08,4.656019784617654,5.147420129334924,4.803439820460547,13.181818178242679,4.287469269974974,0.0,1.1793612266521933,5.749386036651911
Botswana,2024-09,5.827250387272365,6.630170171121965,8.369829791615745,17.27493917279496,6.082725061283628,0.0,0.1824817514111922,1.4355231375533883
Botswana,2024-10,8.88628325001936,6.64712756616781,7.7960145159219225,13.30597870462418,5.357561664912677,0.0,0.7033997658698711,0.5978898169022607
Botswana,2024-11,8.55603438961558,4.655172264573152,10.129310397611023,13.26508650797389,10.517241544725092,0.0,2.521551785433467,6.400862258688455
Botswana,2024-12,7.672530324142623,3.4776725696439588,9.093369744286756,8.849797068274542,4.776725394828841,0.0,1.1366711580405953,2.2733424127341184
Botswana,2025-01,7.43348952972068,3.834115805788733,5.9467918627057905,11.471048165868186,10.532080661982025,0.0,5.070422550179387,2.4413146136995305
Botswana,2025-02,8.872483469471522,5.154362332365789,10.97986659804621,16.295302095636657,7.32885888756882,0.0,3.463087114164103,4.214765145999538
Botswana,2025-03,4.1133897010450795,5.211097829124107,9.059107121586111,13.775633642606682,4.849215985999861,0.0,2.424607978179735,2.279855316468792
Botswana,2025-04,8.578553640523118,4.401496193859885,7.992518513572355,17.007481899387592,5.34912719392914,0.0,3.142144614810651,2.917705776802529
Botswana,2025-05,9.573560513668868,7.366737627700701,10.522387432320132,17.750532691000153,15.71428539584867,0.0,1.6524520759379218,2.7825161082461465
Botswana,2025-06,8.743961046415013,4.855072556008454,13.52656915464724,17.306763593103586,7.729468628214526,0.0,0.9782608866485507,1.7874396368357486
Botswana,2025-07,4.444444405565011,9.704491907651331,8.191489356206448,18.073285955862342,4.432624142231239,0.0,0.8156028476879432,0.0
Botswana,2025-08,5.091623143241511,4.921466018536013,10.968586661216376,10.994764247541097,6.452879637571388,0.0,1.3350786343953238,2.3036649398691096
Botswana,2025-09,6.201342063698331,7.221476567710066,4.040268475642454,15.31543712391854,2.9798657459087248,0.0,0.5637583961847361,1.2080536907597315
Botswana,2025-10,5.755148435352989,4.4508008447455705,6.624713997032625,14.588100903081266,6.704805617441223,0.0,0.6864988557025173,2.8489701804688448
Botswana,2025-11,7.68539334894931,13.04494384153175,9.359550391771364,17.32584267147897,8.134831497722633,0.0,1.0898876456011235,1.8539325838764045
Botswana,2025-12,8.762215283211122,10.211726432899022,15.5211727811181,15.016286919595485,10.456026529359141,0.0,2.263843663702978,2.4429968207382036
Burkina-Faso,2015-01,1.4561027902812276,0.2141327626152748,7.28051427641917,8.529621783548098,2.041399129593148,0.0,6.288365395117774,1.34189867447823
Burkina-Faso,2015-02,1.6041206554348788,0.0,7.888153215304825,9.448123504599621,1.3539367781368652,0.0,7.873436384883002,1.0743193630022074
Burkina-Faso,2015-03,2.984658428640168,1.0878661184267782,6.37377981042626,7.914923507777465,0.8995816137364017,0.0,6.311018247658298,2.022315219287308
Burkina-Faso,2015-04,0.8571428435780218,0.17582418325714286,5.619047779329859,9.216117649223172,1.3479854070197803,0.0,7.523810034039561,0.8498168606505495
Burkina-Faso,2015-05,1.8223583606049003,0.3675344712863706,6.799387402271274,11.791731002091598,1.4701378293261869,0.0,7.480857146373091,0.61255744525268
Burkina-Faso,2015-06,2.719486091897217,0.0,8.629550583246434,8.022840834294525,4.389721661175589,0.0,8.672377094650964,0.8279800410149892
Burkina-Faso,2015-07,2.329169784370316,0.22042615732182216,8.390888932632077,8.052902165224017,1.711976519199118,0.0,12.740632547986772,1.4033798958648054
Burkina-Faso,2015-08,0.2722323052949183,0.18148820352994552,3.8112523339730098,5.862069281303654,0.3266787785072595,0.0,3.7023594286388386,0.617059908892922
Burkina-Faso,2015-09,0.8929837262714387,0.08504606955776046,5.882353109827964,6.222537457945873,2.4450744155315376,0.0,14.379873336739902,0.39688165487243093
Burkina-Faso,2015-10,1.1009174380045872,0.07645259988990824,5.397553436440563,5.0152906586136305,1.261467871527523,0.0,17.95871637192661,0.4281345679954128
Burkina-Faso,2015-11,0.8542372982779661,1.6881355670983051,5.864406811541191,9.681356074108475,3.294915264108475,0.0,14.515254137966103,0.37966102703050847
Burkina-Faso,2015-12,0.5301914618703977,0.6627393222017673,7.14285710740667,8.32842376001841,2.938144301377025,0.0,13.637702716237113,0.4123711445434462
Burkina-Faso,2016-01,0.9584086715443038,0.5666063955449065,6.901748313998278,6.377335885576853,1.699819214188065,0.0,11.434599700433996,0.33755275142796864
Burkina-Faso,2016-02,1.9532237433944375,0.7585335021744628,7.022756239859834,9.44374190892541,2.1997472273577747,0.0,13.179519610438215,1.1125158122408343
Burkina-Faso,2016-03,1.833987650319686,0.4206393717554683,6.9938306523966665,6.965788347694897,3.7689288142905215,0.0,9.405496584856982,1.2563096091867638
Burkina-Faso,2016-04,2.023086252247874,1.2393681710814095,9.854191809807567,8.256379613948969,2.970838372928311,0.0,9.477521610984205,0.5528554155528553
Burkina-Faso,2016-05,3.964208328292842,0.8134490239945771,8.81778761998387,8.383948166366393,2.3156181978181287,0.0,11.973969782619305,0.5477223501946854
Burkina-Faso,2016-06,2.136986275526575,0.4931506850860274,6.942465716654388,10.619178314575342,2.3232876632591783,0.0,12.175342758898632,0.673972612740274
Burkina-Faso,2016-07,1.2031048112031049,0.8732212163001294,7.871927943559674,8.816300342470893,3.201811156752911,0.0,9.307891245899095,1.2354463841009056
Burkina-Faso,2016-08,0.9683794970869564,0.09881422941304349,10.902503515614795,5.889328116543478,1.5876153081086957,0.0,10.803688809347825,1.0210803998913045
Burkina-Faso,2016-09,1.9426048809536425,0.7284768277969096,8.785872392982528,7.637968986631346,2.590139707090508,0.0,13.083149460838852,1.1846946392582782
Burkina-Faso,2016-10,1.4768884169650507,0.7440811615422772,11.465613914533966,11.44870405634252,1.2852311264892897,0.20293123657722661,11.657271816775648,1.0428410239368657
Burkina-Faso,2016-11,1.7497349136983034,0.4772004241065748,6.383881373853795,9.570519580260672,2.7412512271792155,0.31813361572905624,9.575822169042949,0.8801696784941676
Burkina-Faso,2016-12,1.9489318023970816,0.42209484880145914,5.836372974264335,8.718082555592302,1.625846797238145,0.0,7.154767919359042,0.6201146600573215
Burkina-Faso,2017-01,1.7679305315696667,0.9684787488734583,9.552306755967683,10.05481979817451,3.0242120042562814,0.0,9.643673189138418,0.25582458417679305
Burkina-Faso,2017-02,1.474452564355231,0.5255474549343065,8.30170324002105,7.9270070600583935,2.8759124502822386,0.0,6.987834661620439,0.41849149070559616
Burkina-Faso,2017-03,0.7648725462606232,0.3824362558172804,7.5306895320284495,7.870632989962767,2.370160565325779,0.0,8.144476224338527,0.6610009667592068
Burkina-Faso,2017-04,2.3035392695206958,0.35992801427054594,8.938212429539822,10.785842868782245,3.5512897881613674,0.0,8.920216331164967,0.33593282222015597
Burkina-Faso,2017-05,0.5457156466874102,0.0,11.297271363218409,6.955481500167544,2.498803269061752,0.0,14.112015810546495,0.6270943104499761
Burkina-Faso,2017-06,1.296691579130203,0.4802561361152615,6.990394979484129,8.644610535688368,2.1291355692964933,0.0,6.664888122972251,0.6830309732177161
Burkina-Faso,2017-07,1.2812357934656975,0.4089050430422535,8.164470491998753,8.1871877417801,2.1308496186324395,0.0,8.596092589594729,0.9904589130199386
Burkina-Faso,2017-08,0.8223684323684209,0.0798872202631579,6.0620299523934476,5.051691841809211,1.1184210836842106,0.07048872184210526,6.104323425104148,0.5874060258881578
Burkina-Faso,2017-09,0.48888889373037037,0.8246913599022222,9.0370372254789,8.50370380001037,2.2222221397688893,0.0,10.646913688859259,0.4987654392548148
Burkina-Faso,2017-10,0.8978873488732393,0.17605633835915493,8.210093776133954,8.421361460075705,2.8521125862095067,0.0,9.448357367577465,0.32863850601760564
Burkina-Faso,2017-11,0.6457739633523266,0.6125356168774928,5.071225035439344,6.182336138833455,2.5308642513960113,0.0,8.893637734601139,0.6932573781679148
Burkina-Faso,2017-12,2.281498313129966,1.0215664014897843,8.762769991710135,8.813847775871167,1.6685585027979568,0.0,10.454029389557324,1.1180477166884222
Burkina-Faso,2018-01,1.1993603663091685,0.44776119876972287,7.739872400768261,10.32516047673774,1.4712154226257994,0.0,6.82835811442644,0.37846482672921106
Burkina-Faso,2018-02,0.9946236564193546,0.14516129325645163,9.193548348580782,6.741935668770768,2.2473118381790327,0.0,6.322580665867742,1.1397849620008755
Burkina-Faso,2018-03,0.898116823761468,0.5939159914548527,7.199420587845609,6.2675036304981315,1.3182037981767263,0.0,8.430709947173167,0.8208594878619023
Burkina-Faso,2018-04,2.572718211414243,0.19558676475927783,7.136409368752887,8.931795751865597,2.096288840646941,0.0,9.007021692107136,1.318956868104313
Burkina-Faso,2018-05,0.6602409892192771,0.0,6.973494208476268,8.554217177304398,2.0240964315759036,0.0,10.351807372843373,0.8337349488578314
Burkina-Faso,2018-06,1.1409069143481227,0.21940516869624574,5.34373485222587,8.010726635717212,1.3749390216674793,0.0,9.14675786101804,0.6094588124739152
Burkina-Faso,2018-07,0.7794871697179487,0.15384615361076925,6.3692308573262855,6.697435941214168,2.030769237668205,0.0,6.117948825904103,1.2102564173897437
Burkina-Faso,2018-08,2.083114132688059,1.0889005814203052,7.254076719223176,8.074697753204314,0.8521831019673854,0.9468700688479748,6.401893692898475,1.0678590189374015
Burkina-Faso,2018-09,0.4248768532561576,0.24014778911330048,5.012315349980454,5.8928573219057885,4.027093572335591,0.0,9.131773454418491,0.3448275949913793
Burkina-Faso,2018-10,3.045835360956136,0.635781177508625,6.402168666226347,8.639723917827318,2.646623943016264,0.5174963033218334,8.383440160426318,1.2124199296278957
Burkina-Faso,2018-11,7.3161564905324745,1.3526569942147075,12.286634172776841,9.838969823825014,1.9484701173515833,0.0,10.568975108985505,1.508319921478261
Burkina-Faso,2018-12,2.915309539394137,0.24429967403257327,8.512486580533798,9.07166137532682,2.068403929826276,0.0,12.160695052204126,0.5646037098371336
Burkina-Faso,2019-01,2.777777830483333,0.3055555554666667,7.8833336039184765,7.355555865033334,2.211111175183333,0.24999999965,8.300000031283334,0.8777777755999999
Burkina-Faso,2019-02,1.7460317462597885,0.23809523817248676,9.43915350688638,6.962963034087106,1.9841269966164021,0.0,8.121693323222752,0.35978837035185185
Burkina-Faso,2019-03,0.7609756054156097,0.058536588162926825,4.014634213362565,6.707317492249574,1.8634146368634148,0.0,4.517073282611707,1.2487805063586621
Burkina-Faso,2019-04,0.35697286960304614,0.0,8.000951866803074,7.091861064315564,2.013326996341266,0.0,6.534983622511961,0.8091385163902903
Burkina-Faso,2019-05,1.7186108809082812,0.4808548724131789,5.970614729575805,6.821015395317898,2.41763139541585,0.0,7.208370567515583,0.6767587051415851
Burkina-Faso,2019-06,0.5632360468177163,0.10240655452124935,6.810035976476322,5.611879192439837,1.7511520886149516,0.307219662547363,6.692268734557092,0.6093190252176139
Burkina-Faso,2019-07,1.2025032612136792,0.6571300866495305,9.959767841640259,6.294144100071524,2.159141716180152,0.0,8.064372155160317,0.706303092607063
Burkina-Faso,2019-08,0.5076142135805838,0.0,6.465736273981127,7.030456849270939,0.8692893584352792,0.0,5.177664983824238,0.3553299583775381
Burkina-Faso,2019-09,1.2565444972367654,0.38394416157649797,5.916230522229934,5.834787761489238,1.8208261700116346,0.26178010456660855,6.573589254217569,1.0063990798429319
Burkina-Faso,2019-10,2.2958953580554806,0.18042399661705008,6.481732201753838,7.645467051684825,1.16373475270636,0.0,9.364005311322057,0.7938655902097429
Burkina-Faso,2019-11,1.0523614329209445,0.07700205321355236,7.392197272223438,6.575975586591376,4.635523819156058,0.0,7.053388364335729,1.226899413421971
Burkina-Faso,2019-12,1.3899613536332047,0.9266409169768338,7.919884463964892,7.2297296351737455,1.2451737548764477,0.0,7.244208881042292,0.2702702775637066
Burkina-Faso,2020-01,1.186046511627907,0.9627906999962791,6.558139667675935,7.130232279099535,1.9534884390697673,0.0,5.934883916026047,0.4418604758920931
Burkina-Faso,2020-02,0.8770979997471574,0.48727666529074176,5.928533014153902,6.551164295141852,1.4618299948613969,0.0,5.148890268008663,0.7255008172138603
Burkina-Faso,2020-03,2.0999519829255164,0.888995675045651,8.817876513634435,7.664584575396264,3.733781838227775,0.0,7.856799616042287,0.5382028011407977
Burkina-Faso,2020-04,2.946475908076312,0.2384737677133016,14.165342209386996,9.252782453534346,6.512983956237413,0.423953364936407,7.042925712896132,1.202967688698993
Burkina-Faso,2020-05,0.8055693592963699,0.5271009641471904,6.787667921831555,6.563898534231669,2.7946297180009947,0.0,8.811536871163598,0.3381402387071109
Burkina-Faso,2020-06,0.766283565624521,0.7151979645291614,9.123031227184443,10.174542471515538,4.406130156420605,0.0,10.48957056335165,1.1068540109970202
Burkina-Faso,2020-07,1.004052236990995,0.2566411545020261,10.616839559033433,6.90679896929086,2.7420081306884287,0.0,9.027465535190906,0.4682575570688879
Burkina-Faso,2020-08,0.2170601689840061,0.0,6.538461630729344,7.357197350400609,2.2543793679512567,0.0,8.549124596871145,0.4417364962071592
Burkina-Faso,2020-09,1.8451400405337726,0.04942339591433278,8.603789140355543,8.278418647683539,2.4176277476836905,0.18533772610873148,8.83855045876112,0.9719934358418452
Burkina-Faso,2020-10,0.8145849587129558,0.4654771139398759,7.071373035806927,9.27851075299651,2.269200995558185,0.1745539178533747,5.702094869147789,0.5081458551683475
Burkina-Faso,2020-11,1.2340425711773049,0.5531914802931442,5.721040312928254,6.723404438373522,2.8652483008794327,0.2127659576170213,7.886525102600473,0.8037825399432624
Burkina-Faso,2020-12,1.401010564615526,0.045934772942581525,6.54570535106994,7.758383078858639,2.1359669712163525,0.0,4.832338136663298,0.7533302758530087
Burkina-Faso,2021-01,1.2448132886459198,0.0,9.077916237883937,5.011526292984787,2.4942370044024895,0.0,7.413554696730291,0.39649608746749654
Burkina-Faso,2021-02,0.39751553362525877,0.09937888618136645,3.933747362307767,6.1283645176757755,1.047619055500621,0.0,6.049689644826087,0.9523809723892338
Burkina-Faso,2021-03,0.9214219027128155,0.4209541631057063,5.547240697241935,5.603367754237605,1.1927034727408794,0.0,4.705332037156221,0.8231992578858747
Burkina-Faso,2021-04,1.48542337735354,0.5552984733155947,3.8870892997817013,10.92086993648311,3.3919482143627953,0.0,6.302637614804257,0.7589079288523831
Burkina-Faso,2021-05,1.5803453192098271,0.26560424930810095,8.251438672589755,9.344843089482072,3.926516202078353,0.0,8.884462448556441,0.752545384998672
Burkina-Faso,2021-06,1.1115214676986704,0.0,6.418020774422177,9.209749036626292,1.3847858722422453,0.0,6.606351572118169,0.3397341312850813
Burkina-Faso,2021-07,2.5205071163859065,0.6413124554932886,8.72856100312985,7.908277561538031,1.0514541585536912,0.0,5.18642812405481,0.25354214007382553
Burkina-Faso,2021-08,1.5454203239257447,0.0,5.062193705225502,5.096117775659629,1.2891067181775349,0.1130795328967207,4.602336893007916,0.4523181396532227
Burkina-Faso,2021-09,2.8024558338566266,0.17334778615131818,6.366919773540359,5.709642457934633,1.700975095232936,0.0,6.876128707906465,1.1989888403104474
Burkina-Faso,2021-10,0.9518304820531792,0.2774566581757225,6.462427986868307,6.366088634245715,1.861271720598844,0.0,7.263969226441619,0.4816955779468208
Burkina-Faso,2021-11,0.9146968318427544,0.0,9.582048812260794,7.204522152282631,1.5964371574618021,0.0,9.277149650218224,0.29462145068516615
Burkina-Faso,2021-12,1.098286125258482,0.0,5.5019237731434965,5.152151183270374,0.6400839521776844,0.0,5.278069216831759,0.41622947103392793
Burkina-Faso,2022-01,3.201284858080657,0.37473233424518204,6.2990721257820335,4.668094123500224,0.9957173308668807,0.0,13.597430587912786,0.4139900125453248
Burkina-Faso,2022-02,1.9158201053577648,0.16328011569448475,6.82510883287854,5.624092931461176,1.6328011609985487,0.0,14.23076950440544,1.1284470816367924
Burkina-Faso,2022-03,4.318258039294472,0.5293132317065327,5.581239599255363,7.10887758735934,0.9547738854726969,0.0,7.688442162853103,0.8911222903296483
Burkina-Faso,2022-04,5.044130677109444,0.5957634595564872,4.827890623632505,5.269196795048102,1.125331022037511,0.28684907353133277,8.892321491942466,1.4254192806407766
Burkina-Faso,2022-05,9.44762737158071,0.0,6.509820051449777,8.265138901963994,2.013093340687398,0.2659574466121113,13.79296270181327,2.630932982651392
Burkina-Faso,2022-06,6.698895203223757,0.48342541430662983,7.380294712338516,7.78545110514641,1.7817679578176795,0.0,7.490792107440726,0.7550644719060774
Burkina-Faso,2022-07,4.3005180935678755,0.31088082912124354,8.708117555497498,6.822107434822413,1.025906729607254,0.18652848448704662,8.46632129788986,1.5129533748829016
Burkina-Faso,2022-08,4.46655380886786,0.19051651109060116,5.249788536935127,3.543607014139712,1.5114309824377645,0.1524132054220999,5.279424288957082,1.6850126986765452
Burkina-Faso,2022-09,3.8931298121116416,0.35782442749141224,4.27958014355976,6.292938924782921,0.9732824818406488,0.0,7.719465624027496,0.696564892283397
Burkina-Faso,2022-10,4.307561642090059,0.12744265063721325,6.550552273952106,7.621070633389975,1.847918395819881,0.0,11.291419177923379,0.8623619447408665
Burkina-Faso,2022-11,4.2327460041685026,0.6424375913722467,6.791483173851416,4.460352326348017,0.6057268722411895,0.0,8.37004421085041,0.8113069070671807
Burkina-Faso,2022-12,4.699537896885593,0.0,5.4160246399588825,5.789676524456185,0.9129430186113252,0.20416024458012325,7.0069339226373755,0.6548536206278889
Burkina-Faso,2023-01,5.790236884983083,0.14499758359110682,5.016916428609598,6.640889253491969,2.1217980440937647,1.788303527897535,5.321411420107118,1.1696472212131463
Burkina-Faso,2023-02,3.3674964879458273,0.0,6.9033677114045595,6.852122971311588,0.834553447717789,0.164714494943631,5.373353114936173,0.45754027215409954
Burkina-Faso,2023-03,3.017772899667755,0.0,5.897715059449454,9.887559027050301,1.2549872925585779,0.0,4.588320733907736,1.160681917672833
Burkina-Faso,2023-04,3.5613972036226147,0.8354339318185092,6.319769698902864,8.170687735830032,1.4115952744004319,0.0,5.469931850803612,0.20165646863881886
Burkina-Faso,2023-05,5.1245792143,0.5218855217333332,5.828282993769783,5.49494950419188,1.4040403811777777,0.0,7.939394018568225,0.42087542871111117
Burkina-Faso,2023-06,3.5832452336195,0.14079549473952832,5.80781433427077,8.599085196575853,0.8588525536610349,0.0,3.7944386181156733,0.323829647467793
Burkina-Faso,2023-07,2.7231961237321647,0.04891969174643294,5.006115163380455,5.038728122649817,1.0273135347533633,0.0,5.776600160826183,0.8683244987105584
Burkina-Faso,2023-08,1.3045006834124473,0.0421940944092827,4.880450270336939,4.978902916754571,1.13924050140647,0.0,8.459915860225609,0.07032348764943741
Burkina-Faso,2023-09,1.4255911655632825,0.052155772293810854,7.058414853762606,5.246870615439719,1.742002778566064,0.20862308714394992,8.5709320656593,0.9040334050462446
Burkina-Faso,2023-10,2.9648241496111325,0.23192887534982604,5.3691536195834,6.138384235818179,2.841128757828759,0.04638577708697332,6.006957989770246,0.7730962780595285
Burkina-Faso,2023-11,3.680085557985038,0.0427502688478803,4.517278265250893,8.599928770302814,1.9807623594271464,0.0,5.568222426847036,1.225507688139651
Burkina-Faso,2023-12,0.9611452282842536,0.4601226991179277,3.5582822524346476,7.777777909735262,2.03817314903272,0.0,3.834355812129389,0.4976141757552829
Burkina-Faso,2024-01,1.524999993160714,0.08571428953571428,3.2285714834690205,4.085714451053572,1.149999993089286,0.1607142853125,4.450000158582724,0.11428571601785714
Burkina-Faso,2024-02,1.8390805240137933,0.931034526724138,4.053639872600296,7.789272312424138,1.103448301475862,0.0,6.685823946368441,0.24904214557931037
Burkina-Faso,2024-03,1.3091822953640602,0.437589662840746,7.596843896043718,6.642754621527936,1.3055953782729555,0.0,4.153515037161631,0.07173601129842182
Burkina-Faso,2024-04,2.0906321526534652,0.7083015952871288,5.479817161509237,13.175933397623762,1.801218590792079,0.0,4.261233801398183,0.13328255875247524
Burkina-Faso,2024-05,3.265993273399177,0.16835016808903855,6.805087946908064,8.952488285185185,1.006359934368874,0.0,5.12158656600435,0.669659562549944
Burkina-Faso,2024-06,2.224425093272403,0.11895321171173671,7.704203238806208,8.988898183792228,0.8445678017579812,0.0,3.584456840747672,0.8168120784151467
Burkina-Faso,2024-07,1.5920398158530422,0.5970149395522388,6.16532736178081,11.2667434615155,1.5920398340803672,0.0,4.776119410760669,0.9720627667853041
Burkina-Faso,2024-08,1.118656173248749,0.4824874907969978,3.8313081640433366,8.509649993961053,1.286633318023588,0.0,3.0200144411371084,0.7576840619013582
Burkina-Faso,2024-09,2.8880719560000006,0.15522875579166667,9.154412238376331,7.847222383397163,1.5686275327916668,0.0,4.125817110604832,1.5277778007916667
Burkina-Faso,2024-10,1.4349943779812662,0.22480329706107158,3.9040840087610555,9.381791052588568,2.05695013636568,0.05620082477332334,5.155488917275106,0.4008992234904459
Burkina-Faso,2024-11,2.3235867501914234,0.17543859600350878,5.762183271035043,7.828460418209512,0.8888889051477583,0.0,3.7543860746380617,0.4288499115212476
Burkina-Faso,2024-12,4.227290583117577,0.5898545024113252,5.78450651234615,7.530475947232998,1.9465198864235156,0.0,4.530082693767452,0.8454581198537161
Burkina-Faso,2025-01,2.823685356674768,0.0,6.7211669368662195,5.855059581889754,1.325673894889527,0.0,5.099425725013976,0.7247017488400355
Burkina-Faso,2025-02,1.7717056411811372,0.11899515408021154,4.535037675550135,5.085940979335063,1.758483991467607,0.0,6.223005826242233,0.5509035028082856
Burkina-Faso,2025-03,3.7238095376847626,0.2571428612657143,6.495238088160599,9.747619231538572,1.433333373837619,0.2142857146885714,6.7714287554750605,0.6476190542957143
Burkina-Faso,2025-04,3.288646777005446,0.31420192732383745,8.613322277200885,14.373690938830977,1.110180152497277,0.0,5.069124523923597,0.7121910351755342
Burkina-Faso,2025-05,2.1410579940973973,0.5667506300486985,4.714525666474919,10.747271490354011,2.0109152010074007,0.0,4.550797652750473,0.3106633120621326
Burkina-Faso,2025-06,2.668004169511033,0.22567703105817452,6.068204673825606,8.134403175712135,0.4212637962938816,0.0,4.348044218516364,0.9729187609904716
Burkina-Faso,2025-07,3.0533005145425345,0.15884221640945995,7.677374103196702,10.794211153783975,1.9061066009784677,0.0,4.715849071151299,0.26120719550758914
Burkina-Faso,2025-08,1.4639010696250498,0.20741921812325487,5.444754829604411,6.15476678509972,0.7060231561148783,0.0,3.7495014053742546,0.5743917070263264
Burkina-Faso,2025-09,2.1023152479141145,0.22404779644436143,6.1837194836315375,5.754294397125841,1.3965645862371172,0.0,4.51456325232982,0.3920836442834205
Burkina-Faso,2025-10,2.3710073065159705,0.0,5.02866506616841,9.336609317319772,1.7567567605995085,0.4668304510958231,4.840294764062092,1.4045863832530712
Burkina-Faso,2025-11,2.1971706154571176,0.33156498628249337,5.163571973374561,8.3819630294711,0.8532272830114942,0.13262599431078692,4.252873618332727,0.4862953239314765
Burkina-Faso,2025-12,0.9125964271291774,0.6169665820559125,2.220437007580334,8.110539886998714,0.23136246940681235,0.0,2.670308472674165,0.0
Burundi,2015-01,2.630137025772603,0.8219178082931506,6.904109798235617,3.2054795303041095,2.6301370908246575,0.8219178082931506,4.191780874438356,0.0
Burundi,2015-02,1.6314199685679756,0.9063444110453172,6.163142167226586,4.169184203746224,1.0876133357824773,0.9063444110453172,5.4380663930513595,1.0876133357824773
Burundi,2015-03,3.7534246049999997,0.821917808,6.575342727,2.136986354,0.0,1.2328767120000002,6.493150829,0.0
Burundi,2015-04,4.013761468,0.688073394,10.917431060000002,2.706421953,0.298165127,0.688073394,9.105505308999998,0.0
Burundi,2015-05,0.9900990100000001,0.9900990100000001,3.564356499,7.227722803999999,0.0,0.9900990100000001,8.250825319,0.0
Burundi,2015-06,3.125,3.5416665999999997,2.083333333,6.4583333000000005,6.354166402,1.041666667,11.458333419999999,0.0
Burundi,2015-07,2.479338843,2.479338843,5.730027600999999,4.352617132,4.628099423,0.826446281,1.652892628,0.330578526
Burundi,2015-08,1.884422111,1.884422111,4.221105576,5.452261259,6.959799187,0.7537688440000001,4.447236313,0.0
Burundi,2015-09,2.071611351,0.767263427,3.375959274,3.7595908050000006,2.685422056,0.767263427,3.2225064299999997,0.920716149
Burundi,2015-10,2.4869109949999997,1.047120419,6.675392670000001,8.219895063,3.691099451,0.7853403140000002,7.3560212300000005,0.0
Burundi,2015-11,3.3426183839999997,1.5877437459999997,6.016713197999999,11.11420615,5.682451413,0.8356545959999999,10.194986380000001,0.75208915
Burundi,2015-12,5.229885276632183,1.6379310481724136,4.137931199387931,6.379310427439655,6.925287465560345,0.8620689656494254,8.620690134864944,0.0
Burundi,2016-01,0.8620689660000002,1.149425287,6.206896660999999,5.574712808,3.1034483310000005,0.8620689660000002,2.413793199,0.3448276
Burundi,2016-02,3.412162291,1.4189189350000002,4.864864736,8.851351448,3.3445945460000006,1.013513514,6.587837918,0.0
Burundi,2016-03,1.595744681,0.0,7.765957987999999,5.000000304,9.255319707,0.0,12.234042720000001,0.0
Burundi,2016-04,2.412587446,0.0,8.811189078,1.6783217450000003,3.146853147,0.0,9.440560024,0.0
Burundi,2016-05,5.198675591,0.0,3.774834627,6.4569538,5.960265532000001,0.0,12.21854339,0.0
Burundi,2016-06,3.5640135770000003,0.0,6.228374115000001,6.228373867,0.41522493000000005,0.0,7.820069501,0.0
Burundi,2016-07,7.253731471462687,0.895522387925373,2.8358208956,8.567163980146269,2.7164180242179103,0.895522387925373,8.059701420910448,0.3582089692537313
Burundi,2016-08,8.247734341042296,3.6253776432628397,2.265861027039275,9.51661645829305,0.7250755575981872,0.5438066325226586,3.625377787990937,0.3021148039425982
Burundi,2016-09,1.4610389614285713,0.4220779069188312,1.9480519482370129,3.5389609921948053,2.6298702539707794,0.0,5.000000108123377,0.0
Burundi,2016-10,2.9687500250260417,0.7812499997786458,4.687499999674479,2.03125005015625,0.31250001234375,0.7812499997786458,5.937500235533854,0.0
Burundi,2016-11,2.374100856258993,0.0,2.6258993489208637,2.6978418126618706,0.9712230384172662,0.0,7.661870829784173,1.0791366902158275
Burundi,2016-12,3.8989170360649816,1.083032490768953,7.2924190483646205,5.054151796830325,1.299639040895307,0.0,8.55595704037906,0.43321301363176895
Burundi,2017-01,12.842465751130138,1.5410958899349314,13.63013738020548,6.917808643407534,0.5136986296438356,0.0,5.753424641575342,3.184931572626712
Burundi,2017-02,3.4129692827986347,0.34129692848122867,4.539249211928327,8.088736973737202,2.3549486757337883,0.0,5.017064943617748,1.433447033976109
Burundi,2017-03,3.5625002530000005,0.0,3.000000119,4.406250268,0.75000003,0.46875,3.749999925,0.0
Burundi,2017-04,6.026936540262626,0.0,4.747474875705433,3.5353536157373733,4.646464710457913,1.515151515057239,4.242424530929292,0.0
Burundi,2017-05,9.50331151139404,2.0860927786490064,12.317880731721853,8.443708767635762,5.298013245228476,1.3245033110562914,8.145694937642384,0.0
Burundi,2017-06,1.829268292996951,0.0,7.957317189435976,8.20121983185366,3.201219512493903,0.0,3.292682839527439,0.0
Burundi,2017-07,0.539568345,0.0,3.4532375469999996,2.697841898,5.179856321,0.0,6.906474752000001,0.0
Burundi,2017-08,5.000000122285257,0.9615384618653846,6.923077045012821,7.467948931762821,2.307692246679487,0.9615384618653846,5.192307860003204,0.0
Burundi,2017-09,4.285714497,0.0,11.83673476,5.30612266,3.0612244900000003,0.0,6.122448817,0.0
Burundi,2017-10,6.331168986,1.9480519480000003,5.064935189,7.175325031000001,2.045454685,0.0,2.727272758,0.389610405
Burundi,2017-11,0.9523809519619046,0.0,4.190476432533333,4.857142766571428,2.5714286165333333,0.0,5.523809553885714,0.9523809519619046
Burundi,2017-12,2.178771003,0.837988827,7.122905294,2.8491620909999997,2.765363355,0.837988827,2.346368808,0.0
Burundi,2018-01,9.141414092929294,1.3636363878787878,4.621212169696969,6.792929317171716,2.8030303989898995,2.525252525252525,4.191919167676768,0.0
Burundi,2018-02,4.106145464502793,2.094972067170391,4.189944134340782,10.642457938715083,1.9553072628268156,0.8379888270698325,2.0949721337234637,0.0
Burundi,2018-03,0.0,0.0,5.885558427,8.637602323,0.0,0.0,4.332425354,1.2261580379999997
Burundi,2018-04,5.495495266642642,1.351351351129129,1.801801802174174,10.390390934894896,2.5225224083003006,3.6336337479579583,3.9039039752552553,0.0
Burundi,2018-05,1.9230769227275641,1.9230769227275641,2.3076923991666667,3.4615384462628205,2.1474358363685897,0.0,3.8461536929679485,0.0
Burundi,2018-06,0.0,3.176470738,2.823529337,5.490195891,0.941176508,0.0,5.1764707,0.0
Burundi,2018-07,0.9030100489999999,0.0,4.013377926,4.414715894,2.107023475,0.0,2.408026852,0.0
Burundi,2018-08,2.292993722,0.955414013,2.006369487,3.7261147410000004,4.77707014,0.0,2.961783348,1.146496861
Burundi,2018-09,1.8696884929999997,0.0,9.858356995,3.456090733,5.439093701,0.0,7.9036825440000005,0.0
Burundi,2018-10,0.0,1.8414322983734017,5.524296772808183,3.6828644744347825,1.918158567652174,0.0,3.606138144,0.0
Burundi,2018-11,2.2352940900536966,0.0,11.147059275264704,7.647058683188235,2.823529313664706,0.0,9.529411793011764,0.0
Burundi,2018-12,0.4132231404077135,0.0,6.942148576749311,1.5977961959889808,0.6611570515261708,0.4132231404077135,4.9586778172561985,0.0
Burundi,2019-01,6.184210432,0.0,15.394736900000002,2.960526394,2.8618421990000003,0.0,4.835526488,0.0
Burundi,2019-02,0.41095892,0.0,10.54794535,5.684931637,3.1849314909999995,0.0,9.349315134,0.0
Burundi,2019-03,0.0,0.0,14.074074113425926,1.4814815407407407,3.3333332449845683,0.0,1.1111111555555555,1.1111111555555555
Burundi,2019-04,2.186495238,0.0,15.33762082,6.977492053,2.025723534,0.0,2.025723534,0.0
Burundi,2019-05,3.3673469714965982,0.0,21.326530875,2.7891157436394556,3.3673468089455776,0.0,8.877550906904762,0.4081632813435374
Burundi,2019-06,2.076124567,0.0,18.13148809,2.283737074,2.07612465,0.0,8.373702686,0.0
Burundi,2019-07,2.7327326319999994,1.351351351,11.89189193,5.765765923,3.693693966,0.0,10.360360499999999,0.360360375
Burundi,2019-08,1.41509434,0.471698113,20.94339575,6.698113043,1.132075517,0.0,17.73584931,0.0
Burundi,2019-09,4.534883647,6.860465042,11.62790698,17.01550419,4.186046586,0.0,12.906977,0.0
Burundi,2019-10,0.9354839020000001,2.322580661,12.870968229999999,5.741935776,2.12903215,0.0,9.516128802,0.0
Burundi,2019-11,1.726384505,2.9315960909999994,19.25081446,8.990228526,3.517915449,0.0,8.892508283,0.0
Burundi,2019-12,1.636363665,1.363636364,11.2727275,3.9090909379999994,4.454545397,0.0,8.909090505,0.0
Burundi,2020-01,5.222930118999999,0.0,17.32484095,3.343948817,1.7197451010000002,0.0,9.554140051,1.815286639
Burundi,2020-02,3.235293992915033,3.692810519761438,12.941176599705882,7.189542250398692,0.9803921567941176,0.0,5.686274462653595,0.0
Burundi,2020-03,4.132492159,1.8927444790000003,19.68454367,8.958990642,0.378548911,0.0,7.476340709,0.378548911
Burundi,2020-04,1.709401777048433,0.0,9.658120093173789,7.6068376201481485,2.3931624198746437,0.0,4.444444689321937,0.3418803550085471
Burundi,2020-05,1.479452081,0.273972603,12.32876843,0.9863014089999999,3.2054794000000006,0.0,2.383561722,0.0
Burundi,2020-06,0.369230784,0.0,18.83076859,5.015384527,2.9538461980000004,0.0,9.692308059,0.0
Burundi,2020-07,0.0,0.0,25.0708216,7.138810482,6.798866653000001,0.0,11.21812988,2.039660003
Burundi,2020-08,0.465838509,0.0,16.52173937,4.56521748,1.677018663,0.0,7.670807468,0.0
Burundi,2020-09,2.2471910780000006,0.67415733,9.831460473,2.3595506559999997,5.898876471,0.0,5.308988992,1.685393258
Burundi,2020-10,5.536722733,0.0,15.367231799999999,4.152542386,3.5875705679999994,0.0,5.282486091,0.0
Burundi,2020-11,1.568627491,0.896358557,12.10083975,2.016806736,2.352941136,0.0,9.075630411999999,0.336134467
Burundi,2020-12,0.9971509973333333,0.0,13.846153413105414,6.723646764216524,2.905982919293447,0.0,7.948717839772081,0.42735042771509973
Burundi,2021-01,1.792828685,1.792828685,17.80876486,10.51792832,4.302788921,0.0,9.203187023,2.031872662
Burundi,2021-02,2.087912018,0.0,11.68498224,3.076923025,2.747252922,0.0,7.765567696,0.43956045699999996
Burundi,2021-03,2.142857227788691,0.0,10.357143764285714,5.267857227821429,2.8571429710535714,0.0,3.2142856997619047,0.8928571427232141
Burundi,2021-04,3.880596873,0.0,9.402985359,5.746268603,4.58955231,0.0,7.164179121999999,0.0
Burundi,2021-05,6.417525613,0.0,12.061856459999998,7.628866323,2.8608248410000003,0.0,5.335051374,0.0
Burundi,2021-06,4.828431384,0.0,8.897058460999999,8.553921592,3.970588189,0.0,7.352941235,0.0
Burundi,2021-07,4.605911517916256,0.0,14.261083888152708,9.729064156536946,3.25123153887931,1.4778325121133005,5.911329990310344,0.0
Burundi,2021-08,2.8817733520000006,1.108374384,6.871921558,10.73891617,5.049261084,0.0,5.394088517,1.108374384
Burundi,2021-09,2.9274003564590165,0.2810304562154567,11.311475681498829,8.477751990754099,1.4051522810772836,0.0,3.3723653061920373,0.2810304562154567
Burundi,2021-10,3.07486631,0.0,12.08556151,13.957218949999998,3.20855615,0.0,5.695186962,0.320855628
Burundi,2021-11,4.197530864,0.37037037,10.96296263,7.283950735,2.370370406,0.9876543210000001,7.481481352,0.0
Burundi,2021-12,3.3333333459999994,0.6557377309999999,6.229508444,7.131147645,3.934426321,0.0,1.967213193,1.5573770620000003
Burundi,2022-01,8.307291692,0.390625,17.78645863,16.24999996,6.874999963,0.0,11.17187465,0.312500012
Burundi,2022-02,8.17966889592435,3.5460992907234044,12.624114064755624,13.806146486241136,5.673759090288416,0.0,8.983451987763592,0.7092198583451537
Burundi,2022-03,5.082304585707819,1.851851851537037,13.148148661872428,11.502057487860082,7.5925925631440325,0.0,5.802469292339507,1.7901234662057612
Burundi,2022-04,21.53846076337607,4.273504273410256,13.162393043931624,19.380342040918805,10.876068291068375,3.632478631997864,9.273504192047008,4.743589753867521
Burundi,2022-05,16.16780114562358,0.793650794031746,7.120181536,9.297052370136054,3.7414966525532884,4.761904762185941,13.310657980816325,1.2925170176462586
Burundi,2022-06,8.329519582000001,1.372997712,13.45537811,11.57894724,4.530892601,0.343249428,5.171624801,0.0
Burundi,2022-07,6.604651184818605,2.7906976746418604,11.395349276651162,8.441860454288372,1.976744186455814,0.0,4.186046567218606,2.023255769860465
Burundi,2022-08,27.63636424,1.636363636,10.90909091,19.49090871,6.181818269000001,5.454545455,13.41818237,1.745454615
Burundi,2022-09,12.475961736826921,0.0,9.086538277701923,7.5240385645192305,6.0576922615,1.081730769307692,13.41346112985577,1.370192319110577
Burundi,2022-10,12.34913797,4.137930993,10.991379519999999,19.28879254,5.560344971,0.8836206689999999,5.301724117,0.969827586
Burundi,2022-11,8.21292790141825,1.4828898156673005,13.155893865475289,10.893536517281367,5.266159749998099,0.0,7.566539959834602,0.2851711026368821
Burundi,2022-12,7.257384087341773,2.6582279283227845,12.151898614451477,22.93249001635021,2.7215191079113925,0.9493670885548523,6.392404952637131,1.5189873521097044
Burundi,2023-01,10.626505885301205,1.4457831322216868,11.108434116626507,19.373493999036146,4.337349454804819,0.0,8.361445737175904,0.28915663807228914
Burundi,2023-02,14.225351751103286,1.619718220100939,12.042253117934273,14.413145729647885,3.732394276201878,2.4647887319507045,14.859155198309859,1.6197183323638498
Burundi,2023-03,16.72645673630045,8.632286995015697,10.134529315089685,20.852017779349776,3.295964029318385,2.242152466042601,9.192824684320628,0.0
Burundi,2023-04,11.388889284722222,3.865740751740741,11.041666404305555,12.638889471180555,5.069444411814815,0.0,2.2222222550138886,0.0
Burundi,2023-05,10.025125529999999,5.5778894590000005,15.6783921,13.64321637,2.1859297200000003,0.0,5.2010052170000005,2.1105527280000005
Burundi,2023-06,22.11356419,8.422713174,31.10410107,32.8706621,14.479495299999998,1.41955836,11.60883272,2.050473186
Burundi,2023-07,16.342182,4.424778761,17.4336285,11.946903150000002,9.115044557,1.9174041299999998,7.433628473,1.061946945
Burundi,2023-08,12.86610879,3.765690377,10.92050185,12.6150626,7.531380953,1.464435146,6.338912024,0.941422594
Burundi,2023-09,9.016064372275101,2.590361465140562,16.72690824821285,32.931725760926966,5.642570165843374,0.0,8.413654254570282,0.48192773003413647
Burundi,2023-10,4.5986984397266815,2.277657267084599,6.507592191383948,16.637744403774402,4.295010887362256,0.0,5.401301435648589,0.7809110937527114
Burundi,2023-11,8.855835414638443,2.5400458538878716,13.615560639016017,17.185355053707095,2.5400457443890154,0.0,6.659038879970251,1.372997711860412
Burundi,2023-12,9.902200606026895,1.100244498828851,14.621026939584352,16.503667477408314,5.207824182612783,2.933985329875306,3.8875305857750613,1.2469438000415647
Burundi,2024-01,8.886414381,1.002227171,9.821826366,13.76391986,7.015590413,1.002227171,8.418708018,1.848552381
Burundi,2024-02,7.087794361,3.211991435,11.498929090000003,18.9079227,2.6338330680000004,0.0,10.728051470000002,0.770877975
Burundi,2024-03,7.293578188995412,3.096330275408257,6.123853385848624,14.197248548944955,2.821101070045872,0.0,3.371559643513761,1.3761467892935781
Burundi,2024-04,8.454332195107728,1.3114754436323186,16.299765894590163,8.173302074374707,4.473068116412178,2.1077283373348945,8.337236734524591,0.0
Burundi,2024-05,16.482758742528734,2.0689655167540235,5.241379354280459,8.34482746553563,5.72413784352184,1.0344827588781607,5.862069075558621,1.3103447839448277
Burundi,2024-06,19.30962447075314,0.6276150631506277,17.887028838702932,13.953974859414226,8.20083658074477,3.3472803347698745,9.41422614043933,1.9456067841213387
Burundi,2024-07,14.92187542,1.432291667,8.203125248,9.244791729,2.8906251610000004,4.427083333,5.755208433,0.0
Burundi,2024-08,17.60439568716484,1.3186813182153845,14.483515980285713,17.274724839014567,8.043956232551649,6.043956043494505,9.4285711876,2.6373627941208793
Burundi,2024-09,11.200000317388234,0.9882353051999999,7.3411768746282355,20.51764797098824,4.094117781533243,0.0,5.0823528069599995,1.1294118092399998
Burundi,2024-10,13.443224422857144,0.3663003666520146,11.501831366739928,19.34065940820513,3.9010989363589745,0.0,3.4432235222051277,0.0
Burundi,2024-11,20.748129151571074,5.610972568204488,13.216957363391522,23.29177047755611,10.623441436687353,2.9925187033765583,6.359102244299252,0.0
Burundi,2024-12,18.629807346995193,6.850961767911058,8.581730952533654,16.56250013574519,4.831730746283654,2.8846153848894227,7.644231044314903,0.0
Burundi,2025-01,21.935484764340174,3.0791788860351903,8.269794944973608,17.59530791876833,7.683284750885631,3.9589442814721405,3.3431086023519057,0.35190617241642236
Burundi,2025-02,13.154205650000002,5.327102848000001,10.28037405,9.439252526,9.462617268,1.401869159,11.26168292,0.0
Burundi,2025-03,8.401826582,2.3744292459999996,9.109589335,7.534246684000001,3.287671364,1.4840182650000002,5.616438389,2.123287715
Burundi,2025-04,16.45011592,4.570765671999999,12.111368639999998,13.9907193,8.909513115,3.828306265,7.030162568,0.55684457
Burundi,2025-05,18.94206544,6.649873959,13.12342603,8.438287154000001,10.95717908,5.667506297,6.977330167,0.0
Burundi,2025-06,18.42639555,4.416243679000001,14.69543168,17.233502439999995,15.68527887,1.14213198,8.807106551,1.827411119
Burundi,2025-07,13.75000056,2.5735294120000005,6.470588551,18.33333449,5.955882575,0.735294118,2.426470728,1.4705882350000001
Burundi,2025-08,12.780612947857142,2.2193877064438774,9.107143051545918,27.653061855743953,3.3673470120408164,2.6785714282806126,1.0714285224642859,1.6836735663265308
Burundi,2025-09,15.67999992,4.239999898,4.133333333,12.15999985,4.320000013,0.8,8.080000114,0.960000038
Burundi,2025-10,16.04010025,3.057644062,8.120300895,18.847118400000003,3.60902258,4.511278195,9.097744409,0.0
Burundi,2025-11,7.111111217,4.277777672,7.888889313000001,18.19444478,2.972222169,2.9166666669999994,6.916666892,1.1666666799999998
Burundi,2025-12,0.0,0.0,2.130177529,11.8047339,0.0,0.0,2.928994182,0.0
Cameroon,2015-01,3.6594204285338163,0.43478262582367155,10.132850429565217,10.483091891956521,2.5362318839444447,0.0,9.444445199012078,0.0
Cameroon,2015-02,2.7165355331076118,1.8503937195643045,9.750656068078738,10.538057363727033,3.8188976876272966,0.0,8.503937126997377,0.0
Cameroon,2015-03,1.8934081346297333,1.0518934412524543,6.928471461799439,7.335203626569424,1.009817645032258,0.0,6.942496527105189,0.0
Cameroon,2015-04,0.9473684271,1.0657894920421052,9.092105312857893,6.131578809168421,2.3289474056411277,0.0,9.000000138205264,0.7894736846789473
Cameroon,2015-05,1.10504776813779,0.3274215684583902,10.873124119713506,7.039563099836289,3.5061390633605143,0.0,8.144611128165074,0.6548431369167804
Cameroon,2015-06,1.927710951772423,0.5890227701552878,11.83400275708166,6.693440588115126,3.1726908647255696,0.0,12.503346766131191,1.4056224896599734
Cameroon,2015-07,1.9362187062300684,0.8200455903075171,10.580865672949885,8.781321200859907,2.118451068143508,0.0,7.687926970916856,0.0
Cameroon,2015-08,1.185286109775204,0.32697549029019074,12.22070894366485,8.841962288064032,2.6566756843365122,0.0,12.956403747098092,0.6130790186771117
Cameroon,2015-09,1.6129031332761288,0.6580645348619355,11.406451684412902,8.709677634794838,2.2064516001242023,1.1612903221277417,9.870967403483874,0.0
Cameroon,2015-10,1.182197529388039,0.33379695395966624,10.945758504130737,10.570236900806677,2.1835883572006356,0.0,10.361613618400554,0.0
Cameroon,2015-11,2.134062881987688,1.108071122347469,13.926128223077976,20.46511652930232,2.421340734077975,0.0,11.614227128207935,0.6155950748413132
Cameroon,2015-12,4.570596637825328,1.4410480487743813,11.048035435924309,6.084425168681223,1.048034975970888,0.0,7.540028722911208,0.6550218344745269
Cameroon,2016-01,2.9142858303000008,0.3428571560285714,12.171429494428573,9.957142898271428,2.4428571974,0.0,9.471428292485713,0.0
Cameroon,2016-02,3.0689445775167785,0.14643075604026845,11.409396322147652,12.037828046979865,5.399633689932886,0.0,9.835265888255034,1.1409396442953021
Cameroon,2016-03,1.8063508610031231,0.6715252525866736,9.469026329867257,9.593961327228527,3.841749173777199,0.0,9.70327939744697,0.45288915974440397
Cameroon,2016-04,1.9416996728399212,1.333992024374506,12.06027764465415,16.2549400968692,4.234189737217391,0.0,10.503952842569168,0.2322134294822134
Cameroon,2016-05,3.253012005713624,0.6765523591946246,12.669138681047265,12.8637633513253,3.8785910144917786,0.4170528270315106,11.15384660746988,0.22242818294624656
Cameroon,2016-06,1.7629333026840783,0.542440970077348,11.115018016514314,8.156705585430752,2.1948769124717513,0.06027122306228026,8.478151464461892,0.5424409943907583
Cameroon,2016-07,1.1288604923237489,1.3684771180362085,12.36954258487753,13.482428127999604,1.5974441401853035,0.3674121455228967,9.648562251933974,0.12779553189989348
Cameroon,2016-08,2.9914529558315737,0.3770739304238311,8.195072709494722,12.187028495832077,2.031171472182504,0.11060834842182,8.733031557053293,0.3016591248687783
Cameroon,2016-09,3.6159506705373596,0.5226481016604724,12.41192440849589,10.212930728855307,2.7758421565283116,0.17421602809291523,8.176538651442895,0.34843205618583045
Cameroon,2016-10,3.384539169278989,1.8483647037091182,10.123885189583746,12.348860481600594,2.101090264159068,0.0,7.710604719428146,0.5203171459311199
Cameroon,2016-11,4.569483634008811,1.818181764722467,9.551462155068183,11.065278607841408,4.12895467552423,0.24028834617621145,10.33239889217461,1.093312020599119
Cameroon,2016-12,4.337349665756024,4.523092460678715,7.926706903412149,10.517067794713855,5.401606457024097,0.2761044178694779,13.654618716132788,0.7279116462645582
Cameroon,2017-01,1.8313690992024783,2.979752361527048,8.748866770550016,9.425808468883842,4.5844665504212765,0.21154427320126926,12.825626529035402,0.4714415347379873
Cameroon,2017-02,2.3122824942814524,1.0840378134659372,7.548483208569382,7.110890187588264,3.147687798046559,0.0,10.124316447392369,0.596718062148185
Cameroon,2017-03,3.2368895974828207,1.3345388825316458,7.363471656727533,10.02893335789209,3.2477396173580053,0.0,9.902351165847852,0.17359855997645032
Cameroon,2017-04,4.358974362954965,1.988304171087552,17.085020787255758,13.50877191496166,3.256860167487179,1.0796221325704003,14.179037723065521,0.21592443508187137
Cameroon,2017-05,1.1196172299272726,1.722488038361723,11.79425778105263,9.97129175650335,3.8325359490086126,0.20095694010143542,9.61244070907315,0.4545454549263158
Cameroon,2017-06,1.1786716465874651,1.824134661140318,17.792330242338636,9.46679119754537,2.1889616555671254,0.0,6.342376136842844,0.0
Cameroon,2017-07,2.0097020927817053,1.9611919413970895,6.673596753130977,9.306999320316008,0.47817046816632025,0.0,4.9133750359417885,0.29106029473596673
Cameroon,2017-08,0.948140369749607,0.8171817778061812,5.364065185018335,7.124148856519059,1.9486642498501834,0.0,6.684128023364917,0.1885804165426925
Cameroon,2017-09,1.0343062221218637,0.5376344205053764,5.545315007215054,8.07475678713563,2.457757344986701,0.0,6.984127477661574,0.07680491520071683
Cameroon,2017-10,0.6018054160080241,0.5817452423831494,9.102307171353504,6.845536633466729,2.8435306658696087,0.060180544128385166,10.115346161217609,0.07522567712738214
Cameroon,2017-11,1.1461318164489016,1.0458452423875972,5.191022185705827,3.9350525698450944,3.366762132491417,0.0,9.336198515060307,0.286532951104107
Cameroon,2017-12,1.0600706588975264,0.8783442997465926,7.9757697044394895,7.036850272964159,2.6047450490762243,0.3785966679409389,8.213023860119852,0.5300353359358909
Cameroon,2018-01,2.380185265565848,0.9544905571384958,8.658880319101053,5.336286941977354,2.996375336823048,0.0,8.96898935820604,0.5316149933306483
Cameroon,2018-02,1.238748366103729,0.7201028906986712,6.588083809776216,6.810973296225842,3.0475781907613735,0.0,8.598371354883275,0.3729104279554222
Cameroon,2018-03,0.8811802482595694,1.1403509019198563,7.715311375949429,8.520733730538788,3.2695376318246745,0.0,8.357257174167279,0.7456140176555482
Cameroon,2018-04,1.4940239167896558,0.7270916171253131,8.466135778647224,6.9073704612157645,2.3007967554536983,0.44820717091135465,7.659362690121769,0.40836653605758383
Cameroon,2018-05,1.466289515466761,1.2494106782557821,9.302215866084339,7.534181885743638,4.573314529988159,0.21216407403394622,9.429514641405774,0.4573314613804808
Cameroon,2018-06,2.3204945062287208,0.9843081676352282,5.977175171109436,9.500713480183085,4.736091520763222,0.07132667580694245,9.690918047988042,0.7132667615653828
Cameroon,2018-07,1.3336793960295201,0.5760249409184667,8.178516181852695,4.597820577480807,4.276076944600443,0.0,11.707317267993398,0.2542812713954334
Cameroon,2018-08,1.3172043399827957,1.973118371567542,10.3387093923951,5.005376377657465,4.026881879770398,0.0,9.698924966037511,0.08064516084946236
Cameroon,2018-09,1.3848327993782383,1.1728685871761657,5.534620864842918,7.239755133195895,5.379180744758737,0.09420631181347151,7.946302517238609,0.4097974693899601
Cameroon,2018-10,0.826239370684026,0.9313971269061734,5.378067307989799,14.606912523824818,3.5453180576680867,0.225338006686029,7.811717418331223,0.07511266889534302
Cameroon,2018-11,3.682983716833579,1.4358974333888113,8.965035151985083,24.96037294156299,2.7972027967995334,0.16783217482051282,11.939393942018647,0.349650349627972
Cameroon,2018-12,1.381896087807177,1.0765934600792717,9.078736195162293,7.214783166785275,2.9244778565913228,0.0,10.33208358574607,0.508837707200857
Cameroon,2019-01,2.5762552504270286,1.8770530608080047,8.390427027124892,5.129047538551679,2.7639606308280746,0.0,11.126231726952735,0.3097137677405103
Cameroon,2019-02,3.120340833618744,1.7571885107726304,7.8008524022140575,6.160809412753202,4.0255591637848775,0.2129925448972311,8.791267783019501,0.23961661392119274
Cameroon,2019-03,4.558587629415283,1.0995184727929372,8.80016075072873,8.475120578505434,2.576244077964687,0.0,9.85553801122849,0.5296950452648475
Cameroon,2019-04,2.0994700951944556,1.687729314784346,9.143905429837751,11.38605808689085,2.311455353452915,0.0,10.603342917802598,0.3057480730126376
Cameroon,2019-05,2.1374829408177156,1.3919288905386455,7.04514383411496,10.495896479785577,3.0711356167493156,0.0,9.900821102825462,0.4514363816579635
Cameroon,2019-06,3.3204226843628573,1.2394366299739437,6.926056473905241,9.443661659099085,2.0070422449403718,0.15845070409225354,8.440141224548771,0.04225352254493959
Cameroon,2019-07,3.177820208902486,1.6405353763866053,9.92734233460789,8.458890605386703,3.17017216966702,0.0,8.359464440965878,0.17208413051931168
Cameroon,2019-08,2.488780177547124,0.7262341886119952,10.477356122803604,6.483067837715066,2.4561403627448506,0.0,10.856793163120892,0.9261525926070991
Cameroon,2019-09,1.2053758639382612,0.8861823018828222,5.49769011052919,4.8551029537618655,3.137337254837463,0.0,9.76900492112187,0.5375892566068878
Cameroon,2019-10,1.4672442004223065,0.7634001416264213,8.002165774490324,5.944775283268003,2.799133810128857,0.0,4.731997891029778,0.1353546294769897
Cameroon,2019-11,1.7538461680205129,1.654700898247863,7.350428035320683,7.353846248822564,2.7384616170027347,0.05128205124,10.006837896664283,0.4512820533333333
Cameroon,2019-12,3.391873319253443,1.6184573252658403,9.896694407063016,8.292011074929409,2.310606065420799,0.25826446272141873,9.652204101576102,0.9504132364542011
Cameroon,2020-01,1.75227693296612,2.542805228690711,8.397085367020766,6.42258653699235,1.7122039985989073,0.0,7.315118473163434,0.08743169713442622
Cameroon,2020-02,1.6704036337989536,1.416292978537369,6.535874283125562,4.906577050478326,4.204036052685351,0.0,7.085201870229831,0.4372197235994021
Cameroon,2020-03,2.7108433343077767,2.272727351088171,9.079956303607338,8.658269644907449,5.71741523766265,0.32858707566812706,10.974808916025754,0.9364731732404162
Cameroon,2020-04,3.429602907933907,1.4273813118633711,14.69869545101361,10.70813687050677,6.687031577384061,0.0,10.202721394029435,0.9580672032324354
Cameroon,2020-05,2.4690631497127282,1.1019446114230995,11.909252293923545,6.275780901768751,5.827931741294865,0.4419563932690041,9.95875110940675,0.4065998879669668
Cameroon,2020-06,1.9882660023444867,0.5964797979139504,8.51369006694524,8.601695400302694,5.2998696658991244,0.0,6.307040650686291,0.5736636371792699
Cameroon,2020-07,1.0860655962896175,1.024590196197423,9.69262316871286,5.532786819751113,7.91666701555808,0.0,9.740437477745647,0.28688524965300544
Cameroon,2020-08,3.144815770714653,1.4053127764378748,10.265638160273351,4.8243358592982,4.575835565081626,0.0,15.244215949409742,0.9940017262973437
Cameroon,2020-09,1.760819401478031,0.5186653630360094,7.98480383854179,4.387182176533494,2.6032375351532964,0.0,9.108027846300201,0.15857285023852
Cameroon,2020-10,0.6812517212434229,0.4790916631279425,10.119080523339795,5.411243432486363,3.5308779519634133,0.0,8.565494374523132,0.24093049143589035
Cameroon,2020-11,1.7455139194518758,0.3425774984683289,12.974443200947938,5.88091375893992,3.5861881543752037,0.0,9.597607482071403,0.3099510565676999
Cameroon,2020-12,1.3305439347221757,0.8451883035475669,8.083681946827973,4.457461863941741,2.217573248151465,0.0362622027874477,8.454672196687843,0.2008368281129707
Cameroon,2021-01,1.8630752216397308,0.8679386473290791,11.64983192053498,4.541713398165731,2.588851398887211,0.04489338007557051,7.803965685698519,0.1459034826707819
Cameroon,2021-02,1.0234113921187291,0.08026756183444815,11.698996619061834,8.157190678704406,2.8026755994458283,0.0,8.451504922996072,0.09030100539799331
Cameroon,2021-03,0.5282485689915254,0.8757062283257139,11.686440671354486,7.858757211975497,2.485875773395908,0.0,8.895480383512584,0.10169491943644067
Cameroon,2021-04,1.7770327613003631,0.7096954617146927,6.943280012525534,6.471081531280317,2.3302599052880693,0.0,8.924280314719514,0.3520536502763342
Cameroon,2021-05,1.2733749055897892,0.7836153471451469,10.979519129367764,8.628673389569052,2.4161472553326293,0.0,8.634609679370183,0.11576135649510243
Cameroon,2021-06,2.8188885722041133,0.8926000506694501,12.37546815106476,7.094730906945473,1.8168730379055729,0.0,8.551684354196961,0.11229484866685863
Cameroon,2021-07,2.38717840121252,0.544074234533952,8.633488041635657,4.280894257680304,2.0877266976465627,0.0,8.886545853790082,0.18979333586672292
Cameroon,2021-08,3.498603394984816,0.5865921851613127,13.81284944359848,7.702513979795831,4.155028049411232,0.0,10.991620536767737,0.8379888268240224
Cameroon,2021-09,1.9805955424292019,0.4315824719404483,10.622281798466005,5.1321512404217655,1.4653730089774601,0.0,5.399799394590105,0.6523921601753095
Cameroon,2021-10,1.5240556473177356,0.35195352150036435,6.360994664352922,4.546335038530836,1.2076203192728445,0.0,6.441717691470741,0.9880529667313529
Cameroon,2021-11,2.749360506897698,0.32608697298721223,6.227621451773539,2.6790281389450126,0.748081867120533,0.0,5.671355646429667,0.5179028219769821
Cameroon,2021-12,2.6189661812766176,0.13351592200239643,7.042109063885529,3.2557344237808183,1.0510099791091791,0.0,5.155768568710206,0.46901748637658336
Cameroon,2022-01,3.259699718283773,0.2293967690574908,6.751628740851212,4.301897508991334,1.0280373821041147,0.0,7.669215444137589,0.40781648570440576
Cameroon,2022-02,3.070342321587453,1.3878327281574412,6.986692015325258,6.508238438039135,2.96894808980038,0.0,6.891635350817272,0.8840304367442965
Cameroon,2022-03,6.0362026089896545,0.5319541959863318,9.013668601722582,7.672700425634017,2.275581803887339,0.2216475800203177,6.353897382455865,0.5430365997007758
Cameroon,2022-04,4.338880739402879,0.6354009009301059,5.975794345291835,3.872919832554917,1.503782106733927,0.10590015155491679,5.993948502059079,0.43570348956853255
Cameroon,2022-05,4.789762227150462,0.5630713011904935,5.341864852909281,6.109689166967971,1.338208379428018,0.21937842728336382,6.06946979199109,0.6800731401433273
Cameroon,2022-06,6.509266132016155,1.0002539044729337,5.2272150010754,5.39984774438291,1.4826097713947703,0.0,4.521452433032467,0.5026656805219599
Cameroon,2022-07,9.567747178557644,1.6070933712232989,9.196453736802232,7.880299479570145,1.9811582417045959,1.1609864648603492,4.134109021350353,0.19950124774064837
Cameroon,2022-08,5.308114668104872,0.7382550420241084,6.6503961908856795,5.22574739090787,1.0097620327521746,0.06101281293532641,3.4197682136946392,1.2995729585645253
Cameroon,2022-09,2.4424503617642492,0.4447912636831837,4.44010931916348,6.437768351472348,1.2095200933295465,0.0,4.284042117844389,0.7725321958236441
Cameroon,2022-10,3.0554017267570637,0.5401662119542936,6.4736843704721965,8.850415208540625,1.4736842187207757,0.0831024932634349,3.5927978119601494,0.5983379541099724
Cameroon,2022-11,3.524027466156914,0.6963059811977772,5.524681362060805,8.162798426336225,0.7845701291376267,0.3922850607616868,5.694671579275309,0.19614252987185357
Cameroon,2022-12,2.5097451217726023,0.5547226315765003,5.7001499867213274,5.520240041657125,1.3163417960778498,0.08995502262068966,3.9070464752182987,0.2788605680344483
Cameroon,2023-01,4.561151044575687,0.4402877613265117,5.628777181759713,5.392805723353094,1.2892086586972662,0.21582733815107913,3.7122301950025314,0.5064748242705036
Cameroon,2023-02,2.4222540205398,0.24251070595720398,6.271041537922397,5.349500849527532,1.4465050078738946,0.11412268222710414,3.369472275525053,0.43651929104821685
Cameroon,2023-03,2.068593042657205,0.4104779918854982,4.752903077591142,6.243586217929045,1.0532001082246827,0.39157439920388876,4.158790188964523,0.20523899922117203
Cameroon,2023-04,2.130460832250039,0.3411131086032316,3.611609737228007,6.160981614689408,1.3345302261867145,0.0,3.354278943292639,0.5625374082118492
Cameroon,2023-05,2.8874173259819864,0.8185430493631788,5.915232121685299,5.764238420678576,1.0675496924996024,0.039735099213245036,4.16688745364931,0.15099337903311258
Cameroon,2023-06,2.8515508105137006,0.8852755218193316,10.361337334342556,7.503763999572684,1.364046979759711,0.13550135544715447,5.3598312392709,0.13550135544715447
Cameroon,2023-07,2.3326572557516663,0.4694291595334686,5.754853925244566,5.1173574369402,1.182266029509997,0.0,5.2419588277177045,1.06925532602521
Cameroon,2023-08,1.6583941730470073,0.3503649634484671,7.614598128369635,4.7620437654254015,1.2262773792280293,0.0,7.30802919601051,0.6569343062470074
Cameroon,2023-09,1.8162458615740797,0.5932461353848495,7.389717295431588,5.941588109401277,0.7940371202716414,0.0,6.118040880030614,0.6814724920550653
Cameroon,2023-10,2.295805721562914,1.032008859337748,5.336644660185431,5.524282542781457,0.5463576214039735,0.0,2.5275939610403024,0.13245033690066224
Cameroon,2023-11,3.4531392867643307,0.7779799886132848,6.128298346549423,8.571428738627842,1.355777999969063,0.6141947227707008,3.8853504091810738,0.45040946709190177
Cameroon,2023-12,3.7308348364277437,0.22146508186201022,5.292447516464298,5.485519626037771,0.5394662261959114,1.3798977420255538,5.309483234881674,0.3236797168006814
Cameroon,2024-01,2.6414166754008854,0.5755041602762561,5.759960949212986,5.381210156072307,0.5902607223930152,0.22134776239055584,4.658140786335296,0.5902606980152484
Cameroon,2024-02,12.228551133201584,0.9006764039337843,4.410822258167685,6.514773838741545,1.4097543831292274,0.23495907334104663,5.3720184725928295,0.3417586379031684
Cameroon,2024-03,3.1204380398978104,0.4197080346350365,7.822384625923359,8.126520603191606,3.74087602796465,0.09124087620437955,7.718978369512773,0.09124087620437955
Cameroon,2024-04,3.863987634855487,1.027820688725657,10.795981590526761,8.137558029781298,2.434312247080282,0.0,7.341576506897217,0.46367851665687787
Cameroon,2024-05,2.1387282821845415,0.4855491521271676,6.023121458621536,4.601156133052022,2.0867052516763005,0.11560693661271679,5.526011748527168,0.0
Cameroon,2024-06,4.129526475435236,2.2214484911861923,10.981894469881617,7.221448703372822,2.3398328956543564,0.0,6.6922007331440705,0.0
Cameroon,2024-07,3.1401186220798727,0.3605659558302145,8.17891377267892,8.206298644293474,1.2505705745106734,0.0,6.951164187693982,0.10953902792012779
Cameroon,2024-08,3.898917007456077,0.517448861113518,9.6871242048743,5.792218234296887,1.672683543977537,0.0,4.0593663513213,0.18050541487364624
Cameroon,2024-09,2.8644601785041877,0.3112687190141844,8.384554962906181,6.489361816385984,2.060677763345457,0.17730496480969266,5.015760533078656,0.37825060607801414
Cameroon,2024-10,2.536626249713269,0.5943909705202534,4.788614706512036,6.986187011876516,1.3311008472052144,0.25115110897488485,4.2025952720658255,0.45207201475094183
Cameroon,2024-11,3.025816323125285,0.42141230573728167,10.375854357961895,5.941534079070474,0.8807897389430525,0.0,5.337889500086559,0.28473804072133635
Cameroon,2024-12,5.765965461230438,2.4880029566411963,9.088224456043928,8.386858550606137,4.222960611029721,0.22148394207899597,4.012550802672161,0.39867111233591734
Cameroon,2025-01,3.814207699734427,0.928961774947541,13.442623162688525,5.5846995080557384,2.8251366408426235,0.0,6.655737910255128,0.3278688525704918
Cameroon,2025-02,1.0161542713913498,0.5158937247592496,8.749348611522146,6.977592737375656,3.809275621873966,0.0,5.758207399214962,0.23449713369723812
Cameroon,2025-03,1.35706915324355,0.5830753333178534,9.174407057071722,5.820433458678859,1.4396284875312249,0.0,5.851393291782706,0.06191950715118679
Cameroon,2025-04,3.5273675913405738,1.2728062640347522,9.32232834352563,13.635969106426263,3.4578628487072116,0.39096437851824506,7.871416276266513,0.2997393610334492
Cameroon,2025-05,2.1837026238527524,0.6468906498820586,9.045747418907975,9.142244646244828,2.162258807233738,0.16082916373481057,4.560400376636037,0.2251608363488206
Cameroon,2025-06,1.9530658373391372,0.6926570850828918,7.4148374465923546,6.389099354839375,4.114307461795708,0.0,7.293717045871407,0.04542013823845572
Cameroon,2025-07,1.9889937253970127,0.6249999752868036,10.165094387047954,6.297169813033018,4.194182448506986,0.0,7.012578545105301,0.22405660584198112
Cameroon,2025-08,1.7491369624250097,0.5255082484058304,9.125431744376678,6.471039583693759,4.227081111485769,0.0,5.619485999087698,0.31070196158419644
Cameroon,2025-09,1.2538580619652777,1.2422839611736114,10.216049676123312,7.800925937364584,2.7893519331599204,0.0,5.748456919367824,0.33564815004398146
Cameroon,2025-10,2.8204250290185056,0.4420836056655243,10.301576734535601,6.007539563732312,3.4304319382769024,0.0,6.997944010963547,0.45236463467306376
Cameroon,2025-11,4.232283473956692,0.29527559062992126,8.988189011784106,8.437007975711271,4.807086648080707,0.0,7.318898064311024,0.3740157481988189
Cameroon,2025-12,0.4791481896938775,0.46583852006211174,3.0567878311552796,8.154392454142856,0.9050577218257574,0.0,5.860692204600709,0.19964507583229812
Cape Verde,2015-01,1.875000108724432,0.0,1.1363636360880682,0.0,6.022727489625001,0.0,0.6818182086306819,2.3011364721306817
Cape Verde,2015-02,0.48701298717857144,0.8116883119642857,2.337662275857143,0.38961040539285713,3.214285590178571,0.0,1.6558442795746753,0.3246753247857143
Cape Verde,2015-03,3.8675959520836236,0.0,6.79442508733101,0.0,7.77003457728223,0.0,0.9407665675679442,0.5226480834843207
Cape Verde,2015-04,0.6093190134193548,0.0,3.2258064521146954,0.0,7.132617034566309,0.0,2.043010683956989,2.903225942795699
Cape Verde,2015-05,0.0,0.0,1.5463917522680413,0.0,0.0,0.0,0.0,0.0
Cape Verde,2015-06,1.423948251210356,0.0,4.886731515100323,0.0,4.854368932349515,0.0,0.48543689282847896,0.0
Cape Verde,2015-07,2.438271487685185,0.0,7.499999764336421,0.37037038525925925,10.864196590679011,0.0,0.46296296329629627,1.851851852169753
Cape Verde,2015-08,0.4731861195520505,0.7570978223659306,0.8517350312429022,0.0,3.0283912874321763,0.0,0.3785489106750789,0.0
Cape Verde,2015-09,0.0,0.0,1.5463917522680413,0.0,0.0,0.0,0.0,0.0
Cape Verde,2015-10,1.543408421324759,0.0,2.7974277452347267,0.0,1.1575563165016076,0.0,0.7717042106623795,0.3858521058392283
Cape Verde,2015-11,2.9896909838900343,0.0,4.639175257924398,0.0,0.8247423007835051,0.0,2.061855670075601,0.0
Cape Verde,2015-12,3.2155478383038867,0.0,3.3922262834204946,1.2720848565371026,5.65371024780212,0.0,0.8480565703462897,0.8480565703462897
Cape Verde,2016-01,1.0135135136554054,0.0,6.3513510932432435,1.3513513508513513,4.256756885128378,0.0,1.0135135136554054,0.0
Cape Verde,2016-02,0.0,0.0,1.5463917522680413,0.0,0.0,0.0,0.0,0.0
Cape Verde,2016-03,0.0,0.0,1.5463917522680413,0.0,0.0,0.0,0.0,0.0
Cape Verde,2016-04,0.0,0.0,1.5463917522680413,0.0,0.0,0.0,0.0,0.0
Cape Verde,2016-05,0.0,0.0,1.5463917522680413,0.0,0.0,0.0,0.0,0.0
Cape Verde,2016-06,0.0,0.0,1.5000000001199998,0.0,0.0,0.0,0.0,0.0
Cape Verde,2016-07,0.0,0.0,1.5463917522680413,0.0,0.0,0.0,0.0,0.0
Cape Verde,2016-08,0.0,0.0,1.5463917522680413,0.0,0.0,0.0,0.0,0.0
Cape Verde,2016-09,0.0,0.0,1.5463917522680413,0.0,0.0,0.0,0.0,0.0
Cape Verde,2016-10,0.0,0.0,1.5463917522680413,0.0,0.0,0.0,0.0,0.0
Cape Verde,2016-11,0.0,0.0,1.5463917522680413,0.0,0.0,0.0,0.0,0.0
Cape Verde,2016-12,0.0,0.0,1.5463917522680413,0.0,0.0,0.0,0.0,0.0
Cape Verde,2017-01,0.0,0.0,1.5463917522680413,0.0,0.0,0.0,0.0,0.0
Cape Verde,2017-02,0.0,0.0,1.5463917522680413,0.0,0.0,0.0,0.0,0.0
Cape Verde,2017-03,0.0,0.0,1.5463917522680413,0.0,0.0,0.0,0.0,0.0
Cape Verde,2017-04,0.0,0.0,1.56250000015625,0.0,0.0,0.0,0.0,0.0
Cape Verde,2017-05,0.0,0.0,1.56250000015625,0.0,0.0,0.0,0.0,0.0
Cape Verde,2017-06,0.0,0.0,1.5463917522680413,0.0,0.0,0.0,0.0,0.0
Cape Verde,2017-07,0.0,0.0,1.5463917522680413,0.0,0.0,0.0,0.0,0.0
Cape Verde,2017-08,0.0,0.0,1.5463917522680413,0.0,0.0,0.0,0.0,0.0
Cape Verde,2017-09,0.0,0.0,1.56250000015625,0.0,0.0,0.0,0.0,0.0
Cape Verde,2017-10,0.0,0.0,1.56250000015625,0.0,0.0,0.0,0.0,0.0
Cape Verde,2017-11,0.0,0.0,1.5463917522680413,0.0,0.0,0.0,0.0,0.0
Cape Verde,2017-12,0.0,0.0,1.6304347830543477,0.0,1.3043478776847826,0.0,0.0,0.0
Cape Verde,2018-01,0.28915663792771085,0.0,6.096385817638555,0.0,1.6626505104578315,0.0,0.8674699137831324,3.1084336434216864
Cape Verde,2018-02,0.5995203840239809,0.0,5.2757793761342935,0.28776979547242204,3.477218225086331,0.0,0.6474820254772182,2.2302158154499487
Cape Verde,2018-03,0.5273437593574218,0.39062499963867187,3.9648436006738277,0.0,0.9375000375039062,0.0,0.5859374999628906,2.1093750374296873
Cape Verde,2018-04,0.8316831301782178,0.2970297029108911,5.702970146019802,0.0,4.079207996257426,0.0,0.0,1.841584196019802
Cape Verde,2018-05,0.0,0.0,1.5463917522680413,0.0,0.0,0.0,0.0,0.0
Cape Verde,2018-06,1.3825757941666668,0.28409090890719696,1.1553031021704545,0.0,3.42803037544697,0.0,0.0,5.284091197814394
Cape Verde,2018-07,1.9410744906863084,0.8838822148180242,3.1542459024956675,0.0,4.280762696828424,0.0,2.2876949406031195,3.8128249571542456
Cape Verde,2018-08,0.6363636367363638,0.4363636540909091,4.672727411345455,0.0,2.909090909209091,0.0,1.5818181469363637,2.345454476509091
Cape Verde,2018-09,0.0,0.0,1.5463917522680413,0.0,0.0,0.0,0.0,0.0
Cape Verde,2018-10,1.6022099095543278,0.0,6.556169148574586,0.0,2.1178637200883976,0.0,1.0681399979005524,3.2044201703130764
Cape Verde,2018-11,1.5606937156069367,0.23121388233526013,4.296724690396918,0.0,2.3506743366319847,0.0,0.0,1.0982658590597303
Cape Verde,2018-12,1.2631578943305264,1.0105263563747369,3.010526356322105,0.4210526317810526,1.9368420650799996,0.0,0.7578947667747368,0.7578947667747368
Cape Verde,2019-01,0.23400935995631825,0.37441499185335414,2.542901894205928,0.0,3.8065523887893913,0.0,0.8892355773073323,1.5912636581840873
Cape Verde,2019-02,1.4160838993111886,0.8916084163636363,2.6048951211293705,0.2622377627307692,1.9405594652622378,0.0,1.7307693303881118,1.6258741597027975
Cape Verde,2019-03,0.6072874492874495,0.0,0.6072874492874495,0.0,1.943319915668016,0.0,0.4858299791740891,0.4858299791740891
Cape Verde,2019-04,2.8725314183447033,0.0,4.326750602441652,0.0,6.3195689147289045,0.0,0.6463195943267505,2.100538565529623
Cape Verde,2019-05,0.7718696393413378,0.5145797602332761,3.293310430394511,0.4631217924802744,2.8301888426552315,0.0,1.0291595608096056,1.1320754549639795
Cape Verde,2019-06,1.5231788162036426,0.0,1.4900662641705298,0.0,2.7483444342218544,0.0,0.8443708844751655,1.192052988347682
Cape Verde,2019-07,0.9105431000319488,0.383386596658147,7.076677803453674,0.383386596658147,5.1916929862028764,0.0,0.383386596658147,1.5335462344265174
Cape Verde,2019-08,0.48701298717857144,0.38961040539285713,4.383116805340909,0.0,2.82467534026948,0.0,0.48701298717857144,0.8766233925714286
Cape Verde,2019-09,2.110091753786697,0.275229368380734,3.509174355316514,2.22477065306422,3.1422019008922017,0.0,1.1009174745344035,1.3761468439266056
Cape Verde,2019-10,0.9452736003980101,0.19900498322885574,3.913764573885572,0.19900498322885574,3.0348259025870643,0.0,0.5970149486766169,1.3930348411940299
Cape Verde,2019-11,1.1551723812155175,0.9137931367500001,2.7586207723189657,0.0,2.6896551152586206,0.0,0.4137931203362069,1.6034481853448275
Cape Verde,2019-12,1.5873016292416227,0.0,1.8342152682469137,0.6878307041552029,3.544973612578483,0.0,2.0105820277248676,0.8994709664479718
Cape Verde,2020-01,1.6697936392457786,0.281425891260788,1.6135084244540334,0.9568481013470922,5.0656660416848025,0.0,1.3508442869343342,2.757973697816135
Cape Verde,2020-02,0.2895752892065637,1.1583012042799226,2.6061777906544403,0.23166024105791508,1.6795366426660232,0.0,0.46332048211583016,1.7374517372586873
Cape Verde,2020-03,3.324641522674055,0.7431551250847458,2.438070379279009,0.5867014337953064,3.7157757493859194,0.0,0.15645372152411996,1.4471969208226858
Cape Verde,2020-04,2.7570789870581223,0.3576751260804769,4.113263984178838,0.0,9.836066142509686,0.0,0.5365126891207154,2.4143069761192253
Cape Verde,2020-05,1.6786226407144909,0.0,3.816356001804878,0.0,6.025824964226686,0.0,0.0,0.6886657376212338
Cape Verde,2020-06,1.6545717882148039,0.0,4.963715363634252,1.306240928603774,6.748911742920174,0.0,0.0,3.5703919272104496
Cape Verde,2020-07,1.4516129611948925,0.16129032946908603,3.104838760483871,0.20161290353091396,6.706989709009409,0.0,0.32258065793145163,1.9758064582271506
Cape Verde,2020-08,0.878828248138482,0.5992010650066577,3.3022638010545937,0.6790945601384821,4.394141271898802,0.0,1.0918775664766978,0.35952064504394143
Cape Verde,2020-09,1.805157648090258,0.0,3.108882528028653,0.0,1.7478509755143266,0.0,0.6876791100773639,0.17191977802292266
Cape Verde,2020-10,3.107960741129771,0.5561614372213741,6.281352589465648,0.490730643389313,8.833151997160305,0.0,0.26172302015267174,1.2104689876030534
Cape Verde,2020-11,1.7040950621294584,0.47556144592866584,2.2192865889590485,0.47556144592866584,3.3817700693183617,0.0,0.6340819275693527,0.6340819275693527
Cape Verde,2020-12,0.4915514662980031,0.3072196622795698,3.5944701340215057,0.0,2.84178205721659,0.0,2.503840347993856,2.626728168970814
Cape Verde,2021-01,1.3513513511554054,0.0,3.067567380540541,0.0,6.364865173932433,0.0,1.2162162481554053,0.0
Cape Verde,2021-02,1.3213703334910278,0.24469820594779773,3.3278956500880907,0.0,4.698205927820554,0.0,0.4404567781663948,0.94616642617292
Cape Verde,2021-03,0.0,0.0,4.5356663205989225,0.48452222695289365,5.006729578041722,0.0,2.530282631241761,0.6056527589932705
Cape Verde,2021-04,1.102088194600928,0.0,3.074246078136891,0.9396752179037122,4.802784620843387,0.0,1.392111368926914,3.3410673075522044
Cape Verde,2021-05,1.764705917088235,0.2205882351029412,2.0735293628235296,0.0,4.117647023691176,0.0,0.617647065742647,0.7500000207058825
Cape Verde,2021-06,0.9702457958266494,0.1293661057076326,6.869340405914619,0.5821474776972834,4.4760671966934025,0.0,1.513583447045278,0.9702458260206985
Cape Verde,2021-07,2.23203036118285,0.5674653215573771,4.501891647412358,0.5674653215573771,5.05674645977932,0.0,0.7566204284073139,1.1727616890693568
Cape Verde,2021-08,0.9322033664309928,0.0,3.329297936116223,0.0,3.2082323590508475,0.0,2.2881357781694915,0.6900726454237288
Cape Verde,2021-09,1.0486321971428572,0.0,2.173252309069909,0.0,2.462006085945289,0.0,0.364741655331307,0.5471124835015198
Cape Verde,2021-10,2.8551725191586206,0.0,2.9793105284965518,0.0,3.972413950731034,0.0,1.531034568137931,0.827586206675862
Cape Verde,2021-11,3.5930735381269843,1.9047618770533912,10.014430234262628,0.0,6.14718620211544,0.0,1.2265512608167386,2.467532488155844
Cape Verde,2021-12,1.0391566048147591,0.3012048190933735,6.44578330511747,0.0,3.0873493972183734,0.0,1.2198795041295183,0.3463855346024097
Cape Verde,2022-01,3.4707447317260636,0.4787234236994681,4.015957548182181,0.0,1.7420212005478724,0.0,0.15957447456648935,1.4760638489707447
Cape Verde,2022-02,2.281976716473837,0.7994186050029071,7.41279097537064,0.0,2.485465172149709,0.0,0.8284883786293605,3.0232558417107556
Cape Verde,2022-03,4.856571314337558,0.5070046949272848,6.317545144208139,0.08005337187991995,7.058039039530354,0.0,2.0413610596931284,3.722481540077385
Cape Verde,2022-04,3.3288410727136117,0.1819407043092992,5.269542168183962,0.5458221279784367,7.6010785653234505,0.30323450183086254,0.6334231866859839,3.160377493027628
Cape Verde,2022-05,3.8038278026471297,0.9688995667045455,3.1100476754294255,0.0,3.9234448844677035,0.0,0.2870813506758374,1.2559808902188996
Cape Verde,2022-06,8.42279651594301,1.391650146396289,4.493041761933731,0.33797219251424787,7.9655403960768725,0.2982107359098741,0.7223326928747514,7.6739564642531475
Cape Verde,2022-07,10.145118810455145,0.0,11.398416850864116,0.37598944924472294,11.470976908337732,0.0,0.8575198514228232,8.806068664207123
Cape Verde,2022-08,3.7062457761523677,0.39121481195332874,5.277968615260123,0.4461221686108442,8.236101709508578,0.0,0.6588881363994509,3.987645873787234
Cape Verde,2022-09,2.0179372196801193,0.896860986412556,4.319880646331838,0.0,4.663677244197309,0.0,0.5381166130044843,2.2869955443168912
Cape Verde,2022-10,4.36681236546725,0.21834061157496362,2.5764191170655018,0.17467249651237268,1.8486171483202332,0.0,1.3537117835050945,2.882096236774381
Cape Verde,2022-11,2.0396600700552403,0.4249291781983003,5.481586408627479,0.0,1.5722379466444758,0.0,1.4022663359915013,1.3597734250198301
Cape Verde,2022-12,5.302593756058747,0.0,3.1988472694985592,0.0,2.4207493066541788,0.0,1.0806916770778097,3.443804116654179
Cape Verde,2023-01,5.693848313847331,0.2861230327939914,6.7668096195321885,0.6008583762718169,6.380543824937052,0.0,1.5879828869313306,1.1015736489213162
Cape Verde,2023-02,6.274834669931291,0.6705298136307947,5.2235098669594375,0.44701987508443713,5.413907233100166,0.0,0.8443708845314569,1.5645695246382447
Cape Verde,2023-03,3.0013280081075697,0.0,2.430278877733068,2.682602896003984,3.6254981595019915,0.0,0.15936255605179284,2.5365205397689246
Cape Verde,2023-04,5.8684776819585425,1.0078627860343103,3.073623999694067,0.5289492560228736,6.34739131347534,0.0,0.7076483445403858,1.9513939687033595
Cape Verde,2023-05,4.962311557575377,0.3015075495979899,2.8768844643015075,1.1306532667160805,7.035175999300251,0.0,0.3643216204183417,0.15075377479899496
Cape Verde,2023-06,3.2603407425018247,0.9063260254580292,5.973235925675183,0.41970803471350365,3.3029198939124087,0.0,0.43795622163321163,2.2688563428339417
Cape Verde,2023-07,5.956416355338983,0.9382566588837772,7.5726397970127115,0.6113801394933414,5.084746007750001,0.0,2.9600484175659805,1.0895883775732444
Cape Verde,2023-08,2.7354839230000003,0.0,4.632258031000001,0.30967743200000003,1.83870977,0.0,1.625806501,0.329032283
Cape Verde,2023-09,3.835443062471519,0.8670886554430379,5.025316507462026,0.6708860999367089,1.936708839607595,0.0,2.1075950237436714,1.2531645695348101
Cape Verde,2023-10,7.815594130393564,1.336633686950495,5.686880958016088,0.9096534827351486,4.430692886407178,0.0,1.5222772810136136,1.7512376357029704
Cape Verde,2023-11,9.256032069774127,0.0,6.548257168427614,1.3136729160904825,3.5388739271963803,0.0,3.1032170433840482,2.2050938077781503
Cape Verde,2023-12,4.742187559277343,0.6328125106874999,5.015624835761719,1.8125000596828127,5.609375201228906,0.0,5.039062723560937,2.835937534021875
Cape Verde,2024-01,4.451530639313776,0.3826530761989796,4.081632683043368,0.12755102071811225,4.049744867170919,0.0,1.0905612491096939,1.4540815992691327
Cape Verde,2024-02,3.4853641805990474,0.4901293595473111,4.084411229152485,0.5650102236725665,4.390742293618108,0.0,1.9400953352280461,0.49012932641252555
Cape Verde,2024-03,1.7711171661553133,0.5517711435095367,4.114441439384896,1.3419618563010898,2.7384198331294276,0.0,1.1648501461117167,1.164850194307902
Cape Verde,2024-04,0.8053691275167785,0.5637583953020133,3.879194675838926,0.16107383154362417,3.7852349375838923,0.0,3.0201342604026844,0.8053691597315437
Cape Verde,2024-05,3.2075471197436562,0.0,6.675341444018217,0.48145737483279116,3.9622642498516587,0.0,1.3337670629238776,1.0540012886076773
Cape Verde,2024-06,2.6364846487829556,0.133155792,3.022636554503329,0.3861518100878828,2.5166445183275634,0.0,0.9587217422636484,1.1984021944394139
Cape Verde,2024-07,3.3423181170673857,0.46495955883827494,2.4663071908531,0.08086253703234503,4.117250667303908,0.0,3.530997294890162,0.4245283304568733
Cape Verde,2024-08,2.6047658219622023,0.22185702898438783,3.681183253605587,0.5176664083270338,2.218570235622021,0.0,0.8381265249334429,0.08216926913886606
Cape Verde,2024-09,2.839969997229151,0.26296018041172053,3.1254696901036816,0.4958677795882795,2.486852019912847,0.0,2.8549962793148005,1.1269722555371902
Cape Verde,2024-10,1.747159118471591,0.19176136655113638,4.119318215267045,0.6178977648238637,1.7613636670792816,0.0,1.491477340653409,0.25568182810227275
Cape Verde,2024-11,3.9742722090236966,0.36560596443601895,5.260663816966825,1.0020311731374407,3.4800270559620854,0.0,0.7312119449478673,1.4624238255924171
Cape Verde,2024-12,4.803431008093638,1.5010721768920658,3.566833578645461,0.2930664859642602,2.4874911123409578,0.0,0.8148677862437456,0.6862044248427448
Cape Verde,2025-01,3.7044968800599567,0.4282655242141327,4.860813935635974,0.08565310845824411,2.469664603779443,0.0,1.3062098803875803,1.1134904079486083
Cape Verde,2025-02,3.3278418141153217,0.0,4.497528901166392,1.1861614182602966,4.250411893364086,0.0,0.7413509064514003,0.7413509064514003
Cape Verde,2025-03,1.82029440137103,0.3253292054694036,2.2927962372796284,0.09295120385902403,2.2618125147157246,0.0,1.8590240128830364,0.7900852277784663
Cape Verde,2025-04,5.935696482370156,0.5441055350445178,3.5449299255548223,0.0,3.90766685110305,0.0,1.2613355866051112,0.8656224438977741
Cape Verde,2025-05,2.116903648079779,0.09478673350789887,3.8625593058641385,0.35545023735229075,2.7330172196090046,0.0,3.033175532489731,1.1532385771248026
Cape Verde,2025-06,5.087281839128845,0.6234414164389028,5.261845323105569,0.09975062711221946,4.1479637099650875,0.0,1.6708229740049876,1.3632585082759765
Cape Verde,2025-07,5.584218613736722,0.2048558455447648,4.650986412081942,0.0910470441373293,4.757207967088771,0.0,0.637329311972686,2.321699573806525
Cape Verde,2025-08,4.5595855908670115,0.7772020723316062,2.487046689962004,0.0,1.8134715848151985,0.0,1.0362694711295335,0.8808290818791018
Cape Verde,2025-09,4.609185952133763,0.0,2.9572926446655923,0.29008864937792106,2.7800161352820303,0.0,0.9427880205455278,1.136180510739726
Cape Verde,2025-10,3.1254380081906095,0.49053962734688156,3.2095305302824104,0.08409250502032235,2.018220105424667,0.0,1.0651717255711284,0.27330063729922915
Cape Verde,2025-11,6.434245606298323,0.0,7.263901079774052,0.785525141651368,3.080317833584844,0.1323918801332745,2.2506620014721976,2.0653133779311563
Cape Verde,2025-12,2.334801846167401,0.0,0.0,0.5286343822790015,3.3039647930425846,0.0,2.59911898492511,0.6607929511541849
Central African Republic,2015-01,3.4251970573228347,0.0,10.393701383267715,6.023622215905512,1.8897638546456692,0.0,20.669291053346456,0.0
Central African Republic,2015-02,0.0,0.0,0.0,2.142857228,0.0,0.0,0.0,0.0
Central African Republic,2015-03,0.0,0.0,0.0,1.121495372,4.485981486999999,0.0,0.0,0.0
Central African Republic,2015-04,0.0,0.0,0.9493670881898734,3.6075949665189873,0.0,0.0,8.734177486879746,0.0
Central African Republic,2015-05,6.081081081,2.432432529,4.054054054,16.62162204,8.918919434,0.0,12.7702705,0.0
Central African Republic,2015-06,3.6585365850000002,0.0,7.560975765000002,10.48780554,0.9756097949999999,3.6585365850000002,8.78048796,0.0
Central African Republic,2015-07,0.0,0.0,8.495575558999999,1.061946945,3.185840835,0.0,16.99115112,0.0
Central African Republic,2015-08,3.380281824,0.0,6.760563649,1.690140912,0.0,0.0,0.0,0.0
Central African Republic,2015-09,0.0,0.0,18.29268293,10.24390285,0.0,0.0,34.39024483,0.0
Central African Republic,2015-10,0.0,0.0,15.23809584,5.000000341,2.142857181,0.0,8.571428912,0.0
Central African Republic,2015-11,0.0,0.0,28.07017544,1.052631621,0.0,0.0,13.68421128,0.0
Central African Republic,2015-12,0.0,0.0,7.741935791330645,20.40322614919355,5.564515821572581,0.0,14.758064858870968,3.629032258064516
Central African Republic,2016-01,0.0,0.0,13.439999389999999,9.360000038,6.480000305000001,0.0,17.04000034,0.0
Central African Republic,2016-02,0.0,0.0,5.669291376,5.433070754,11.33858313,0.0,12.99212598,0.0
Central African Republic,2016-03,0.0,0.0,0.0,7.631578989000001,3.1578948620000005,0.0,4.210526483,0.0
Central African Republic,2016-04,0.0,0.0,3.870967896,7.741935406999999,1.935483948,0.0,17.41935553,0.0
Central African Republic,2016-05,0.0,0.0,0.0,12.093023548307198,3.7209303803875975,0.0,4.651162975736435,0.0
Central African Republic,2016-06,0.0,0.0,7.945205741,2.191780855,0.0,0.0,0.821917841,0.0
Central African Republic,2016-07,0.0,0.0,31.3709659,15.88709681,2.419354839,0.0,15.96774286,0.0
Central African Republic,2016-08,4.761904762087302,0.0,13.33333348785714,11.66666765484127,0.0,0.0,24.76190574579365,0.0
Central African Republic,2016-09,6.509434051999999,0.0,29.43396388,6.509433827,5.660377358,0.0,17.83019012,6.7924531
Central African Republic,2016-10,0.0,0.0,7.868852771999999,20.65573735,0.0,0.0,8.852459172999998,0.0
Central African Republic,2016-11,1.304347826,0.0,14.00000033,13.56521772,0.0,0.0,16.69565263,0.0
Central African Republic,2016-12,0.0,0.0,7.105263492999999,6.578947787000001,1.3157894739999998,0.0,16.84210593,0.0
Central African Republic,2017-01,5.882352941,7.058823342,5.882352941,22.941177499999995,1.1764706350000003,0.0,7.352941175999999,0.0
Central African Republic,2017-02,10.34482759,5.172413792999999,11.37931039,24.31034528,2.586206897,0.0,17.32758592,0.0
Central African Republic,2017-03,1.9200000760000002,0.0,7.680000305,25.68000107,10.80000076,0.0,11.28000031,0.0
Central African Republic,2017-04,2.12598429,0.0,22.36220517,17.95275662,5.669291564,0.0,22.91338463,0.0
Central African Republic,2017-05,5.294117895934639,0.0,8.888889138339868,10.00000028075817,3.7254900709673207,0.0,13.333333709019607,0.0
Central African Republic,2017-06,2.3529412704183006,0.0,0.9803921568366014,5.294117584915033,4.3137257390980395,0.0,11.568627950718954,2.3529412704183006
Central African Republic,2017-07,0.0,0.0,8.108108108,30.202704830000002,3.851351222,0.0,27.972976580000005,0.0
Central African Republic,2017-08,0.0,0.0,11.69117689,5.955882283000001,3.308823529,0.0,7.9411766109999995,0.0
Central African Republic,2017-09,5.869565494,0.0,5.217391166,15.21739165,0.0,0.0,29.782610349999995,0.0
Central African Republic,2017-10,0.0,0.0,10.469798909395973,15.570470627516778,8.053691755369128,0.0,16.71141042281879,0.0
Central African Republic,2017-11,3.243243372,0.0,18.37837889,17.63513572,6.486486744,0.0,11.689188670000002,0.0
Central African Republic,2017-12,2.432432529,0.0,12.16216216,8.918919273,1.621621686,0.0,8.108108108,0.0
Central African Republic,2018-01,2.777777778,0.0,6.666666784,12.777778540000002,5.000000235,0.0,12.4074072,0.0
Central African Republic,2018-02,0.0,0.0,8.800000509,8.533333143,3.0,0.0,13.60000006,0.0
Central African Republic,2018-03,0.0,0.0,9.491524993,18.13559357,6.836158408000001,0.0,13.55932203,0.0
Central African Republic,2018-04,0.0,0.0,14.83443747,10.26490098,0.0,0.0,3.377483696,0.0
Central African Republic,2018-05,0.0,0.0,5.042016807000001,3.025210204,6.050420008,0.0,4.033613606,0.0
Central African Republic,2018-06,0.0,0.0,11.21951196,6.463414867,3.2926830820000004,0.0,14.14634232,0.0
Central African Republic,2018-07,0.0,0.483870968,0.38709679,7.967741874000001,2.612903349,0.0,3.903225853,0.0
Central African Republic,2018-08,0.0,0.0,5.0996016695617525,1.3545817112509961,0.0,0.0,7.569721115856574,0.0
Central African Republic,2018-09,0.0,0.0,4.32432449566066,3.9639638347297304,2.522522693978979,0.0,7.567567510525525,0.0
Central African Republic,2018-10,0.0,1.916932907,4.984025681,3.0670926970000005,2.49201284,0.0,5.750798874,0.0
Central African Republic,2018-11,0.0,0.607902736,3.6474164130000006,6.261398437,0.607902736,0.0,7.021277002,0.364741656
Central African Republic,2018-12,1.077844354,0.0,3.952095965,7.634730682,0.0,0.0,9.341317594,0.0
Central African Republic,2019-01,1.719197708,0.0,5.845272369999999,2.292263679,0.0,0.0,10.60171974,0.0
Central African Republic,2019-02,1.6304347821449274,0.4347826263695652,6.0869565905289855,6.956522015891303,0.0,0.0,11.521739547282607,0.0
Central African Republic,2019-03,1.4540059630000002,0.0,7.833828063,6.587537318,5.074184088999999,0.0,10.593472319999998,0.0
Central African Republic,2019-04,4.511873451187335,0.0,8.970976507985524,12.453826437467018,2.612137165171504,0.0,9.10290306707124,0.0
Central African Republic,2019-05,5.676229665,1.229508197,8.586065642,13.44262371,3.381147492,0.0,8.012295551,0.0
Central African Republic,2019-06,7.662337708412338,0.0,5.194805195298701,5.097402612584415,0.0,2.5324675167564936,6.038961162633117,0.0
Central African Republic,2019-07,3.6272039340000006,0.0,5.062972388,4.105793558999999,1.435768274,0.0,8.161208731999999,0.0
Central African Republic,2019-08,2.7061855671262887,0.0,2.7835052648891754,5.592783394543814,0.773195876177835,0.0,5.541237359670103,1.3144330883608246
Central African Republic,2019-09,2.425876011072776,0.0,2.991913849164421,4.447439481477089,2.183288319622642,0.0,6.361186086598383,0.0
Central African Republic,2019-10,0.32327586199999997,0.0,4.82758633,4.870689789,0.9267241280000001,0.0,9.956896922,1.875000113
Central African Republic,2019-11,1.748251748,0.34965035,9.230769542,3.939394017,0.0,0.0,4.662004494999999,3.37995338
Central African Republic,2019-12,0.479233227,0.479233227,10.35143849,2.779552883,2.300319428,0.0,5.239616796,0.0
Central African Republic,2020-01,3.461538462,0.0,14.61538535,13.65384707,4.615384615,0.0,13.884615440000001,0.3846153849999999
Central African Republic,2020-02,7.503671162870611,0.0,12.995594995971386,11.512482641409694,7.958884106383258,0.0,18.105727354304886,1.8355359761277537
Central African Republic,2020-03,6.89490448887898,1.273885350477707,13.710191450573246,18.136942692088578,9.824840582191083,0.0,16.289808983081027,4.39490448145223
Central African Republic,2020-04,5.5961539193538465,1.1538461542038463,18.423077649935603,16.826923169384614,21.44230769111539,0.0,18.55769262676923,3.750000000403846
Central African Republic,2020-05,2.664907752407652,0.6728232381292876,13.852242368707124,21.09498694167546,11.108180273627967,0.0,5.118733534452506,0.9498681111372032
Central African Republic,2020-06,6.017069796687421,0.640113797553343,9.345661966019913,18.43527737354196,8.84779581478236,0.0,7.695590550577525,1.0953058051095306
Central African Republic,2020-07,1.963534362,0.0,10.29453023,16.71809311,7.48948118,0.0,7.110799412000001,0.799438963
Central African Republic,2020-08,2.2826086661645966,0.40372669285714285,4.704968825310559,11.9565216628882,2.8416150847826085,0.0,5.310559125,0.23291925512422362
Central African Republic,2020-09,1.9136691266071943,0.0,2.9928057142100726,12.561151170992805,6.071942555395682,0.0,6.000000453306476,1.4676258718618704
Central African Republic,2020-10,3.8263230022795116,0.0,3.4056987016282227,8.168249699810042,5.725915881492538,0.0,7.082768502360922,0.7734056724016283
Central African Republic,2020-11,1.702431991,0.0,10.042918560000002,11.18741049,6.895565202,0.0,6.752503686000001,1.3304721300000002
Central African Republic,2020-12,1.284768187,0.0,13.25827794,13.61589492,2.476821167,0.0,9.615894090000001,1.271523229
Central African Republic,2021-01,3.0085960569598855,0.0,3.782235175577364,9.512893996007163,5.587392789234957,0.28653295117908306,7.521490518230659,2.535816728703438
Central African Republic,2021-02,4.133915589,0.43668122299999995,3.580786221,10.17467306,4.279476205,0.0,5.458515456999999,1.1790393219999997
Central African Republic,2021-03,8.195364238592717,0.0,13.245033116721856,8.327814995463575,1.2417218938824504,0.0,10.976821536672185,0.0
Central African Republic,2021-04,3.908754718461159,0.295930961378545,11.467324524636252,10.616523238968258,3.6621455929716404,0.0,6.2145503613958075,0.44389644153884095
Central African Republic,2021-05,4.263363854443286,0.0,7.627118644413298,9.908734896864406,2.555410740744459,0.9517601289308996,6.883963861142112,1.7992177559765319
Central African Republic,2021-06,3.461047241756067,0.6641123640229885,8.007662933001278,17.77777763097063,2.7458492973882507,0.0,9.578544274457217,0.57471264403576
Central African Republic,2021-07,4.927536181238471,0.7905138337812911,7.259552218392622,14.848484920158102,1.7786561260079055,0.26350461159420285,4.901185745612649,1.5415019820816862
Central African Republic,2021-08,4.124365482,0.22842639,7.461928836999999,10.69796975,4.606599009,0.19035533000000002,6.751269344,2.2081219
Central African Republic,2021-09,3.783102354,0.0,6.406053228,15.044137,2.3833543019999994,0.0,7.313997959,0.756620459
Central African Republic,2021-10,2.352941239,1.568627451,9.398692511,14.22222225,3.555555655,0.0,8.470588447,0.470588254
Central African Republic,2021-11,3.6662107613888604,1.2311901501586866,8.796169656771546,12.96853614275634,5.2120383563351576,0.0,3.119015009064647,2.6675786597400823
Central African Republic,2021-12,4.573748528254398,0.608930987713126,6.4952639987821374,17.09066276021651,4.248985224925576,0.0,5.520974185926928,0.608930987713126
Central African Republic,2022-01,6.15727003,0.0,9.421364844,8.412462738,2.4035609440000005,0.0,8.323442335,3.872403617
Central African Republic,2022-02,5.624060380266165,0.0,9.909774809193987,10.42105273443609,3.473684124451128,0.0,6.315789724222556,7.127819777947368
Central African Republic,2022-03,12.64705926,0.255754476,7.6726346670000005,14.13043509,1.5345268850000002,1.023017903,8.120204512,1.9948849589999997
Central African Republic,2022-04,16.626506125060242,1.244979945025435,8.96921042958233,15.22088370416332,1.5394913302690763,0.17402944511780452,9.437751258941095,3.2931727416693444
Central African Republic,2022-05,17.826724782643172,2.129221733001468,5.859031025582967,22.320117404875184,2.4082232501350953,2.349486050208516,11.468428838061675,2.114537388704846
Central African Republic,2022-06,16.908126669222618,0.1766784451961131,5.777385125756184,19.69964605383392,1.4840989564770317,2.120141342353357,9.593639946906361,3.9399291937367495
Central African Republic,2022-07,15.630251817647059,0.6302521011722689,21.029411644894957,24.222688861564883,3.9705881552710083,4.411764706193278,13.298319563970589,5.357142856945378
Central African Republic,2022-08,9.708903832,0.770547945,5.993150685,15.35958889,3.253424658,1.284246575,11.79794575,3.9041097850000006
Central African Republic,2022-09,12.721980117030567,1.455604075371179,9.694323477510917,16.593886532751092,1.266375657117904,0.8733624450218341,11.266375662008736,3.5953421775109176
Central African Republic,2022-10,12.060766581558784,0.1981505943936592,11.294584006605021,12.126816849114928,2.4174371510700134,0.47556141372787314,8.996036786409514,2.1400265209854683
Central African Republic,2022-11,8.642335982408758,0.5255474661781022,13.255474479094891,15.24087579010219,2.1897810566656934,0.3795620294189781,12.613138799708029,0.5255474661781022
Central African Republic,2022-12,9.084194943,0.886262925,12.06794694,12.392910189999998,2.082717824,1.107828656,12.053175969999998,0.620384019
Central African Republic,2023-01,14.150197830276682,0.2635046117312253,8.102766924181818,9.828722272980235,3.7944663659604743,0.7905138341897233,7.826087094513834,3.3596837945533595
Central African Republic,2023-02,18.150685909178083,0.0,10.410958988538813,12.648401852511416,3.0136986413675797,0.0,6.552511481262558,2.191780909219178
Central African Republic,2023-03,7.518427612,0.294840307,8.157248345,13.562653340000002,1.277641231,0.0,6.117936259000001,0.0
Central African Republic,2023-04,9.010695327,0.0,3.20855615,10.7486635,1.363636402,2.139037433,5.294117698,0.0
Central African Republic,2023-05,14.45977003016092,0.0,3.3103448490574716,8.3908046528,0.5517241593839081,8.160919540367816,5.241379573783908,0.2758620801931035
Central African Republic,2023-06,6.6745841872066505,0.0,3.7054633297909736,7.790973917501189,0.5225653324750594,0.0,4.631828808650831,0.0
Central African Republic,2023-07,3.32524273,0.36407767,5.679612021,6.601942048,0.873786442,0.0,6.8932042540000005,0.0
Central African Republic,2023-08,6.0085841,0.0,2.832617985,4.506437717000001,4.120171838,0.0,8.819743492,0.0
Central African Republic,2023-09,3.9344260505901634,0.0,4.847775186519907,13.255269749367683,0.7494145310374708,1.0538641686674473,4.496487242487119,0.0
Central African Republic,2023-10,10.321782362376238,0.0,7.698019896534654,7.202970627660891,0.96534655875,1.485148514368812,6.980198091014851,1.9801980198267326
Central African Republic,2023-11,2.857142831,0.0,9.056604391,8.463611886,0.646900295,0.0,6.873315877999999,3.234501476
Central African Republic,2023-12,7.792553496,0.0,1.2765957950000002,8.085106218,1.675531966,0.0,5.664894047999999,1.595744744
Central African Republic,2024-01,6.068965868498851,0.0,7.0804598144091955,7.6321841385241385,0.827586240045977,0.0,7.517241773510346,0.827586240045977
Central African Republic,2024-02,5.358851812,0.0,10.52631602,10.55023967,1.674641205,0.0,6.674641171,0.861244053
Central African Republic,2024-03,7.085427447,0.0,2.713567887,8.819095633000002,0.904522649,0.0,3.693467528,1.130653266
Central African Republic,2024-04,6.805556019,0.0,2.314814815,11.20370444,1.111111155,0.0,5.833333179,0.555555578
Central African Republic,2024-05,11.809291230000001,0.0,13.471882730000003,7.139364723,4.596576947000001,1.466992665,8.386307881999999,1.95599022
Central African Republic,2024-06,9.524886155,0.0,1.085972894,5.701357422999999,0.271493223,1.3574660629999997,4.683258090999999,1.018099548
Central African Republic,2024-07,6.421052832,0.315789474,4.042105424,6.400000422,1.8315789070000001,0.0,5.894737043,3.452631649
Central African Republic,2024-08,6.15942029,0.0,4.975845503,10.74879221,5.096618910000001,0.0,11.20772984,0.0
Central African Republic,2024-09,8.595642339,0.0,7.167070541,4.769975914,0.653753038,0.0,7.070218101999999,0.581113825
Central African Republic,2024-10,4.451754636999999,0.0,3.7500000839999994,6.074561571,3.947368421,1.3157894739999998,7.850877444,2.565789432
Central African Republic,2024-11,10.076335730000002,0.0,4.071246759,6.106870168,2.061068799,1.374045704,4.7582699139999995,0.0
Central African Republic,2024-12,6.273584996,0.0,12.80660404,14.221697709999999,4.952830189,0.0,8.20754699,0.849056638
Central African Republic,2025-01,7.049891901999999,0.0,6.637744531,5.791757577,2.34273323,0.0,4.034707655000001,0.0
Central African Republic,2025-02,9.180327713,0.0,3.653395874,9.297424457,2.622950831,0.0,12.08430933,0.0
Central African Republic,2025-03,5.425531915,1.021276636,10.53191489,13.21276573,6.702128015,0.0,15.95744686,0.255319159
Central African Republic,2025-04,9.582366412,0.0,10.06960592,14.75638137,1.670533598,2.552204176,20.81206498,0.348027842
Central African Republic,2025-05,9.58506249759889,0.20746887922544952,3.4854772841438453,9.751037245488241,0.49792533117012444,0.0,12.406639472365145,0.20746887922544952
Central African Republic,2025-06,6.451149645,1.149425287,5.77586187,10.60344782,1.1637931580000003,0.0,12.284483,0.0
Central African Republic,2025-07,4.52941184,0.588235294,8.039215873,7.803921606,1.7843138000000003,0.0,12.29411817,0.0
Central African Republic,2025-08,6.383928657,0.0,10.781249990000001,11.42857149,2.410714328,0.0,11.31696446,0.0
Central African Republic,2025-09,7.768763297,0.0,7.525355289,13.02231306,4.077079427,0.912778905,7.809330629,0.730223153
Central African Republic,2025-10,3.141683866,0.0,6.242300108,9.28131408,3.203285499,0.0,11.51950751,0.0
Central African Republic,2025-11,6.743119124,0.0,7.912844036999999,10.57339502,3.853211217,0.0,8.256881062,0.0
Central African Republic,2025-12,0.0,0.0,1.7149221130000003,9.153674175,0.0,0.0,8.351893096,0.0
Chad,2015-01,0.0,0.0,0.0,0.0,5.714285941285714,0.0,0.0,0.0
Chad,2015-02,0.0,0.0,0.0,0.0,4.444444621,0.0,0.0,0.0
Chad,2015-03,0.0,0.0,0.0,5.00000019395355,5.000000198625,0.0,0.0,0.0
Chad,2015-04,0.0,0.0,0.0,0.0,3.157894861578947,0.0,0.0,0.0
Chad,2015-05,0.0,0.0,0.0,0.0,4.000000159,0.0,0.0,0.0
Chad,2015-06,0.0,0.0,0.0,0.0,3.6363637813636367,0.0,0.0,0.0
Chad,2015-07,0.0,0.0,0.0,0.0,5.454545671227272,0.0,0.0,0.0
Chad,2015-08,0.0,0.0,0.0,0.0,5.714285941285714,0.0,0.0,0.0
Chad,2015-09,0.0,0.0,0.0,0.0,5.454545671227272,0.0,0.0,0.0
Chad,2015-10,0.0,0.0,0.0,0.0,4.000000159,0.0,0.0,0.0
Chad,2015-11,0.0,0.0,0.0,0.0,5.454545671227272,0.0,0.0,0.0
Chad,2015-12,0.0,0.0,0.0,0.0,5.217391511608695,0.0,0.0,0.0
Chad,2016-01,0.0,0.0,0.0,0.0,3.870967896,0.0,3.225806452,0.0
Chad,2016-02,0.0,0.0,0.0,4.000000159,2.000000079,0.0,1.666666667,0.0
Chad,2016-03,0.0,0.0,29.69697027,0.0,1.81818189,0.0,9.090909091,0.0
Chad,2016-04,0.0,0.0,0.0,0.0,2.3529412700000005,0.0,4.705882540000001,0.0
Chad,2016-05,0.0,0.0,0.0,0.0,2.307692399,0.0,0.0,0.0
Chad,2016-06,0.0,0.0,20.15625089,9.687499702,3.750000149,0.0,1.875000075,0.0
Chad,2016-07,0.0,0.0,13.291139240506329,1.5189874025316457,1.5189874025316457,0.0,10.253165043037974,0.0
Chad,2016-08,0.0,0.0,4.137931199172414,6.091954242712643,1.3793103997241378,0.0,4.137931199172414,0.0
Chad,2016-09,0.0,0.0,0.0,3.207547260188679,2.2641510338679245,0.0,21.509433238679247,0.0
Chad,2016-10,0.0,0.0,5.596330625,11.83486291,4.4036699,0.0,16.60550494,0.0
Chad,2016-11,0.0,0.0,5.172413793,4.137931199,2.758620799,0.0,5.172413793,0.0
Chad,2016-12,1.428571429,4.285714286,4.571428752999999,9.428571974000002,1.142857188,0.0,11.42857143,4.85714322
Chad,2017-01,4.235294286,0.0,0.0,1.4117647620000002,7.058823809999999,0.0,5.647059048000001,0.0
Chad,2017-02,0.0,0.0,5.538461759,3.6923078390000006,11.53846227,0.0,0.0,0.0
Chad,2017-03,0.0,0.0,0.0,7.211538919615385,4.615384799150273,0.0,6.346154213076923,0.0
Chad,2017-04,0.0,0.0,0.0,9.999999545928572,7.142857142404761,0.0,15.71428661904762,0.0
Chad,2017-05,0.0,6.923076922615384,19.230769231846153,14.923076631692307,1.8461539196307692,0.0,0.0,6.923076922615384
Chad,2017-06,1.829268292682927,0.0,1.829268292682927,5.853658769268292,0.0,0.0,0.0,0.0
Chad,2017-07,0.0,0.0,0.0,11.26213629,8.155340361,0.0,12.815534720000002,4.368932039
Chad,2017-08,5.142857347,0.0,0.0,12.42857252,3.428571565,0.0,0.0,0.0
Chad,2017-09,0.0,0.0,15.94936757,11.64556938,9.113924413,0.0,13.29113924,0.0
Chad,2017-10,0.0,0.0,2.608695756,7.391304814,0.0,0.0,2.934782661,0.0
Chad,2017-11,0.0,0.0,10.120482620000002,15.421687260000002,1.4457831900000002,0.0,1.4457831900000002,0.0
Chad,2017-12,0.0,0.0,6.9565220152173906,3.9130435478260868,0.0,0.0,3.1884058663043477,0.0
Chad,2018-01,0.0,0.0,13.29113924,6.202531766,1.8987341769999997,0.0,17.84810175,0.0
Chad,2018-02,7.419354941,0.0,11.61290343,1.8279570410000001,0.0,0.0,12.903225809999999,0.0
Chad,2018-03,0.0,0.0,10.7692315,14.487180040000002,4.615384799,0.0,9.230769598,0.0
Chad,2018-04,0.0,0.0,14.40000025,9.200000127,17.19999949,0.0,6.400000253999999,0.0
Chad,2018-05,1.6216216856756756,0.0,3.2432433723918916,13.783783849594595,3.2432433723918916,0.0,4.256756885878379,2.432432529554054
Chad,2018-06,0.0,0.0,6.723164165231639,16.15819257954802,5.593220392903954,0.0,6.94915278479096,0.6779661291073447
Chad,2018-07,5.932203659,0.0,12.20339005,13.841807910000002,10.33898316,0.0,7.966101910000001,0.0
Chad,2018-08,2.580645161,0.0,10.838709800000002,10.12903229,1.5483871579999997,2.580645161,1.5483871579999997,0.0
Chad,2018-09,2.651515151931818,0.0,8.181818326022727,14.242424389772724,3.636363781022727,1.515151514659091,11.818182467045455,0.0
Chad,2018-10,0.0,9.09677444,9.09677444,14.451612659999999,8.90322593,0.0,8.516129063,0.0
Chad,2018-11,4.670329670208792,0.0,7.41758241745055,15.49450591087912,5.604395499395604,0.0,0.6593406855824177,0.0
Chad,2018-12,4.520548206616438,0.0,11.506848792945204,17.945206001301372,4.315068623321918,0.0,9.041095922897261,0.8219178408287671
Chad,2019-01,0.0,0.0,3.2432433720000002,9.189189662,11.1711719,0.0,6.666666967,0.0
Chad,2019-02,12.820512822115385,0.0,18.20512918269231,8.653846306897437,3.2692308607179488,0.0,3.8461538466346155,0.0
Chad,2019-03,4.864864644,0.0,8.030888105,8.146718018,3.552123571,0.0,1.8146717410000002,0.463320482
Chad,2019-04,9.836065574,0.6557377309999999,3.1147539939999995,7.431694198,6.557377179,0.0,2.131147593,0.0
Chad,2019-05,7.849462570258065,0.0,2.9032258572580645,11.290322834641165,3.8709678959032257,0.0,2.9032258572580645,0.0
Chad,2019-06,0.0,0.0,6.0000001056,21.55555645831524,5.3333335455999995,0.0,1.33333338631524,0.0
Chad,2019-07,0.0,1.081081124,2.882882926,16.75675817,3.513513599,0.0,7.9279281,3.2432433720000002
Chad,2019-08,3.082191781,3.082191781,6.78082231,6.438356066000001,4.589040965,0.0,3.9041096220000004,0.0
Chad,2019-09,3.3333333330000006,1.111111111,11.777778200000002,4.833333492,2.5555556349999997,0.0,0.666666693,0.0
Chad,2019-10,0.0,0.0,8.17679621280663,13.093923603803159,1.3259669036022101,0.0,6.022099631858406,0.0
Chad,2019-11,0.9259259260000001,0.0,12.222222929999997,4.876543269,2.407407466,0.0,3.148148236,0.0
Chad,2019-12,0.0,0.0,4.223602603,4.844720763,4.099379119,0.0,3.726708223,0.0
Chad,2020-01,8.447205205596273,1.677018663552795,4.720497131329193,11.180124517567526,10.124223128540372,0.0,2.7950310556234257,0.0
Chad,2020-02,8.000000493360822,0.0,12.694914378999224,12.050847520440678,9.796610367711866,0.0,19.949153313918014,2.118644068288136
Chad,2020-03,6.704545743352273,1.515151515,13.371212417992426,19.96212199445384,11.060606164204545,0.0,15.7954545141191,3.693181818325758
Chad,2020-04,6.341463311273713,1.626016260298103,22.032520380613857,24.742548250623305,29.105691472357726,0.0,15.257452173333334,5.2845528452086725
Chad,2020-05,3.18699193157561,0.2439024393073171,16.42276623995122,25.56097386995122,11.64227741209756,0.0,2.585365947131707,1.170731753912195
Chad,2020-06,5.336538568551694,0.0,6.939102595052884,22.80448873511218,9.455128472758012,0.0,5.0480771139983975,1.2339743279150641
Chad,2020-07,2.4778761060265486,0.0,10.796460179734513,19.823009020088495,10.08849574441593,0.0,6.867256502070796,1.0088495240176991
Chad,2020-08,1.969111932,0.501930484,7.29729761,15.79150472,4.806950102,0.0,4.227799246,0.28957529
Chad,2020-09,2.7715356606741572,0.0,4.23220967494382,17.80898937608919,10.205992870786517,0.0,6.685393981348315,1.910112324269663
Chad,2020-10,3.2781457267947016,0.0,6.192053233251656,9.602649006913909,8.774834515887418,0.0,9.668873793566226,1.5397350909635763
Chad,2020-11,1.827767947307557,0.0,6.924429091087873,8.594024579274166,4.569420034852373,0.2108963181318102,5.606326990119507,1.6344464311511424
Chad,2020-12,2.1252371553700184,0.0,16.907022035066415,15.502848074686908,3.3206831115597724,0.22770399356356735,8.311195164933586,1.821631950512334
Chad,2021-01,1.2774451290499003,0.0,5.269461382113773,13.752495643912175,8.642714418566866,0.0,7.245509401295409,3.5329342843712577
Chad,2021-02,1.7821782179999999,0.594059406,5.04950495,8.970297634,6.415842075,0.0,4.990099161,0.712871315
Chad,2021-03,3.374233129,0.0,8.466258078,15.30674806,1.9325153960000003,0.0,5.092024364,1.104294522
Chad,2021-04,2.2861587499906686,0.3732504033063764,8.926905369278382,10.404355526474738,5.178849285197511,0.0,3.7791603280093313,0.5598756054930016
Chad,2021-05,1.6761905120380949,0.0,8.342857905657143,10.800000328882394,2.7047618684,0.0,6.1714290437142845,2.6285714650095238
Chad,2021-06,3.4488734170814563,0.9012131385857886,9.965337955320622,18.110918541057192,4.038128365133449,0.0,5.095320434079723,0.7798960140727903
Chad,2021-07,4.953271027988785,1.1214953268056074,7.943925589762617,18.654207337629213,2.8224298887551402,0.0,1.8504672187981308,1.9626168221626166
Chad,2021-08,5.221238938,0.318584062,12.38938053,9.557521618,5.858407147,0.0,4.053097489,1.646017733
Chad,2021-09,4.575389881530329,0.0,9.58405532677123,17.972270335635404,6.655112916124782,0.0,4.62738302390468,1.0398613520970537
Chad,2021-10,1.3965517903931037,2.0689655175241377,9.241379047696551,17.586207555965515,6.706896650396552,0.0,7.224138194289656,0.6206896795448276
Chad,2021-11,3.249158361209187,1.5151515154932658,12.676767864831648,13.905724648122701,5.555555556082491,0.0,6.329966514849543,2.323232355198653
Chad,2021-12,4.414893888,0.79787234,5.744680995,15.01773105,4.734042688,0.0,4.521276469,0.0
Chad,2022-01,8.032128514,0.0,10.48192767,9.759035838,4.397590476,0.0,7.891566591,4.036144655000001
Chad,2022-02,7.5100404668192775,0.0,7.44979951320482,12.22891568192771,4.638554101807229,0.0,5.542168608072289,8.31325331879518
Chad,2022-03,14.000000610714286,0.3571428572589286,8.535714490375,15.571428879910714,0.42857144566071426,0.3571428572589286,3.803571377696428,2.7857143534107145
Chad,2022-04,17.42964524,0.900562888,9.437148656,15.90994344,2.326453962,0.562851782,4.671669722,4.615384687
Chad,2022-05,14.734773690000003,1.964636542,6.326129629,16.83693457,2.318271157,0.0,7.229862888,2.829076733
Chad,2022-06,15.16629576,0.22172949,6.252771576,20.70953471,1.064301594,0.0,7.494456593999999,5.210642857
Chad,2022-07,9.222462059,0.647948164,16.17710662,17.90496711,2.1814254649999993,0.0,6.738661175,3.239740821
Chad,2022-08,9.898166695,0.916496945,7.942973523,11.26272945,4.602851353,1.221995927,7.942973718,4.643584754
Chad,2022-09,12.183544789699368,0.632911392318038,7.94303824597943,12.879746927753164,2.1835444846693037,0.0,6.503164692765822,4.620253285374999
Chad,2022-10,11.93700835,0.23622047200000001,7.921260322999999,9.9999997,2.881889644,0.566929119,6.614173679,1.842519655
Chad,2022-11,11.804123840000003,2.06185567,10.72164909,20.91065272,2.7835052039999995,0.773195876,9.604811586,0.9965636479999999
Chad,2022-12,8.682745684,1.113172542,9.20222677,13.432282290000002,2.282003657,0.556586271,8.293135445,0.7792207439999999
Chad,2023-01,6.705998014375614,0.19665683360078662,8.593903881803342,11.356932622418878,3.8348082592192725,0.6981317505742378,3.7954768362438545,1.9469026270226153
Chad,2023-02,4.64237537479757,0.0,4.278002802336032,7.273954193452092,1.4709851361390014,0.0,0.9716599255101215,1.295546610462888
Chad,2023-03,6.090425621,0.9973404259999998,2.220744655,4.348404357000001,2.047872448,0.4388297809999999,2.327127691,1.529255383
Chad,2023-04,7.929515278000001,0.0,9.647577345,10.11747439,1.600587456,2.34948605,3.348017684,2.643171806
Chad,2023-05,13.31932819,0.0,2.8571429370000003,6.120448118999999,1.260504235,6.456582619999999,2.927170882,1.050420201
Chad,2023-06,4.718196642,0.0,3.413848754,9.452496481,2.560386566,0.563607085,0.628019339,0.579710168
Chad,2023-07,1.7774086060000003,1.328903654,3.7375415280000004,5.332226017,2.192691038,1.57807309,2.8405314270000006,1.245847176
Chad,2023-08,1.086614188,0.0,0.992126014,3.3700788680000002,2.488189006,0.0,3.039370109,0.3779527710000001
Chad,2023-09,3.1040000149999996,0.0,3.3120001219999997,11.55200027,1.168000069,0.0,3.3280000690000002,1.151999969
Chad,2023-10,3.3383009859999997,0.0,4.754098304,7.585693258,0.90909093,0.0,3.323397871,0.655737719
Chad,2023-11,3.7482320329999994,0.0,0.9193776520000001,5.586987338,1.37199445,1.612446905,2.022630929,0.282885431
Chad,2023-12,5.848101241999999,0.949367089,4.000000048,6.202531646,2.341772152,1.810126606,2.89873428,0.0
Chad,2024-01,0.999999972,0.447761194,2.686567307,3.641791166,1.4477612010000003,0.223880597,0.895522424,0.223880597
Chad,2024-02,11.31221799,1.131221719,3.333333391,7.858220125,0.814479652,0.678733032,3.634992552,0.9049773759999998
Chad,2024-03,2.7906976809999997,0.0,1.395348893,5.959302395,1.2354651509999999,0.479651156,2.4854653100000004,0.0
Chad,2024-04,2.582322290623917,0.0,1.6464471404644714,8.266898210058928,5.528596121192375,0.0,2.305026071379549,0.5199306760415945
Chad,2024-05,0.0,0.18987342500000004,2.325949337,3.639240544,3.417721428,0.0,0.8069620480000002,0.901898742
Chad,2024-06,4.45820429,0.6501548059999999,4.349845113,8.792569984,3.2198141600000003,0.0,3.8854491229999994,1.8885448620000003
Chad,2024-07,7.124304196,0.0,3.042671897,16.95732814,0.445269034,0.0,2.912801582,1.113172542
Chad,2024-08,4.67054271,0.8720930229999999,2.228682217,6.182170515,2.500000018,0.0,0.930232595,0.23255814900000002
Chad,2024-09,1.343537431270408,0.0,3.4693880142312925,5.799319711653061,1.8367347671904761,0.0,0.6632653221343537,2.653061248469388
Chad,2024-10,3.244094548592126,0.5511811019527559,6.362204514217323,8.91338599907973,1.3228345855937005,0.3149606301165354,0.8503936779779528,0.0
Chad,2024-11,4.013157793,0.0,2.8289474549999998,6.266447274000001,0.88815791,0.838815774,2.38486846,0.460526308
Chad,2024-12,2.5207757290000004,2.216066482,7.728532014,9.722992060000001,1.329639942,0.0,3.656509775,0.0
Chad,2025-01,2.3951050289685316,0.0,5.926573651473776,8.286713386987763,3.7762237182692306,0.0,3.094405644891608,0.0
Chad,2025-02,2.8729282911141807,0.5524861882504604,4.511970534033149,8.52670370981584,3.922652144742173,0.0,1.270718206077348,0.0
Chad,2025-03,6.081277435,0.290275762,4.586357095,5.384615232,2.133526961,0.972423775,2.162554544,0.870827286
Chad,2025-04,7.351097417999999,0.0,3.009404508,9.639498433,1.7398120090000002,2.115987461,0.376175564,2.49216295
Chad,2025-05,3.592920557,0.796460177,5.486725664,8.070796528,2.1769911,0.265486726,0.42477877799999997,0.265486726
Chad,2025-06,2.398523985,0.0,4.649446503,6.845018169,3.062730742,0.0,1.070110736,0.276752768
Chad,2025-07,4.448398577,1.334519573,7.491103356,9.626335097,2.669039358,0.0,1.601423488,1.7081850360000002
Chad,2025-08,0.0,0.0,1.125,4.299999952,0.900000036,0.0,2.100000083,0.75
Chad,2025-09,1.5686273929999999,0.0,2.8054299219999996,5.912518969,1.674208238,0.0,2.7450980460000003,0.8748114919999999
Chad,2025-10,2.862644318,0.38510911400000003,6.302952858,7.522464809,1.232349215,0.7060333759999999,1.540436518,1.116816437
Chad,2025-11,2.240000025,0.0,5.586666616,8.280000019,2.106666692,0.0,1.160000038,1.480000051
Chad,2025-12,0.314136138,0.0,0.0,5.667539417,0.157068069,0.0,2.526177973,0.157068069
Comoros,2015-01,1.463414692,0.0,0.0,1.8292682929999997,0.0,0.0,1.219512195,0.0
Comoros,2015-02,1.801801802,0.0,1.351351351,7.8378376659999995,0.900900901,0.0,5.405405405,1.351351351
Comoros,2015-03,0.0,0.0,5.4545456715625,4.090909253926136,3.4090909088238632,0.0,1.2500000271249998,0.5681818183068181
Comoros,2015-04,0.0,0.0,1.0434783023826089,2.3478261288,3.1304349071478264,0.0,1.3043478264173913,0.0
Comoros,2015-05,5.395683453395684,0.0,14.964028231510792,3.237410072446043,6.25899266847482,0.0,3.237410072446043,0.0
Comoros,2015-06,1.389961445065637,0.0,10.656370803011583,6.254826549328186,9.498070382092665,0.0,10.888031182779923,0.0
Comoros,2015-07,1.7056857461404684,0.0,8.42809390109699,8.628762924996655,5.317725944160536,0.0,6.120401720588628,0.0
Comoros,2015-08,1.8085107735106383,0.0,6.099291050691489,4.680850995744681,2.872340560797872,0.0,4.716312124787233,0.42553193148936164
Comoros,2015-09,1.2857142853,0.0,14.057141985914285,11.714285716114285,6.600000109488572,0.0,4.285714286014285,0.0
Comoros,2015-10,1.9292604504019293,0.0,8.295819690096462,4.437299097202572,5.980707518295821,0.0,11.86495226045016,0.0
Comoros,2015-11,0.0,0.0,6.4615389019423075,1.7692309162499997,0.4615384794846154,0.0,3.230769450465385,0.0
Comoros,2015-12,0.6181818360072727,0.0,6.54545454557091,5.23636349776,5.3454544765381815,0.0,6.654545177607273,0.0
Comoros,2016-01,1.5845070422535212,0.0,5.070422737014084,5.387324010591549,5.14084520484507,0.0,7.816901676845071,0.0
Comoros,2016-02,0.0,0.0,0.0,3.141762379218391,4.2528737093333335,0.0,2.8735632184827584,0.45977013360919544
Comoros,2016-03,2.3529411761176466,0.0,3.5686276007764706,5.6470590483058825,1.647058748917647,0.0,2.470588310047059,0.0
Comoros,2016-04,0.0,0.0,5.5813950958671095,1.3621263725714288,4.0863788005847175,0.0,3.2890364182325578,0.0
Comoros,2016-05,0.4559270517568389,0.0,4.468085048486321,1.2462007239148936,8.784194992960485,0.4559270517568389,6.869300448,0.0
Comoros,2016-06,2.6785714281214283,0.0,3.8571429248999998,2.178571565217857,5.1428570068,0.0,4.178571360475,0.0
Comoros,2016-07,0.0,0.0,7.677902622134832,1.34831466,2.5842696987640448,0.0,7.191011522022471,0.0
Comoros,2016-08,3.9344263862991804,0.0,6.024590085938525,5.573770648209017,4.9180327867418026,1.8442622949016394,0.4918032984139344,0.0
Comoros,2016-09,3.1797235465437788,1.3824884796313364,4.285714373640553,7.37327188967742,5.668202413271889,0.0,2.626728022488479,0.0
Comoros,2016-10,0.0,0.0,2.2018349502201833,3.9908260381146787,3.7155965056146796,0.0,3.5779817388577984,0.0
Comoros,2016-11,0.8510638293276594,0.0,9.361702127668085,8.723404255165956,4.425531752689362,0.0,8.978722754578724,0.0
Comoros,2016-12,3.4444445146222216,0.0,4.000000070733333,9.481481622744445,5.7777779190444445,0.0,5.407407548977778,0.0
Comoros,2017-01,1.2413793598724137,0.5172413788137931,16.41379257968965,3.448275861789655,7.137931297796552,0.0,7.413792445668966,1.7931033822965516
Comoros,2017-02,0.0,1.0588235477176469,18.19607903435294,15.490196079058824,6.50980407117647,0.0,9.882353240188236,0.0
Comoros,2017-03,5.206896683324138,5.379310476262069,8.62068965497931,14.689655963758623,3.344827602596552,2.068965517275862,10.758620625172414,1.2413793598724137
Comoros,2017-04,2.7424748526755853,2.7090302283076926,8.42809390109699,6.387960152809364,3.612040356595318,0.0,12.140468288361204,2.173913043685619
Comoros,2017-05,1.8729098265016721,2.0066889633244145,10.401337918862875,5.217391431705686,3.1772576046354515,0.0,1.87290974670903,3.6120401980200665
Comoros,2017-06,3.3007334961589243,3.5452322740635696,10.831295659926651,10.146699266381416,4.034229828863081,0.0,11.246943767457212,0.29339854439119806
Comoros,2017-07,2.1951219507682924,0.8780488155634145,9.951219791526828,6.2195119629999995,5.268293066639024,0.0,11.78048785097561,0.0
Comoros,2017-08,0.0,3.430657026751825,6.204379561788322,5.888078160583942,1.3625305061557178,0.0,9.124087590924574,0.0
Comoros,2017-09,0.4261363633664773,3.4090909089488637,8.55113674340909,4.204545238210227,4.1193181815625,0.0,14.488636905113635,1.2784090911079546
Comoros,2017-10,0.40380048590973866,0.0,13.80047469814727,4.441805180845606,1.6389547791543941,0.0,11.900238077719715,0.0
Comoros,2017-11,0.0,2.8063241197450597,8.339921099252965,6.620553548292491,5.849802446956521,0.0,9.743083607266797,1.581027668193676
Comoros,2017-12,1.3698630140136987,2.3972602740205478,7.168949684198631,13.515981905136984,5.182648358280821,0.0,11.986301808082192,1.3698630140136987
Comoros,2018-01,1.902748414858351,1.9661734021733617,7.6955605762029595,6.913319399754757,4.651162992473572,0.0,4.249471640287526,0.0
Comoros,2018-02,3.416856546022779,1.3667425964601365,10.136674256492029,4.396355396264236,3.8268793683553533,0.0,7.243735589170844,0.3416856493667426
Comoros,2018-03,8.06845965783863,4.327628315667482,13.88753037398533,8.5085575038044,7.212713936674816,1.1002444990709046,8.141809571149146,2.0537896379168705
Comoros,2018-04,3.6263737307208794,0.32967032963956044,17.7362639010989,9.362637865261538,2.9670329667560438,0.0,14.527472194813187,0.9890109889186813
Comoros,2018-05,5.5980863184378,8.014354067406698,15.74162661124402,12.942584281435407,9.521530917964116,0.0,14.784688817081339,1.4354066982942586
Comoros,2018-06,3.599999904735,4.650000095325,22.000000002175003,14.399999616925,4.67499995248,0.0,14.324999805674999,3.9000000957775
Comoros,2018-07,5.984654634301791,6.2915601997084405,8.209718767994884,8.209719011851663,5.242966751636829,0.0,8.439897698445012,2.4552430641432226
Comoros,2018-08,5.737704918467213,7.513661202442623,16.475409629754097,14.808742853360656,8.38797815535246,0.0,15.573771014508196,2.0491803276639344
Comoros,2018-09,4.545454545454546,5.622895879797981,15.858585666666666,10.033670097979797,2.6262627707070703,0.0,8.619528427272726,0.0
Comoros,2018-10,4.421052631246315,2.2105263161263156,7.200000160526314,10.294737161094737,3.09473685264,0.0,6.526316191461052,1.2000000098147368
Comoros,2018-11,4.731458044181585,7.186700864616368,15.34526804948849,13.938618436445013,7.058823627250638,0.0,8.670076628337597,2.7621483858951406
Comoros,2018-12,4.3589743594307695,1.5384615382076923,18.512820712076923,10.94871789923077,2.230769242846154,0.0,9.076923468123075,1.9230769235153846
Comoros,2019-01,3.341772103964557,3.417721518992405,12.151898978481013,12.303798046329112,8.303797274744305,0.0,10.962025603696201,0.0
Comoros,2019-02,4.3237250554102,3.348115331117517,10.24390260638581,9.77827080627051,7.871396684478936,0.0,9.933481406980045,2.793791658359202
Comoros,2019-03,3.5135135136,5.063063131524324,11.819820230594592,5.5855857569513505,3.1351352377945947,0.0,12.666665844,2.7027027026918917
Comoros,2019-04,2.967033106664835,2.3992674691978024,10.201464990329669,10.76923062478022,2.3443223788021976,0.0,8.003662794263738,3.11355311343956
Comoros,2019-05,5.211864487870763,2.7330507662605936,11.122881356991526,12.542373450211864,5.656779822457627,0.0,10.74152543326271,4.872881355773305
Comoros,2019-06,6.338028168920188,3.521126760286385,7.887324032802818,9.67136168124413,2.4647887328075115,0.0,9.295774513838632,6.408450972802817
Comoros,2019-07,3.6674816625623468,5.281173687207824,7.99510997822983,9.31540351612714,6.234718826053789,1.1002444990709046,10.146699262493888,1.7114914423276282
Comoros,2019-08,3.821656051,1.815286563,18.72611319,12.133758079999998,4.108280133,0.0,16.08280255,1.815286563
Comoros,2019-09,3.024574669194707,4.328922422669187,9.03591668037051,8.638941182737241,3.0434783328015125,0.0,4.272211611863894,3.5160679900718335
Comoros,2019-10,3.1634446398664324,0.6854130215395431,5.061511289884007,5.518453694959578,2.987697798699473,0.0,5.0439368653286465,4.5869947950087875
Comoros,2019-11,1.3863216270314231,2.587800369922366,14.04805844051756,6.506469818380777,4.4916821057301295,0.0,7.5231055011608134,1.497227383659889
Comoros,2019-12,0.7950530036042404,2.1201413426095406,10.84805646680212,8.869257748136041,0.6890459532120141,0.0,9.010600706844523,3.8692580520742053
Comoros,2020-01,2.867256602930974,4.389380396162832,10.991151526654868,6.831858474548674,3.185840708460177,0.0,3.256637185515044,1.3451328107044247
Comoros,2020-02,2.7236580140437376,5.427435235777335,11.411531119125248,10.000000607149106,5.944334109606362,0.0,11.948310022743538,4.1153081129582505
Comoros,2020-03,7.070063937,2.484076494,5.318471429,9.84076421,5.780254959,0.0,5.191082863,3.9808917199999994
Comoros,2020-04,7.76190530707619,2.6190476189571426,9.111111353528573,8.126984550457143,6.253968496119047,0.0,3.9523810427095234,2.3650794563761903
Comoros,2020-05,4.49152542381356,0.0,9.067796933018643,9.440677933337287,3.5593221146491527,0.0,4.627118676020339,1.525423729220339
Comoros,2020-06,1.009901066,1.4851485149999997,8.138613559,5.227722697,5.386138765,0.0,14.217822010000003,2.435643649
Comoros,2020-07,7.0121951220000005,3.5975611309999995,10.71138227,10.58943097,7.093496245000001,0.0,9.329268215,2.743902439
Comoros,2020-08,2.495274066,3.629489747,11.45557699,10.56710732,6.597353425,0.0,9.69754311,3.062381816
Comoros,2020-09,5.24691358,5.473251107,10.43209892,12.07818887,3.29218107,0.0,8.086419989,1.6666666959999998
Comoros,2020-10,2.9931972895691614,1.6326530181088434,7.233560220861678,9.002267746598639,3.378684829324263,0.0,10.68027132979592,0.27210885389115647
Comoros,2020-11,2.295918367,3.4438775510000004,6.071428377,10.61224548,7.602040865,0.0,11.91326611,1.8367347059999999
Comoros,2020-12,5.339233151,1.7699115040000002,14.21828875,14.247787950000001,10.176991149999997,0.44247787600000005,12.35988189,6.371681247
Comoros,2021-01,0.0,2.0,11.36000036,6.186667124,1.4933334350000003,0.0,9.6,1.2
Comoros,2021-02,12.24242413,7.151515267,11.69696952,5.909090909,1.121212136,0.0,11.4545458,0.0
Comoros,2021-03,4.78125006,2.71874993998125,10.2187505338125,8.843749761309375,4.062500000240625,0.0,9.6562504771875,1.406250000121875
Comoros,2021-04,7.421602853853658,8.780488070780489,13.79790888,12.857142725853658,6.271777003902439,0.0,19.05923371902439,2.613240417951219
Comoros,2021-05,5.498391792,8.874598193,14.405143840000001,10.35369799,0.48231511299999996,0.0,3.311897167,7.427652856000001
Comoros,2021-06,0.5479452269360731,6.301369950406394,10.958904976575342,14.657534853378994,5.753424505561644,0.0,12.648402392968036,7.808219352228311
Comoros,2021-07,20.611354040000002,6.550218341,10.349345,22.8384272,9.432314577,0.0,20.04366848,10.480349340000002
Comoros,2021-08,9.373041231009404,4.231974921968652,7.899686759285266,11.191222805642633,5.611285146583072,1.2852664274482761,13.981192239498432,0.4702194357742947
Comoros,2021-09,1.11111113808547,2.307692416393162,12.735042952820514,7.293447402290599,7.891738109521368,0.0,9.145298982752136,3.2478632750427354
Comoros,2021-10,8.915662957,8.634538153,14.457832090000002,17.83132515,4.779116313,0.0,5.180723026,6.104417977
Comoros,2021-11,1.7751479999999997,2.366863905,12.5739645,3.1656805579999996,1.893491152,0.0,12.514792669999999,4.940828627999999
Comoros,2021-12,3.6222911839999994,3.7151702790000005,7.6470587640000005,6.718266195,1.3003096119999997,0.92879257,8.266254106,1.8575851389999998
Comoros,2022-01,5.736434275,10.46511628,9.186046807,8.023256294,2.906976744,0.0,9.302325766,3.1395350320000004
Comoros,2022-02,4.444444523,4.444444523,4.444444523,11.23456759,2.469135802,0.0,8.148148325,3.950617441
Comoros,2022-03,9.29245274,19.103773580000002,20.9433974,21.41509461,6.320754537,0.0,25.471697779999996,6.650943576
Comoros,2022-04,5.872340507,6.765957284,14.425531749999998,8.29787234,3.9574468899999995,0.0,4.085106545,9.702127741
Comoros,2022-05,3.9555555981866664,4.933333502933333,14.000000421866666,8.666666666720001,1.8666666877866667,0.0,9.33333386352,0.6666666668266666
Comoros,2022-06,30.563380465352115,7.042253520676057,12.488263088450704,14.225352206197183,8.591549497352112,0.0,7.323943952788732,6.338028169014085
Comoros,2022-07,16.30057875383385,6.242774676710983,13.872832918439308,5.202312139023122,2.601156069,0.0,20.80924965901734,0.867052023
Comoros,2022-08,15.75892908,4.821428657,7.366071429,8.348214201,4.285714456,0.0,2.455357143,2.0089285710000007
Comoros,2022-09,25.78475336,4.439461711999999,1.4349776,9.417040359,1.34529148,0.0,9.013453086,6.053811659
Comoros,2022-10,7.564575645999999,2.9889300299999997,4.538745458,2.878228941,3.357933632,0.0,7.638376137,1.328413337
Comoros,2022-11,10.25547433,5.000000017,8.941605839,11.38686124,1.6788321689999999,0.0,10.69343073,4.598540285
Comoros,2022-12,6.7924531,3.396226325,2.6886791550000004,6.367924528,2.877358558,0.0,3.820754784,1.698113275
Comoros,2023-01,6.136363745,0.0,8.011363853,7.670454544999999,2.386363663,0.0,7.670454544999999,1.704545455
Comoros,2023-02,8.875000079,4.625000159,9.291666746,10.20833373,2.5,0.0,4.750000238,3.125
Comoros,2023-03,12.571428848142858,2.571428673257143,6.7500002044142855,3.571428571871429,5.892857142928571,0.0,10.464285786857143,10.42857204642857
Comoros,2023-04,16.6339868,3.431372549,13.82352893,11.24182994,8.169934641,0.0,14.411764209999998,3.137255027
Comoros,2023-05,10.59602649,2.649006623,10.662251589999999,10.56291378,5.728476726000001,1.490066225,4.867549606,1.986754967
Comoros,2023-06,12.428571379999998,8.523809342,8.619047574,17.57142839,0.571428594,0.0,5.714285714,3.571428571
Comoros,2023-07,5.189189394999999,4.054054054,13.78378378,8.270270116,0.810810811,0.0,3.945946178,0.0
Comoros,2023-08,12.7093597,3.990147971,3.694581398,2.807881797,4.778325147,0.0,15.66502543,0.0
Comoros,2023-09,3.614457831,5.240963741,14.03614469,11.32530132,7.228915663,0.0,8.49397599,3.614457831
Comoros,2023-10,6.184970988,4.161849601,12.658959870000002,7.283237215,0.867052023,0.0,5.549133031,5.549133168000001
Comoros,2023-11,5.421686747,9.759036603999999,2.710843373,9.759036461,9.156626822,0.0,5.60240961,5.421686747
Comoros,2023-12,6.000000089,0.0,2.62500003,8.312500268,9.18750003,0.0,13.31250012,5.625
Comoros,2024-01,10.64356459,2.97029703,12.42574276,10.79207907,1.485148515,0.0,9.504950873,9.158415842
Comoros,2024-02,19.12280691,3.50877193,22.105263269999995,13.85964915,5.964912309000001,0.0,15.96491295,7.01754386
Comoros,2024-03,11.273885837834394,1.9108280252611463,8.980891962369427,13.694267519235668,3.8216560505222925,0.0,9.745223051910827,4.777070063656051
Comoros,2024-04,5.337423635,0.0,9.754601578,8.834355594,0.0,0.0,8.098159831,0.0
Comoros,2024-05,12.20000013,9.200000127,7.0,12.466666539999999,1.800000032,0.0,19.0,3.400000254
Comoros,2024-06,15.000000339999998,2.710843373,10.84337349,12.83132542,7.951807258,0.0,23.67469977,2.530120511
Comoros,2024-07,24.38596536,5.263157894999999,29.35672615,21.98830376,24.56140351,0.0,25.96491275,2.631578947
Comoros,2024-08,15.20000013,1.0,3.0,12.93333371,1.0,4.0,18.0,6.0
Comoros,2024-09,15.66176555,1.102941176,6.617647058999999,10.80882409,5.514705882,0.0,6.176470308,7.720588235
Comoros,2024-10,7.786259578,9.160305344,17.17557252,24.732825050000002,3.435114504,0.0,23.35877983,4.351144893
Comoros,2024-11,6.486486583,2.432432529,8.91891879,10.27027014,0.810810843,0.0,13.17567519,1.621621686
Comoros,2024-12,8.586387734,2.19895278,4.869110172,1.518324657,5.811518524000001,0.0,8.952879406,5.968586437
Comoros,2025-01,14.22818843,8.389261745,12.41610738,11.34228162,8.389261745,0.0,8.590604155,8.389261745
Comoros,2025-02,13.80681829,7.329545238,17.38636331,14.147727599999998,8.181818507,3.409090909,11.93181818,3.238636391
Comoros,2025-03,10.496894766086953,5.403726589975155,10.310559388322982,8.012422419652173,5.776397633515528,1.8633540374161492,7.515528187304349,5.652174001975156
Comoros,2025-04,8.802395095,6.646706815,7.00598791,15.08982025,3.4131736810000004,0.0,10.95808395,4.850299487
Comoros,2025-05,5.094339563,2.830188679,10.377358490000002,3.58490569,2.830188679,0.0,15.4716982,0.0
Comoros,2025-06,7.058823528999999,3.5294117649999994,7.941176471000001,7.999999944,6.352941289,3.5294117649999994,12.2941177,0.0
Comoros,2025-07,5.192307937000001,5.769230769,16.73077024,7.051282051,4.615384646,0.0,21.92307619,0.0
Comoros,2025-08,4.285714286,6.428571429000001,7.5,12.00000014,9.428571463,0.0,14.14285745,0.0
Comoros,2025-09,5.03649642,10.94890511,4.379562044,11.16788335,2.627737331,0.0,11.16788352,0.0
Comoros,2025-10,1.6783217450000003,0.0,3.3566434900000006,3.566433833,4.195804196,0.0,8.391608725,0.0
Comoros,2025-11,6.480000114,0.0,13.680000310000002,18.72000046,5.760000038,0.0,16.56000061,0.9600000380000001
Comoros,2025-12,11.25,8.624999523,21.750001910000005,9.750000238,15.75000048,0.0,1.50000006,3.75
Congo,2015-01,1.0650888000591716,0.0,9.911243168384697,4.644970287799237,2.9289941116102276,0.0,6.745562186637614,1.7751479294201185
Congo,2015-02,1.0588235716411765,0.0,11.176471147626552,5.941176344018065,2.911764734409579,0.0,6.705882408901511,1.7647058827411768
Congo,2015-03,1.0256410666666667,0.0,9.544160087045661,5.982905914980462,2.820512848043467,0.0,6.495726549933087,1.709401708974359
Congo,2015-04,1.0588235719088235,0.0,9.852941737288315,4.61764707317504,2.9117647340478143,0.0,6.70588240874857,1.764705882597059
Congo,2015-05,1.0650888000591716,0.5917159764733728,10.502959148736766,4.6449704277500405,2.9289941116102276,0.0,6.745562186637614,1.7751479294201185
Congo,2015-06,1.2080537398255031,0.0,3.2214766374396886,2.4161074781594425,0.8053691593599221,0.0,1.6107383187198443,0.0
Congo,2015-07,1.0526316211695905,0.0,9.795322194638928,5.0292397797851285,2.8947368702434417,0.0,7.10526321323542,1.754385965380117
Congo,2015-08,1.0619469450088495,0.0,10.235988771365864,4.277286136196206,2.9203540109122623,0.0,6.725663772939568,1.7699115048141596
Congo,2015-09,1.0404624688439306,0.0,10.722543946540544,4.537572268617091,2.861271704272419,0.0,7.976878722981254,1.7341040465751445
Congo,2015-10,1.0682493012284868,0.0,9.940653384436283,5.905044539259685,2.9376854876773204,0.0,7.299703305955149,1.7804154299287835
Congo,2015-11,1.0909091341090909,0.0,10.515152105857657,5.121212150401556,3.0000000283371415,0.0,6.9090909669106475,1.818181817890909
Congo,2015-12,1.0344828003448276,0.0,9.62643733022709,5.2011494660532,2.8448276135869444,0.0,6.551724193208373,1.7241379307844829
Congo,2016-01,1.0557185174193549,0.0,9.824047480624715,4.604105585473646,2.903225834672308,0.0,6.6862170641833245,1.7595307922580645
Congo,2016-02,0.9836065966229509,0.0,11.038251908177672,6.502732292646212,3.032786924134582,0.0,6.557377114901326,1.6393442619234972
Congo,2016-03,0.9278350885412371,1.546391752314433,10.902062398848008,11.778351198985861,4.09793816953159,0.0,8.659793912202355,1.546391752314433
Congo,2016-04,4.26356582944186,3.4883720933023254,9.043928140855368,15.917312272730012,2.558139559806865,0.0,7.054263615055591,1.550387596604651
Congo,2016-05,0.9863014093150685,1.3972603781698631,10.82191833713158,6.027397260182229,4.10958917132947,0.0,6.575342530801407,1.6438356160876713
Congo,2016-06,1.5957447441223405,1.1968085111329787,10.877659978758052,11.382979535199164,2.6329787486416407,0.0,8.856383029421577,1.5957446810904254
Congo,2016-07,1.0084034019495798,0.4201680666890757,9.383754035801196,6.47058834200144,2.773109270563745,0.0,6.9467787651274895,1.6806722693109242
Congo,2016-08,1.7142857515090908,1.6883116888363636,11.402597799228642,8.753246455614322,2.571428595670797,0.0,6.233766295559776,1.5584415586363636
Congo,2016-09,0.994475177955801,1.24309392320442,9.254144173350905,7.928177006371585,2.7348066562520916,0.0,6.298342594216889,1.6574585634254146
Congo,2016-10,1.755319186388298,0.7978723399148936,10.265958049662306,10.1861710240386,2.6329787486416407,0.0,7.659574518288601,1.5957446810904254
Congo,2016-11,2.087628903404639,1.9329896910206186,11.701031322894401,12.989691113393079,2.5515464159620023,0.0,7.8092783991018395,1.546391752314433
Congo,2016-12,1.6377171575682383,1.1166253101736974,14.937965922712229,9.553349875748173,2.8287841425887263,0.0,7.14640203274165,1.488833746898263
Congo,2017-01,0.900000035215,4.124999999435,10.40000057568257,15.975000376291284,3.6000000236456424,0.0,6.9750001426537835,1.500000000475
Congo,2017-02,3.8071065385583753,4.263959197401015,10.02538125984655,9.847715906038724,2.5126903792620734,0.0,6.294416292098694,1.5228426401725887
Congo,2017-03,1.0619469450088495,0.0,11.297935722181535,4.277286136196206,2.9203540109122623,0.0,6.725663772939568,1.7699115048141596
Congo,2017-04,2.6905831204708517,0.5381166133408072,7.780269497024725,9.103139526247789,2.219730963157526,0.0,6.098654773254515,1.345291479585202
Congo,2017-05,1.558441619776623,1.558441558431169,10.259740759462408,7.6623374142195155,2.5714285955876806,0.0,6.935065008785749,1.558441558431169
Congo,2017-06,4.339622720518868,4.622641599924528,8.183962724665157,8.325471968536588,2.3349056827907004,0.0,6.580188813904513,1.4150943390542452
Congo,2017-07,10.525164144719913,10.240700885999999,9.606127248323912,18.424508657782305,2.166301990179993,0.0,5.51422325792235,1.3129102849956236
Congo,2017-08,4.408352612412993,9.535963408097446,7.7726222528376505,16.937354989620683,3.3410673078265822,0.0,6.8213458408735805,1.3921113692807423
Congo,2017-09,2.250000059345,4.9500002859975,8.375000477112566,8.775000095818784,2.4750000239131418,0.0,6.000000059386284,1.500000000475
Congo,2017-10,2.674698829720482,2.1686746989036143,8.674699254718139,14.578313251172322,2.385542191786161,0.0,6.7228917046783465,1.4457831321903616
Congo,2017-11,2.211302269840295,0.2948403067813268,9.926290301567636,9.60687923253443,3.1695331928826946,0.0,6.265356323959493,1.4742014743488943
Congo,2017-12,0.7809110934490239,2.668112839045553,11.496746620939321,11.366594225003285,2.993492449247845,0.0,9.956616486832473,1.3015184376572668
Congo,2018-01,2.8985507737639753,2.44306422204969,10.476190944871691,10.683229793758297,2.857142896950843,1.0351966877515528,7.204969280281099,1.4906832394658387
Congo,2018-02,2.0292504827787936,0.0,10.804387990224912,12.029251018878453,2.7056673112673804,0.0,7.129799121489737,1.0968921389396709
Congo,2018-03,2.848484877622222,1.5151515152666668,10.929293484066722,10.141414151064415,2.0000000192234917,0.0,6.727272910161902,1.2121212126828282
Congo,2018-04,7.822878114284133,4.040590335627306,15.479705078289719,19.5756455234223,3.4317342996111746,0.0,7.638376445049604,1.1070110704059042
Congo,2018-05,1.4408233852487133,0.7204116311698112,8.250429046039498,14.545454581211859,2.675814734358931,0.0,7.13550631454163,1.0291595191492282
Congo,2018-06,1.416234937392055,1.1398964385146806,7.702936491522477,10.915371458249595,1.9170984705064884,0.0,5.28497432398924,1.036269429939551
Congo,2018-07,1.992818697540395,1.0771992813249551,7.630161921894124,11.490125676313308,3.1238779348137466,0.0,6.732495683267093,1.0771992813249551
Congo,2018-08,2.480000066544,0.9600000380879998,11.920000461146053,8.400000237877027,2.8800000195665145,0.0,9.260000324275541,1.199999999688
Congo,2018-09,3.214285740699249,3.8909775875300756,9.736842544795163,14.755639860065573,2.142857161243662,0.0,5.977443735004027,1.127819548398496
Congo,2018-10,1.90082650496281,1.4256198547066115,9.710744293706668,9.524793467510861,2.5413223533972253,0.0,6.239669579155252,1.2396694212520663
Congo,2018-11,2.5000001329166666,2.1111110399074073,8.6481485545982,14.57407399619423,2.2777778131264013,0.481481463962963,5.388889136342168,1.111111111388889
Congo,2018-12,1.2915851550176127,1.2328767498199609,8.904109961825887,9.197651709943024,1.9373777088967845,0.0,7.632094073143863,1.174168297890411
Congo,2019-01,1.6430020577565922,2.4949288513995946,9.533468946200868,7.829614488866646,2.6166328797226304,0.0,6.1460448568131545,1.2170385392657201
Congo,2019-02,0.6976744464728681,0.29069767401162794,7.829457705974859,9.670542931950607,2.6162791162466212,0.0,6.337209542538316,1.1627906972286823
Congo,2019-03,1.8478261816177535,0.0,6.612319186192079,10.471014829209937,1.9746376986037264,0.0,6.57608725063183,1.0869565221666666
Congo,2019-04,0.6963249787311412,0.2901353962630561,10.348162572094832,8.646034917847693,1.9148936357819282,0.0,7.543520494370929,1.160541586235977
Congo,2019-05,2.336283236984071,0.690265504,12.460176922217748,16.53097338075489,1.752212406172136,0.0,8.442478052952463,2.123893805677876
Congo,2019-06,1.1806798111878356,1.9856887982075135,11.37745999351168,14.722719686594836,3.381037584356452,0.0,6.547406108186965,1.073345259785331
Congo,2019-07,1.5579710409456524,0.815217391173913,10.634058457740991,13.09782611772919,1.7934782781961176,0.36231884013586957,6.4673913133675445,1.0869565215652173
Congo,2019-08,0.0,0.5113636453977273,8.82575800888831,12.007575823594967,2.556818227020129,0.0,6.136363699444156,1.1363636362499998
Congo,2019-09,0.8185053215302491,0.6227758007135231,8.398576817928875,15.498220152808083,2.0284697675307064,0.0,6.245551627274935,1.0676156587010674
Congo,2019-10,2.067669172481203,1.447368385075188,6.5789477266410294,18.496240887079917,3.3834587360744894,0.0,5.695488847170838,1.1278195483082707
Congo,2019-11,2.827868891471312,1.413934445735656,10.635246407178334,16.024590467967506,2.6434426429984774,0.0,8.790983821165748,1.229508196659836
Congo,2019-12,0.0,0.5859375,10.976563027056693,14.96093677765262,2.3242187684829236,0.0,7.7343752146384475,1.171875
Congo,2020-01,0.5504587158917431,2.1467889556348623,11.5412848534184,17.853211574177088,3.1376146615564346,0.0,8.34862376536975,1.1009174306073395
Congo,2020-02,6.625258823842531,1.4596273686966874,11.325051823581306,15.155279983298666,6.169771950826352,0.0,12.857143326323127,1.2939958593985512
Congo,2020-03,3.578274852270501,3.152289709936102,14.195954076946782,25.29286470324789,8.008520036517176,0.0,12.683706065305005,2.7156549525260916
Congo,2020-04,2.1710526314289473,3.671052831913158,20.76315892489413,25.250001049918605,15.500001221267441,0.0,11.868421182835377,2.763157894239474
Congo,2020-05,2.0104712840460737,4.387434715057591,17.727749513877516,27.95811648115865,10.984293707490322,0.0,5.874345714386925,1.2879581855172775
Congo,2020-06,4.036363255014857,0.0,10.945455147930943,16.63030389771896,8.630303411266977,0.0,7.127273126475774,1.6606060376375757
Congo,2020-07,5.512572534274661,4.487427613394584,9.661509312246643,27.059961589224507,6.61508705034164,0.43520309423597675,6.98259192657303,0.5512572350676982
Congo,2020-08,2.9253926572041884,4.921465862387435,10.61518323812371,20.68062926809327,4.064136182282236,0.0,7.225131004988556,0.2945026177382199
Congo,2020-09,2.2572003189631618,1.8687207348265238,9.397187076059287,18.064300489616976,7.146684483537346,0.0,8.318821104572345,1.1654386888332215
Congo,2020-10,2.8841785732323997,2.2482968025344436,6.707040221893283,17.910673452337733,5.791067336685281,0.1816805527055261,7.062831510062463,0.6358818788084785
Congo,2020-11,2.1520000653312,1.3199999995392,8.808000336125621,11.863999925118511,2.4879999538682056,0.0,5.384000148888412,1.1040000147456
Congo,2020-12,1.757085004275304,0.842105232291498,11.45749018222917,18.858299695026837,3.3117409751187274,0.0,7.311740751746164,1.093117428437247
Congo,2021-01,1.7777777532307693,1.7435897112307692,7.94017123405685,16.102564071903004,5.675213846566886,0.0,4.846153891287618,1.5128205776923078
Congo,2021-02,2.5892040432552608,1.3266239711710885,7.584629818379714,17.136322479614034,5.8279964532875175,0.0,5.462031220227368,0.7959744304464776
Congo,2021-03,0.7886754488291203,1.0920121530879678,5.662285233177984,14.519716952192255,3.761375204031604,0.0,6.218402667873118,0.0
Congo,2021-04,3.2853715811606716,0.4796163257234212,11.191047695949662,15.939248360145001,3.8609113625336757,0.0,5.8992807621637775,0.28776979543405273
Congo,2021-05,2.1069692248816856,0.48622366297568875,11.97730996351137,14.084278708951794,3.160453770333272,0.0,5.2755267151495255,1.6045381032090764
Congo,2021-06,2.0836965665309504,1.0549258855972101,7.820401195465585,18.108108564645285,1.979075875145821,0.0,3.1560593102960017,0.39232781178204007
Congo,2021-07,2.710843291084337,1.549053356746988,7.254733235226357,14.492254125781535,1.3166953286258667,0.0,2.9948364638782388,0.9036144574698797
Congo,2021-08,3.7354987811786544,0.44083527090023206,6.48105183235965,9.914926659991403,3.1786542844936245,0.2010827457733952,5.212683670282687,0.7192575551167827
Congo,2021-09,4.743276423374083,0.8068459733007335,7.302363519326021,15.827220825505204,3.2273838555038767,0.16299918552567236,5.566422125579881,0.19559902973105134
Congo,2021-10,1.1809045546934673,1.1306532658961475,7.43718586555195,14.690117062451016,3.0150754172925103,0.0,4.832495935895524,0.301507550040201
Congo,2021-11,2.810675627021899,1.884904118071726,8.757297668908281,12.49374544194581,4.353628046785034,0.0,5.954962576331752,1.2510425359266055
Congo,2021-12,3.196147277175131,1.5499124180700525,7.732049220825767,17.443082779788217,3.3187391463916436,0.0,4.229422188142306,0.0
Congo,2022-01,8.611925559304009,1.3782991576265884,9.120234459404719,14.291299957925848,3.4408603593580227,0.0,5.659824149232174,1.9648094218885632
Congo,2022-02,4.283036689784442,0.28116213720712274,8.144330040274626,18.33177222882675,3.0459230817462575,0.0,5.070290838244155,3.992502557075914
Congo,2022-03,9.277533518251984,0.308370043954185,5.674008861093417,19.850220515381626,1.4008810451870102,0.17621145337797356,4.572687296576664,1.770925143245815
Congo,2022-04,13.064040005704435,1.684729054898522,8.75862105134387,20.620690260884867,0.8965517142367063,0.0,5.359605897157523,2.423645357613793
Congo,2022-05,12.706553152754037,1.4719848048907882,6.6096868271586215,19.021841942267944,1.7473884458150586,0.0,5.868946046055569,1.4529915612013293
Congo,2022-06,8.965863376703817,0.5522088350361446,8.042168616941794,18.493976050118615,0.9036144822974468,0.0,6.3955826931350535,2.238955747012048
Congo,2022-07,6.836803172807254,1.28274011998321,12.370718654602436,18.683680756733725,2.9617192680444977,0.0,7.186031405988257,1.0073875086635324
Congo,2022-08,6.16918431328701,1.3232628460072504,8.719033301507569,13.02114813702101,2.0000000232321793,0.604229607702719,6.761329181535882,2.2839879840839883
Congo,2022-09,9.326923257825225,1.82126699849074,8.054298809599562,14.270362138336974,2.924208106687928,0.3676470589315611,7.330316884983889,2.1097285717760177
Congo,2022-10,5.934959532376307,1.585365808836237,9.233449505372986,16.939606208872323,3.7340302918834243,0.2961672419233449,6.416957206484618,1.5795586970313589
Congo,2022-11,8.176312375686408,1.4199192559925975,8.950201884322361,21.218035372120724,2.8263795747464715,0.0,12.44279959954678,1.049798124986541
Congo,2022-12,6.336564965180056,1.1426592793213295,7.686980856906529,13.37257653556658,3.0332410930077955,0.2077562328947368,7.3961220285502165,0.5609418048199447
Congo,2023-01,5.140257785831691,1.4025777102350265,9.74981078068008,16.391205044025604,2.797573908311794,0.34116755099317664,6.80060657811591,1.5921152211493557
Congo,2023-02,4.530744587116504,1.2621359531699028,11.059870839379471,13.57605190782344,3.106796162633703,0.0,6.351132762723716,1.0679612070485436
Congo,2023-03,4.496699689848185,1.600660035062706,7.483498392868834,13.729373066533121,1.435643572223809,0.0,5.445544633239391,0.198019810349835
Congo,2023-04,5.693693547527027,1.5945945776756758,11.576576920903632,16.360360203008803,1.8108108669623935,0.0,5.837837984071968,0.41441442749999996
Congo,2023-05,5.690924144174161,0.9811937853843009,12.191333211449736,20.400654423239082,2.763695903710757,0.0,8.209321095136152,1.0711365805805397
Congo,2023-06,4.433577840146699,0.6845965847530562,10.709046187780368,18.891605074701012,3.1540342530588887,0.0,7.6039122877510295,0.0
Congo,2023-07,5.550082230862889,4.351395730341544,6.8308704978567665,19.52380954161168,2.9556650637990614,0.0,5.6403941512073175,0.09852217126108374
Congo,2023-08,4.521660554796029,4.792418807045127,10.794224725390817,14.96389890857233,4.115523457143734,0.5415162452220217,6.317689508644868,0.5415162452220217
Congo,2023-09,2.603383462710526,2.377819566592105,6.813909953681415,14.116541219866676,1.5789473637887752,0.0,5.0563909061170245,0.1127819595263158
Congo,2023-10,3.6418268597884618,1.2259615155576922,10.925480813020467,20.01201971716123,1.1057692933272318,0.0,4.326923105921291,0.5408653851310097
Congo,2023-11,3.5761590033112585,4.039735141280354,12.240618037365373,12.450331590937939,2.6158939927850513,0.0,7.384105838770987,0.13245033664459163
Congo,2023-12,2.1166892682822254,1.39755766009498,7.23202189680465,13.989144976128241,2.238806002066834,0.8141112613839893,4.477612005265282,0.48846677606784256
Congo,2024-01,4.921348496539326,3.6179775070674163,9.000000283879805,14.089888137333162,2.9213482873295025,0.5056179776629214,6.516854039793835,1.5505618459493091
Congo,2024-02,2.6440678068870054,1.2881356042485876,7.661016620783081,13.423729163455528,2.745762814082776,0.0,8.689265925137303,0.0
Congo,2024-03,5.739247286709678,4.596774296344086,10.30913988593149,16.397849179137285,0.6854838898054527,0.0,5.013440886191551,0.4838709870967742
Congo,2024-04,2.8140703633266333,2.060301459884422,10.502513208609333,18.630652748299635,2.1859296601096196,0.0,5.226130701179038,0.0
Congo,2024-05,1.9196429774553574,1.6517856641502977,10.83333350491522,17.14285797099426,1.2946429001045485,0.0,6.2053572567909425,0.8928571429955358
Congo,2024-06,1.639344261762295,2.9274004689344264,6.627634705062093,14.92974194368635,2.283372421163064,0.0,4.5199063123671115,0.6674473121311475
Congo,2024-07,3.4782609355377576,4.6796338235926775,8.85583541532383,20.537757764711834,2.093821559809219,0.0,4.4736842809571105,0.41189932946224256
Congo,2024-08,5.494367971874844,4.418022552052566,7.8723405269950275,18.423029205379404,3.1163954468021093,0.0,5.7071341437553365,1.802252887514393
Congo,2024-09,4.718614759545455,4.837662316493506,8.787878870988123,20.15151453909796,2.4675325142892386,0.0,5.2922081376693875,0.5519480674025975
Congo,2024-10,6.137338907953862,3.5407725324656654,12.081544695936724,22.231759938635346,2.703862691333967,0.3004291794238198,4.248926925550981,0.0
Congo,2024-11,6.011696085305264,1.742690041322807,12.760233960085412,18.596491087869175,2.362573160481002,0.7017543863578947,7.59064359222867,0.5614035310245614
Congo,2024-12,2.171290769746683,1.9179734451531965,8.38359457784925,13.148371419597725,3.0759953762046184,0.0,2.931242598659245,0.0
Congo,2025-01,4.135802380851852,1.1851852321555554,8.654321152771638,13.666667440343385,2.5432098943225387,0.5555555558666667,6.777778054106348,0.0
Congo,2025-02,1.2823834325129533,0.0,8.678756631092005,14.650259296884565,1.8652850484627679,0.38860103575129534,6.645078269576757,0.6217616829663212
Congo,2025-03,4.456404695082885,1.259418709724435,11.528525136698631,16.404736624045363,2.282023789561771,0.0,4.424112040694172,0.16146393926803015
Congo,2025-04,6.486210419307457,2.604698672138917,9.570990884869282,17.436160299965795,2.880490300550824,0.0,6.036772280010739,0.0
Congo,2025-05,2.8879309519568968,2.2521551310290944,10.517241366770504,17.715516916267795,2.327586273905449,0.0,4.784482846066687,0.0
Congo,2025-06,3.569261899785642,2.669362954293226,9.514661697752302,13.306370018328124,4.479271866984082,0.20222446914054598,5.702730377608204,0.15166835212942364
Congo,2025-07,3.831967272119877,2.100409836393443,9.805328044384249,17.44877070704227,2.243852517885509,0.6147540984036886,5.25614768220685,0.0
Congo,2025-08,2.0073439533806607,3.5128519900611996,7.919216797998808,20.146878930974925,2.717258267906067,0.0,4.883721146455954,0.0
Congo,2025-09,3.024439899594705,3.3910386193951125,11.140529686001045,16.853361311646147,3.1466395454371243,0.0,5.9877802302437875,0.0
Congo,2025-10,5.411030226693028,7.544224766257025,12.85119667262542,25.338188692639452,2.809573410738427,0.0,7.6795007389093515,0.0
Congo,2025-11,3.0845771771674952,2.189054694419569,10.049751304847474,10.398009919146789,2.9850747455798157,0.0,5.323383069308884,0.0
Congo,2025-12,3.4615383912692304,2.0329669718388277,6.318681012906593,21.190476334175823,1.9230769228040292,0.0,6.758241688379121,0.0
Congo DRC,2015-01,0.964419471,0.786516841,2.78089897,7.6123595459999995,0.533707847,0.0,2.050561784,0.0
Congo DRC,2015-02,0.705882392,0.352941164,2.036199095,7.239818595000001,0.0,0.0,0.48868777,0.0
Congo DRC,2015-03,1.2995595187929516,0.28634360148017624,1.9823788544405285,12.367841775374448,0.9911894272202643,0.0,0.8480176264801761,0.16519823837444933
Congo DRC,2015-04,0.552907526,0.371782637,3.975214472,9.29456614,0.114394666,0.0,3.317445204,0.0
Congo DRC,2015-05,1.4323374720000002,0.913883994,3.9455183359999997,9.323374605,1.13356765,0.0,1.687170416,0.0
Congo DRC,2015-06,0.623330365,0.347284048,2.67141585,8.486197702,0.373998223,0.0,2.083704435,0.0
Congo DRC,2015-07,0.585267402,0.393541862,1.331987872,14.5206865,0.0,0.0,0.918264394,0.0
Congo DRC,2015-08,1.085556573,0.910763556,2.78748854,8.491260214,0.551977921,0.0,2.897884085,0.0
Congo DRC,2015-09,2.5922671349560633,0.6063268976581722,6.432337648266257,12.003514843409492,0.10544815859490335,0.0,5.4833040927996475,0.0
Congo DRC,2015-10,1.5464684334289962,1.1821561054810408,7.003717670367286,10.907063075806692,0.7137546573486989,0.0,4.684015011717473,0.6022304943583644
Congo DRC,2015-11,1.084243377471919,0.6552261975171607,6.2324493607917315,11.279251270421216,0.8658346626466458,0.0,4.570983073376755,0.35101404049609986
Congo DRC,2015-12,1.381987592,0.419254647,8.190993789,10.68322932,2.30590068,0.0,5.031055693,0.09316770599999999
Congo DRC,2016-01,1.672025739,0.675241127,6.422829551,11.86495214,3.76205797,0.0,4.075562858,0.289389079
Congo DRC,2016-02,0.35742035,0.303030292,8.073038229,14.677544439999998,0.9557109889999998,0.0,4.327894332,0.0
Congo DRC,2016-03,0.926493101,1.217457876,7.266462670999999,11.50842323,2.59571216,0.0,4.732006177,0.551301688
Congo DRC,2016-04,4.75322706,3.5231586649999995,6.347760017000001,16.10478361,1.814730419,0.0,4.624145902,0.0
Congo DRC,2016-05,0.9056603777932074,1.2452830364784906,9.667924629215095,10.626414717418868,1.6301887262626413,0.0,5.230188657337358,0.0
Congo DRC,2016-06,2.9163281965101544,1.7790413991096667,8.935824378203085,13.452477648870838,2.168968380282697,0.0,5.0203086498521525,0.48740861087246146
Congo DRC,2016-07,1.2978889679999999,0.539483961,7.9280687180000005,10.72713057,1.313526207,0.0,7.263486771000001,0.0
Congo DRC,2016-08,2.4833111955941254,1.695594116154873,9.753003648865153,13.404539589452604,0.6608811648865153,0.0,4.372496614485981,0.0
Congo DRC,2016-09,1.6421896119999997,0.560747654,7.616822455,10.27369862,1.3818424439999997,0.0,7.16288354,0.0
Congo DRC,2016-10,2.133891207,0.89958158,5.411436701,11.59693199,2.092050209,0.0,5.285913442,0.0
Congo DRC,2016-11,3.547066881,1.800818528,9.481582082,12.019099679999998,1.657571653,0.306957708,5.156889456,0.102319236
Congo DRC,2016-12,1.041388543,0.560747654,11.17489997,9.933244148,0.9212283010000001,0.0,5.206942702000001,0.0
Congo DRC,2017-01,1.638341258,1.386811683,6.240652744,11.82868831,3.2019034280000005,0.0,4.384772329,0.305914344
Congo DRC,2017-02,3.712835305366207,2.9514139847860763,5.9608412621899936,11.70413333604061,1.6606236124437999,0.0,5.8883250151849165,0.4350978973313996
Congo DRC,2017-03,3.700440571,2.180616761,10.63876682,15.04405275,3.568281949,0.0,11.89427266,0.0
Congo DRC,2017-04,5.511482374,0.814196262,9.457203192,9.686848017,2.004175445,0.0,10.81419658,0.563674331
Congo DRC,2017-05,4.523809402,2.289377289,8.571428956,11.44688649,4.175824123,0.0,10.65934071,0.0
Congo DRC,2017-06,8.699472927205624,6.76625659059754,13.708260352946423,12.601054703514938,5.957820503673111,0.0,14.516695817398947,0.0
Congo DRC,2017-07,13.497615389952303,7.917329578893482,15.198728654689985,18.75993705462639,4.101748838384737,0.0,7.806041775128776,0.0
Congo DRC,2017-08,4.944852915,10.09191218,9.0992651,20.42279445,2.591911835,0.0,7.720588630000001,0.0
Congo DRC,2017-09,4.085603206,6.32295743,11.0116736,8.599221846,0.700389133,0.875486381,10.95330817,0.0
Congo DRC,2017-10,2.535211344,2.0523138929999996,15.573440760000002,17.76659983,3.6217303819999995,0.0,12.49496975,0.0
Congo DRC,2017-11,4.233871064,2.358870977,10.94758073,13.87096792,1.391129051,0.0,10.82661296,0.0
Congo DRC,2017-12,1.8225806759999998,3.709677458,11.2419353,10.95161284,2.032258088,0.0,15.77419373,0.0
Congo DRC,2018-01,2.7378965102637727,4.524206995899833,20.400667905442404,11.569281814276508,2.9048413779899835,0.0,17.51252080721202,0.0
Congo DRC,2018-02,2.873563173,0.977011567,8.965517461,11.22605399,0.47892720299999997,0.0,8.965517415,1.091953986
Congo DRC,2018-03,5.714285746,3.152709367,17.47126454,13.87520529,1.00164206,0.0,17.81609145,0.0
Congo DRC,2018-04,9.557822894,4.438775453,12.891156660000002,15.88435351,2.823129276,0.0,11.32653035,0.0
Congo DRC,2018-05,1.691542336,0.696517381,7.429519261000001,14.07960212,1.658374832,0.0,7.993366469,0.0
Congo DRC,2018-06,1.020408201,1.742543231,9.387755506,12.9042387,1.3343799430000003,0.0,8.383045541,0.0
Congo DRC,2018-07,3.2383808670000005,2.4737631179999995,13.17841131,6.671664132000001,3.163418312,0.0,7.826087107,0.0
Congo DRC,2018-08,2.709867466,0.706921972,18.49779177,11.36966138,2.135493408,0.0,10.78055951,0.0
Congo DRC,2018-09,3.6655948859131833,4.0514470683102894,12.057877849083603,15.321543627942122,1.254019323107717,0.0,5.932476167655949,0.0
Congo DRC,2018-10,1.627358513023585,1.8867924532558962,12.004717342617925,8.242924707792318,2.759433889038915,0.0,10.117924579268868,0.0
Congo DRC,2018-11,1.844444460747778,2.0999999576111112,12.600000217527928,12.344444278833333,0.8111111319422222,0.4444444448888889,8.900000015573335,0.0
Congo DRC,2018-12,1.3461538457102564,1.384615408879487,5.512820635512821,9.717948803158974,1.7820513551,0.0,6.397435879592307,0.34615385196923076
Congo DRC,2019-01,2.048558422,2.959028723,12.443096179999998,4.415781328,0.8345978760000001,0.0,6.737481083,0.0
Congo DRC,2019-02,0.17523364499999997,1.051401869,11.612149490000002,7.313084296,1.6355141019999997,0.0,7.570093368999999,0.0
Congo DRC,2019-03,0.860927173,0.0,4.900662315,9.128035667,1.799117045,0.0,4.326710954,0.0
Congo DRC,2019-04,1.7370892520000003,1.079812212,10.938967510000001,9.953051526,2.20657282,0.0,4.295774553,0.669014062
Congo DRC,2019-05,2.1160042754854995,0.9344790856015038,12.05155744566058,13.394199842771215,2.4597207663254568,0.0,6.93877555121697,0.7733619813157896
Congo DRC,2019-06,0.7956989352516128,1.193548427904301,7.02150529412688,11.107527128795699,0.8494623763086021,0.0,4.505376329141936,0.0
Congo DRC,2019-07,1.0000000459053764,0.4838709675107527,6.139785038182796,10.93548395483871,2.516129094123656,0.0,6.784946174698924,0.9677419350215054
Congo DRC,2019-08,1.3937282230000003,1.056910558,10.15098729,12.07897774,3.135888557,0.0,4.634146297,0.348432056
Congo DRC,2019-09,3.307262639,0.8938547489999998,9.586592413,14.34636891,3.3966480820000005,0.0,8.268156265,0.2681564350000001
Congo DRC,2019-10,2.641083559,1.343115081,10.39503358,21.32054236,1.444695308,0.0,11.16252828,0.0
Congo DRC,2019-11,2.76029058,1.38014529,8.365617364,18.35351126,0.6658595639999999,0.0,8.292978381,0.0
Congo DRC,2019-12,1.3722998670000002,2.1728081500000003,11.02922508,15.87039343,2.7954256370000006,0.0,9.504447414,0.0
Congo DRC,2020-01,2.295918337,2.410714298,10.85459179,18.08673517,2.4617346569999996,0.0,8.992346817000001,0.0
Congo DRC,2020-02,2.854838679,2.032258126,9.241935438,9.09677417,2.112903326,0.0,3.919355062,0.580645184
Congo DRC,2020-03,3.795348988,2.846511663,8.0558139,20.95813991,4.781395402,0.0,6.893023291,1.08837212
Congo DRC,2020-04,3.140186929704673,3.728972105510281,14.3271029997757,22.55140280269159,5.280373764590654,0.0,8.411214931170093,0.28037383150654205
Congo DRC,2020-05,1.307385268,4.930139873,12.00598823,21.28742636,4.920159842,0.0,8.56287439,1.19760479
Congo DRC,2020-06,1.413612565,0.596858644,15.76963315,15.69633504,3.560209574,0.0,12.23036621,0.251308911
Congo DRC,2020-07,6.54545457822511,5.956710055456277,14.98701334821645,32.50216387343863,5.740259839780087,0.0,13.367965247956711,0.3896103898199134
Congo DRC,2020-08,6.704446514856147,12.258064386695727,7.3670444219529205,33.18221492458588,3.121185780421099,0.0,9.180470851857018,0.2615518747114211
Congo DRC,2020-09,3.482456103,3.552631642,12.894737090000001,19.00877166,4.903508864,0.0,10.89473683,0.710526349
Congo DRC,2020-10,5.028248552,3.502824931,10.5084747,24.18079071,3.314500924,0.0,7.467043535000001,1.27118653
Congo DRC,2020-11,0.8861859291225023,3.0495221878609904,9.617723784321905,15.595134604344048,1.7810599685768895,0.0,8.210252120107732,0.0
Congo DRC,2020-12,3.175487447293407,2.45125346827948,6.220984392542247,16.02599818150418,2.05199629891922,0.0,7.06592405255246,0.0
Congo DRC,2021-01,1.6224489408979592,2.4897958794612243,9.67346940737143,16.785714190530612,2.5204081927591835,0.0,5.826530602751021,0.1530612240979592
Congo DRC,2021-02,2.841365481200803,2.6104417672269076,8.54417669759237,18.353414439658636,1.1847389754036144,0.0,6.917670740616466,0.3614457972751004
Congo DRC,2021-03,1.6187990096631852,1.4621410086718885,6.849434357438641,18.868581885091384,2.5674499359747607,0.0,6.2576154503881645,0.44386424214534376
Congo DRC,2021-04,4.75551279689837,2.483221486006711,8.485139204870567,16.625119901294344,1.2464046253978907,0.0,6.3279003099904125,0.11505273662511985
Congo DRC,2021-05,2.531992735250457,0.5484460690365631,9.122486524091409,16.736745139140766,1.4076782970877515,0.0,3.510054940393053,0.21937843684826328
Congo DRC,2021-06,2.3041475318101385,1.2995391620626728,8.165898389452535,16.11981583266359,1.4746543999797235,0.0,4.801843352881106,0.0
Congo DRC,2021-07,2.018181866007273,1.7181818052872728,6.845454670687274,13.418181767,1.6181818141,0.0,4.5454543935090905,0.3272727404163636
Congo DRC,2021-08,2.422867582401089,1.3883847720816698,7.613430266003629,11.297640649854808,0.8802177898112522,0.0,5.707804023526315,0.0
Congo DRC,2021-09,3.383600386393968,0.3675777654231857,6.493873847802074,11.79076362395853,1.9038643279396796,0.0,3.5909520577888783,0.5937794713798303
Congo DRC,2021-10,1.947700644,0.40577096500000004,8.431018936,12.18214628,1.22633004,0.0,4.256086483,0.8115419300000001
Congo DRC,2021-11,3.8132295994873533,1.906614823266537,6.984435746477628,11.828793996624514,1.9066148002441636,0.0,7.237354280083657,0.787937780565175
Congo DRC,2021-12,1.9807692448076926,1.7692307559278846,7.480769249302885,16.394230996634615,1.8269231229615386,0.0,5.134615393769231,0.7788461907980768
Congo DRC,2022-01,4.062863751175787,2.8637951553667054,8.311990753527358,13.050057915948779,2.875436559883586,0.0,7.13620491168801,0.3492433058672875
Congo DRC,2022-02,2.131696418,0.33482142900000006,4.877232148,15.83705401,2.087053577,0.0,5.959821359,0.5022321429999999
Congo DRC,2022-03,4.620187265,0.312174818,4.849115544,12.97606683,1.383975046,0.0,5.078043848,0.655567137
Congo DRC,2022-04,11.84864873681081,2.918918918956757,10.054054362735133,15.535135883167571,1.9567567725351354,0.8108108112118919,10.918918894324324,0.6486486487686487
Congo DRC,2022-05,12.07264988,0.715811971,8.237179528000002,18.94230756,2.574786391,0.0,5.608974563,0.865384656
Congo DRC,2022-06,4.284332845531914,0.7253384915783366,10.20309494026112,18.423597769932304,1.4023211065174082,0.0,6.189555056059961,0.0
Congo DRC,2022-07,2.735849018041105,1.1118598380680593,6.030997497661052,13.490566395262803,0.6132075727499999,0.0,6.00404312013477,0.0
Congo DRC,2022-08,2.266009893349138,1.3485221738146551,6.176108415068965,10.646552009163564,0.3017241434051724,0.0,5.5788178894181035,0.886699528375
Congo DRC,2022-09,4.426129426471307,2.1062271496749867,4.389499569924298,13.192918494378283,0.7448107476923076,0.0,5.763125725089133,0.7692307925763125
Congo DRC,2022-10,2.3272490249934816,2.366362401773142,7.053454976442801,16.303781607040413,2.0013037372881355,0.0,6.760104615932204,0.6649282947196872
Congo DRC,2022-11,3.696296268471111,1.1629629665333332,4.585185156690371,14.37777802001723,0.0740740743525926,0.0,7.844444557586666,0.3333333335837037
Congo DRC,2022-12,2.540045707908467,1.1212814677246377,4.07322660689321,11.609458957414189,1.037376077580473,0.0,6.178489957599542,0.205949660546148
Congo DRC,2023-01,4.326672475294527,1.9287575850981757,5.682015770780191,14.743700819141292,2.6672459187906172,0.0,5.847089628052129,0.6776715854735013
Congo DRC,2023-02,2.8400598265097163,2.3318386220889384,6.913303652006725,14.319880424313624,1.5545590750261586,0.0,6.584454402926008,0.7174888175448431
Congo DRC,2023-03,5.063973083265993,3.2053871828282827,6.983165098929293,13.441077737710438,0.9966330090707071,0.0,4.59259246716608,0.40404042033670035
Congo DRC,2023-04,4.868827208574074,1.3657407264629629,8.01697562856173,14.675925650147862,0.9567901311049383,0.0,5.532407392648149,0.0
Congo DRC,2023-05,3.771929851973684,1.732456126644737,6.052631610288743,18.077485061559397,1.3742690196454679,0.0,7.807017313413742,0.7821637465277778
Congo DRC,2023-06,4.514128187091661,1.3025499717532738,8.270158708186079,18.44245311259821,1.7643005088876638,0.41350792603997244,6.822880771643005,0.3101309440289456
Congo DRC,2023-07,4.5323246940082536,4.25722143136176,5.171939333463548,18.679504756488917,0.8872077089463549,0.0,5.653369803961486,0.7702888941623109
Congo DRC,2023-08,2.8188318969624557,5.899880810045293,7.318236006473183,13.176400329106077,0.5065554231454112,0.0,6.221692368684744,0.11918951179976162
Congo DRC,2023-09,0.9547383314681753,2.1074964438925035,6.485148518291371,15.650636438698728,0.9830269140933522,0.0,5.141442803864216,0.0
Congo DRC,2023-10,2.8152969429308383,3.246541872675346,11.342555129178194,21.065907875020343,1.8877135924784378,0.0,4.9308380527713584,0.46379170484621646
Congo DRC,2023-11,2.9705215199229027,3.809523853247166,6.2736203792653065,13.960695712616499,2.0937263654784584,0.0,7.482993178820862,0.0
Congo DRC,2023-12,2.9766536645223733,2.402723716470817,4.387159639628405,11.585603149552528,1.556420233106031,0.0,5.252918357927043,0.0
Congo DRC,2024-01,2.7633851674853194,4.0155439587702935,5.276338568485319,12.625216206753022,0.8894646103108809,0.1554404108670121,5.829015729621761,0.7772020723972366
Congo DRC,2024-02,1.019066404059829,1.4398422313609467,4.96383959513478,13.379356143162394,0.7363576779750165,0.0,8.060486594202253,0.3944773176035503
Congo DRC,2024-03,3.0170496345811713,3.580430033395108,6.063751011415863,13.654558918087472,0.6523350771682728,0.0,5.507783698776871,0.22238695307635284
Congo DRC,2024-04,0.6417812828275236,2.6064177622914215,8.57891302619188,17.197118249986904,0.32089064182056315,0.0,7.210215978671663,0.0
Congo DRC,2024-05,1.1426438312770724,0.9185959453622105,6.557132273293502,13.53248734115011,0.7244212308588498,0.0,5.294996254742345,0.6721433905451829
Congo DRC,2024-06,2.5818735971926885,5.003808131159179,5.552170681256664,16.534653239954302,0.3503427370875857,0.0,6.740289450233054,0.18278751669916224
Congo DRC,2024-07,4.461017026940339,4.094915227907119,7.403389882669153,19.111864782345766,1.288135609457627,0.27118644051254237,5.877966298480678,0.6033898208277967
Congo DRC,2024-08,3.0357142400645603,4.670329686910714,5.315934105679945,14.409340929766483,0.7486263633090658,0.0,7.149725464512363,0.0
Congo DRC,2024-09,2.4836601518576615,4.117647113883805,7.690631850050835,15.795206834248367,1.0312273087320263,0.0,6.1220043536964415,0.0
Congo DRC,2024-10,3.8994564958634514,3.4171195947921196,10.42119530011549,18.240489264211952,1.9089674014381794,0.0,6.012228487512228,0.0
Congo DRC,2024-11,3.068017476154125,2.047756852949349,7.858176238076702,14.782923765781476,0.8393632694739509,0.0,7.322720887990593,0.1953690341657019
Congo DRC,2024-12,2.2538293287469,1.9912472443880378,5.470459379291028,12.487235523617798,1.2107950506812544,0.0,5.15681987807148,0.30634573606418675
Congo DRC,2025-01,3.3602347382252384,1.8488627882127662,5.4071901483455616,9.955980177792831,0.990462215922964,0.44020542896478354,5.502568075313468,0.0
Congo DRC,2025-02,0.9024211437820983,0.37417462520909756,3.6977256470359503,14.710198143873809,0.601614089845928,0.0,6.735143220715334,0.0
Congo DRC,2025-03,2.1214285239085715,0.8357142723428572,6.092857207542858,11.678571614936876,0.5785714388111632,0.0,4.95000013248,0.1071428573057143
Congo DRC,2025-04,3.606770854890625,2.695312505770833,7.369791840953126,14.290365252937258,2.2330729290572915,0.0,7.291666790603924,0.19531249986458332
Congo DRC,2025-05,3.4827810052547106,3.3853151644327486,8.005198354447042,16.055880292378166,1.2930474398408056,0.09746588694152046,5.990903434855751,0.46783627556660173
Congo DRC,2025-06,2.4816544551614412,2.981987915997999,10.440293767611742,15.897264411060707,2.1881254769312877,0.0,8.038692524955971,0.0
Congo DRC,2025-07,1.6993464048915032,1.4967320322666666,7.980392181555555,14.620915316810459,1.4183007034980393,0.0,4.9803922065019615,0.0
Congo DRC,2025-08,1.882272383540041,3.470225989831622,7.748117910312467,18.453114409034907,1.4099931652566735,0.0,6.351814067433264,0.16427105401232034
Congo DRC,2025-09,1.5337423479720518,3.7014314411499663,9.209270581773003,16.97341534416323,1.3565099232603952,0.0,6.673483403613497,0.0
Congo DRC,2025-10,3.854024589530014,8.246930429357434,8.042291730063438,22.14188188478172,2.1350614203506137,0.0,7.271486902615027,0.0
Congo DRC,2025-11,2.3245214000309935,2.4886052395141296,5.214220606360073,12.351868843008202,1.8413855793327258,0.0,6.6453965442868075,0.21877849554421153
Congo DRC,2025-12,2.21035329663106,3.1717337440131472,6.006573455184881,16.20377992779195,0.8627773217682827,0.0,6.483155366810189,0.0
Djibouti,2015-01,4.0,6.0,0.0,7.333333332999999,0.0,4.0,1.600000064,0.0
Djibouti,2015-02,3.846153846,5.769230769,0.0,16.53846105,0.0,3.846153846,1.5384616,0.0
Djibouti,2015-03,3.5714285710000007,5.357142857,0.0,12.26190499,0.0,3.5714285710000007,1.428571485,0.0
Djibouti,2015-04,4.47761194,6.71641791,0.0,6.71641791,0.0,4.47761194,7.611940867999999,0.0
Djibouti,2015-05,6.521739129999999,12.39130445,0.0,9.782608696,0.0,6.521739129999999,0.0,0.0
Djibouti,2015-06,5.660377358,8.490566038,2.2641510329999996,16.98113208,0.0,5.660377358,8.490566038,0.0
Djibouti,2015-07,6.382978722999999,9.574468085,0.0,9.574468085,0.0,6.382978722999999,7.659574771999999,0.0
Djibouti,2015-08,7.692307692,11.53846154,0.0,11.53846154,0.0,7.692307692,3.0769231989999994,0.0
Djibouti,2015-09,7.5,11.25,0.0,11.25,0.0,7.5,0.0,0.0
Djibouti,2015-10,6.382978722999999,9.574468085,0.0,9.574468085,0.0,6.382978722999999,0.0,0.0
Djibouti,2015-11,5.660377358,8.490566038,2.830188679,13.96226433,0.0,5.660377358,9.622642229,0.0
Djibouti,2015-12,4.918032787,7.377049179999999,1.9672131929999999,7.377049179999999,0.0,4.918032787,0.0,0.0
Djibouti,2016-01,6.521739129999999,9.782608696,0.0,13.043478259999999,0.0,6.521739129999999,3.2608695649999997,0.0
Djibouti,2016-02,5.882352941,8.823529412,0.0,14.117647149999998,0.0,5.882352941,7.254902054,0.0
Djibouti,2016-03,6.818181818,10.22727273,0.0,10.22727273,0.0,6.818181818,2.727272836,0.0
Djibouti,2016-04,10.243902559999999,10.975609759999998,0.0,10.975609759999998,0.0,7.317073171,8.780488154,0.0
Djibouti,2016-05,7.317073171,10.975609759999998,0.0,10.975609759999998,0.0,7.317073171,2.9268293849999996,0.0
Djibouti,2016-06,6.25,9.375,10.0000004,9.375,0.0,6.25,7.500000298,0.0
Djibouti,2016-07,5.660377358,8.490566038,5.660377358,20.94339695,0.0,5.660377358,4.528302067,0.0
Djibouti,2016-08,5.660377358,8.490566038,0.0,8.490566038,0.0,5.660377358,0.0,0.0
Djibouti,2016-09,5.454545455000001,8.181818182,8.181818182,19.45454511,0.0,5.454545455000001,0.0,0.0
Djibouti,2016-10,4.615384615,6.923076923,0.0,8.769230843,0.0,4.615384615,1.84615392,0.0
Djibouti,2016-11,8.307692454,6.923076923,0.0,10.61538476,0.0,4.615384615,7.384615678000001,0.0
Djibouti,2016-12,5.882352941,5.882352941,11.764705880000001,5.882352941,0.0,5.882352941,11.764705880000001,0.0
Djibouti,2017-01,5.882352941,5.882352941,11.764705880000001,5.882352941,0.0,5.882352941,2.3529412700000005,0.0
Djibouti,2017-02,6.122448979999999,6.122448979999999,12.244897959999998,6.122448979999999,0.0,6.122448979999999,0.0,0.0
Djibouti,2017-03,7.317073171,7.317073171,14.63414634,10.243902559999999,0.0,7.317073171,0.0,0.0
Djibouti,2017-04,7.142857143,7.142857143,14.285714290000001,7.142857143,0.0,7.142857143,0.0,0.0
Djibouti,2017-05,8.108108108,8.108108108,16.21621622,8.108108108,0.0,8.108108108,0.0,0.0
Djibouti,2017-06,7.317073171,7.317073171,14.63414634,7.317073171,0.0,7.317073171,0.0,0.0
Djibouti,2017-07,7.5,7.5,15.0,7.5,0.0,7.5,6.000000238,0.0
Djibouti,2017-08,7.5,7.5,15.0,7.5,0.0,7.5,0.0,0.0
Djibouti,2017-09,6.521739129999999,6.521739129999999,13.043478259999999,6.521739129999999,0.0,6.521739129999999,2.173913043,0.0
Djibouti,2017-10,7.894736842000001,7.894736842000001,15.78947368,11.0526317,0.0,7.894736842000001,0.0,0.0
Djibouti,2017-11,6.521739129999999,6.521739129999999,13.043478259999999,6.521739129999999,0.0,6.521739129999999,2.173913043,0.0
Djibouti,2017-12,7.894736842000001,7.894736842000001,15.78947368,7.894736842000001,0.0,7.894736842000001,3.157894862,0.0
Djibouti,2018-01,7.5,7.5,15.0,7.5,0.0,7.5,0.0,0.0
Djibouti,2018-02,7.894736842000001,7.894736842000001,15.78947368,7.894736842000001,0.0,7.894736842000001,0.0,0.0
Djibouti,2018-03,8.108108108,8.108108108,16.21621622,8.108108108,0.0,8.108108108,0.0,0.0
Djibouti,2018-04,7.317073171,7.317073171,14.63414634,19.02439071,0.0,7.317073171,8.780488154,0.0
Djibouti,2018-05,7.5,7.5,15.0,7.5,0.0,7.5,0.0,0.0
Djibouti,2018-06,5.769230769,5.769230769,11.538461540000002,5.769230769,0.0,5.769230769,6.923077198,0.0
Djibouti,2018-07,6.122448979999999,6.122448979999999,12.244897959999998,21.428571430000005,9.183673468999999,6.122448979999999,6.122448979999999,0.0
Djibouti,2018-08,11.37931059,5.172413792999999,15.00000008,9.999999918,0.0,5.172413792999999,4.310344828,0.0
Djibouti,2018-09,5.357142857,5.357142857,10.71428571,8.928571429,0.0,5.357142857,5.714285799,0.0
Djibouti,2018-10,5.263157895,5.263157895,10.52631579,14.210526989999998,0.0,5.263157895,2.631578947,0.0
Djibouti,2018-11,4.838709677,4.838709677,16.2903232,6.774193625,0.0,4.838709677,0.0,0.0
Djibouti,2018-12,4.615384615,4.615384615,16.76923092,10.61538476,0.0,4.615384615,9.384615605,0.0
Djibouti,2019-01,3.846153846,3.846153846,16.66666667,14.35897411,0.0,3.846153846,0.0,0.0
Djibouti,2019-02,6.0,6.0,33.60000038,23.800000190000002,0.0,6.0,9.600000381,0.0
Djibouti,2019-03,6.122448979999999,6.122448979999999,12.244897959999998,13.46938805,0.0,6.122448979999999,7.346939067,2.448979689
Djibouti,2019-04,6.666666667,9.333333439000002,19.333333439999997,33.33333333,0.0,6.666666667,10.0,0.0
Djibouti,2019-05,7.317073171,7.317073171,14.63414634,7.317073171,0.0,7.317073171,2.9268293849999996,0.0
Djibouti,2019-06,6.382978722999999,6.382978722999999,12.76595745,8.936170314,0.0,6.382978722999999,5.106383181999999,0.0
Djibouti,2019-07,6.382978722999999,6.382978722999999,24.25531935,30.0000003,0.0,6.382978722999999,23.61702209,0.0
Djibouti,2019-08,6.976744186,6.976744186,13.95348837,9.767441971,0.0,6.976744186,0.0,0.0
Djibouti,2019-09,7.692307692,7.692307692,15.38461538,7.692307692,0.0,7.692307692,0.0,0.0
Djibouti,2019-10,5.769230769,5.769230769,11.538461540000002,8.076923168999999,0.0,5.769230769,4.230769322,0.0
Djibouti,2019-11,6.976744186,6.976744186,13.95348837,9.767441971,0.0,6.976744186,2.790697785,0.0
Djibouti,2019-12,7.317073171,7.317073171,14.63414634,21.95121951,0.0,7.317073171,7.317073171,0.0
Djibouti,2020-01,6.382978722999999,6.382978722999999,15.319149040000001,11.489361910000001,0.0,6.382978722999999,0.0,0.0
Djibouti,2020-02,6.818181818,6.818181818,19.090909309999997,9.545454654000002,0.0,6.818181818,5.454545671000001,0.0
Djibouti,2020-03,6.666666667,6.666666667,15.55555556,6.666666667,0.0,6.666666667,0.0,0.0
Djibouti,2020-04,5.660377358,5.660377358,14.1509434,18.4905664,0.0,5.660377358,0.0,0.0
Djibouti,2020-05,7.5,7.5,18.00000012,7.5,0.0,7.5,0.0,0.0
Djibouti,2020-06,5.882352941,5.882352941,11.764705880000001,10.58823548,0.0,5.882352941,0.0,0.0
Djibouti,2020-07,6.666666667,6.666666667,23.33333333,16.66666667,3.3333333330000006,6.666666667,0.0,0.0
Djibouti,2020-08,6.382978722999999,6.382978722999999,12.76595745,11.489361910000001,0.0,6.382978722999999,0.0,0.0
Djibouti,2020-09,8.108108108,8.108108108,28.37837838,20.27027027,0.0,8.108108108,3.243243372,0.0
Djibouti,2020-10,8.571428571,8.571428571,17.14285714,8.571428571,0.0,8.571428571,0.0,0.0
Djibouti,2020-11,8.108108108,8.108108108,16.21621622,8.108108108,0.0,8.108108108,0.0,0.0
Djibouti,2020-12,8.333333333,8.333333333,16.66666667,8.333333333,0.0,8.333333333,0.0,0.0
Djibouti,2021-01,9.090909091,9.090909091,18.18181818,9.090909091,0.0,9.090909091,0.0,0.0
Djibouti,2021-02,8.571428571,8.571428571,17.14285714,15.4285717,0.0,8.571428571,0.0,0.0
Djibouti,2021-03,9.090909091,9.090909091,18.18181818,12.72727287,0.0,9.090909091,0.0,0.0
Djibouti,2021-04,9.375,9.375,18.75,9.375,0.0,9.375,0.0,0.0
Djibouti,2021-05,7.5,7.5,15.0,7.5,0.0,7.5,2.5,0.0
Djibouti,2021-06,7.317073171,7.317073171,14.63414634,7.317073171,0.0,7.317073171,2.43902439,0.0
Djibouti,2021-07,7.5,7.5,15.0,7.5,0.0,7.5,2.5,0.0
Djibouti,2021-08,7.5,7.5,15.0,7.5,0.0,7.5,2.5,0.0
Djibouti,2021-09,9.677419355,9.677419355,19.35483871,9.677419355,0.0,9.677419355,0.0,0.0
Djibouti,2021-10,7.317073171,7.317073171,14.63414634,7.317073171,0.0,7.317073171,2.43902439,0.0
Djibouti,2021-11,7.5,7.5,15.0,7.5,0.0,7.5,2.5,0.0
Djibouti,2021-12,7.692307692,7.692307692,15.38461538,7.692307692,0.0,7.692307692,2.564102564,0.0
Djibouti,2022-01,7.894736842000001,7.894736842000001,15.78947368,7.894736842000001,0.0,7.894736842000001,2.631578947,0.0
Djibouti,2022-02,9.090909091,9.090909091,18.18181818,9.090909091,0.0,9.090909091,0.0,0.0
Djibouti,2022-03,7.594936709,7.594936709,0.0,2.784810187,0.0,0.0,0.0,0.0
Djibouti,2022-04,10.0,10.0,20.0,10.0,0.0,10.0,4.000000159,0.0
Djibouti,2022-05,43.70370441,51.85185185,45.37037037,47.59259401,11.11111111,8.333333333,25.92592593,5.555555556
Djibouti,2022-06,8.571428571,8.571428571,17.14285714,12.00000014,0.0,8.571428571,0.0,0.0
Djibouti,2022-07,23.07692308,26.15384566,30.769230769999997,7.692307692,0.0,7.692307692,0.0,0.0
Djibouti,2022-08,7.954545455000001,9.393939105,10.75757561,8.712121212,4.545454545,0.0,1.893939394,0.0
Djibouti,2022-09,12.5,14.166666399999999,18.3333334,5.833333399999999,0.0,4.166666667,0.0,0.0
Djibouti,2022-10,13.23529412,14.999999719999998,19.41176478,17.64705882,0.0,4.411764706,22.50000028,0.0
Djibouti,2022-11,20.0,22.66666624,29.333333439999997,15.777778630000002,0.0,6.666666667,0.0,0.0
Djibouti,2022-12,15.51724138,17.58620657,22.75862077,7.241379392999999,0.0,5.172413792999999,4.655172496,2.586206897
Djibouti,2023-01,16.07142857,18.21428537,21.42857143,8.035714285999997,0.0,5.357142857,2.6785714289999993,0.0
Djibouti,2023-02,15.0,16.99999968,20.0,5.0,0.0,5.0,0.0,0.0
Djibouti,2023-03,12.67605634,11.97183065,10.14084514,3.521126761,0.0,0.0,0.0,0.0
Djibouti,2023-04,16.66666667,27.22222187,22.22222222,5.555555556,0.0,5.555555556,10.5555552,0.0
Djibouti,2023-05,16.363636359999997,18.5454542,21.818181820000003,5.454545455000001,0.0,5.454545455000001,2.181818269,0.0
Djibouti,2023-06,18.75,21.2499996,25.0,9.375,0.0,6.25,8.125000199,0.0
Djibouti,2023-07,23.684210530000005,26.84210476,31.57894737,7.894736842000001,0.0,7.894736842000001,3.157894862,0.0
Djibouti,2023-08,21.95121951,24.878048319999998,29.26829268,7.317073171,0.0,7.317073171,0.0,0.0
Djibouti,2023-09,15.254237289999999,22.37288103,22.88135593,9.66101703,0.0,5.084745763,7.627118643999999,0.0
Djibouti,2023-10,16.66666667,18.88888854,22.22222222,5.555555556,0.0,5.555555556,0.0,0.0
Djibouti,2023-11,16.66666667,18.88888854,22.22222222,10.55555564,0.0,5.555555556,0.0,0.0
Djibouti,2023-12,15.51724138,17.58620657,20.68965517,11.89655189,0.0,5.172413792999999,2.068965599,0.0
Djibouti,2024-01,13.23529412,14.999999719999998,31.32352969,11.02941176,0.0,4.411764706,0.0,0.0
Djibouti,2024-02,20.33898305,17.28813527,25.42372881,9.152542535,0.0,5.084745763,2.033898386,0.0
Djibouti,2024-03,10.46511628,11.86046489,13.95348837,3.488372093,0.0,3.488372093,1.162790698,0.0
Djibouti,2024-04,13.043478259999999,14.782608419999999,17.39130435,4.347826087,0.0,4.347826087,0.0,0.0
Djibouti,2024-05,10.0,17.52381007,10.28571447,19.809523989999995,3.428571565,0.0,5.714285714,1.428571429
Djibouti,2024-06,13.636363639999999,15.45454517,18.18181818,13.030303609999999,0.0,4.545454545,2.272727273,0.0
Djibouti,2024-07,6.818181818,16.02272716,9.545454654000002,6.477272781,0.0,0.0,6.8181820890000004,0.0
Djibouti,2024-08,18.347108064958675,22.561983632066116,10.661156713719008,4.958677686347107,15.619834392727272,0.0,0.0,2.9752067294049587
Djibouti,2024-09,15.51724138,19.3103445,20.68965517,5.172413792999999,0.0,5.172413792999999,1.724137931,0.0
Djibouti,2024-10,16.98113208,19.245282659999997,22.64150943,5.660377358,0.0,5.660377358,6.7924531,0.0
Djibouti,2024-11,18.75,21.2499996,34.375,8.750000099,0.0,6.25,9.375,0.0
Djibouti,2024-12,18.36734694,20.816326140000005,24.489795919999995,8.571428669,0.0,6.122448979999999,0.0,0.0
Djibouti,2025-01,20.454545449999998,23.181817750000004,27.272727270000004,16.1363645,0.0,6.818181818,0.0,0.0
Djibouti,2025-02,29.03225806,32.90322519,50.32258111,13.54838725,0.0,9.677419355,0.0,0.0
Djibouti,2025-03,21.95121951,24.878048319999998,29.26829268,35.8536604,0.0,7.317073171,7.317073171,0.0
Djibouti,2025-04,20.0,29.33333291,30.0,15.33333355,0.0,6.666666667,2.666666773,0.0
Djibouti,2025-05,29.753086893086422,17.777777605925927,31.111110871111112,13.456789944444445,22.222222220000003,0.0,0.0,1.8518518521728393
Djibouti,2025-06,13.84615385,27.230768940000004,30.0,32.76923106,4.615384615,4.615384615,36.46153964,0.0
Djibouti,2025-07,21.95121951,24.878048319999998,32.92682927,18.04878072,0.0,7.317073171,0.0,0.0
Djibouti,2025-08,27.27272727,30.90909033,36.36363636,16.36363665,0.0,9.090909091,0.0,0.0
Djibouti,2025-09,20.0,25.99999958,38.00000032,15.33333355,8.000000318,6.666666667,0.0,0.0
Djibouti,2025-10,14.754098359999999,20.65573755,19.67213115,4.918032787,7.377049179999999,4.918032787,9.344261982,0.0
Djibouti,2025-11,4.081632653061225,8.979591707142859,7.959183543877551,12.040816683673466,0.8163265632653062,0.0,3.469387852040817,0.0
Djibouti,2025-12,10.46511628,11.86046489,13.95348837,3.488372093,0.0,3.488372093,2.325581395,0.0
Egypt,2015-01,4.769433565796443,5.553359585964427,6.541502177158103,10.97496666039633,5.428195094199605,0.0,5.783926121306324,0.15810277278853754
Egypt,2015-02,2.528363109,1.41004863,0.9400324459999999,2.658022706,1.215559157,0.0,1.847649896,0.0
Egypt,2015-03,4.682144662255389,5.743504532924267,6.32946421437811,12.5262574342178,3.6871197865782204,0.0,5.411829996323935,1.0281923920950804
Egypt,2015-04,1.905286260025881,4.845814728606277,3.8381055590726874,8.392070489886013,1.800660834613987,0.0,4.052863102547357,0.08259911906387665
Egypt,2015-05,2.4098673174240988,4.819734419644212,5.384250473951613,8.448765739758064,3.1593927170398484,0.0,2.5379508115796963,0.48861481
Egypt,2015-06,2.855731376,7.579051234999999,9.303359081,12.61363607,2.742094862,0.0,3.582015963,0.355731216
Egypt,2015-07,2.740740653849573,9.851852196702351,12.000000347521366,15.430199086216525,5.019942932754416,0.0,5.242165242282051,1.0598290816056979
Egypt,2015-08,2.122788722,5.764828463,5.431842308,6.878251513,4.921956613,0.0,5.327783241,1.581685823
Egypt,2015-09,4.845765221110488,8.087492817992148,6.584408385875491,13.76332075589456,7.347167694541784,0.0,5.748738081817161,1.211441412087493
Egypt,2015-10,5.867678793,9.343817953,6.605206239,19.452277,5.856832972,0.0,6.030368598,0.9924078709999999
Egypt,2015-11,5.22513105,10.722513409999998,4.832460893,14.66492211,3.952879581,0.0,4.240838095999999,2.32460741
Egypt,2015-12,7.596655898140021,7.983281246272203,4.8798328906086725,14.670847697074192,3.3333332930172412,0.0,3.547544489649948,0.6583072295663532
Egypt,2016-01,3.679471971734694,7.629051986888955,2.4909963989795916,12.869148785282112,5.402160864388955,0.0,5.702280912410564,1.800720288129652
Egypt,2016-02,7.325826775000001,13.64531977,3.779028907,16.50246373,2.350457532,0.0,4.074595463,0.21111893
Egypt,2016-03,7.133333205999999,13.141667680000001,4.758333206,17.47499927,3.699999809,0.0,4.375,1.125
Egypt,2016-04,5.235892551,9.084181737,7.298797550999999,16.19796488,3.20999082,0.0,3.8852913969999996,1.248843663
Egypt,2016-05,4.952015209,5.326295585,4.500959839,7.236084049999999,5.479846303,0.0,7.591171411,1.007677543
Egypt,2016-06,6.153846463,8.471659924,3.5323888179999994,12.61133607,4.08906898,0.0,3.9271254290000006,0.242914989
Egypt,2016-07,3.877349235,7.279920719,2.809099863,10.46488629,1.721068212,0.0,4.648862512,1.246290839
Egypt,2016-08,6.983185569000001,7.982195849999999,6.399604357,10.23738891,4.688427451,0.0,6.636993680000001,0.267062319
Egypt,2016-09,4.322819896,6.437848008,3.636364061,9.94434109,2.810760774,0.0,9.248608959,0.52875694
Egypt,2016-10,14.49725833,15.72212066,5.301645556,14.06764054,3.4826324020000006,0.0,7.330896214,0.4113345520000001
Egypt,2016-11,9.958932238028748,17.320328225872686,7.114989605733059,16.919919085338808,2.0944558126488704,0.0,7.053387459268612,0.1232032907597536
Egypt,2016-12,7.734242167759795,9.420784165651618,3.2538329925681424,12.035774572402046,1.2010221785349233,0.0,4.020442995613288,0.0
Egypt,2017-01,6.647454078,8.146013742,3.6599423539999996,9.615754051,1.306436156,0.0,6.215177787,0.0
Egypt,2017-02,5.595344673,9.713518353,4.306177423,12.569382240000001,1.7547001240000002,0.0,3.7332140339999995,0.46553266
Egypt,2017-03,3.846838553,7.292964728,4.639358724,11.26446985,2.199465785,0.0,3.125556579,0.40071237800000004
Egypt,2017-04,3.5413004598242526,5.395430316221441,2.3198593687170477,7.469244057943761,2.21441131513181,0.0,8.075571311968366,1.6871705413181022
Egypt,2017-05,4.144927683447342,7.816425268034783,1.7294685621990336,11.033816772289855,1.9130434049932366,0.0,5.149758748602899,0.14492753644444445
Egypt,2017-06,1.728045254,3.78659098,4.844192923,7.780925454999999,2.190746059,0.0,2.898961356,0.0
Egypt,2017-07,5.08535476,5.91194996,1.176999136,9.999999503,1.087151876,0.0,8.095238644,0.269541779
Egypt,2017-08,0.46153848,0.46153848,0.23076924,0.288461538,0.288461538,0.0,0.0,0.0
Egypt,2017-09,2.495479066,5.587703022,4.538878912,9.077757737,3.426763248,0.0,4.692586033,0.84086801
Egypt,2017-10,3.467471547,3.9503689819999996,3.4339372620000006,10.46948297,3.3266263230000006,0.0,6.197183712999999,1.066398429
Egypt,2017-11,3.090909033,6.696969812999999,4.113636306,11.62121168,2.946969813,0.0,6.11363671,0.931818196
Egypt,2017-12,3.33580992,5.750371815000001,3.276374329,11.144130300000002,4.108469766,0.0,9.821694248,0.334323923
Egypt,2018-01,8.095582579,8.305575673,4.800869157,16.45908849,7.183200911000001,0.0,11.267198119999998,0.629978263
Egypt,2018-02,4.07790137,4.777424608,3.958664486,9.157393164,2.098569279,0.0,4.149443319,0.476947536
Egypt,2018-03,1.2834224017570666,3.223834991741788,3.1474410165048785,8.85408731527884,2.887700476508786,0.0,5.569136279067991,0.847975582605042
Egypt,2018-04,1.709477345810452,3.7555360071922057,2.0726307815323297,8.007085629486271,2.497785549689991,0.0,4.694419840841452,0.23914969389725424
Egypt,2018-05,2.101033207752009,2.6750861573547646,2.0665901258048227,8.163030988068884,1.3088403697267508,0.0,3.444316876675086,0.5855339128450057
Egypt,2018-06,0.709382129,4.31350115,2.1052631140000004,4.713958843,1.36155602,0.0,3.844393418,0.0
Egypt,2018-07,3.93692785,6.195320142,2.146490375,10.35605258,2.583926522,0.0,7.965412314999999,0.610376399
Egypt,2018-08,6.652719665,17.26359884,8.326359833,15.49790845,5.171548373,0.0,7.732217701,0.602510444
Egypt,2018-09,3.8140748499999995,6.524761213999999,3.527367705,12.406602680000002,3.709817616,0.0,8.20156399,0.677671606
Egypt,2018-10,2.494279234,5.766590509000001,5.514873793,9.755911525,3.3180778029999995,0.0,3.089244851,0.0
Egypt,2018-11,0.7444168730000001,3.424317813,3.126550963,5.310173307,1.11662531,0.0,2.828784024,0.0
Egypt,2018-12,4.755480414,4.435076018,7.225970032000001,12.08263171,4.730185369,0.0,11.07925878,1.053962901
Egypt,2019-01,3.895401331,6.167718394999999,4.238052299,9.981966019,3.877366997,0.0,7.772768672,1.316501387
Egypt,2019-02,3.221415608,6.887477041,3.7840291070000003,8.720507899,3.747731328,0.0,8.693285213,1.388384686
Egypt,2019-03,1.365705615,2.549317212,1.138088012,3.8998482979999998,2.048558422,0.0,4.552352049,0.0
Egypt,2019-04,4.778830964,6.824644312,5.347551102,9.454976175,3.586098067,0.0,9.439178515,1.8009479580000003
Egypt,2019-05,3.8634713700000005,4.066812135,3.362381934,9.310094637,5.896877048,0.0,11.52505535,1.1982570810000002
Egypt,2019-06,1.913632547,4.140558594,2.209991565,9.458086876,5.33446232,0.0,8.035562565,1.346316729
Egypt,2019-07,3.7546195899999995,5.314117119,1.9733925179999998,7.13968936,3.148558646,0.0,9.667405990999999,0.9756097420000001
Egypt,2019-08,3.4860049599999994,6.709075621,3.350296862,11.46734535,4.66496999,0.0,14.232400600000002,1.246819403
Egypt,2019-09,4.17383821,6.790016953,4.948364888,12.478485120000002,3.399311532,0.0,13.407917649999998,0.7745266780000001
Egypt,2019-10,5.947497948999999,7.5389661189999995,8.129613687,13.248564909999999,11.47661968,0.0,19.76209958,0.8121411459999999
Egypt,2019-11,7.2610920199999995,12.39761145,6.348122346,17.75597375,9.965870568,0.0,25.09385457,2.534129758
Egypt,2019-12,3.433382249,7.5695459,4.077598885,13.235724300000001,4.06295754,0.0,19.12884468,2.701317828
Egypt,2020-01,5.264900536,9.288079474,6.399006875,15.488409600000002,3.534768275,0.0,17.93874273,3.725165563
Egypt,2020-02,5.627118773,8.898305347,7.669491525,21.46610171,6.008474706,0.0,13.28813714,2.669491525
Egypt,2020-03,6.876006563999999,11.19162666,11.787439119999998,33.05153079,19.50080614,0.0,12.383254289999998,2.463767993
Egypt,2020-04,7.257187376,10.380729910000001,13.55866356,25.10489417,23.916085339999995,0.0,9.160838927,2.9370631739999995
Egypt,2020-05,3.9933992556688676,8.124312433975797,8.239824149843233,15.539054585836082,13.12431276521452,0.0,7.447745448508801,2.3102310235379537
Egypt,2020-06,5.386614784,12.332683959999999,5.009746490000001,19.41520469,10.37686889,0.0,11.903833660000002,1.461988304
Egypt,2020-07,4.105012115000001,10.829355789999997,7.523866713000001,13.21599028,13.705251330000001,0.0,10.26253093,1.3245823840000002
Egypt,2020-08,4.028722831,10.483748820000002,8.828420722,15.215420449999998,11.71579743,0.0,12.06349252,2.222222193
Egypt,2020-09,1.2486249048019802,6.325632563019802,5.6820683879339935,8.690868771801979,6.771177453486798,0.0,8.751375473519253,1.2376237618949395
Egypt,2020-10,4.675768178,7.517065367,7.397610925999999,12.05631429,10.15358362,0.0,9.411263059,1.126279847
Egypt,2020-11,2.915451895,5.765306011,4.708454925,10.85276927,4.985422852,0.0,8.199709011,1.7930028040000001
Egypt,2020-12,3.7761294670000005,6.426163389,5.967633385,11.71274426,5.630478759,0.0,6.830748689,1.2946730119999998
Egypt,2021-01,6.175869017,9.986366735,4.805725971,12.65848756,6.5916835,0.204498978,8.391275126,1.179277385
Egypt,2021-02,3.546864618,4.308833549,2.4544842080000002,10.28320974,5.556304376,0.10114632499999998,4.733648319,1.3958193370000003
Egypt,2021-03,5.084959286,7.180616644,4.493391881,11.038388569999999,5.091252456,0.188797986,8.376337703,1.680302125
Egypt,2021-04,2.5541400300000006,5.159235669,3.4394904,10.87898112,5.337579812,0.0,6.630573150999999,2.789809112
Egypt,2021-05,3.0181346160000007,5.032383222000001,4.216321345,14.15155444,3.341968813,0.07772021,9.740932247,2.4546633109999996
Egypt,2021-06,5.517241177,7.685675988,3.5809020619999994,14.68832894,3.7002654539999997,0.0,7.645888797,2.1485412149999994
Egypt,2021-07,4.587345045,7.524071632,3.9339752440000004,9.442915287,1.650618982,0.0,7.180192677,2.929848851
Egypt,2021-08,5.249837866999999,10.27255049,3.5561322859999995,12.78390659,4.029850895,0.0,7.39779364,3.329007336
Egypt,2021-09,6.089612826985743,6.252546239257297,2.4847251572776647,11.126952665140278,5.09164969479837,0.0,7.990495380230821,4.005431092801086
Egypt,2021-10,3.542087439,5.481481069999999,4.525252528,11.7777774,3.81818187,0.0,9.737374148,1.939394145
Egypt,2021-11,5.38782321803336,6.284403512991398,3.432026547414929,10.717264596525593,3.1234360619653883,0.18765638077898247,4.024186822470392,1.8348624247714762
Egypt,2021-12,6.793333434957333,7.046666463558668,4.400000206134666,12.346666491586667,3.0600001013786664,0.0,4.453333536553333,1.0200000761826666
Egypt,2022-01,8.353333536905334,10.199999999686666,5.800000206744,12.553333573506666,1.1199999491866668,0.0,6.539999898202,1.300000000274
Egypt,2022-02,6.781934093187014,5.462244285364855,2.6464362841383204,8.976711719230769,2.0536344662597035,0.31757233592378264,7.339449962271619,0.9738885103091037
Egypt,2022-03,8.558226072,8.096118158,5.332717195,11.6081337,3.345656263,0.415896488,5.434381058,2.162661879
Egypt,2022-04,11.39691744169557,10.63583830049133,7.0327555974335265,18.9113683594894,6.204239068177263,0.0,4.884393137105009,0.4335260111387283
Egypt,2022-05,10.2045637,6.042486471,4.854445322,11.61290326,3.823760698,0.0,6.648308419,1.109362737
Egypt,2022-06,8.733935858196096,4.297953319662066,3.4126607306244647,11.009043186111375,1.9419324671765825,0.19038553089481197,2.570204664077106,0.7758210581651593
Egypt,2022-07,8.042610056962051,4.280958925064581,3.01597859711984,6.844207957909454,4.414114717406125,0.0,4.03462040417976,2.1571239361997336
Egypt,2022-08,6.480156545068965,5.13988288892713,3.038386470429408,9.5250486318406,4.5478205291535465,0.0,3.884189782028627,3.4938194261223163
Egypt,2022-09,2.7039475194855265,2.480263160717105,1.4736842642026315,5.697368854061842,2.0000001000250003,0.0,3.565789523975,0.9868421051776316
Egypt,2022-10,8.062622521,6.014350747,3.861709272,11.95042443,4.1878667290000005,0.0,4.514024589000001,2.2113503929999996
Egypt,2022-11,5.80602912395733,4.639580802741809,2.7129751515963303,8.302752124602884,4.960681320377456,0.0,3.820445559192661,0.4718217437273919
Egypt,2022-12,8.157019701,7.877578279,2.481703368,11.17099098,3.898868827,0.0,3.346640002,0.0
Egypt,2023-01,9.104978990448183,4.367429443272544,3.2099596266588155,12.43607022450202,4.508748317502692,0.0,3.7146703070457607,0.32301480186381454
Egypt,2023-02,2.765793646,3.636363401,2.34206463,8.9368264,0.7627118349999998,0.0,2.9429889789999994,0.462249615
Egypt,2023-03,5.978111757791382,5.430916657166211,2.879617071015732,10.485636165424076,1.0670314898324214,0.0,4.042407816885089,0.9233926127818057
Egypt,2023-04,2.1602289526258938,2.174535159649499,1.1874106307052932,7.5679541484957085,0.3934191705608011,0.0,3.476395013233905,0.9227468219985694
Egypt,2023-05,8.947368195,6.864343844999999,4.492216644,10.27427773,2.8317272620000002,0.0,6.375092661,0.956263942
Egypt,2023-06,5.885911709,5.626620439,2.990492789,10.8902334,2.022471877,0.0,3.802938634,2.566983644
Egypt,2023-07,5.988126048,6.293468783,2.052587003,9.406276392,2.366412343,0.0,8.074639266,2.7989821880000005
Egypt,2023-08,6.375545851572052,4.986899430436681,3.2227074947161567,7.310043443580786,2.759825193973799,0.0,7.144105070393013,2.436681355764192
Egypt,2023-09,3.577898831,4.13043499,3.4510870989999995,7.291666710000001,1.132246377,0.0,5.407608765,1.8750000689999997
Egypt,2023-10,6.9739127782826085,7.382608165211304,6.104347829793913,19.052174484982608,2.1304347824695653,0.0,8.504348091374784,1.773913009884348
Egypt,2023-11,3.692722235,6.019766397000001,1.7610062590000002,17.32255198,1.18598381,0.0,7.385445154999999,1.725067454
Egypt,2023-12,6.421152030594901,4.324834677714826,2.54013227720491,11.114258918254606,2.1152029855146366,0.0,4.060434372464589,1.303116254957507
Egypt,2024-01,6.314814532565742,7.148147865715742,5.148147941025001,16.95370431274074,4.129629488791667,0.0,7.305555696880554,0.41666666657499996
Egypt,2024-02,7.401347596,7.353224400999999,3.753609171,13.031760769999998,3.3108759889999995,0.0,6.727622861,0.346487021
Egypt,2024-03,6.905916290000001,5.945683728,3.8700288070000006,10.93113457,1.222114489,0.0,4.054316124,0.931134858
Egypt,2024-04,2.50000015,3.4547242589999994,0.954724414,10.62007819,1.564960592,0.0,7.568897788,1.062992145
Egypt,2024-05,2.9990262156767282,3.5540408962259007,2.220058463945472,9.980525849733203,2.7166504010321324,0.0,4.235638151575462,1.372930903898734
Egypt,2024-06,4.786821853,2.839147328,2.897286715,7.984495579,2.267442008,0.0,5.988372389,1.22093027
Egypt,2024-07,0.6188467079999999,0.0,0.16877637800000003,1.2939522540000001,0.0,0.0,0.0,0.0
Egypt,2024-08,5.041171298,4.053065238,3.3577310200000006,6.532479598,0.274473925,0.0,7.008234077999999,0.8234217749999999
Egypt,2024-09,4.981238489,3.574108675,5.065666332,11.21013138,2.251407129,0.0,5.253283302,1.069418351
Egypt,2024-10,5.39366502,2.009049843,4.289593179,8.316741572,0.651583736,0.0,5.891403267,1.656108528
Egypt,2024-11,6.046296225999999,5.240740599,4.324074078,13.56481486,2.527777884,0.0,8.027777495,1.472222187
Egypt,2024-12,4.642857213,3.946886307,2.536630041,10.83333296,2.912087842,0.0,4.935897576,2.11538465
Egypt,2025-01,5.699627079,2.453358138,1.893656579,11.4552235,1.912313433,0.0,5.401119189,0.95149252
Egypt,2025-02,4.081826977,1.8553758329999999,2.35965751,10.04757364,3.596574981,0.0,4.024738635,2.026641221
Egypt,2025-03,2.995260519,1.886255888,3.260663222,11.28909943,2.492890923,0.0,5.800948301,1.30805689
Egypt,2025-04,7.391304647,4.657004905,3.526569979,12.966183329999998,5.932366929,0.0,8.434782904,1.014492754
Egypt,2025-05,2.911985233,4.522471839,2.518726668,8.426966337,1.882022508,0.0,5.833333619,1.067415695
Egypt,2025-06,6.6474540774697415,6.301632898340058,3.2564842277867436,10.201728856733908,4.044188133631124,0.1440922192795389,8.155620476051874,0.2881844375581172
Egypt,2025-07,3.8822447799999997,3.891444623,4.268629329,8.445262799,1.076356928,0.0,5.731370675,0.689972401
Egypt,2025-08,5.716928699,3.1544866,4.227567072,11.4893616,3.1082329759999996,0.0,6.632747174,1.304347861
Egypt,2025-09,3.654545524,3.5545453160000005,4.709091122,13.07272759,2.127272866,0.0,9.436363914,0.954545455
Egypt,2025-10,3.091921935,3.008356688,3.203342618,8.59795759,1.086351046,0.0,4.428969076,1.587743768
Egypt,2025-11,3.682243133,1.813084255,4.813084402,9.672896661,1.616822359,0.0,3.644859813,0.813084183
Egypt,2025-12,8.376327667773902,8.763277331705616,14.036419102738998,27.306525735591805,3.573596387507587,0.0,10.933232131183612,2.17754178755387
Equatorial Guinea,2015-01,0.0,0.0,0.0,10.6250003,0.0,0.0,0.0,0.0
Equatorial Guinea,2015-02,0.0,0.0,0.0,10.6250003,0.0,0.0,0.0,0.0
Equatorial Guinea,2015-03,0.0,0.0,0.0,10.6250003,0.0,0.0,0.0,0.0
Equatorial Guinea,2015-04,0.0,0.0,0.0,0.0,0.0,0.0,0.0,0.0
Equatorial Guinea,2015-05,0.0,0.0,0.0,0.0,0.0,0.0,0.0,0.0
Equatorial Guinea,2015-06,0.0,0.0,0.0,0.0,0.0,0.0,0.0,0.0
Equatorial Guinea,2015-07,0.0,0.0,0.0,0.0,0.0,0.0,0.0,0.0
Equatorial Guinea,2015-08,0.0,0.0,0.0,0.0,0.0,0.0,0.0,0.0
Equatorial Guinea,2015-09,0.0,0.0,0.0,0.0,0.0,0.0,0.0,0.0
Equatorial Guinea,2015-10,0.0,0.0,0.0,0.0,0.0,0.0,0.0,0.0
Equatorial Guinea,2015-11,0.0,0.0,0.0,0.0,0.0,0.0,0.0,0.0
Equatorial Guinea,2015-12,0.0,0.0,0.0,0.0,0.0,0.0,0.0,0.0
Equatorial Guinea,2016-01,0.0,0.0,0.0,0.0,0.0,0.0,0.0,0.0
Equatorial Guinea,2016-02,0.0,0.0,0.0,0.0,0.0,0.0,0.0,0.0
Equatorial Guinea,2016-03,0.0,0.0,0.0,0.0,0.0,0.0,0.0,0.0
Equatorial Guinea,2016-04,0.0,0.0,0.0,0.0,0.0,0.0,0.0,0.0
Equatorial Guinea,2016-05,0.0,0.0,0.0,0.0,0.0,0.0,0.0,0.0
Equatorial Guinea,2016-06,0.0,0.0,0.0,0.0,0.0,0.0,0.0,0.0
Equatorial Guinea,2016-07,0.0,0.0,0.0,0.0,0.0,0.0,0.0,0.0
Equatorial Guinea,2016-08,0.0,0.0,0.0,0.0,0.0,0.0,0.0,0.0
Equatorial Guinea,2016-09,0.0,0.0,0.0,0.0,0.0,0.0,0.0,0.0
Equatorial Guinea,2016-10,0.0,0.0,0.0,0.0,0.0,0.0,0.0,0.0
Equatorial Guinea,2016-11,0.0,0.0,0.0,0.0,0.0,0.0,0.0,0.0
Equatorial Guinea,2016-12,0.0,0.0,0.0,0.0,0.0,0.0,0.0,0.0
Equatorial Guinea,2017-01,0.0,0.0,0.0,0.0,0.0,0.0,0.0,0.0
Equatorial Guinea,2017-02,0.0,0.0,0.0,0.0,0.0,0.0,0.0,0.0
Equatorial Guinea,2017-03,0.0,0.0,0.0,0.0,0.0,0.0,0.0,0.0
Equatorial Guinea,2017-04,0.0,0.0,0.0,0.0,0.0,0.0,0.0,0.0
Equatorial Guinea,2017-05,0.0,0.0,0.0,0.0,0.0,0.0,0.0,0.0
Equatorial Guinea,2017-06,0.0,0.0,0.0,0.0,0.0,0.0,0.0,0.0
Equatorial Guinea,2017-07,0.0,0.0,0.0,0.0,0.0,0.0,0.0,0.0
Equatorial Guinea,2017-08,0.0,0.0,0.0,0.0,0.0,0.0,0.0,0.0
Equatorial Guinea,2017-09,0.0,0.0,0.0,0.0,0.0,0.0,0.0,0.0
Equatorial Guinea,2017-10,0.0,0.0,0.0,0.0,0.0,0.0,0.0,0.0
Equatorial Guinea,2017-11,0.0,0.0,0.0,0.0,0.0,0.0,0.0,0.0
Equatorial Guinea,2017-12,0.0,0.0,0.0,0.0,0.0,0.0,0.0,0.0
Equatorial Guinea,2018-01,0.0,0.0,0.0,0.0,0.0,0.0,0.0,0.0
Equatorial Guinea,2018-02,0.0,0.0,0.0,0.0,0.0,0.0,0.0,0.0
Equatorial Guinea,2018-03,0.0,0.0,0.0,0.0,0.0,0.0,0.0,0.0
Equatorial Guinea,2018-04,0.0,0.0,0.0,0.0,0.0,0.0,0.0,0.0
Equatorial Guinea,2018-05,0.0,0.0,0.0,0.0,0.0,0.0,0.0,0.0
Equatorial Guinea,2018-06,0.0,0.0,0.0,0.0,0.0,0.0,0.0,0.0
Equatorial Guinea,2018-07,0.0,0.0,0.0,0.0,0.0,0.0,0.0,0.0
Equatorial Guinea,2018-08,0.0,0.0,0.0,0.0,0.0,0.0,0.0,0.0
Equatorial Guinea,2018-09,0.0,0.0,0.0,0.0,0.0,0.0,0.0,0.0
Equatorial Guinea,2018-10,0.0,0.0,0.0,0.0,0.0,0.0,0.0,0.0
Equatorial Guinea,2018-11,0.0,0.0,0.0,0.0,0.0,0.0,0.0,0.0
Equatorial Guinea,2018-12,0.0,0.0,0.0,0.0,0.0,0.0,0.0,0.0
Equatorial Guinea,2019-01,0.0,0.0,0.0,0.0,0.0,0.0,0.0,0.0
Equatorial Guinea,2019-02,0.0,0.0,0.0,0.0,0.0,0.0,0.0,0.0
Equatorial Guinea,2019-03,0.0,0.0,0.0,2.8235295240000005,0.0,0.0,0.0,0.0
Equatorial Guinea,2019-04,0.0,0.0,0.0,0.0,0.0,0.0,0.0,0.0
Equatorial Guinea,2019-05,0.0,0.0,0.0,0.0,0.0,0.0,0.0,0.0
Equatorial Guinea,2019-06,0.0,0.0,2.068965517,5.724138063,0.0,0.0,3.3103449589999996,0.0
Equatorial Guinea,2019-07,0.0,0.0,0.0,2.962963007,0.0,0.0,0.0,0.0
Equatorial Guinea,2019-08,0.0,0.0,0.0,2.586206897,0.0,0.0,0.0,0.0
Equatorial Guinea,2019-09,0.0,0.0,0.0,0.0,0.0,0.0,0.0,0.0
Equatorial Guinea,2019-10,0.0,0.0,0.0,0.0,0.0,0.0,0.0,0.0
Equatorial Guinea,2019-11,0.0,0.0,0.0,0.0,0.0,0.0,1.1538462,0.0
Equatorial Guinea,2019-12,0.0,0.0,0.0,1.263157945,0.0,0.0,0.0,0.0
Equatorial Guinea,2020-01,0.0,0.0,0.0,1.8644068200000001,0.0,0.0,0.0,0.0
Equatorial Guinea,2020-02,0.0,0.0,0.0,0.0,0.0,0.0,0.0,0.0
Equatorial Guinea,2020-03,0.0,0.0,0.0,1.061946945,0.0,0.0,0.0,0.0
Equatorial Guinea,2020-04,0.0,0.0,0.0,8.787879559,0.0,0.0,0.0,0.0
Equatorial Guinea,2020-05,0.0,0.0,0.0,0.0,0.0,0.0,6.153846398,0.0
Equatorial Guinea,2020-06,0.0,0.0,0.0,0.0,0.0,0.0,0.0,0.0
Equatorial Guinea,2020-07,0.0,0.0,0.0,0.0,0.0,0.0,0.0,0.0
Equatorial Guinea,2020-08,0.0,0.0,0.0,5.414634332000001,0.0,0.0,0.7317073170000001,0.0
Equatorial Guinea,2020-09,0.0,0.0,0.0,2.898550725,0.0,0.0,1.739130504,0.0
Equatorial Guinea,2020-10,0.0,0.0,0.466926089,0.466926089,0.0,0.0,0.0,0.0
Equatorial Guinea,2020-11,0.0,0.508474596,0.0,0.0,0.0,0.0,0.0,0.0
Equatorial Guinea,2020-12,0.0,0.0,0.0,3.5714285710000007,0.0,0.0,0.0,0.0
Equatorial Guinea,2021-01,0.0,0.0,0.0,1.21827416,0.0,0.0,0.60913708,0.0
Equatorial Guinea,2021-02,0.0,0.0,0.0,0.0,0.0,0.0,1.176470635,1.176470635
Equatorial Guinea,2021-03,0.0,0.0,0.0,0.0,0.0,0.0,0.0,0.0
Equatorial Guinea,2021-04,0.0,0.0,0.0,1.589404037,0.0,0.0,0.0,0.0
Equatorial Guinea,2021-05,0.0,0.0,0.0,2.292993722,0.0,0.0,0.0,0.0
Equatorial Guinea,2021-06,0.0,0.0,0.0,0.628272276,0.0,0.0,0.0,0.628272276
Equatorial Guinea,2021-07,0.0,0.0,0.0,0.510638318,0.0,0.0,0.0,0.0
Equatorial Guinea,2021-08,0.0,0.0,0.0,0.0,0.0,0.0,0.0,0.0
Equatorial Guinea,2021-09,0.0,0.0,0.0,0.0,0.0,0.0,0.0,0.0
Equatorial Guinea,2021-10,0.0,0.0,0.0,1.1184210837236843,0.0,0.0,1.1184210837236843,0.0
Equatorial Guinea,2021-11,0.0,0.0,0.588235317,0.588235317,0.0,0.0,0.0,0.0
Equatorial Guinea,2021-12,0.0,0.0,0.0,3.448275862,0.0,0.0,1.7733990849999999,0.0
Equatorial Guinea,2022-01,0.0,0.0,0.0,0.462962963,0.0,0.0,0.555555578,0.0
Equatorial Guinea,2022-02,0.0,0.0,0.0,1.739130504,0.0,0.0,0.0,0.0
Equatorial Guinea,2022-03,0.0,1.711026616,0.0,2.395437335,0.0,0.0,1.711026616,0.0
Equatorial Guinea,2022-04,0.0,0.0,0.0,0.711297091,0.0,0.0,0.0,0.0
Equatorial Guinea,2022-05,0.0,0.0,0.0,0.0,0.0,0.0,0.0,0.0
Equatorial Guinea,2022-06,0.0,0.0,0.0,0.0,0.0,0.0,0.0,0.0
Equatorial Guinea,2022-07,0.0,0.0,0.0,0.862944187,0.0,0.0,0.0,0.0
Equatorial Guinea,2022-08,0.0,0.0,0.0,1.698113275,0.0,0.0,0.0,0.0
Equatorial Guinea,2022-09,0.0,0.0,0.0,2.195945946,0.0,0.0,0.810810843,0.0
Equatorial Guinea,2022-10,0.0,0.0,0.0,3.7848605579999997,0.0,0.0,0.478087668,0.0
Equatorial Guinea,2022-11,0.0,0.0,0.0,0.51502148,0.0,0.0,0.51502148,0.0
Equatorial Guinea,2022-12,0.0,0.0,0.0,1.21827416,0.0,0.0,0.60913708,0.0
Equatorial Guinea,2023-01,0.0,0.0,0.0,1.095890455,0.0,0.0,0.0,0.0
Equatorial Guinea,2023-02,0.0,0.0,0.0,4.341463694,0.0,0.0,0.0,0.0
Equatorial Guinea,2023-03,0.0,0.0,0.0,0.0,0.0,0.0,0.0,0.0
Equatorial Guinea,2023-04,0.0,0.0,0.0,0.0,0.0,0.0,0.6593406860000001,0.0
Equatorial Guinea,2023-05,0.0,0.0,0.0,1.739130504,0.0,0.0,0.0,0.0
Equatorial Guinea,2023-06,0.0,0.0,0.0,0.480769231,0.0,0.0,0.0,0.0
Equatorial Guinea,2023-07,0.0,0.0,0.0,0.552995414,0.0,0.0,0.552995414,0.0
Equatorial Guinea,2023-08,0.0,0.0,0.0,0.0,0.0,0.0,0.0,0.0
Equatorial Guinea,2023-09,0.0,0.0,0.0,1.3567839440000002,0.0,0.0,0.603015099,0.0
Equatorial Guinea,2023-10,0.0,0.0,0.0,0.0,0.0,0.0,0.0,0.0
Equatorial Guinea,2023-11,0.0,0.0,0.0,0.0,0.0,0.0,0.0,0.0
Equatorial Guinea,2023-12,0.0,0.0,0.0,0.0,0.0,0.0,0.0,0.0
Equatorial Guinea,2024-01,0.0,0.0,0.0,1.959459524,0.0,0.0,0.0,0.0
Equatorial Guinea,2024-02,0.0,0.0,0.0,1.951219541,0.0,0.0,0.0,0.0
Equatorial Guinea,2024-03,0.0,0.0,0.0,4.150943636,0.0,0.0,0.0,0.0
Equatorial Guinea,2024-04,0.0,0.0,0.0,1.619047664,0.0,0.0,0.571428594,0.0
Equatorial Guinea,2024-05,0.0,0.0,0.0,1.231527094,0.0,0.0,0.0,0.0
Equatorial Guinea,2024-06,0.0,0.0,0.0,0.0,0.0,0.0,0.597014949,0.0
Equatorial Guinea,2024-07,0.0,0.0,0.0,1.442786117,0.0,0.0,1.7910448470000002,0.0
Equatorial Guinea,2024-08,0.0,0.0,0.0,2.822086124,0.0,0.0,0.736196348,0.0
Equatorial Guinea,2024-09,0.0,0.0,0.0,2.5757577680000003,0.0,0.0,0.0,0.0
Equatorial Guinea,2024-10,0.0,0.0,0.0,0.0,0.0,0.0,0.558139557,0.558139557
Equatorial Guinea,2024-11,0.0,0.0,0.0,0.0,0.0,0.0,0.0,0.0
Equatorial Guinea,2024-12,0.0,0.0,0.0,0.550458737,0.0,0.0,0.0,0.0
Equatorial Guinea,2025-01,0.0,0.0,0.0,1.9924812749999998,0.0,0.0,0.0,0.0
Equatorial Guinea,2025-02,0.0,0.0,0.0,0.45801528500000005,0.0,0.0,0.0,0.0
Equatorial Guinea,2025-03,0.0,0.0,0.0,0.0,0.0,0.0,0.0,0.0
Equatorial Guinea,2025-04,0.0,0.0,0.0,1.111111148,0.0,0.0,0.459770133,0.0
Equatorial Guinea,2025-05,0.0,0.0,0.0,1.366666794,0.0,0.0,0.0,0.0
Equatorial Guinea,2025-06,0.0,0.0,0.0,0.48192773000000005,0.0,0.0,0.0,0.0
Equatorial Guinea,2025-07,0.0,0.0,0.0,0.7547170109999999,0.0,0.0,0.0,0.0
Equatorial Guinea,2025-08,0.0,0.0,0.0,1.3872832920000002,0.0,0.0,0.0,0.0
Equatorial Guinea,2025-09,0.0,0.0,0.0,1.105990827,0.0,0.0,0.0,0.0
Equatorial Guinea,2025-10,0.0,0.0,0.0,0.98765436,0.0,0.0,0.49382718,0.0
Equatorial Guinea,2025-11,0.0,0.0,0.0,0.0,0.0,0.0,0.547945227,0.0
Equatorial Guinea,2025-12,0.0,0.0,0.0,0.787037059,0.0,0.0,0.0,0.0
Eritrea,2015-01,2.822299618,3.06620224,4.599303319,5.749129003,2.822299701,0.0,8.04878087,1.5679442509999997
Eritrea,2015-02,2.91497968,1.093117428,2.307692327,7.449392655,1.457489936,0.0,1.578947407,3.643724696
Eritrea,2015-03,3.750000066,2.083333333,0.833333366,0.9375000170000001,0.0,0.0,0.416666683,0.0
Eritrea,2015-04,3.866666582,1.200000021,2.533333355,4.399999936,4.133333312,0.0,4.844444699,0.666666667
Eritrea,2015-05,9.902912783,1.89320393,5.679611674000001,7.135922353,2.4757283409999995,0.0,6.407767013000001,0.873786385
Eritrea,2015-06,8.354430561,2.658227929,5.232067551,7.721519168,0.632911392,0.0,5.06329124,0.0
Eritrea,2015-07,11.85365863,5.56097554,7.463414727,5.902438978,2.9268292680000005,0.0,0.0,5.12195122
Eritrea,2015-08,15.433526179999998,2.254335315,8.497109716,7.803468208,0.0,0.0,3.9884393610000006,8.670520231
Eritrea,2015-09,9.687500199,7.656249901,3.59375005,4.062500099,0.0,0.0,6.718750174,3.7499999010000002
Eritrea,2015-10,7.885714394999999,2.9142857959999997,4.971428599,7.371428626,0.857142857,0.0,8.742857661,3.4285714290000002
Eritrea,2015-11,14.4444448,20.18518521,6.481481481000001,20.555555670000004,1.8518518520000002,0.0,5.000000087999999,7.222222252
Eritrea,2015-12,14.53125017,8.437500025000002,8.28125005,9.218749901,1.875000075,0.0,9.218750522,3.7499999010000002
Eritrea,2016-01,15.149700710000001,12.57485044,7.904191503,7.904191503,3.4131736810000004,0.0,8.083832478,6.28742515
Eritrea,2016-02,24.488636040000003,19.374999809999995,16.81818203,20.568182249999996,6.647727164,0.0,19.5454546,10.909090800000001
Eritrea,2016-03,15.069124559999999,9.400921593,4.700460851000001,18.24884799,2.764976959,0.0,9.400921593,7.050691222
Eritrea,2016-04,5.590909178000001,1.7727273160000003,2.0454545449999997,4.227272814,0.681818182,0.0,3.409091017,1.227272749
Eritrea,2016-05,5.042016807000001,5.168067307,2.899159704,6.428571509000001,0.5042017009999998,0.0,7.18487411,2.521008403
Eritrea,2016-06,9.955157186,1.076233227,6.457399253000001,9.551569913,0.0,0.0,4.57399116,1.883407986
Eritrea,2016-07,1.9148936929999998,0.638297898,12.97872409,5.744680699,2.393617021,0.0,4.308510714,3.829787259
Eritrea,2016-08,5.121951336,4.243902579,4.097561022,4.243902462,4.243902462,0.0,7.463414727,4.829268572
Eritrea,2016-09,9.262672987,2.488479307,4.4239632,3.8709677860000005,6.082949221,0.0,12.44239642,0.69124424
Eritrea,2016-10,3.90625,1.406250025,1.25000005,2.187500025,1.875000075,0.0,8.437500522,2.8124999249999996
Eritrea,2016-11,7.462686567,6.417910377000001,11.79104468,12.238805800000002,0.746268657,0.0,15.0746266,5.970149254
Eritrea,2016-12,9.848484968999998,8.333333574,3.484848533,10.454545720000002,2.424242521,0.0,7.575757695999999,0.0
Eritrea,2017-01,10.54794538,7.534246684000001,4.657534159,9.452054707,4.109589041,0.0,10.00000015,2.0547945210000003
Eritrea,2017-02,7.806122546000001,9.642857556,1.224489845,12.091836640000002,3.8265306120000004,0.0,5.357142857,6.734694267
Eritrea,2017-03,12.05607508,5.467289742,2.383177637,10.93457926,0.0,0.0,4.766355162,2.803738318
Eritrea,2017-04,12.67605634,11.83098594,10.140845249999998,15.07042238,2.816901408,0.0,10.32863861,6.338028169
Eritrea,2017-05,7.674418716,5.302325626,2.651162813,6.232558184,0.0,0.0,9.767442193,3.0697676189999994
Eritrea,2017-06,5.441860598,7.255813798,3.348837231,8.093023078,0.558139557,0.0,8.372093467,4.744185957999999
Eritrea,2017-07,5.825242834,4.077669833,6.213592326,5.77669896,0.5825242950000001,0.0,7.572815835,6.262136316
Eritrea,2017-08,5.302325515,4.186046623,2.651162702,4.186046512,4.186046512,0.0,11.44186075,2.790697674
Eritrea,2017-09,7.794117694,4.264705906,10.29411765,7.500000093,5.000000023000001,0.0,6.617647293,3.6764705879999995
Eritrea,2017-10,5.869565217,7.913043395,2.9999998339999996,6.739130435,1.9565217389999998,0.0,8.347826108,3.130434803
Eritrea,2017-11,6.206896798,1.8103448479999997,7.758620792,7.284482594000002,0.0,0.0,8.146551971000001,0.6465517239999999
Eritrea,2017-12,12.70270262,4.459459502,1.7567568,9.054053904,7.432432432000001,0.0,9.324324453,6.216216302
Eritrea,2018-01,12.61682232,6.168224321,2.663551313,8.971962639,4.766355051,0.0,11.91588785,2.943925323
Eritrea,2018-02,2.628866053,1.3917526020000002,0.618556726,2.628866053,0.0,0.0,2.474226902,3.092783505
Eritrea,2018-03,6.743119507,3.990825819,0.0,3.4403669719999996,0.550458737,0.0,3.9908257099999997,0.550458737
Eritrea,2018-04,8.163265428,5.969387779,0.7653061219999999,4.438775535,1.5306122449999997,0.0,3.826530734,2.908163168
Eritrea,2018-05,3.318584071,10.08849555,4.380530805,10.35398245,2.654867257,0.0,4.646017699000001,0.0
Eritrea,2018-06,12.66666657,15.12820513,8.000000196,12.820512819999998,8.000000196,0.0,10.153846130000002,5.230769132999999
Eritrea,2018-07,2.830188679,2.830188679,5.094339713,5.235849237,1.41509434,0.0,6.9339621739999995,1.132075517
Eritrea,2018-08,0.638297898,4.946808612,6.542553293,0.0,0.0,0.0,6.382978977,0.0
Eritrea,2018-09,0.0,0.571428594,0.571428594,1.714285782,1.142857188,0.0,4.000000159,1.714285782
Eritrea,2018-10,9.241706274,6.398104491,1.279620876,5.971564049,4.265402843999999,0.0,3.838862627,3.412322297
Eritrea,2018-11,7.142857143,3.0158730410000003,6.825397002,6.666666869,4.285714488,0.0,6.190476216,1.26984132
Eritrea,2018-12,3.504673009,6.448598219999999,2.2429907429999996,2.383177637,0.560747686,0.0,2.8037384290000005,1.261682265
Eritrea,2019-01,4.583333488083333,3.4722222217407404,1.9444444660555555,6.2499998895277775,1.3888888888981483,0.0,3.3333334659722222,0.0
Eritrea,2019-02,5.051020578887755,6.122448979989795,2.908163289765306,3.826530733591837,0.6122449221428571,0.0,6.581632701397959,0.0
Eritrea,2019-03,3.7688443407135677,5.125628164266332,0.0,3.165829241472362,0.0,0.0,2.412060396964824,0.7537688445075377
Eritrea,2019-04,3.4239131474021742,4.07608695701087,3.9130436339999997,0.815217391402174,0.0,0.0,3.9130436339999997,0.6521739390000001
Eritrea,2019-05,4.419643006008928,6.696428571839285,9.642857313473215,2.812500085285714,2.6785714289374996,0.0,2.812500085285714,0.0
Eritrea,2019-06,2.038834974446602,2.038834974446602,5.242718655300972,2.038834974446602,0.0,0.0,4.660194244038835,4.805825520776699
Eritrea,2019-07,5.1980198024554465,10.396040192673269,6.089108768792079,2.079207944613861,0.0,0.0,5.495049694217822,1.4851485145544554
Eritrea,2019-08,3.8659795044536085,7.26804131084536,2.0103093274845363,0.7731958758350516,0.0,0.0,4.329897079257732,0.7731958758350516
Eritrea,2019-09,2.881356012932203,1.6949152546101693,2.2033898843898303,2.2033898843898303,0.6779661285423729,0.0,8.135593543519775,0.6779661285423729
Eritrea,2019-10,4.591836856469388,5.663265378795919,4.438775655734694,0.765306122877551,0.0,0.0,1.8367347664285714,0.6122449221428571
Eritrea,2019-11,2.1428571950329673,2.1428571950329673,4.12087925178022,2.4725274726153845,0.0,0.0,1.318681371164835,0.8241758238681318
Eritrea,2019-12,4.4117647056000004,0.8823529409176472,1.4117647623294116,0.8823529409176472,0.0,0.0,2.1176471429882353,0.7058823806588235
Eritrea,2020-01,1.4210526568421054,1.4210526568421054,4.000000075452632,0.7894736842105263,1.2631579452631578,0.0,5.0526315284210535,2.52631588951579
Eritrea,2020-02,4.45714296636,8.571428707782857,4.62857137452,1.5428571703542857,0.0,0.0,3.2571428844000003,2.571428571068571
Eritrea,2020-03,5.567010407649484,5.721649558164949,1.8556701769690724,1.3917526021649482,2.319587628515464,0.0,2.47422690228866,0.0
Eritrea,2020-04,4.53237423828777,5.395683453064748,1.7266187734316545,3.669064851064748,0.0,0.0,3.453237546863309,0.0
Eritrea,2020-05,4.144736967828948,4.934210526184211,5.328947305868422,4.144736967828948,0.0,0.0,3.7500000311052633,0.0
Eritrea,2020-06,7.0212768319716305,5.31914893641844,2.5531915913049645,2.76595751448227,0.0,0.0,0.851063864106383,0.0
Eritrea,2020-07,5.172413793396552,2.586206896189655,5.17241399887931,1.2931034486034483,5.948275944344828,0.0,9.051724138189657,5.172413793396552
Eritrea,2020-08,15.338346289849625,9.022556391090227,4.9624059430827065,9.924812065827068,3.6090226999624058,0.0,9.248120623421052,4.9624059430827065
Eritrea,2020-09,6.063829584095745,3.191489361861702,1.9148936927127658,5.585106509840426,0.6382978972340426,0.0,7.978723531489362,0.6382978972340426
Eritrea,2020-10,3.3149171274861877,3.9779004468232046,1.3259669035690607,3.9779004468232046,0.6629834517845303,0.6629834517845303,1.3259669035690607,3.812154748425414
Eritrea,2020-11,2.6351352,4.2567568854729725,2.4324325287162165,10.74324362837838,3.0405405405405403,0.0,4.662162227027026,0.0
Eritrea,2020-12,7.457627280474576,8.135593274514124,5.254237396084747,2.881356012932203,4.5762712675423725,0.0,3.389830642711864,0.0
Eritrea,2021-01,7.557252163679388,7.786259578198473,1.8320611416030534,2.2900763361374046,0.0,0.0,2.0610687388702287,3.8931298804732823
Eritrea,2021-02,15.20833373,8.333333333,5.416666468,4.166666667,0.0,0.0,6.875000066,3.541666766
Eritrea,2021-03,12.721519379999998,11.5822786,1.5189874020000003,11.77215199,0.7594937010000001,0.0,5.88607607,6.075949457999999
Eritrea,2021-04,13.170732088719513,5.304878078231707,1.4634146919512194,6.402439024756098,2.74390243875,0.0,10.609756152439024,2.9268293849085367
Eritrea,2021-05,7.974683785729956,3.164556961822785,1.0126582676708862,2.531645569257384,1.5189874020084388,0.0,2.9113924453670887,1.5189874020084388
Eritrea,2021-06,8.888889144,3.086419753,1.48148154,3.4979423870000006,0.0,0.0,2.839506212,1.97530872
Eritrea,2021-07,10.92105288,3.8157894949999998,3.552631642,3.8157894949999998,0.0,0.0,4.078947452,1.5789474310000002
Eritrea,2021-08,9.450000286,4.5,3.150000095,3.0,0.0,0.0,5.250000119,1.800000072
Eritrea,2021-09,10.48543719,4.368932039,4.514562968,5.097087379,0.0,0.0,3.9320389039999992,3.2038835649999995
Eritrea,2021-10,8.217391553608696,3.782608716508696,3.2608697723608695,6.1304348449826085,2.608695651769565,0.0,3.1304348038173915,2.217391366826087
Eritrea,2021-11,8.429752303,3.099173554,3.305785222,2.479338843,0.0,0.0,4.958677784,1.487603365
Eritrea,2021-12,11.5102043,3.06122449,2.938775627,4.285714286,0.489795938,0.0,5.755102294,4.285714188
Eritrea,2022-01,9.136363918,3.954545476,5.318181948,2.727272727,0.0,0.0,7.363636494000001,1.636363701
Eritrea,2022-02,8.325991441,3.303964758,1.057268764,3.171806188,0.0,0.0,4.096916384000001,1.585903147
Eritrea,2022-03,8.36283211109292,9.690265740331858,3.185840834119469,3.1858407286548673,0.0,0.0,7.300885061256636,2.1238938897477877
Eritrea,2022-04,10.73863669,4.261363636,1.363636418,3.409090909,0.0,0.0,3.238636391,2.045454627
Eritrea,2022-05,11.01449308,3.623188406,1.159420336,4.92753614,0.0,0.0,6.666666874,5.797101795
Eritrea,2022-06,11.94570162,7.058823702,1.628959341,2.714932127,0.0,0.0,5.837104223,7.601809825
Eritrea,2022-07,9.264706163,4.264705906,1.1764706350000003,2.941176471,0.0,0.0,3.382352988,1.764705952
Eritrea,2022-08,9.593908919451776,3.8071065991065987,3.045685400497462,3.0456852788832487,0.0,0.0,2.893401039563452,3.045685400497462
Eritrea,2022-09,13.31550833,7.058823555000001,1.283422511,6.417112299,0.0,0.0,7.5401070279999995,1.925133766
Eritrea,2022-10,16.0989012,7.912087702000001,9.065934328,7.417582418,0.0,0.0,5.604395631,3.736263841
Eritrea,2022-11,11.18343229,5.1479290220000005,1.4201184,4.260355058,0.0,0.0,3.372781093,4.260355199
Eritrea,2022-12,11.52439059,5.4878048779999995,2.195122038,4.390243932,0.0,0.0,5.670731824000001,3.109756185
Eritrea,2023-01,15.09090944,4.545454545,1.454545512,3.6363636359999996,0.0,0.0,3.454545483,2.181818269
Eritrea,2023-02,13.312500419999997,4.6875,7.875000536,6.37500003,0.0,0.0,4.31250006,4.87499997
Eritrea,2023-03,13.05084767,5.084745763000001,2.033898386,4.745762766,0.0,0.0,4.067796637,4.576271267
Eritrea,2023-04,12.802548170000001,7.643312102,1.5286624809999998,8.598726115,1.910828025,0.0,11.08280276,2.292993722
Eritrea,2023-05,12.2513092,3.926701571,5.183246123,5.183246123,0.0,0.0,10.680628570000001,4.240837771
Eritrea,2023-06,13.52601189,5.722543408,1.3872832920000002,6.069364161999999,0.0,0.0,3.294797715,2.080924938
Eritrea,2023-07,11.618497470000001,4.335260116,4.855491522,3.468208092,0.0,0.0,3.294797715,2.7745665840000004
Eritrea,2023-08,11.317365610000001,4.491017964,2.155688708,3.592814371,0.0,0.0,7.724551098,2.155688708
Eritrea,2023-09,10.0000003,3.9682539679999995,3.650793701,5.396825296,0.63492066,0.0,4.285714361,6.190476468000001
Eritrea,2023-10,19.36708885,5.506329144,1.5189874020000003,4.556962055,0.0,0.0,4.556962055,8.734177185
Eritrea,2023-11,13.56687941,4.777070064,2.292993722,4.458598726,0.0,0.0,3.630573279,2.292993722
Eritrea,2023-12,11.96202568,4.746835443,1.5189874020000003,4.556962055,0.0,0.0,4.367088668,2.278481103
Eritrea,2024-01,13.48101308,4.746835443,2.278481103,3.7974683539999994,0.0,0.0,3.607594967,3.0379748040000005
Eritrea,2024-02,12.36180924,3.768844221,1.206030199,5.27638191,0.0,0.0,2.864321632,5.879397249
Eritrea,2024-03,10.3846157,4.120879121,6.593406855,7.417582549,0.0,0.0,5.604395631,2.6373627419999996
Eritrea,2024-04,13.07692344602564,2.5000000612692306,0.0,6.346153907467947,0.0,0.0,3.6538461846346157,3.2692308605
Eritrea,2024-05,8.914285932,3.08571434,8.914285932,6.857142857,0.0,0.0,7.714285714000001,2.057142939
Eritrea,2024-06,18.54166687,20.885417110000002,20.572916670000005,27.76041664,9.375,0.0,21.19791669,14.79166684
Eritrea,2024-07,13.41614931,11.18012422,7.453416149,9.875776457,0.931677019,0.0,8.757764064,4.658385093
Eritrea,2024-08,26.304347959999998,9.347826156,8.695652174,16.08695638,0.0,0.0,6.521739129999999,6.521739129999999
Eritrea,2024-09,9.824561654,1.9883041489999997,2.105263242,4.385964912,0.0,0.0,4.736842189,1.4035088280000003
Eritrea,2024-10,17.8125003,7.875000088999999,3.4375,11.25,0.0,0.0,8.062500209,0.0
Eritrea,2024-11,10.68493177,4.109589204,8.767123418,6.986301403,0.0,0.0,5.547945303,0.0
Eritrea,2024-12,12.40740764,1.48148154,8.148148472,8.888888948,0.0,0.0,7.222222252,0.0
Eritrea,2025-01,8.764045158,8.76404489,4.044943713,8.426966292,0.0,0.0,6.573033735,2.5280898879999993
Eritrea,2025-02,2.27848110278481,0.7594937012658228,4.746835593924051,3.7974683544303796,0.7594937012658228,0.0,0.7594937012658228,2.848101265822785
Eritrea,2025-03,11.069518613101604,13.636363634278075,8.342246193497328,12.994652510374332,7.326203234149733,0.0,11.818182017165777,8.021390629524065
Eritrea,2025-04,11.229946907005349,6.417112299256685,12.192513729304814,8.021390374828876,0.0,0.0,5.454545352641712,1.9251337658823529
Eritrea,2025-05,11.232227737109005,7.109004739208531,5.82938397678199,7.819905213028436,2.8436018952796207,0.0,7.5355451817867305,0.5687204016682464
Eritrea,2025-06,8.225806554365592,6.935483921849462,6.559139682731182,6.290322478236559,0.0,0.0,17.580645574408603,3.0645161546881723
Eritrea,2025-07,8.316831777445543,5.495049694217822,8.910891089346535,9.504950400237625,0.0,0.0,16.039604363168316,0.0
Eritrea,2025-08,9.738220220172774,3.926701570989529,7.068063326549739,5.287958190198952,0.0,0.0,3.612565494863874,0.0
Eritrea,2025-09,9.661017164864408,9.83050893263277,11.525423916214688,7.457627010457626,0.6779661285423729,0.0,6.610169518666668,5.423728894847457
Eritrea,2025-10,8.379888268,6.703910615,17.09497175,11.73184358,2.51396648,0.0,15.41899489,1.340782176
Eritrea,2025-11,10.00000017688889,9.305555731935184,16.481481219722223,10.509259615833333,2.7777777777962966,0.0,13.055555801296297,2.7777777777962966
Eritrea,2025-12,15.9898482,4.568527918999999,18.42639604,10.050761030000002,3.045685279,0.0,5.634517839,3.0456854
Eswatini,2015-01,6.486486421621622,8.108108107554056,4.864864896743243,7.770270270364866,1.6216216859324326,0.0,7.905405921432433,1.6216216859324326
Eswatini,2015-02,6.999999880416666,8.99999996,6.0000000404166665,10.250000159583331,2.0000000795833333,0.0,9.833333492500001,2.0000000795833333
Eswatini,2015-03,2.0000000788333336,2.0000000788333336,0.0,0.0,0.0,0.0,0.0,0.0
Eswatini,2015-04,3.461538599557692,2.307692399201923,2.307692399201923,7.4038459700865396,4.615384798403846,0.0,2.307692399201923,0.0
Eswatini,2015-05,2.474226902474227,4.6391753805309275,2.6288660537164947,9.690721256458762,5.412371134175259,0.0,10.103092980170103,4.175257928087628
Eswatini,2015-06,2.45901649057377,3.6885246872950823,1.1065573967213114,10.286885402459017,6.270491881967212,0.0,11.475409835655737,3.3196722872950812
Eswatini,2015-07,2.9702971475643567,5.049505328158416,1.3366336874455447,11.336633474534654,4.1584161254653464,0.0,8.663366336633663,0.0
Eswatini,2015-08,3.000000119375,1.5000000596875,0.0,4.5000001790625,3.000000119375,0.0,1.5000000596875,0.0
Eswatini,2015-09,4.637681228086956,6.521739130304347,3.4782608926956518,11.062801748086956,5.652173821391304,0.0,11.787440350086957,3.9130436625217384
Eswatini,2015-10,2.891566379746988,3.253012106445783,1.807228915746988,2.650602467313253,2.891566379746988,0.0,0.0,4.337349570445783
Eswatini,2015-11,2.3076923990192304,6.0576927205673075,3.750000092221154,5.576923260173077,5.76923076975,0.0,1.1538461995096152,0.0
Eswatini,2015-12,3.63636378,1.818181890909091,1.818181890909091,0.0,0.0,0.0,0.0,0.0
Eswatini,2016-01,2.70270281027027,5.000000279189189,1.216216237891892,9.549549893567567,6.3513510937837845,0.0,12.07207172827027,3.648648820594594
Eswatini,2016-02,3.076923198461538,5.0000001226153845,0.0,11.538461844461539,3.076923198461538,0.0,8.974358974307693,0.0
Eswatini,2016-03,6.0335195270111734,8.044693057150837,4.022346395977654,10.893854348938547,7.877095184748604,0.0,10.279329396201117,4.525139877960894
Eswatini,2016-04,11.9999999472,9.3333331744,6.6666666672,3.222222328,0.0,0.0,1.3333333855999998,0.0
Eswatini,2016-05,11.162790586581394,8.372092801651162,6.976744186581395,9.76744169411628,1.3953488924651163,0.0,5.2325581403488375,4.18604667739535
Eswatini,2016-06,7.605633768774648,10.140845136943662,8.450704224830986,4.154929308507042,4.85915466034507,0.0,12.535210730816901,3.1690140839647887
Eswatini,2016-07,5.4545454546,7.2272729879454545,5.4545454546,10.090909437327275,6.9545451072,0.0,12.181817834890909,3.6818183553272723
Eswatini,2016-08,6.412213631076336,12.137405017259542,9.160305342847328,8.625954344557252,1.8320611416564883,0.0,5.572519047557251,2.7480917117709924
Eswatini,2016-09,5.950413065082644,7.190082486363638,9.917355371694216,3.057851279752066,5.702479023760331,0.0,13.63636363698347,3.719008263842976
Eswatini,2016-10,3.983402450290457,7.717842481846474,6.099585082489627,10.000000158609959,6.3485481928215775,0.0,12.614108513278008,3.360996008692946
Eswatini,2016-11,5.118483389260663,8.815166057943127,6.966824666658768,11.32701494128436,4.976303317962085,0.0,14.407583659336494,3.838862739981043
Eswatini,2016-12,4.556961905145569,6.265822694563291,9.303797498411393,6.962025316689874,4.367088366664557,0.0,12.784810609044307,5.126582520588608
Eswatini,2017-01,8.089887426314606,9.775280684471909,14.831460726988762,3.033707918292135,1.3483146601348315,0.0,6.741573034224719,0.0
Eswatini,2017-02,9.032257910666665,9.354838505376343,12.903225806279568,7.741935278795699,3.870967895612903,0.0,11.290322581290322,0.0
Eswatini,2017-03,6.146341416439024,8.780487804702439,5.121951219834147,15.463415003707317,6.292683206121951,0.0,11.317073542639024,3.951219698253658
Eswatini,2017-04,8.421052548061404,10.526315790184212,10.526315998201754,9.385964745657896,2.105263242122807,0.0,2.192982456105263,0.0
Eswatini,2017-05,7.7064218865596334,13.211009262211007,5.504587155825688,14.862386021330275,3.302752425091743,0.0,10.458715246889907,0.0
Eswatini,2017-06,4.999999999791667,7.750000158854167,3.1249999995624997,8.5833334925625,6.3749996816875,0.0,6.7916671438125,3.3750001587291667
Eswatini,2017-07,5.957446706595744,9.78723417819149,5.319148935957447,11.91489307574468,4.042553055851064,0.0,13.829787234042554,5.744681120957447
Eswatini,2017-08,12.467532342857144,14.025973964571428,7.792207791428572,3.11688324,0.0,0.0,1.55844162,0.0
Eswatini,2017-09,10.370370193555555,10.740740505185185,9.259259258666665,3.7037037041234564,2.962963080864198,0.0,1.60493821245679,0.0
Eswatini,2017-10,11.076922783384616,15.69230739876923,13.846153846153847,6.461538535384615,1.84615392,0.0,1.84615392,0.0
Eswatini,2017-11,7.8504671552803735,7.8504671552803735,5.607476636214954,6.355140365261682,0.0,0.0,4.1121496220000004,0.0
Eswatini,2017-12,6.923076739932693,10.38461533846154,5.76923076975,12.403846703971153,1.1538461995096152,0.0,3.07692312225,0.0
Eswatini,2018-01,6.315789306780702,11.315789348157896,9.210526315078948,7.982456474473683,4.21052648272807,0.0,1.0526316210526316,0.0
Eswatini,2018-02,6.76056331271831,8.450704224830986,4.225352112415493,8.309859457732395,7.394366197767606,0.0,12.323943662021126,3.1690140839647887
Eswatini,2018-03,8.749999851697916,14.062500000010417,7.81249999965625,3.750000149010417,2.5000000998645833,0.0,1.2500000491458334,0.0
Eswatini,2018-04,5.915492856661973,6.126760429056337,5.281690140866197,7.676056908415493,5.0704227363380285,0.0,5.0704227363380285,0.0
Eswatini,2018-05,4.776119355860697,10.746268846487562,4.328358233154229,14.57711464437811,7.014925562905472,0.0,12.139304241671642,2.2388059701492535
Eswatini,2018-06,4.77272719209091,9.034091234863636,4.261363636772727,12.670453705090909,2.7272728350454547,0.0,8.522727272227273,0.0
Eswatini,2018-07,9.130434627826087,7.826086749717391,6.521739130282609,3.6956522781956522,2.608695756217391,0.0,0.0,0.0
Eswatini,2018-08,11.6129029185,16.451612595725802,9.677419354451613,6.774193624354838,0.0,0.0,0.0,0.0
Eswatini,2018-09,11.42857112552381,16.190475888571427,9.523809523904761,6.666666741428571,0.0,0.0,0.0,0.0
Eswatini,2018-10,11.803278375737705,11.803278375737705,9.836065572786886,1.9672131924590164,0.0,0.0,0.0,0.0
Eswatini,2018-11,12.63157861263158,12.63157861263158,10.526315788421053,2.1052632410526315,0.0,0.0,0.0,0.0
Eswatini,2018-12,5.350318380942676,8.40764319031847,4.777070064152865,13.503184743694266,5.923566393324842,0.0,10.38216511898089,5.15923591210191
Eswatini,2019-01,5.413533691759398,9.248120444240602,5.413533869864662,12.330826780270677,3.60902270006015,0.0,10.451127532210526,0.0
Eswatini,2019-02,3.977900447359116,8.784530702806629,4.1436464092375696,14.309392055027624,7.790055459602209,0.0,10.110496816243096,4.475138331690609
Eswatini,2019-03,4.999999914386905,6.785714058309524,4.464285714880952,13.809524268869046,2.142857228095238,0.0,9.880952607482142,0.0
Eswatini,2019-04,7.659574433801418,8.085106112687942,6.170212799737589,7.943262952304965,5.7446811222482275,0.0,3.1914893611560284,3.1914893611560284
Eswatini,2019-05,5.999999840625,8.99999996,5.000000000625,9.833334287291667,5.000000000625,0.0,1.0000000397916666,0.0
Eswatini,2019-06,7.8260867493260875,9.456521531510871,6.5217391303369565,11.521739544684783,3.91304363351087,0.0,7.499999586130435,0.0
Eswatini,2019-07,12.203389506508476,12.203389506508476,10.169491525932203,8.13559354342373,2.033898386338983,0.0,0.0,0.0
Eswatini,2019-08,8.571428425561225,8.571428425561225,7.3469388239999995,2.3469387273367346,4.897959378887755,0.0,2.5510204079999994,0.0
Eswatini,2019-09,4.736841979203947,6.710526190657895,4.934210526592105,9.539474312190789,4.539473433177632,0.0,8.486842481171053,5.328947620006579
Eswatini,2019-10,9.599999746133333,9.599999746133333,7.999999999333332,11.200000763466665,1.600000064,0.0,1.600000064,0.0
Eswatini,2019-11,15.65217349743478,15.65217349743478,13.043478259978263,0.0,0.0,0.0,0.0,0.0
Eswatini,2019-12,6.728971784803739,8.130840943794393,6.728972007364486,18.878505380747665,3.3644861157196257,0.0,9.532710102785046,0.0
Eswatini,2020-01,5.496183059954198,9.389313122198473,4.580152672305344,3.7404580874656483,4.580152672305344,0.0,0.0,0.0
Eswatini,2020-02,5.793103348965517,9.310344827586206,4.137931034482759,13.37931139724138,6.4137932344827595,0.0,10.41379336689655,3.103448275862069
Eswatini,2020-03,6.728971784803739,9.252336315196262,7.009345794953272,7.102804094579439,5.607476635962618,0.0,1.2149532259065419,3.3644861157196257
Eswatini,2020-04,11.99413555791789,10.058651362551318,7.565982530234605,23.284457648533724,6.9208212263783,0.0,4.838709677565983,2.815249308753666
Eswatini,2020-05,4.963235294150735,6.6176470588676475,4.301470518055147,6.617647409911763,2.7573530293566177,0.0,2.5367645650808823,0.0
Eswatini,2020-06,5.842696503917603,9.550562155468164,5.168539397340823,10.749063241970036,7.340823844928838,0.0,1.0112359734232208,1.348314660576779
Eswatini,2020-07,2.8346455946456692,2.8346455946456692,5.196850319094488,15.47244139055118,7.086613797440945,0.0,8.188975983307087,4.606299419606299
Eswatini,2020-08,3.9705882177683822,6.838235434180148,4.080882406025736,12.169117792500002,9.15441162394853,0.0,5.6250000702463225,1.323529464430147
Eswatini,2020-09,3.6363635400555556,5.909090812166666,5.303030302444445,8.484849062999999,10.000000578166667,0.0,0.6060606298333333,0.0
Eswatini,2020-10,13.466666540133334,4.799999872966667,6.933333396599999,12.400001048633335,10.800000190799999,0.0,2.4000000957000003,0.0
Eswatini,2020-11,10.207253910300517,4.352331532725389,6.373057093305699,9.948186924435232,7.927461485927462,0.0,1.39896375573057,0.0
Eswatini,2020-12,7.3928573304,7.071428725199999,7.821428860799999,11.0714282304,5.1428573472,0.0,7.5,1.714285782
Eswatini,2021-01,5.737051735430278,4.0637449440478095,3.9442231450876495,11.155379246047808,6.932271143836653,0.0,10.557768924175301,3.705179454211155
Eswatini,2021-02,5.441860376790698,5.30232551455814,5.069767485767443,17.116278718604654,6.000000154744186,0.0,11.76744106255814,4.186046511209303
Eswatini,2021-03,5.999999840625,6.999999880416666,6.0000000404166665,7.000000278541667,2.2500000395833335,0.0,3.0000001193749997,1.2499999997916666
Eswatini,2021-04,10.677965818415254,11.186440516008474,7.3728813968305085,7.966101371550847,4.322034019093221,0.0,0.0,4.3220342214152545
Eswatini,2021-05,8.906249888,5.6249998515625,5.859375000687501,4.140625335499999,0.0,0.0,5.1562502979375004,0.0
Eswatini,2021-06,6.562499887875001,6.796874850375,5.859375000375,2.734374999984375,3.7500001491562496,0.0,3.828125075179688,0.9375000372890624
Eswatini,2021-07,6.268656610007463,8.283582019007463,4.477611940858209,2.9104478324328364,6.492537527574627,0.0,9.179104620156716,0.0
Eswatini,2021-08,9.666666454,9.666666454,9.666666719833334,10.66666709011111,7.000000212333334,0.0,15.666667090333332,0.0
Eswatini,2021-09,8.076922939442307,10.38461533846154,5.76923076975,6.250000457942307,6.634615018442307,0.0,5.480769046730769,4.326923076548077
Eswatini,2021-10,9.729729472013513,9.729729472013513,8.108108108635136,1.6216216858783785,1.6216216858783785,0.0,0.0,1.6216216858783785
Eswatini,2021-11,15.937499701703125,13.593749701109376,9.375000000515627,14.218750224,4.687499999328125,0.0,4.687499999328125,0.0
Eswatini,2021-12,3.9183673077551027,9.061224704081633,3.061224489795918,10.734694053061224,6.244898425714285,0.0,12.897959240816327,3.3061226044897953
Eswatini,2022-01,16.329113743164555,14.81012634043038,7.59493670835443,11.51898752306329,7.59493670835443,0.0,7.9746837863291145,3.0379748037721517
Eswatini,2022-02,5.668202742967742,8.57142874732258,4.700460851806452,11.981566380193549,7.050691112903225,0.0,14.976958091612904,3.7327190700967745
Eswatini,2022-03,5.255474313810219,13.138686131386862,4.37956204379562,17.591241151532845,2.6277373313868613,0.0,16.71532818218978,2.6277373313868613
Eswatini,2022-04,5.581395293441861,11.511628157093023,5.058139563139535,11.279070654488372,7.49999977883721,0.0,11.33720930239535,0.0
Eswatini,2022-05,6.4429529564765105,11.677852732785235,5.973154426208054,14.228188435906041,7.852348865100672,0.0,15.771812074832217,5.436241866375838
Eswatini,2022-06,5.4193547461032265,7.7419354832322576,3.870967742296774,6.064515883567742,6.774193549019356,0.0,9.7419351146,5.22580669767742
Eswatini,2022-07,12.524271705029125,8.446601756252427,10.194174756893204,9.902912436466021,3.495145769650485,0.0,1.1650485898834952,0.0
Eswatini,2022-08,13.866666476,14.3999999364,7.999999999333332,17.199999492,5.200000126533333,0.0,17.333333016133334,0.0
Eswatini,2022-09,10.120481755228916,8.674698565156627,7.2289156627228905,5.662650659855421,5.301204933831325,0.0,7.2289156627228905,2.4096385536867473
Eswatini,2022-10,9.655172249663794,10.60344844075862,8.620689654620687,18.017240226206894,7.586207061051725,0.0,9.137931157784482,3.1034483998448272
Eswatini,2022-11,14.117646684313726,14.117646684313726,14.117647151960785,0.0,0.0,0.0,2.3529412706274515,0.0
Eswatini,2022-12,16.744185603209303,20.232557696465115,13.953488373023253,6.2790698772558144,0.0,0.0,0.0,0.0
Eswatini,2023-01,4.615384569778846,8.942307875639424,3.6057692312548073,10.432691757235576,6.201923351581732,0.0,11.153846520951923,2.1634615385
Eswatini,2023-02,4.04494371252809,9.775281219775282,4.213483145898876,6.179775281089887,4.044943980707865,0.0,4.775280898247192,2.022471991011236
Eswatini,2023-03,14.3999996175,14.3999996175,19.2000002859,0.0,2.4000000948,0.0,0.0,0.0
Eswatini,2023-04,9.882352773176471,14.470588459764704,8.823529411529412,10.58823529482353,9.52941221317647,0.0,18.705881896470586,5.294117646588235
Eswatini,2023-05,4.090909072727273,7.04545468969697,3.2954545636363632,14.015151515151516,6.250000090909091,0.0,12.272727854545455,3.068181962424242
Eswatini,2023-06,3.9669421090909096,7.685950570772727,3.5950413415909086,10.867768772727272,5.330578748727273,0.0,9.586777174363636,1.8595041320454546
Eswatini,2023-07,5.753424558945206,8.219178082561642,4.931506882027397,13.356164383130137,6.369863144979452,0.0,10.2739726025137,0.0
Eswatini,2023-08,7.304347701043479,6.260869398695653,5.217391304782608,1.0434783023478262,1.0434783023478262,0.0,0.0,0.0
Eswatini,2023-09,6.412213631076336,10.381679498190842,4.580152672137405,8.396946747351144,2.7480917117709924,0.0,0.9160305701145038,2.7480917117709924
Eswatini,2023-10,6.371681246867256,10.884955921061946,5.309734512637169,3.2743363257345135,3.1858408345486726,0.0,0.0,0.0
Eswatini,2023-11,5.39999997568,6.75,4.35000002432,10.0500007872,3.0,0.0,8.10000038144,0.0
Eswatini,2023-12,5.363128437988827,8.71508401206704,4.022346395530726,3.687151051173184,7.877095185251397,0.0,3.854748390167598,2.5139664804469275
Eswatini,2024-01,4.965517110344827,9.931034548965517,4.137931034482759,5.58620716,2.48275872,0.0,3.103448275862069,0.0
Eswatini,2024-02,4.120171632618026,7.339055957150215,3.605150255793991,10.04291818918455,5.064377866300429,0.0,5.965665071793992,0.0
Eswatini,2024-03,5.381165919336322,6.053811659408073,3.228699572394619,8.654708713022421,5.784753620071749,0.0,6.1883404655784755,3.6322871666905825
Eswatini,2024-04,7.659574265425532,8.936170061170213,6.382978722659575,5.106383181436169,2.5531915914893615,0.0,2.5531915914893615,0.0
Eswatini,2024-05,9.729729471297297,9.729729471297297,14.189189188445944,16.486487516905402,0.0,0.0,0.0,0.0
Eswatini,2024-06,13.84615348,25.38461502,23.076923080000004,14.423076923999998,0.0,0.0,2.884615384,0.0
Eswatini,2024-07,10.746268372925375,14.328358067149257,8.955223880686566,3.2835821614626868,0.0,0.0,0.0,0.0
Eswatini,2024-08,8.470588011529411,8.470588011529411,8.823529411529412,3.1764706449411766,0.0,0.0,0.0,0.0
Eswatini,2024-09,6.079295132722468,8.193832767013216,6.740088190334801,12.907489071277533,5.6828197409074885,0.0,10.220264653083701,3.5682821066167407
Eswatini,2024-10,13.548386865629032,13.70967703446774,9.677419354451613,5.967742012112903,0.0,0.0,0.0,0.0
Eswatini,2024-11,15.849056333999998,15.849056333999998,11.320754716,7.735849776,0.0,0.0,0.0,0.0
Eswatini,2024-12,13.770491568786884,11.803278375590164,11.803278766459018,9.836065573262296,0.0,0.0,0.0,0.0
Eswatini,2025-01,11.6129029185,11.6129029185,9.677419354451613,0.0,0.0,0.0,1.935483947129032,0.0
Eswatini,2025-02,13.246752998493506,12.467532343363635,19.48051948597403,11.558441062207791,7.402597154376624,0.0,5.844155844116883,0.0
Eswatini,2025-03,6.38009034683258,6.92307700938914,8.009049795701358,9.5927602020362,4.0723981903846145,0.0,0.5429864472850678,0.6787330311085974
Eswatini,2025-04,3.730569849533679,3.730569849533679,7.461139699067358,12.227978484409325,3.2642488039119173,0.0,0.0,0.6217616829689119
Eswatini,2025-05,3.355704698308725,5.9507828696375835,6.554809672715883,14.161074512751679,4.2281878337897085,0.0,1.4093960156957492,0.6711409392393736
Eswatini,2025-06,4.377682321723176,3.068669569158798,8.369098968197425,18.26180388150215,2.3175966076480683,0.0,2.2532188845321888,0.0
Eswatini,2025-07,5.3387532710271,3.5094850433184277,9.715447258042005,11.626015898265582,5.325203148857723,0.0,2.398374086670732,1.788617925300813
Eswatini,2025-08,5.804540986489635,4.837117472517275,8.815400291709775,11.372162135182627,5.8242845395913125,0.0,1.6288253188904245,1.7176703426001976
Eswatini,2025-09,4.4725739004672995,5.601265963409283,8.976793490767934,14.39873417883966,6.1286922247478905,0.0,3.829113844042194,4.082278561112869
Eswatini,2025-10,6.777920435445442,5.468549593987163,10.975609757946083,13.183568780179717,5.622593092775353,0.0,3.427471214464698,2.233632874536585
Eswatini,2025-11,3.0944962865420558,3.9979231572087226,9.605400188195222,12.585669856074766,3.33333332384216,0.46728971958047766,3.208722702064382,0.7476635808764278
Eswatini,2025-12,2.891396333,2.708039465,10.451340780000002,13.667136789999999,4.019746256,0.0,2.087447136,3.935119833
Ethiopia,2015-01,7.241379280918494,5.705329093768025,5.579937326652037,8.51097177955486,1.7398119347492162,0.0,2.9623825350564266,1.8025078374263324
Ethiopia,2015-02,5.6053811660194315,4.005979030200299,2.825112121741405,6.427503772660687,0.6726457394394618,0.0,2.959641355137519,1.5695067263647233
Ethiopia,2015-03,6.367924528301887,4.261006236981132,5.4088050465408815,8.349056588679247,1.273584927798742,0.0,2.9716982027672953,1.650943396226415
Ethiopia,2015-04,5.521472392588957,4.202453929079755,5.276073634699387,8.803680996687117,2.1165644095460125,0.0,4.0030676158773,1.8404907978650304
Ethiopia,2015-05,6.3665595084276525,4.163987077180064,5.5305466391607725,8.038585285205787,1.4951768798778136,0.0,3.038585300514469,1.6881028939614147
Ethiopia,2015-06,8.33587781191145,6.1984731955328245,6.854961846137404,8.473282479135879,1.694656510717557,0.0,2.885496270141985,2.061068702439695
Ethiopia,2015-07,7.1428571426344085,5.668202779807988,6.4669739084331805,9.969278268663595,1.8894009141935484,0.0,3.0875576991935483,1.8433179726497695
Ethiopia,2015-08,7.592592599697531,5.8487654103827165,5.26234570145679,11.388889065061727,1.7129629853703705,0.0,2.7314815625987654,0.6944444443641975
Ethiopia,2015-09,6.810088964011869,5.267062243531157,3.8724035818308606,8.961424417575667,1.335311572379822,0.0,4.673590646172107,2.448071217035608
Ethiopia,2015-10,7.053291535655172,5.423197440150469,5.031347947288402,10.893416926551724,0.7053291531630095,0.0,2.9153605984890283,2.9623823851222566
Ethiopia,2015-11,7.910447768630182,3.5489219928673297,4.577114411701493,9.767827624086236,1.7412935324494194,0.0,2.885572234024875,2.736318408278607
Ethiopia,2015-12,6.803652938599695,5.038051663333333,4.383561637030441,9.695585967759513,0.9132420086788432,0.0,2.6484019139056314,1.5981735156910197
Ethiopia,2016-01,6.538461569032052,4.423076830891025,4.182692292179487,10.336538535064104,0.961538461801282,0.0,3.0288462453012825,2.644230769198718
Ethiopia,2016-02,7.973421926700996,7.873754089186047,5.581395333289036,11.760797375581395,1.2458471757009966,0.0,3.637873849644518,2.242524916664452
Ethiopia,2016-03,6.392617354157719,5.100671117053691,6.291946388446309,10.251677994328858,0.5033557042500001,0.0,1.7617450461090602,3.523489932815436
Ethiopia,2016-04,4.273504273822222,2.940170907866667,4.820512909911111,6.73504271042393,0.8717949368444443,0.0,2.8205129427555558,2.478632478755556
Ethiopia,2016-05,5.077720141595855,5.716753005872194,5.69948194777202,7.858376511696028,0.0,0.0,3.0569948678687386,1.8134715029499138
Ethiopia,2016-06,6.855670037723368,5.429553166718213,6.7010310098883155,9.570446864948455,0.25773195841924396,0.0,2.422680518530928,3.6082474229810995
Ethiopia,2016-07,4.040404040223906,3.0639730317407405,4.545454625597643,7.946127913627946,1.7676767677895622,0.0,1.767676847496633,2.0202020206228957
Ethiopia,2016-08,4.6079998776544,2.2719999691935997,2.4959999847984005,4.064000015116799,0.0,0.0,1.6800000761472003,2.4000000001776
Ethiopia,2016-09,5.537064966357035,4.3721633674039335,2.5869894312465953,5.446293458611195,0.0,0.0,2.314674836698941,2.3146747640453857
Ethiopia,2016-10,5.44982698917647,2.9757785139238755,3.7370242053010383,7.16262965065744,1.0380622834602078,0.0,3.78892751750865,2.076124567930796
Ethiopia,2016-11,3.7683523886003267,3.7846655479233275,3.230016305244698,7.601957453278956,1.2234910277585644,0.0,4.698205655892332,1.7128874392659053
Ethiopia,2016-12,3.981042623943128,3.270142149819905,4.7867298503886255,10.063191651943127,0.4739336490805687,0.0,3.7914692700094785,2.717219559393365
Ethiopia,2017-01,6.472303290623906,3.6880466400058305,3.8046647093352775,11.31195362116618,2.915451929941691,0.0,2.0991254476618075,2.2157434473877555
Ethiopia,2017-02,4.460093896549296,4.006259765704225,4.6322378567136155,10.203442848356808,2.4413146133802814,0.0,3.239436701901408,3.4741784117136154
Ethiopia,2017-03,3.8643533127776024,4.637223914511041,6.435331297932177,12.223975140347006,0.7097791794605678,0.0,2.2239748610946375,2.602523659042587
Ethiopia,2017-04,6.48522547578227,5.660964171197512,6.81181969940902,13.701399749673406,3.0326594094183514,0.0,4.152410694569206,3.7325038876516325
Ethiopia,2017-05,4.859375022510937,3.6562499781,5.656250081939063,13.06249998015625,1.4375000074531248,0.0,2.6718750963874998,2.6250000301125
Ethiopia,2017-06,3.789126853014827,3.080724844514003,4.695222483360791,10.873146546293246,1.532125237594728,0.0,2.6194399621416804,2.8171335063591436
Ethiopia,2017-07,4.8509934093112586,4.486754872504966,6.705298091956954,9.801324472599338,1.7384105959271523,0.0,3.5264901770778145,2.3344371100380794
Ethiopia,2017-08,5.3376205484646295,5.27331181266881,5.787781427475884,10.627009512540194,1.9292604506430868,0.0,3.0385853389067528,2.266881051454984
Ethiopia,2017-09,6.1733930098146494,6.248131425369207,5.515695153150971,13.15396138753363,0.0,0.0,2.1076234107952168,1.928251135171898
Ethiopia,2017-10,3.4181240060317966,2.734499174613673,6.200318040410174,9.697933042384737,0.47694753615262325,0.0,2.4324325384864864,1.6693163755135134
Ethiopia,2017-11,6.373937677409348,5.552408073726629,4.603399534790368,9.079320399178467,1.203966006151558,0.0,3.654391096677054,2.2946175369405104
Ethiopia,2017-12,5.65986399727347,5.95918356939864,9.374149835390476,12.598639506340136,1.591836708239456,0.0,2.5306123293224485,2.8163265050231296
Ethiopia,2018-01,7.6882429770052845,8.533685619953763,6.393659193626156,11.981505851730514,4.21400259151255,0.0,5.825627559011889,3.4874505382496697
Ethiopia,2018-02,8.68027200494694,6.666666699455782,6.38095239395102,12.748299061918368,3.034013598757823,0.0,6.734694072571429,2.7346939292285715
Ethiopia,2018-03,8.881748059419024,10.218508901838046,10.025706971313625,16.735218297223653,4.1516708833226215,0.0,7.390745685462725,3.0077120942120823
Ethiopia,2018-04,9.779582112118328,8.584686885184455,7.250579990798144,15.255221133828304,4.118329466283062,0.0,5.916473483645012,3.167053414221578
Ethiopia,2018-05,11.703510925435632,9.908972791009102,9.128738658949285,19.232769439661897,3.5630689331430427,0.0,6.697009133760727,4.408322571014304
Ethiopia,2018-06,17.609511743917395,19.04881087352941,15.156445425481854,25.75719621794743,6.157697098015019,0.0,7.133917426912391,4.3929912865744685
Ethiopia,2018-07,11.446759216979167,12.083332962916668,10.18518527,17.74305613447917,1.9097222219583332,0.0,5.844907545822917,1.87500000596875
Ethiopia,2018-08,11.164807980433704,8.587360500100372,8.723668035741017,15.340768771127633,1.7967781909330856,0.0,4.42379194517472,3.122676585780669
Ethiopia,2018-09,12.637215477563588,11.338687898821954,12.73092374953146,20.589022906291834,3.3333333457028114,0.0,4.497992050807229,3.694779167895582
Ethiopia,2018-10,10.177439611482889,8.136882226124209,10.278834078986058,17.084917762015206,2.0278833970354877,0.0,4.866920224446134,3.6882129765576677
Ethiopia,2018-11,10.49019589125,8.590686204374999,7.083333415547896,16.81372555875,2.242647082125,0.0,2.977941258,1.28676470625
Ethiopia,2018-12,9.910044891571214,8.0059969441979,8.470764582145428,14.407795869970014,2.353823060101949,0.0,2.9685158425967013,2.293853102077961
Ethiopia,2019-01,15.10714293,16.25000011,13.4999997,24.976190270000004,5.714285856,0.0,6.357142982000001,4.321428594
Ethiopia,2019-02,21.56449036,24.49246268,19.293133160000004,50.59966499,6.06700188,0.0,5.882747097,3.708542667
Ethiopia,2019-03,8.937676838,10.79320124,9.334277465,16.47308812,7.662889572,0.0,6.246458842,3.654390962
Ethiopia,2019-04,12.06847353,11.62624808,11.56918717,21.96861626,7.389443747,0.0,8.04564912,5.734664737
Ethiopia,2019-05,13.071324630713246,12.212518421615721,7.8020377275181945,19.315866337481804,6.608442517074235,0.0,5.327510868107715,5.3275110421106255
Ethiopia,2019-06,13.9789193,13.96574471,16.41633778,26.31093554,7.878787935,0.790513834,8.735177859,7.154150317
Ethiopia,2019-07,11.68269197,13.62980793,10.43269227,17.86057726,6.29807682,0.0,8.557692313,5.264423071
Ethiopia,2019-08,13.53884073,17.139333630000003,11.960542160000001,19.97533932,6.15289761,0.0,8.13810108,3.366214544
Ethiopia,2019-09,11.540436289999999,16.09756093,11.96405664,19.8331199,5.545571282000001,0.0,5.044929574,4.082156636
Ethiopia,2019-10,12.362093233663368,13.069307113323905,10.919377459519094,17.637906857821783,7.015558651145686,0.8486562940820368,4.5403111939179635,4.540311227966054
Ethiopia,2019-11,12.06695766,10.17467243,11.77583744,18.06404733,9.141193693,0.0,4.541484619,6.419214028999999
Ethiopia,2019-12,13.4701494,16.35572151,11.8407957,25.52238815,8.184079655,0.0,7.437811206000001,5.559701469
Ethiopia,2020-01,13.1043257,15.6997455,7.4173027629999995,27.773536309999997,4.211195977,0.0,4.27480927,7.862595444
Ethiopia,2020-02,8.610747181999999,11.638269820000001,8.204456144,21.5203149,3.630406235,0.0,6.277850696,5.701179586
Ethiopia,2020-03,12.371392770000002,14.20326233,20.80301078,27.904642809999995,9.598494414,0.0,3.588456761,4.291091689
Ethiopia,2020-04,13.68038738,13.00242115,24.81840199,37.56658592000001,23.377724250000004,0.0,8.317191289000002,5.738498801
Ethiopia,2020-05,10.810811,13.213213599999998,15.81581605,26.586587009999995,13.04304297,0.0,5.955956051,4.59459458
Ethiopia,2020-06,8.532663278,8.201004992,10.68341718,15.095477699999998,9.859296617,0.0,6.512562977000001,6.603015152000001
Ethiopia,2020-07,15.761589453973508,13.145695382119206,15.86092710844371,27.185430666142384,10.182119209105961,0.0,7.798013308195364,6.258278216514901
Ethiopia,2020-08,16.24858781,19.8305088,16.82485885,24.89265539,11.08474572,0.0,7.276836358,7.084745876
Ethiopia,2020-09,9.437938959098362,13.185011946604213,8.372365535392273,20.456674785421548,3.3723653619730682,0.0,4.60187364235363,3.8641686184601873
Ethiopia,2020-10,7.475083214916945,11.893688083554817,9.036545130481729,22.358803549495995,6.212624627187154,0.0,7.441860892419713,2.0265780946234773
Ethiopia,2020-11,8.513966459,7.251396659,8.905027885,18.15642479,6.536313009,0.0,8.502793499,2.17877095
Ethiopia,2020-12,6.912144857,10.77519381,14.87080108,23.72093041,6.550387603,0.0,7.700258632,3.436692525
Ethiopia,2021-01,11.67717545,13.00126138,13.29129879,25.926860309999995,6.242118627000001,0.25220681000000006,5.825977367999999,4.237074569000001
Ethiopia,2021-02,7.7873253538721805,8.421052616546723,10.76262086783029,13.66272853555317,2.3737916112298607,0.0,2.7389903839205156,1.8367347347046188
Ethiopia,2021-03,6.387434455444154,8.054101072316753,13.691099814109947,18.891798060322863,4.040139715490401,0.0,2.0418848662033158,2.6963351279816754
Ethiopia,2021-04,7.7291666469,7.968749999695834,6.739583338091666,13.697917060125,4.145833253608333,0.0,2.6250000293041666,1.4687500144
Ethiopia,2021-05,9.601809816570135,10.226244343710407,11.104072595022625,22.769231495837104,4.081447997891403,0.0,3.095022607276018,1.6018099591764705
Ethiopia,2021-06,8.68595028706942,7.652892514332231,9.991735308887602,18.834711346991735,3.074380188504132,0.0,2.652892652206612,2.5950412711008264
Ethiopia,2021-07,7.88187373700611,8.971486800979632,9.063136505052952,13.268839222362526,3.6863544327169047,0.0,4.093686432189409,1.6191446129837068
Ethiopia,2021-08,9.550208926192468,7.594142274476988,6.725941492217572,13.451882781589958,3.158995696066946,0.0,3.2531381653556486,2.353556560669456
Ethiopia,2021-09,9.550930976221247,9.364731653691129,11.785322992376779,17.338444813932092,3.8335159082760133,0.0,4.9288062640219055,2.858707521404162
Ethiopia,2021-10,8.450390024994427,7.07915262457525,7.781493862686734,12.5641023287068,3.7569677551315492,0.0,3.8461538990568562,2.374581961289855
Ethiopia,2021-11,6.002178690784313,6.6448801745555555,6.971677664082788,15.381263543681914,1.4814814966122005,0.0,5.163398910954249,3.562091482141612
Ethiopia,2021-12,7.333993982398414,8.404360795860256,7.244796913848363,18.255698972021804,2.200198196727453,0.0,3.1813677990763134,3.181367704703667
Ethiopia,2022-01,7.6601941612718445,9.067961591091262,5.320388437452427,14.223300790194177,1.6699029868699027,0.0,4.427184641619418,1.7184466065009707
Ethiopia,2022-02,7.321602904006844,6.480938341599218,7.7712609508563055,16.304985358377323,2.150537634576735,0.0,2.3753666113196483,5.161290341656892
Ethiopia,2022-03,6.310107967931305,6.673209215655545,8.557409065999018,15.103042559852799,1.8155054445161922,0.0,2.7085379135770364,4.219823356068694
Ethiopia,2022-04,11.566137583343915,10.603174529587303,7.841269932572487,14.126983845894177,2.021164061978836,0.0,4.666666883804233,5.555555505561905
Ethiopia,2022-05,10.602069687714016,9.256820463454373,10.319849783480716,17.271872566622765,3.2173094833151463,0.0,3.1326435251063027,2.5399812530009407
Ethiopia,2022-06,9.714003945198225,9.832347379369823,7.406311627662721,15.72978360142998,3.3136094579349105,0.0,2.6923077816735703,4.309664746482248
Ethiopia,2022-07,14.43668966125623,12.442672095373878,8.544366927490529,21.86440727131605,2.701894355269192,0.4486540381645065,3.7088734080628116,4.845463742092722
Ethiopia,2022-08,10.883280561198738,9.537329006777075,7.423764548774973,15.667718391377498,2.376445861945321,0.0,3.533123118438486,3.6908517750262884
Ethiopia,2022-09,15.761589210816778,10.695363988962471,7.825607179315671,19.56953633995585,3.587196520794702,0.0,2.15231793316777,5.562913865640176
Ethiopia,2022-10,14.615384621327713,9.947312920742888,10.89567976914647,18.31401527938883,3.140147543649104,0.0,2.9820865025026344,4.425711275011591
Ethiopia,2022-11,14.19565211403261,9.456521998480433,11.206521731445653,19.36956524674444,3.782608716365217,0.0,4.5000000106043485,4.1739130797456525
Ethiopia,2022-12,11.225540974335738,8.38311027867353,9.794026864955715,18.249227675880537,2.389289372951596,0.0,2.3789907948424305,6.004119680840371
Ethiopia,2023-01,12.391048045265018,10.353356845182567,7.62073030473027,18.42167251418139,2.5206124962591283,0.0,2.826855179804476,4.711425205901059
Ethiopia,2023-02,11.367088539670887,8.96202543072405,9.898734454873416,17.063291043949366,3.797468353941772,0.0,2.658227938516456,3.683544322349367
Ethiopia,2023-03,13.799759164656212,9.794933402297191,9.517490964849214,11.95416125253121,4.4873341146296735,0.5428226776960192,1.8817853581785284,4.7044632090687575
Ethiopia,2023-04,8.027638143530151,9.221105479505493,10.791457538919596,15.364321301505495,1.6331658290628142,0.0,4.359296607731156,4.824120555596734
Ethiopia,2023-05,6.266996385522868,5.401730508208124,7.243510613191595,11.236094157389829,1.446229889866502,0.0,2.076637907347343,2.5216317142991347
Ethiopia,2023-06,9.541386938883669,9.742729242280058,9.709172334220359,17.091722426374016,1.174496670637584,0.0,3.3892618462013426,3.0872483379093962
Ethiopia,2023-07,12.712264056261793,10.04716967740374,12.452830287806602,18.007075135245717,4.1037734948561315,0.0,4.1273585470117915,2.959905677196934
Ethiopia,2023-08,11.176470519915966,11.008403456804768,8.59543807765546,14.561825005796363,5.10204087310084,0.0,3.889555947957983,4.789916034865545
Ethiopia,2023-09,8.266494252983183,5.899094362970727,7.671410177260027,14.65718011878185,1.3583441138214747,0.0,3.6869340854799484,2.328589909553687
Ethiopia,2023-10,10.485074654328358,8.171641767821358,10.161691337313433,16.181592002348722,4.3905472878805964,0.0,2.3507463096716417,3.4452736966567166
Ethiopia,2023-11,5.68354425509367,5.341772248224521,3.835443061624051,13.088608178099204,3.037974683658228,0.0,3.227848222472152,2.7721518801607594
Ethiopia,2023-12,5.682758627735172,6.951724118326029,7.655172611503448,17.931034714880507,2.7172413530813793,0.0,1.6137931760689657,3.7241380629931036
Ethiopia,2024-01,9.03868703203986,7.0339977113111045,10.785463132063304,11.817115890056709,4.853458449484174,0.0,3.4466589457913246,3.376318841313013
Ethiopia,2024-02,8.585746144476614,7.249443381969234,8.46325193623608,14.476614509541614,2.5723831155902004,0.0,3.797327490222717,2.338530067126949
Ethiopia,2024-03,10.876595999897871,7.863829998352656,8.442553378365957,15.659573959224145,3.8553191649804255,0.0,2.195744778199149,2.8510638299234046
Ethiopia,2024-04,9.483679593340058,6.350148368088055,8.658753630316914,19.406529674651853,3.376854689880118,0.0,2.3086054604557864,4.545994073296143
Ethiopia,2024-05,7.190238012082603,7.521902977428893,9.612015072437421,22.62202802515543,3.1163954467302877,0.0,2.6282854614480597,4.486858501550688
Ethiopia,2024-06,8.891320176328229,11.378555108065916,12.41429517713348,27.126185675972554,2.08606845202407,0.0,3.1655726165185993,4.828592393201313
Ethiopia,2024-07,9.357855384968829,9.48254365000561,9.039900174634038,20.037405646831903,3.5910225864183287,0.0,2.78678310525,3.647132169368454
Ethiopia,2024-08,8.235974639744937,7.414690617177196,8.71023713908907,19.71659982530943,2.5795256495222674,0.0,3.0537883000809716,4.0138811230202425
Ethiopia,2024-09,7.6053865057459005,8.062061283412982,8.9461360376007,20.690866443412396,1.6627634437400467,0.0,1.492974267117096,6.645199160680328
Ethiopia,2024-10,6.6455696702658225,9.092826984126976,5.928269896594936,14.4092824598717,1.5822784812626582,0.0,3.0485232670917726,2.0358649988164554
Ethiopia,2024-11,9.037800861615121,8.178693895744985,9.530355457797251,12.77205119338874,0.5154639173699885,0.0,1.443299012731959,2.7147766102806417
Ethiopia,2024-12,6.331316065434191,5.060514343268058,7.065053173343419,9.515884987691658,1.7019667175733737,0.0,2.3373676677639943,1.8608169730590016
Ethiopia,2025-01,8.152274987713092,6.4995355705973745,7.892293274987001,11.652738715829498,2.896935915121634,0.0,1.977715895362117,1.392757660283194
Ethiopia,2025-02,6.285714179006803,9.93197285350884,9.496598568480271,12.959184002136055,3.2789116162448977,0.0,3.6938774347319727,2.319727917406803
Ethiopia,2025-03,2.8008802022107813,2.943894341292849,2.752475349926512,5.9559956115061885,0.8338834008765675,0.09900990099889989,1.1177117860770078,1.359735977390539
Ethiopia,2025-04,2.565329417741075,2.530364337681266,3.0714022971255055,6.731689472364098,0.9403754032894737,0.0,1.0158262889547294,0.5852042768623482
Ethiopia,2025-05,3.7215497474898305,4.380145206208475,4.380145482676271,7.857142810886439,1.062954008542373,0.0,1.496368077681356,0.9878934905898306
Ethiopia,2025-06,9.79928314078853,11.247311971326166,9.634408608745519,14.508961055197133,2.8458781224372762,0.32258064473118275,2.0000000754121863,2.860215162724014
Ethiopia,2025-07,3.356741597431006,3.122659144976591,3.3286515692495318,5.8637641123094575,0.5688202289906367,0.035112359678370786,1.6947566010950375,1.1797752937972845
Ethiopia,2025-08,4.283822225917124,5.341532787563363,4.552507148197351,10.845789575853997,0.7663197547157995,0.0,1.5591296726497637,1.0160832504840112
Ethiopia,2025-09,5.958429736929561,6.826789626978608,6.2632794023806,12.983833529302164,1.6558891743110855,0.0,2.2494226512893762,4.545034586223325
Ethiopia,2025-10,3.6398913033538998,4.831198957514429,4.726426014518432,9.99611936325992,0.8401241975147459,0.0,1.2902600062252618,0.838183921845751
Ethiopia,2025-11,2.573983467223334,3.1786247800015692,3.446881025229721,5.450287538999495,1.0687673149618906,0.0,0.711092204191399,1.2433468494796678
Ethiopia,2025-12,12.759889609714811,17.727690963606257,12.336706674811408,24.783808615860167,2.897884084401104,0.0,6.899724340401104,2.0699172034296227
Gabon,2015-01,0.0,0.896414343,2.848605616,68.1274804,0.0,0.0,3.46613562,0.0
Gabon,2015-02,4.28571442361302,0.0,12.405063361121156,48.71608641403256,4.122965504,0.0,2.820976603529837,0.0
Gabon,2015-03,7.683923914027248,0.0,20.245231726648502,7.683923848850137,6.212533852468664,0.0,3.26975489852861,0.0
Gabon,2015-04,6.99751880008933,0.0,18.138957910669976,7.593052262818858,5.657568049310174,0.0,3.870967895702233,0.0
Gabon,2015-05,6.99751880008933,0.0,18.138957910669976,7.593052262818858,5.657568049310174,0.0,3.870967895702233,0.0
Gabon,2015-06,0.0,0.0,3.251231715,2.955665142,0.0,0.0,3.694581398,0.0
Gabon,2015-07,7.032419142957606,0.0,18.528679542643392,7.630922848144638,5.685785345640897,0.0,3.890274468673317,0.0
Gabon,2015-08,7.01492556318408,0.0,18.48258830199005,7.6119404527089545,5.6716416013606965,0.0,3.880597169373134,0.0
Gabon,2015-09,7.032419142957606,0.0,18.528679542643392,7.630922848144638,5.685785345640897,0.0,3.890274468673317,0.0
Gabon,2015-10,7.01492556318408,0.0,18.48258830199005,7.985074781343283,5.6716416013606965,0.0,4.253731497004975,0.0
Gabon,2015-11,7.305699679950777,0.0,19.55958678792746,7.616580459458549,5.906735553567358,0.0,3.108808413676166,0.0
Gabon,2015-12,7.0500001908575,0.0,18.57500123885,7.65000015512,5.699999809365,0.0,3.9000001551725,0.0
Gabon,2016-01,6.322870126325113,0.0,16.995515096569505,9.260089888762332,5.112107451995516,0.0,4.30493290638565,0.0
Gabon,2016-02,6.453089419867277,0.0,19.656751688512585,10.114416595331809,5.766590236132723,0.0,4.668192350402746,0.0
Gabon,2016-03,6.826003969646272,0.0,17.112811804015294,9.923518319311661,5.44933060167304,0.0,4.015296503632887,0.0
Gabon,2016-04,5.035714422042857,0.0,15.35714383794643,10.696429018392857,4.071428435191072,0.0,4.017857270919643,0.1785714281410714
Gabon,2016-05,2.944640791239497,0.40047114423792696,11.841382572410678,25.296428629756576,10.710640057612878,0.0,20.985473622116213,1.0247350720875539
Gabon,2016-06,4.837049873646655,0.0,14.322470798765007,7.958833676857633,3.910806043691253,0.0,5.506003577317324,0.0
Gabon,2016-07,4.58874471909091,0.14430014427994226,11.168831907734491,9.682539772415584,3.5064933961443,0.0,3.4632036009177485,0.0
Gabon,2016-08,4.457831446753681,0.6024096384631861,12.262383487095049,11.646586820227578,3.654618371538153,0.0,4.471218346815261,0.0
Gabon,2016-09,4.976076676976076,0.0,12.424243276874003,8.771929900242425,3.6363635147623605,0.0,3.3492824102456136,0.0
Gabon,2016-10,3.4601227925595093,1.2883435584000003,14.343559050993866,14.490797740564417,3.7546011569079756,0.0,4.907975459808589,0.0
Gabon,2016-11,4.014084624639671,1.5610328862769953,12.218310467863851,11.349765373838027,3.7089201202382633,0.0,2.4765258938884975,0.0
Gabon,2016-12,3.6695019150230865,0.29161604997326857,12.369380834507897,8.578371798386392,3.791008366308627,0.0,5.139732852869988,0.0
Gabon,2017-01,4.691535260220946,0.17216643478335722,13.0559548764132,8.579627307667144,4.24677179728264,0.0,2.8694405964131997,0.0
Gabon,2017-02,4.253393780524887,0.0,16.60633551143288,9.939668296965312,4.3740571714992456,0.0,4.705882504446456,0.0
Gabon,2017-03,4.578651805536516,0.2106741576769663,14.213483890014045,13.750000383019662,3.202247084132022,0.0,2.907303444438202,0.0
Gabon,2017-04,4.699300819300699,0.20979021008671328,12.643357520559439,9.552447745465734,3.1888110817622377,0.0,4.419580639658742,0.20979021008671328
Gabon,2017-05,3.5657143731977143,0.342857142432,10.92571503744,12.834285651017142,2.6057141985874286,0.0,3.4400001257828574,0.0
Gabon,2017-06,3.5507247360217393,0.15700482562198068,15.289855724287442,13.490338515954106,2.9951689903381644,0.0,4.130434817419083,0.0
Gabon,2017-07,5.1108215125697525,0.5475879799947848,14.797914724119948,10.80834454886571,3.129074222388527,0.0,5.293350891370274,0.0
Gabon,2017-08,4.584450536312332,0.40214477241554963,16.554960708659518,11.581769677077748,3.0563001656179623,0.0,4.1420911660938335,0.0
Gabon,2017-09,4.233378665454545,0.0,16.947083397639076,7.842605472683853,3.229307901964722,0.0,3.3921303225508823,0.0
Gabon,2017-10,4.128787975213384,0.7196969453522727,17.76515224184343,12.15909168861111,3.0681817216161615,0.0,3.750000065762626,0.0
Gabon,2017-11,2.6206140632463453,0.5701754434627193,12.448830855350879,24.963451627616955,10.054824649122807,0.0,19.50657942971491,0.9539474516366959
Gabon,2017-12,4.834123358249605,0.584518174957346,16.96682424243286,10.6635073021485,3.6018956143665086,0.0,4.423380839387046,0.0
Gabon,2018-01,4.356164507372603,0.4794520551643836,15.17808225041096,6.7397262297232885,3.808219074016438,0.0,3.753424834095891,0.0
Gabon,2018-02,4.7368422435457065,0.0,23.711911265152356,13.282548586371192,3.157894631534626,0.0,5.554016607024931,0.0
Gabon,2018-03,3.826291180274648,0.5281690137746479,15.539905862159625,12.605634231643192,3.2042252624272303,0.0,4.612676134220656,0.0
Gabon,2018-04,3.3021078174063234,0.0,12.084308774473069,12.002342287236536,3.3723652498419203,0.0,3.442622989637002,0.0
Gabon,2018-05,2.9872882169088983,0.0,10.010592942275425,12.213983094406782,2.4152541565741523,0.0,4.512712056455508,0.0
Gabon,2018-06,5.523809655257143,0.12698413169735448,12.243386198708993,8.603174749062433,2.518518437646561,0.0,3.7248679065015873,0.0
Gabon,2018-07,0.663390675,0.44226046,5.859951012,7.407862695,0.552825553,0.0,3.587223769,0.0
Gabon,2018-08,5.010775861744612,0.0,12.510775667521552,8.502155260229525,3.9116378487187498,0.0,4.881465640826509,0.0
Gabon,2018-09,3.128834443415133,0.7055214817586912,9.560326906237218,8.997955327137014,2.331288265153374,0.0,2.4744377299182,0.0
Gabon,2018-10,4.569327831682774,0.15756302571008404,12.741596285609244,9.737394963256303,5.29411760659874,0.0,3.4978992544516805,0.15756302571008404
Gabon,2018-11,4.674620431518438,0.26030369832321043,12.581344719544468,14.696312805162691,3.156182124778742,0.0,4.284164884546637,0.0
Gabon,2018-12,4.240654339772196,0.37383178077920554,11.927569747675234,9.10046757900584,2.663551312530374,0.0,2.698598231418224,0.0
Gabon,2019-01,1.148086538,0.0,6.2063227869999995,7.520798676999999,0.44925125599999993,0.0,3.976705626,0.0
Gabon,2019-02,4.828496155831135,0.0,14.841689186807386,16.08179418100264,3.00791546701847,0.0,3.8786280439050134,0.3957783640105541
Gabon,2019-03,5.127388656281847,0.23885350329936306,12.64331291646497,10.955414232738853,3.6305731273550954,0.0,4.251592440458598,0.0
Gabon,2019-04,3.923900232052318,0.4280618199595719,10.986921019785969,10.487515431510108,2.9964327387158147,0.0,2.675386501648038,0.0
Gabon,2019-05,3.0463576880927157,0.6149479662630084,10.454115987000947,9.649952719298012,2.497634756380322,0.0,3.320719074874172,0.30274361808703876
Gabon,2019-06,3.9354188170655906,0.6155398729041373,9.838547379503533,10.524722739535822,2.4217960937073664,0.0,4.157416972528758,0.0
Gabon,2019-07,3.9624609965380606,0.6256517205422315,10.64650734181439,8.769551705693429,2.4817517450677786,0.0,3.555787293096977,0.0
Gabon,2019-08,3.68750008958625,0.0,12.3000006360375,9.387500345775,2.849999904315,0.0,2.875000059495,0.0
Gabon,2019-09,4.150943486167115,0.0,12.574124751886792,11.03773611407008,3.342317956092992,0.0,3.0188680334528306,0.0
Gabon,2019-10,3.93048139171123,0.6016042780748663,12.473262754010696,10.935829097593583,3.609625541109626,0.0,2.8743316463903743,0.0
Gabon,2019-11,4.052980245981457,0.31788080725827816,11.82781522823841,10.33112640111258,3.019867448662252,0.0,3.337748445170861,0.0
Gabon,2019-12,3.7301588305978837,0.4629629629087301,13.29365139617725,8.862433925337301,3.0158729150727512,0.0,3.227513302863757,0.26455026494841266
Gabon,2020-01,5.56451623385023,1.3824884788329495,12.096774769205068,9.182027627801844,4.80414738893318,0.0,2.338709754540323,0.0
Gabon,2020-02,3.56643366661655,0.0,11.829837408426574,10.174825285407927,2.8671327724289046,0.0,4.5687646025163176,0.41958043619580415
Gabon,2020-03,2.9559749229559746,0.0,10.597484970649894,9.339622781794551,2.389937027257862,0.0,4.465408869559749,0.0
Gabon,2020-04,1.728395081,0.644718799,8.148148227,23.88203187,1.481481508,0.0,2.880658567,0.0
Gabon,2020-05,4.037037130748147,0.0,12.074074801111111,14.728394997952629,3.061728300451852,0.0,2.000000064565432,0.0
Gabon,2020-06,3.3732058324952154,2.6674641374533494,11.351675276052632,15.16746422368421,2.8708133114820575,0.0,2.7990431025179427,0.0
Gabon,2020-07,4.7911549087370995,0.0,14.61916534761671,11.240786507321866,4.238329150643734,0.0,4.324324272,0.0
Gabon,2020-08,3.2413793979218393,0.11494252916436783,12.080460364505749,10.034483196609196,2.6206895674356323,0.0,4.448276004705747,0.0
Gabon,2020-09,3.2752614122067363,0.1742160277607433,13.670151544483158,9.152148713895471,3.6353076933077815,0.0,3.6353078865319395,0.0
Gabon,2020-10,3.329706295563656,1.7954298153917303,15.53862948218716,8.28074002803591,2.7203481272121874,0.0,2.905332017471164,0.0
Gabon,2020-11,3.68358922822196,0.17709563118772137,12.668241494025974,9.48051989736954,2.6918535105548997,0.0,3.3766235624085,0.0
Gabon,2020-12,3.930778851312732,0.0,13.807170061211371,7.688504538733003,2.8182940963980228,0.0,3.0037084230457354,0.16069220664400496
Gabon,2021-01,4.875000119398438,0.0,17.593750769093752,7.7968750896843755,4.812499881126563,0.0,3.515625037442187,0.0
Gabon,2021-02,2.6701571427120423,0.0,7.504362814813264,4.729494020621292,1.9895287289249561,0.0,3.5689356649528796,0.0
Gabon,2021-03,2.3294118245772553,0.25098039614588236,11.599999970219608,8.831372560055685,2.0705881865756863,0.0,4.054902001757647,0.0
Gabon,2021-04,3.162995645152422,0.0,11.259911824211454,7.964757885533039,2.845814889740969,0.0,3.726872389525991,0.0
Gabon,2021-05,2.9467085435673983,0.0,10.961337301807733,8.098223889365729,2.758620625134796,0.0,4.900731536726227,0.0
Gabon,2021-06,2.8301887611715264,1.4922812708799316,13.850772609751287,9.116637952093482,2.1440822718730703,0.0,4.048027550830189,0.0
Gabon,2021-07,3.35106390998227,0.0,11.409574361746454,7.074468249624999,2.02127652764805,0.0,4.033688133283688,0.0
Gabon,2021-08,3.561151156726618,0.0,10.494604084181654,7.032374319615108,2.967625813470324,0.0,3.552158337925359,0.0
Gabon,2021-09,2.525083676172241,0.0,9.247491431751671,9.372909790994148,2.9264214044949832,0.0,2.2491639277750837,0.0
Gabon,2021-10,3.5016287230179155,1.9706840237801304,10.700325620203582,10.089576572239414,1.9381106868444626,0.0,2.785016290230456,0.0
Gabon,2021-11,3.639371460008271,0.2977667612324235,8.734491070661704,7.7253929142431765,1.8858560166914806,0.0,2.911497208039702,0.0
Gabon,2021-12,4.179487289794017,0.7692307687418802,8.179486979388887,6.811965877073505,2.9743589091478633,0.0,2.9743591133222225,0.0
Gabon,2022-01,3.8036226426310775,0.22878933206101051,9.59961841669018,10.905624479580553,2.1734984976320306,0.0,3.1267875485300283,0.0
Gabon,2022-02,3.2373473700994766,0.9424083101099477,9.528795461518325,7.565445238727749,1.9895287289816754,0.0,4.6596860591387435,0.0
Gabon,2022-03,3.409090909521994,0.8137830193797653,8.643694933821113,6.136363656983139,1.671554196585044,0.0,2.514662788475807,0.0
Gabon,2022-04,3.6363637752319997,0.2618181918487273,8.719999972282183,6.320000076311272,1.9490908534458182,0.0,3.759999986129454,0.0
Gabon,2022-05,4.93568047198375,0.5077860689695328,9.702098716839538,8.320921049860528,1.7467839695423153,0.0,4.1232227552281655,0.08124577207582938
Gabon,2022-06,3.907767005911003,1.213592232987055,11.85275071182848,7.20064730683657,2.3300970257653724,0.0,5.210356014553398,0.0
Gabon,2022-07,5.351985727472022,1.5974729495333935,10.94765318398917,8.691335864754512,2.0577616639684115,0.0,3.0324910093393505,0.1353790610938628
Gabon,2022-08,5.9799453831959895,0.711030099396536,9.197811919886965,6.55423888517229,2.078395555126709,0.0,5.259799696807657,0.0
Gabon,2022-09,4.493569216543408,0.0,7.74115736107717,6.2861738676366565,2.178456526278135,0.0,4.477492233303859,0.0
Gabon,2022-10,3.432944721327988,1.0495626546778425,10.502915406472303,7.0699710717069975,1.9897958629679302,0.0,4.825072924814869,0.21865889177405246
Gabon,2022-11,3.8498958838082005,0.667129961695622,7.713689864072273,7.5677554257123,1.758165339152189,0.0,3.835997389075747,0.0
Gabon,2022-12,4.030501158987654,0.4720406679114016,9.62236744810748,9.469861887437908,1.65577336518809,0.0,3.275236100136529,0.0
Gabon,2023-01,4.164810754221233,0.08908686317743132,7.364513560991833,7.119524841618412,1.6926502772798813,0.0,4.825538428282108,0.0
Gabon,2023-02,2.9702971087929044,0.0,8.902640035995875,7.433993529425743,2.252475184741749,0.0,3.580858191759076,0.0
Gabon,2023-03,3.9075960285387623,0.35238841038919344,8.997650489938136,10.203602173703993,1.7854345526781519,0.0,3.3672671625888797,0.0
Gabon,2023-04,3.961096496852343,0.5747126436816977,8.019451543151195,7.78072525420336,2.104332381867374,0.0,3.6339523512572938,0.0
Gabon,2023-05,3.2798395954202606,0.6619859966218656,9.317953607861584,5.747241816335006,2.286860505392177,0.0,3.7311938962387163,0.0
Gabon,2023-06,3.9737655420625004,0.0,9.48302444089352,11.234568114621913,1.8749999407476852,0.0,4.537037254198303,0.0
Gabon,2023-07,3.1886346340836624,0.0,8.689818178910814,7.111286628211523,1.799526379842147,0.0,2.849250245780584,0.0
Gabon,2023-08,2.7600000760728,0.5760000036576001,9.463999767695999,7.4800001527488,1.823999938524,0.0,4.687999992072,0.0
Gabon,2023-09,2.9291454768013145,0.0,9.890430751612858,6.47918190562089,1.665449177281227,0.0,6.95398123776114,0.0
Gabon,2023-10,3.661417397527559,0.3543307090456693,10.488188828826774,8.590551398737796,1.7952755305826773,0.0,5.677165515987402,0.11811023601496064
Gabon,2023-11,0.32114185,0.526315798,7.484388988999999,7.243532416,0.0,0.0,6.351472032000001,0.133809099
Gabon,2023-12,2.4818578203918724,1.3280116245283018,12.9535557191582,9.869375907343974,1.6545717881277215,0.0,5.616836139230769,0.0
Gabon,2024-01,0.48925130780726467,0.08895478487768718,4.922164449535952,6.085989880415122,0.0,0.0,6.204596354461083,0.0
Gabon,2024-02,3.7969678184311135,0.0,8.839815135557021,8.714568434119972,1.7007250652076467,0.0,5.115359365009889,0.0
Gabon,2024-03,1.339421661,0.34246575299999993,3.9649924190000005,6.225266430999999,0.0,0.0,3.7519026929999995,0.114155251
Gabon,2024-04,1.6966380389999998,0.0,5.817044834,6.559812342000001,0.093823303,0.0,4.081313604,0.0
Gabon,2024-05,1.164327073,0.0,5.540875498999999,9.108175078,0.371593724,0.0,5.227085069,0.0
Gabon,2024-06,1.8268467601930103,0.11914217659412232,8.014297409889595,7.307387250104051,0.0,0.0,4.789515560781573,0.0
Gabon,2024-07,1.2114372,0.6395786309999999,6.486079672999999,9.751693479,0.361173829,0.0,4.717832907,0.0
Gabon,2024-08,0.31250001210069445,0.0,8.255208593608508,5.659722309375869,0.0,0.0,4.479166658285591,0.0
Gabon,2024-09,2.944489170084473,3.9340305407763476,11.842316591753821,9.074818714030572,0.36202735304505235,0.0,6.03378910490346,0.0
Gabon,2024-10,2.7777777583400844,0.22388060124709783,7.081260392046435,8.598673462341624,0.5472637127495854,0.0,5.679933724782753,0.0
Gabon,2024-11,0.7751937980000001,0.0,5.271317792,4.664082675,0.0,0.0,3.1524548850000005,0.0
Gabon,2024-12,3.312342713,0.0,6.511335079,10.52896718,0.0,0.0,4.596977419999999,0.0
Gabon,2025-01,2.284585025,0.877470367,11.48616591,10.20553366,0.079051383,0.0,2.561264849,0.0
Gabon,2025-02,1.0385756679020772,0.0,6.874381776349159,4.124629085047478,0.11869436628288824,0.0,4.876360176045499,0.0
Gabon,2025-03,0.9696969845161616,0.0,9.636363718626262,10.464646363515152,0.0,0.0,4.1515154303959605,0.0
Gabon,2025-04,1.000000016,0.331034496,7.93793111,8.751724408,0.834482785,0.0,4.627586217,0.0
Gabon,2025-05,1.590754628,0.353501007,9.163834204,7.62066645,0.217539092,0.0,4.371176164999999,0.0
Gabon,2025-06,1.742424315,0.0,8.181818326,10.128788060000002,0.272727284,0.0,3.5681819739999994,0.0
Gabon,2025-07,1.4878893259999997,0.173010381,5.247981518,12.22029982,0.207612465,0.0,5.063437343,0.0
Gabon,2025-08,1.7111650946626216,0.09101941773604369,7.979368989881068,12.0024273802073,1.5291261731383496,0.0,6.832524324005461,0.0
Gabon,2025-09,1.0398953631720078,1.4715500324068016,8.273381170673643,9.594506123034662,2.190974493472858,0.0,3.9045127411118377,0.0
Gabon,2025-10,1.2212644193045976,0.21551724145905174,11.041667187823277,8.297413861720546,1.4870689517571838,0.0,5.280172533331178,0.0
Gabon,2025-11,0.818431919,0.082530952,9.112792182,7.035763555999999,1.011004212,0.0,4.8624485360000005,0.0
Gabon,2025-12,1.712598482,0.8267716630000002,10.49868796,11.08923895,1.377952756,0.0,4.612860952,0.0
Gambia,2015-01,4.304932906318386,2.7802690259125558,9.32735445265695,13.654708060964124,2.623318342587444,0.0,2.9596412664484304,1.4125560964103139
Gambia,2015-02,2.1969697088636364,4.8989898626767685,7.82828270739899,18.78787749015152,1.060606073131313,0.0,7.070706889848484,4.318181854090909
Gambia,2015-03,4.09356725114425,2.2612086046744637,6.296296240177388,11.637426813547759,2.74853808571345,0.0,4.249512568717349,1.6374269652163742
Gambia,2015-04,4.670329757197802,4.358974437653847,9.010988888785715,16.098901203846154,6.483517025303608,0.0,7.802197915527472,1.9780219689395604
Gambia,2015-05,9.848484848596968,23.93939430230303,17.454545500848482,33.36363568342424,15.27272773939394,0.0,14.000000306515151,1.090909134339394
Gambia,2015-06,8.510638297898938,2.7659574718085107,12.55319156170213,19.840425638457443,2.127659574207447,0.0,9.255319579898936,1.9148936928031917
Gambia,2015-07,5.584415625714286,2.9004329211948052,11.774891897835497,17.83549774926407,3.3766234595670994,0.0,5.974026160017317,3.5064935686580094
Gambia,2015-08,9.83606557335519,9.398907129442623,13.333333384918031,21.912567991693987,1.6393442624043713,0.0,9.180327712021858,1.9672131930710384
Gambia,2015-09,10.748663305219251,7.593582913304814,8.770053526502673,23.422459615614976,12.032085559999999,0.0,15.401069496291516,1.9251337667272728
Gambia,2015-10,8.00970873368932,4.5631068418640774,14.077669556132316,28.834951504837445,1.4563106796262135,0.0,0.5825242946941747,1.7475728853106798
Gambia,2015-11,2.3809523812777775,2.0634920828055554,8.888888926972221,23.214286002353283,7.857143122219273,0.0,1.428571485861111,3.8095238659444446
Gambia,2015-12,2.3529411763137253,2.039215704705882,15.372548755137254,12.901960634039217,2.117647096517647,0.0,8.000000317913726,1.411764761490196
Gambia,2016-01,6.418604740297674,4.7441860682232555,15.162791096372095,17.534883520186042,4.186046511572093,0.0,6.976743853674419,1.6744186710139537
Gambia,2016-02,7.404255156357448,14.765957463829787,9.531914934229787,19.27659582672341,1.276595744306383,0.0,7.5319149134638295,5.361702188561702
Gambia,2016-03,6.745098337945097,6.431372867388236,8.784313763090196,14.50980373317647,4.0000001121882365,0.0,5.176470606807843,1.411764761490196
Gambia,2016-04,2.8846153849375,2.5000000228749997,10.769230815624999,23.317307811875,4.0384615848125005,0.0,14.71153922,1.7307692998125002
Gambia,2016-05,4.925373240880597,1.9402985251044778,13.731343178955225,15.410447568955224,4.701492679880597,0.0,7.164179122179104,1.343283635119403
Gambia,2016-06,1.7751479285769232,4.556213257153846,14.79289954846154,13.757396306538464,5.325443786769231,0.0,12.781065101538461,1.0650887993076923
Gambia,2016-07,5.150214591759657,5.321888452660944,10.128755426085837,13.905579444206007,0.0,0.0,9.52789752793133,1.0300429595278968
Gambia,2016-08,2.1505376348817205,1.5053763614767024,8.243727683584229,18.960574108673836,3.6559140811326167,0.0,8.602150964444444,1.2903226315842293
Gambia,2016-09,7.594936708860759,2.1940928470464134,19.578059915611817,11.856539841772152,6.329113924050633,0.0,5.569620273206751,0.5063291339662448
Gambia,2016-10,2.4896265555850627,3.817427405817427,14.522821778008298,12.572613993775935,1.2448132777925314,0.0,4.481327979012449,0.4979253313526971
Gambia,2016-11,2.0905923344947737,4.2857143526132395,11.149825954703836,14.355400547038327,3.554007067944251,0.0,7.108014219512195,0.41811848362369336
Gambia,2016-12,1.6000000004373331,4.5866666793706665,8.213333256874666,11.973333355626666,3.200000063989333,0.0,11.04000002816,0.3200000129173333
Gambia,2017-01,0.0,0.36006547404255324,3.37152211812766,5.302782340085106,0.9819967271489362,0.0,7.954173743999999,0.19639935319148935
Gambia,2017-02,0.7713884997307153,6.044880738109397,10.911640848302945,9.999999525382888,5.638148640471248,0.0,5.469846156631135,1.430575041492286
Gambia,2017-03,1.5034965419487178,0.9207459321771562,5.442890503710956,5.83916093872261,2.587412620307693,0.0,3.986014074815851,0.0
Gambia,2017-04,1.938325998202643,2.0117474367929513,4.390602140123349,10.83700422555066,1.8502203199295155,0.0,7.0484587097092515,1.54185022061674
Gambia,2017-05,3.7327187953928576,2.7419355330921658,8.11059892412788,17.30414802334289,4.043779010959974,0.0,5.529953916741936,1.071428593109447
Gambia,2017-06,4.058823444916176,4.441176477717646,12.750000114352941,16.514705873120043,3.6176469743911768,0.0,4.588235125632353,0.35294119023382353
Gambia,2017-07,7.003610200018051,4.344163617888087,15.270758445886436,21.780986049638987,6.137184345270758,0.0,10.084235682779784,1.7689530741335742
Gambia,2017-08,1.9708029193343066,2.759124101045255,5.372262732332847,21.430656575625193,2.2335765307795623,0.0,5.912408898802919,1.6642336251328467
Gambia,2017-09,5.490565749433963,1.830188688181132,15.094339978867923,25.54717073267925,3.2830189759396227,0.0,6.16981146469434,4.01886778034717
Gambia,2017-10,1.239669421123967,2.4462809443966944,11.438016536528925,18.545455576859503,3.1735538455206607,0.0,5.438016465487604,2.1818182288925616
Gambia,2017-11,2.9347826230574534,2.1118011907826086,7.965838390379857,15.108695456539795,7.344720933597826,0.0,9.130434590425464,0.6987577644177019
Gambia,2017-12,3.6000002575019625,4.243478402215652,9.530434567489587,16.52173995486917,4.852174385974606,0.0,9.21739163624591,0.7304347911130434
Gambia,2018-01,4.444444430027027,4.939939846963964,9.339339167222223,15.930930992672673,5.885885821873874,0.0,10.495495728798797,0.0
Gambia,2018-02,0.6136363748931818,2.3181818829,10.000000000452271,17.04545487415909,4.977272640695454,0.0,4.363636103134091,0.2727272837931818
Gambia,2018-03,4.356060425085227,6.0227273538181825,8.3901520928125,15.416666102215911,3.2954545631268934,0.0,9.015151678136364,0.28409090875946963
Gambia,2018-04,5.482912382421991,4.918276466897473,8.172362980398217,13.997028022169392,5.527488685866271,0.0,7.087667345765231,3.5215453269806836
Gambia,2018-05,2.1786833254749216,3.526645656123824,11.567397778369905,13.10344811239812,3.996865203992163,0.0,8.80877725036677,3.1504702788244514
Gambia,2018-06,2.6354319178052705,2.474377723863836,12.737921215505127,16.99853571284041,6.251830133295754,0.0,14.50951706397494,0.7906295897306003
Gambia,2018-07,5.968085274231916,4.276595902168085,8.053191621056381,16.723404440787235,6.606383095341093,0.0,8.585106286779785,0.44680851535212757
Gambia,2018-08,2.496473879971791,4.090267881840621,8.899859009590974,14.358250711892284,4.8942171801833565,0.0,5.458391940514809,0.0
Gambia,2018-09,4.44776122241194,8.388059566728359,14.970149141373133,19.37313403522388,4.68656739198806,0.0,5.955223966011941,0.6417910378746269
Gambia,2018-10,6.025369978966173,0.8245243332938689,9.682875506460888,16.38477750672649,4.059196778511628,0.0,10.591966904270613,0.0
Gambia,2018-11,3.5535006098969615,1.347424080035667,8.586525697070014,11.83619565686922,3.461030483875826,0.0,3.9762220736525755,0.3566710767357992
Gambia,2018-12,4.3404255522026745,2.595744741408511,15.347517971458357,12.312056693021276,5.41843972327234,0.0,6.340425505140426,0.17021277238297874
Gambia,2019-01,5.483870855384615,1.6129032851612903,3.9454093941935486,14.019851203225807,2.1588089444561147,0.0,7.928039921141439,0.14888338037220844
Gambia,2019-02,3.5142471539660787,4.884667603872456,8.059701408723202,14.871098944681139,2.279511559478969,0.0,9.32157382572456,1.7096336043934872
Gambia,2019-03,1.1125654445445026,4.5811517387853415,8.743455646931938,18.88743532984293,2.0418847414659687,0.0,11.544502525445028,0.5890052357696335
Gambia,2019-04,5.105540871762534,2.8627968714406333,3.430079124437995,10.461741419313984,4.630606910722955,0.0,11.094986854828496,1.226912953778364
Gambia,2019-05,6.34311488690745,5.406320363764109,12.234762881546276,11.930022388081264,5.3724607544887135,0.0,6.365688471490971,1.3544018599142211
Gambia,2019-06,4.115898967387816,4.472511165494799,4.739970225649332,14.799405771411589,2.689450208597325,0.0,6.433878575658246,0.17830609956315005
Gambia,2019-07,3.114323265098555,3.6399474441839685,9.38239135145598,10.906702174218136,5.006570101710906,0.0,9.224704060911959,0.9067017212798948
Gambia,2019-08,9.468750059207812,6.828125156309374,12.734374703703123,20.453125196875,5.249999910239063,0.0,11.718750447812498,2.67187505965625
Gambia,2019-09,4.346456715310237,5.496063045190552,7.685039249869291,20.472441209606302,6.614173378497639,0.0,11.338582416535434,0.42519685825039366
Gambia,2019-10,5.6709957331803755,3.5064932929523813,11.02453111108225,12.2510823012987,3.102453102415585,0.0,11.645021613593073,0.17316017989610388
Gambia,2019-11,1.5044247502728614,4.601769707638644,9.734513450548672,11.13569357016224,4.60176991860767,0.0,2.743362923193215,0.0
Gambia,2019-12,2.273342348232747,3.978349165120433,5.764546897364005,9.878213996276049,3.6671176490608937,0.0,7.266576686874154,0.2029769958322057
Gambia,2020-01,2.3910336000597763,3.2254047446077214,6.899128043118306,9.576587599800748,2.577833220403487,0.0,15.317559984657535,0.0
Gambia,2020-02,4.521880157163696,4.71636963,12.447325728525122,15.526741672123176,3.5494326776012963,0.0,10.00000050987034,1.1669367982171799
Gambia,2020-03,6.954887427483709,3.5087718703446114,6.278195356942357,7.857143012377193,8.73433614434837,0.0,8.345864769276945,0.33834587063157895
Gambia,2020-04,5.912117252977364,6.045273077446073,15.739014173342209,31.371504802782958,12.10386130348868,0.0,10.865512473368842,1.0785619363515315
Gambia,2020-05,4.192849461156013,5.904658850252438,13.575298068559045,21.495124446478872,5.774648011036836,0.0,6.8580716041657634,0.48754062878548216
Gambia,2020-06,1.8421052634771928,4.271929828473684,5.850877175910525,12.245613856754385,2.8947369256140343,0.0,9.719298701340351,0.23684210915087722
Gambia,2020-07,1.9725220706555449,1.864573134019627,4.151128622443572,11.913641040098135,5.210991204975466,0.0,10.618252941373896,0.264965656794897
Gambia,2020-08,0.949185052653883,1.3422818796270375,11.936721338317243,12.90508142301055,3.4995206135940826,0.0,8.983700981590495,1.409395978228188
Gambia,2020-09,2.4242424245555556,3.444444411080808,7.555555574731313,13.909090548767677,5.262626300882829,0.0,7.808080803733333,1.0303030352141411
Gambia,2020-10,0.8463661277828887,0.5243790297148114,3.965041390064397,9.273229176448941,2.9162834186752526,0.0,3.4958602530818763,0.41398344057037717
Gambia,2020-11,1.5138121596674032,1.2707182583425414,7.4143646834662995,7.779005957381216,1.4585635673779005,0.0,3.491712854847103,0.994475138481768
Gambia,2020-12,1.0542169157138552,1.1445782987128514,4.246988043148595,7.479919702629518,1.7670682392520083,0.0,3.795180789794177,0.12048193247188757
Gambia,2021-01,4.388835363315688,1.1164581466794996,5.505293624735322,6.669874966867179,3.214629575019249,0.0,1.896053833806545,0.0
Gambia,2021-02,2.7406680793192533,1.6994106508968567,4.577603180422397,7.249508976581532,2.1021610627328093,0.0,5.5697447888251475,0.559921419275049
Gambia,2021-03,3.0212765757395745,1.123404259611915,5.038297855851282,8.69787250688,3.727659610859574,0.0,2.0170213617276596,0.5361702490382979
Gambia,2021-04,3.9842210337909267,1.1538461817514793,5.138067145404339,8.412228674264298,2.6232741054043394,0.0,2.1005917351005916,0.6804733584852071
Gambia,2021-05,2.4606741143426967,1.6516853984325843,8.46067401796854,10.426966043258426,6.235955029193259,0.0,8.528089952194382,0.269662932
Gambia,2021-06,1.6808510843361701,2.1808510633500005,3.744680856621277,6.436170491925533,4.117021205437234,0.0,2.9893617937734045,0.7340425380702128
Gambia,2021-07,3.115519203,2.182030344,6.242707146,14.00233367,2.100350031,0.0,6.24270709,0.665110857
Gambia,2021-08,3.3714881171644118,1.6857440220062434,5.046826296867846,11.092611755275755,3.5691987210874085,0.0,3.746097914121361,0.24973986453902186
Gambia,2021-09,1.852589679815737,2.1513944129581675,5.109561724018925,11.55378467315737,5.478087649482072,0.0,7.549800815617529,0.717131502684263
Gambia,2021-10,1.659538136,1.137724567,4.841745032,9.846022151,2.446535574,0.0,5.851154841,0.41060737300000005
Gambia,2021-11,5.873472308307692,2.0632639107074047,5.355859094083393,11.689432347591662,1.912293306838246,0.38820989388209926,3.8820992264399714,0.34507549919913727
Gambia,2021-12,2.661538454340769,1.7538461320523075,6.900000205555385,8.769231062415384,2.884615384540769,0.0,5.0153848206,0.3461538456623077
Gambia,2022-01,7.160975782000001,2.429268162,7.921951154000001,6.878048594,3.1902437210000003,1.7560975610000003,5.219512358,0.0
Gambia,2022-02,3.270588285477647,4.988235277071765,6.752941075911765,15.635294268729412,2.211764840614118,0.0,9.376470958739999,0.0
Gambia,2022-03,6.1073058547237435,3.8812785932351597,3.481735187525114,9.737442780457762,0.821917840520548,0.0,5.34246577516895,0.0
Gambia,2022-04,7.773932948950403,2.768166117471742,6.505190432023068,14.002307040138408,3.529411671478662,0.0,8.927335734002307,0.7958477342698963
Gambia,2022-05,11.93349725841133,0.8251231586342364,10.295566433349755,17.118226539199505,7.093595871173645,0.0,5.246305553360837,1.4778326002758622
Gambia,2022-06,8.463385411138054,3.3613445381344538,4.50180066352221,9.939976242741897,3.853541519380553,0.144057628969988,4.969988092336135,1.2244898302256901
Gambia,2022-07,5.672727353660607,3.078787890113939,7.927272565282423,17.15151566681212,1.0545454894545454,0.0,5.987878886046061,1.200000040552727
Gambia,2022-08,8.690205142,4.920273463,9.886104805,20.78587764,2.312072915,0.0,4.4419135480000005,5.216400933
Gambia,2022-09,14.648058232099514,3.7257281320995146,12.330097252427185,17.160194645934467,5.461165280279127,0.5461165043992718,10.582524652609225,3.8228156499393204
Gambia,2022-10,9.049429971647657,5.5766792806970855,4.790874669315588,12.623574438149555,4.740177391546262,0.0,4.271229319391635,0.4562737827503169
Gambia,2022-11,21.332436580000003,7.725437461000001,9.165545396,27.308209590000004,8.842530802000002,0.0,9.098250516,1.3324360830000002
Gambia,2022-12,8.022670060881612,5.541561622764482,11.259445734823677,18.87909326712846,5.340050389515113,0.0,6.448362906309823,0.5289672606234257
Gambia,2023-01,8.142164951,5.880452473,9.822293899,14.28109829,5.815832141,0.0,3.63489503,0.0
Gambia,2023-02,5.518732119,2.665706086,4.870317065,14.10662894,2.319884712,0.0,3.58789637,1.037463949
Gambia,2023-03,4.859392500573678,3.2395949913723285,10.88863936625422,13.37457866647919,1.3835770739820021,0.6749156351743532,3.802024849032621,1.2148481649381326
Gambia,2023-04,3.333333420261796,3.05936075242618,3.8203958326940644,12.176560340852362,1.5525114228523593,0.0,5.525113930681886,1.6894977747975646
Gambia,2023-05,4.848901191,2.458791189,4.052197868,15.13736271,2.472527505,0.0,8.461538547,0.78296704
Gambia,2023-06,11.01796448994012,6.736527195829342,11.946108065658683,21.452095620269464,5.3143713285778444,0.0,8.398203828413173,2.1107785000568864
Gambia,2023-07,4.506437836,2.832617985,8.898426705,15.25035805,1.931330506,0.0,3.4907011170000004,1.158798304
Gambia,2023-08,6.913265038054847,5.331632525567603,10.344387924234693,12.423469645982141,7.627551166690051,0.0,17.21938845669643,1.2244898146364793
Gambia,2023-09,9.551357913766234,2.6328217185926803,5.5608028785643455,8.205430623357733,5.2774499129161745,0.0,6.375442879943329,2.5147580765997635
Gambia,2023-10,5.963091097093425,4.659746234463667,7.1049596749480965,14.95963080380623,2.8258361345328717,0.0,4.29065744449827,0.6920415501730104
Gambia,2023-11,6.092090083,2.2195984089999996,6.906729717999999,12.69185363,5.690673222,0.0,8.42975219,0.0
Gambia,2023-12,7.3907284391152315,3.986754923105961,6.278145581386755,19.629139241456954,4.3841060108291385,0.0,5.827814854035761,1.1920529804225166
Gambia,2024-01,6.744759532103575,3.723797697755857,6.288532822549938,11.701603261454995,5.598027315309495,0.0,4.24167715934402,0.7768187653563502
Gambia,2024-02,4.280052821680318,2.8533685794953767,6.420079184457068,7.595772944634082,2.8137384980660505,0.0,5.627477059215323,0.9511228915402906
Gambia,2024-03,10.012484371136079,7.690386885728161,8.838951512965044,17.16604277696629,4.981273390114393,0.0,4.34456925275281,0.0
Gambia,2024-04,7.9753759616757876,3.8714089565129957,14.158687642735979,18.4678533973461,4.432284685207933,0.0,9.562243450184678,0.5335157446238029
Gambia,2024-05,5.432399559,2.935444568,6.967113166,16.540804390000005,1.57125455,0.0,3.544457995,1.90012182
Gambia,2024-06,7.370820668857142,1.6869301132522796,6.033434730651976,9.908815068191487,5.060790483975683,0.0,5.015197858414893,0.866261368905775
Gambia,2024-07,9.862142503855777,3.5312831340318134,7.306468802392365,14.920466368780485,3.944856869802757,0.0,7.900318235181337,0.7953340659003182
Gambia,2024-08,4.7421523810156945,3.3856501223475335,7.37668163547982,13.677129695582957,4.035874492997758,0.0,7.668161392473094,0.8071749204484305
Gambia,2024-09,6.875784215,3.927227036,11.11668727,14.91844433,7.340025064,0.0,6.210790674,2.25846929
Gambia,2024-10,8.353658536156098,4.756097677565854,8.268292473743903,13.329268696731706,5.8414633390024395,0.0,7.170731730790244,0.6951219277890244
Gambia,2024-11,10.074074,4.654320994,10.629629819999998,19.55555554,7.444444821,0.0,5.444444492,2.5555556200000002
Gambia,2024-12,12.72145152,8.409818896,12.60405526,19.07150501,5.859124928,0.0,8.495197479,0.992529369
Gambia,2025-01,9.712313234119678,5.995397079652474,9.367088344405065,14.280782686674339,4.660529344384351,0.0,6.63981591343153,1.3808975837468356
Gambia,2025-02,9.438902837783044,3.1421446446733166,12.46882807733167,12.418953231620948,9.164588647952618,0.0,4.713217099970076,0.44887782349127187
Gambia,2025-03,5.457348274719424,5.580678554170606,5.991778172696814,11.00719436061665,7.584789331416239,0.0,3.6998972000863315,0.46248715279753333
Gambia,2025-04,4.755970943634476,5.514018558321911,7.632398654654206,13.541017858193143,5.005192013574248,0.0,5.264797834998961,0.46728971985877454
Gambia,2025-05,6.016860194547944,3.1085353007945207,10.326659644657534,18.092728764657533,4.3624868885205474,0.0,9.378292915041095,2.6554268202191778
Gambia,2025-06,11.53846190923077,7.4945054999318685,13.197802239582417,18.50549520213187,5.307692301951648,0.0,4.681318933063737,1.791208838296703
Gambia,2025-07,4.39153449237037,2.354497422269841,7.698412799349207,12.980600013227512,4.320987527698413,0.0,7.248677484031747,3.324515058
Gambia,2025-08,7.1387002351658575,4.956353069132881,16.294858901144522,13.87002914083414,4.985451004748788,0.0,8.496605436407371,0.2909796315887488
Gambia,2025-09,3.608888837529778,4.577777693161778,12.933333205022223,16.995555666426664,4.0266666831333335,0.0,5.6533336639066665,0.72000003372
Gambia,2025-10,10.0858779807958,2.757633664890267,16.898855449303433,15.973283180019083,6.440839967580151,0.0,8.082061255226145,0.4293893130162214
Gambia,2025-11,8.51286944048141,4.394661436628217,12.78360365167779,15.490943161182079,7.378455885952335,0.0,2.7168732357569114,0.7149666352926597
Gambia,2025-12,17.79424572144725,8.648648653138624,16.643417540976458,25.745423755013075,10.915431458587621,0.0,8.587619856883073,1.5431560635135135
Ghana,2015-01,7.965310324425559,7.5450299976264175,9.426284234197805,14.683122076716572,5.003335652905195,0.0,1.8679120206244164,0.4202802149186306
Ghana,2015-02,7.991631709090854,7.112970678075314,12.217573669544292,17.90097681274626,3.4030683200996408,0.0,2.308228774259414,0.6276150954818879
Ghana,2015-03,5.138996802762275,5.541233102215406,8.738934851061366,14.884298426745813,4.182326596062823,0.14909147969653672,4.211834258973288,0.9395868924295742
Ghana,2015-04,5.385810448708071,7.767995783394098,9.104091068353968,16.193682163660355,4.308648321311696,0.0,2.5168307390554117,0.8700155706095429
Ghana,2015-05,9.572431656408606,7.619655277306956,9.36183810803455,19.514997320381706,3.343969404226474,0.19144862783918315,4.231014735412891,1.5890236486592388
Ghana,2015-06,8.07593326031936,7.908622791956242,10.032175038746553,13.712998337051573,3.4620333513776607,0.0,2.7220078417657656,2.8185328313211246
Ghana,2015-07,7.688772138398085,8.253447365841101,12.738017275271268,18.14839102308479,3.552199583621067,0.0,0.9652002970137886,1.7137229558063214
Ghana,2015-08,6.2382866897538705,7.817938401542168,9.939758637085772,17.396251454563682,2.8915662687864025,0.0,2.6104420867469877,1.4190093738561094
Ghana,2015-09,11.110340281794784,9.83344903025746,12.54684226999758,21.998612303274214,4.55239414731498,0.10409437851977793,1.658570426777238,1.37404583150106
Ghana,2015-10,6.39257287025266,7.476025308133441,12.477045735961337,19.59600107878354,5.08875724795978,0.0,4.9581720011993475,1.3548255912175122
Ghana,2015-11,6.638901435104072,7.206213565197659,9.0364699587894,18.0211614100022,4.556506085698084,0.0,3.093201311610986,1.8707789050222936
Ghana,2015-12,6.377666844817585,7.092601095676351,8.209260344468115,14.389469183361275,4.620971253936652,0.27235587862006355,2.2832502518724467,0.8987743966870239
Ghana,2016-01,6.394597718208035,6.500293798839695,9.142689290700245,13.123899081091098,4.492072924383374,0.0,1.9788608501409275,0.7927187738984307
Ghana,2016-02,4.6941177286684015,6.064705764272353,8.588235546888537,15.664706101970452,3.5352942241922856,0.0,1.7823529801136802,0.529411793022369
Ghana,2016-03,4.392392684551291,6.257865992533911,6.590686809779963,12.879317259146713,4.786743252473065,0.251713046874563,2.8988953224210956,1.2250035444333698
Ghana,2016-04,4.396525489912266,4.341664182935691,5.47546476363525,13.631515071336448,3.559890181350638,0.18287107590734533,3.1042365174726085,1.4751601061306048
Ghana,2016-05,5.106855927091004,5.347922912454265,6.585741389156866,14.152846687202901,6.0129933202704535,0.25645409511472045,5.412891416519106,1.5729184518280097
Ghana,2016-06,4.023569039573112,5.4489337501633,4.107744057320154,12.8956232676645,5.056116877551564,0.0,1.9248036020775852,1.7227833922295326
Ghana,2016-07,2.8198010716045077,3.5207032938110108,6.4931761023343775,7.982882442899177,3.1575295149629614,0.0,2.1327781922584452,0.4348831926354446
Ghana,2016-08,4.151737346582558,4.1843104925021715,6.8023888997115245,11.552660177079009,5.242942514227861,0.06107491836916395,3.20846893979143,0.9717697780913448
Ghana,2016-09,3.600616731007291,3.822667747111488,7.48342348569846,12.191210783273673,3.8180414864371452,0.0,2.7771782044797617,0.7262914254367042
Ghana,2016-10,3.419540283486795,3.6414431276307475,7.0370368647879165,11.912515813847085,4.503512035770895,0.12771392050862068,2.6787995831379305,1.1270753539752598
Ghana,2016-11,2.7765320821873796,3.9972597114327355,8.604882905892067,11.481066335226679,4.329845563348515,0.0,1.9494270680941705,0.9367214758155242
Ghana,2016-12,3.183239609897078,2.9038982491031895,6.201792911708675,8.590785836487001,2.6183030996107743,0.0,1.9241192795071922,0.44611215577257185
Ghana,2017-01,4.7230409817068075,4.290070220274215,8.737676293246166,12.404716044599517,3.389572151692948,0.012196361712572417,3.487143168273164,0.829352578058342
Ghana,2017-02,3.678056831062623,3.912912132331821,6.959983978070609,10.318516339062407,3.096461973528363,0.0,2.4493499018848905,1.020058467526764
Ghana,2017-03,2.9871392964353496,3.9144061877115806,7.728304423003838,9.764400693774439,2.656435729881215,0.0,2.549443466030909,0.7748837960692777
Ghana,2017-04,3.1550682615413863,4.555828964571381,7.908928239868066,10.350190739644944,2.92347285759587,0.0,3.2143655919904903,0.6377265738418021
Ghana,2017-05,3.3845011508802036,3.8908145776588263,7.644218750676285,9.84525879737016,2.5513740832060554,0.0,1.7108195014210519,0.4332755660496443
Ghana,2017-06,1.9502256205590034,2.4552466862073934,5.919080345092929,6.862174494998381,1.5325280569068924,0.0,1.5878329329850094,0.36239268047766365
Ghana,2017-07,2.5200490183382205,2.589370713255403,5.957591418140616,7.549272724504523,2.004893312018777,0.0,1.6501292243291092,0.5627293840345287
Ghana,2017-08,2.910585743693349,3.282631017027403,9.471736616056322,15.559096077347881,2.956834459376145,0.0,2.3936280517435766,0.8694758564442988
Ghana,2017-09,1.7573872900490208,2.983781327763941,6.367473940271885,10.557653681467608,2.1050877764052305,0.0,2.651633002505402,0.46656300194257133
Ghana,2017-10,2.1886891693598325,2.2569216703490356,7.497703620426783,10.026243366099335,1.8409657862049449,0.0,2.4301273426226215,0.33460176192429175
Ghana,2017-11,3.109457653139836,3.783042953640298,8.689054194814974,12.552379391205688,3.0996672576885533,0.0,2.4995104706768774,0.920305439260919
Ghana,2017-12,2.75723472001022,3.415058998724545,6.69480161614056,11.047695637318446,2.8108252777880343,0.3014469451795284,2.5401929726500536,0.6350482426953413
Ghana,2018-01,4.163997410162754,4.703395276291352,8.283151887285909,11.083920408410828,3.797565697986532,0.0,1.728379284748495,0.457399121638056
Ghana,2018-02,3.4957656658667617,4.364847968433708,7.024850713942544,10.556712590281569,2.3656809506284207,0.0,2.541996366405057,0.5525475622025582
Ghana,2018-03,4.67353383273256,5.022428970172952,9.712576965385864,19.817245593689403,3.74314670481922,0.0,2.643296282831533,1.050008323894173
Ghana,2018-04,2.98033950832119,3.05518316715315,6.761617605569315,14.129803637389202,2.984807902254791,0.0,2.018543361239946,0.6300268024137654
Ghana,2018-05,2.785039871894975,3.802953260573227,6.065117533499699,12.672476912420104,4.065601585448425,0.018155410072137498,2.335996187877995,0.7225853883027145
Ghana,2018-06,2.1893888833661905,3.2061786565668235,6.533243968312494,10.40564149133578,2.1020819400792323,0.0,1.9597045459321691,0.43384822889631003
Ghana,2018-07,2.0807141063084336,2.686698529428589,5.1747548723133665,11.551420794741626,1.7865225303655874,0.0,1.5602212623995475,0.39099824457707155
Ghana,2018-08,2.52121409519848,3.8201696843903394,11.5143602808431,27.961815185595057,2.3139686520814107,0.0,2.27806794222389,0.1272846023232747
Ghana,2018-09,4.126804451168311,5.796773110507783,8.832437085064308,20.509481992283682,3.981035879067208,0.0,2.824794790927116,0.5660911508702275
Ghana,2018-10,3.4845212534317596,3.494120496955003,8.371730356647712,15.500360246379275,4.185265206444071,0.0,2.74058078587509,0.8099352166059549
Ghana,2018-11,4.118446042426825,4.051888124912388,8.668840003174838,18.13501811735872,3.0019016895714326,0.0,3.048084764443765,0.541972304770396
Ghana,2018-12,3.403900650591646,4.029004790724268,6.167694743435159,13.403901135221686,2.290381716388713,0.0,1.795299241613269,0.3250541874072391
Ghana,2019-01,3.2449972463043077,3.934945526773082,8.361276265037976,16.09595935636801,2.556594275335559,0.0,3.984393058384609,0.6095959264666615
Ghana,2019-02,3.42237633385699,4.061310482123811,7.030995029202703,11.281267108656166,2.137710769139216,0.0,2.6223491524500835,0.637574771542958
Ghana,2019-03,3.866423201295634,5.87790242994695,6.850378226657417,12.785024694661356,2.5593529892119844,0.0,2.7615445321135534,0.9346464910484608
Ghana,2019-04,4.137833857373056,5.580297313143234,7.918399020557123,14.319639298785834,3.025156799276364,0.0,2.827143910684236,0.8702698892830666
Ghana,2019-05,2.3586503220653112,3.9538821650936686,8.650338853008927,13.249739389066436,2.5149817836313035,0.0,2.744267917866532,1.216779549361777
Ghana,2019-06,2.2574599703512073,4.025515409067581,6.90644365788457,13.527461429070774,2.3151218248025454,0.0,2.893181538953502,0.7099610746831484
Ghana,2019-07,2.8006483136438676,3.176012986813614,8.406483141983315,10.835008196000512,2.576337090639798,0.0,2.5821717970269042,0.8440842821305672
Ghana,2019-08,2.295631977756857,3.433520530033137,8.391072378923877,17.885115735015237,2.774202443262667,0.0,2.8871697174040554,0.8653977708793645
Ghana,2019-09,2.2511757901778733,2.59819500179592,5.444896360487195,13.231219356879858,2.558154304705448,0.0572009658465743,4.293885880911697,1.066480261357379
Ghana,2019-10,3.3351228411976668,3.576030062281036,7.721111439155013,13.210978293754609,2.757347991956516,0.0,3.500201368670514,1.1535364495686236
Ghana,2019-11,4.5344828247998885,4.222222245084308,7.209450910358238,15.503831580852133,3.173690865244078,0.0,3.9891443810190936,0.9961686041608719
Ghana,2019-12,3.486480717367698,4.311906871823928,7.751302153467085,12.588285332288516,2.606834572766133,0.0,4.443176185880663,1.1329100719889418
Ghana,2020-01,3.436180235466508,4.553613362125763,6.898170049811503,12.35628830238091,2.5393008064286064,0.014077898478413892,3.345847053339982,0.8188643751313937
Ghana,2020-02,2.452380988991012,4.019642857254658,7.4761904219529765,12.919643021589977,2.6505952659073806,0.0,2.930952486232143,0.47321431672809533
Ghana,2020-03,3.5590999782654373,3.24393708916217,6.227878663138198,14.005352996967867,3.9239677875162164,0.0,1.4529168211799213,0.7559536820382347
Ghana,2020-04,4.849918358061476,5.556681879799798,13.579996791094779,20.977643054048034,10.32212654303165,0.015205271431942332,2.339922306548291,1.2586585583005012
Ghana,2020-05,3.449107677179263,4.847510405313716,10.675349693467867,17.643243996300473,6.244305316183571,0.0,2.640295892161957,0.8072037469973737
Ghana,2020-06,2.3172905525376017,2.623561840808621,6.848700951835151,12.587371392961956,3.6125966055159617,0.0,3.024901434873278,0.6093015698392481
Ghana,2020-07,3.142024884841009,3.3045433691546484,9.270711183369578,15.71983458852741,6.160883103454632,0.0,3.4450861749506445,0.3495681520886186
Ghana,2020-08,2.7397260474394702,3.257287101152642,8.46894639020201,15.139561222688911,5.3872696276472665,0.007724791593572975,4.112679010393706,0.4938716736197151
Ghana,2020-09,2.770937224731047,3.525491067345846,7.178691338696449,13.877073372576646,5.0778468348769525,0.0,4.039890228622012,0.8318917382214307
Ghana,2020-10,2.374891855468362,3.6241918569065827,7.5971084599226515,14.482513199169832,5.287888889427831,0.007636308241307336,2.793870617779769,0.5426869741921294
Ghana,2020-11,2.3730130182877662,2.3642106729332575,6.588826089006105,11.20333487030064,3.8419718053163616,0.0,2.4413607587894166,0.44426035252627766
Ghana,2020-12,2.100308143307087,2.0615086157383313,6.217049097672124,9.053406428717121,3.568412679542965,0.0,2.1128609265373304,0.4547529452773023
Ghana,2021-01,2.6184538452442863,3.465225824155999,5.87032417699676,8.729841920154877,3.4940427659390414,0.0,3.454696636819618,0.554724305983375
Ghana,2021-02,3.248579952611075,2.718420398414931,8.439275236285704,12.79145261870794,3.071409253045021,0.0,1.9312956931444414,0.5274547092241043
Ghana,2021-03,4.0640329713530665,4.0210000682378,10.884757678373916,13.896204266422082,4.721576704706075,0.0,2.164558090635587,1.1334882832337574
Ghana,2021-04,2.220399238452459,2.8233524742034457,6.964725261052385,9.14820905632156,3.193874772257846,0.0,1.9688269036509434,0.5099808649149614
Ghana,2021-05,4.668964943291116,4.324242107482878,8.090844502607169,12.805434256870944,4.789617876010229,0.0,3.779783128693298,0.6610564889545804
Ghana,2021-06,2.828790088095757,5.084887632957289,9.686752899181792,13.898852663175877,3.204208483948456,0.0,3.47680536382353,0.7018173268953882
Ghana,2021-07,6.0248245785705645,5.410685423691311,9.716136150540908,15.32973546372314,4.292498684525622,0.0,3.503507857990826,0.6735024453176499
Ghana,2021-08,4.3406527210267996,5.115855959544341,6.712362015177259,11.36479438710641,3.319180001628883,0.0,2.5087953320999636,0.6599539300440407
Ghana,2021-09,5.528141311922758,4.980244227272951,9.711124754807141,14.886294165145888,4.997805019313385,0.03951180997875142,5.715163857736061,1.1871103932346145
Ghana,2021-10,4.432183937450837,4.154023039146207,7.877011581004887,14.175862030438653,3.88965512687684,0.0,3.2103448491606903,0.9402299036070145
Ghana,2021-11,4.429976140927301,4.52475852337975,8.755425744136152,14.399858528917346,5.570023819517596,0.013287270567100716,2.966604749000797,1.1931969574377737
Ghana,2021-12,4.231144844990135,4.1347326813673595,9.012692190392897,12.31876991578427,3.718574570622026,0.0732243103707591,4.6924580002869485,0.8420795674314167
Ghana,2022-01,5.354176386540368,6.775496016683853,10.236502086238826,12.464236612409398,3.4298569440801665,0.06922012046331333,5.104983964099506,0.49607753777722974
Ghana,2022-02,6.4259699926078,5.887228433816904,10.145673587101772,15.298253909352383,3.498681469067957,0.1318598515451463,6.928293342677856,0.3842772899010457
Ghana,2022-03,8.420775790657895,9.960552484685207,11.314924484007431,16.0118346722417,3.3096646946055075,0.12623274351637082,5.314924502615517,0.7994740582320876
Ghana,2022-04,8.836210877019496,7.2169855429536165,9.468968972393938,16.16612170066462,5.351376662117571,0.1343910392533831,2.7438170385540723,1.4661689498889325
Ghana,2022-05,10.988774184029886,7.24292776728331,9.172878331707365,16.330489549433736,4.512797603433275,0.06735518613920072,3.5716210516041316,1.4907948128945692
Ghana,2022-06,12.898081230592851,7.551385883649574,9.452452124310877,18.281449837911264,5.0328359137722405,0.048614072589339016,5.140298715386153,1.9027718375200022
Ghana,2022-07,20.18995889839915,11.126187130602101,16.450984099312343,19.95675037295297,6.456920035109662,0.5936227953179275,8.854307903530529,1.4051899944745614
Ghana,2022-08,11.609698018017452,10.612082493446076,10.619236965961955,17.461844140544756,5.002384794527892,0.011923688231160572,3.8751987621869337,0.9403815765754393
Ghana,2022-09,11.888631392369476,8.296576150373095,11.428049380740605,17.516753548946816,7.002558808888618,0.09869623672133544,4.153771215656148,1.4036797857500947
Ghana,2022-10,14.120013766392264,15.134394761269178,12.598013968416925,19.31518536839594,6.196712949653902,0.06420133503064544,6.029789475535322,1.5485362307355466
Ghana,2022-11,14.868522464492724,11.21970040898497,13.365310514277976,17.88693779404273,5.886937982733546,0.07708779410072804,4.565310422633299,1.4021413441414152
Ghana,2022-12,11.127051038952787,10.180083950814707,18.582220612443454,18.56238047192721,5.449065214288069,0.16329645038191531,4.017550546348389,1.6795116671426957
Ghana,2023-01,11.129749975165852,9.944393316412098,20.411492511770717,16.70435615648236,5.361445831254728,0.013901760847822058,3.4226135062337355,0.6607970403302763
Ghana,2023-02,9.392025609835994,8.761428882800171,18.821755122350638,15.784711286817446,4.390611762000048,0.16966726319860498,4.463191692410784,0.7880101764233225
Ghana,2023-03,9.85933697544754,7.603071788475061,16.430072782083208,17.0363786643369,4.274858487560016,0.15763945023864187,3.340339516326123,0.8439773767706571
Ghana,2023-04,10.496676305027348,7.356038420627616,17.139443265336073,18.81693995462365,5.261035190914791,0.022406453441257745,3.512584961122059,0.7857196459736564
Ghana,2023-05,10.443674135429108,8.182626515688051,16.740464206824743,20.377878514078237,5.036009524557085,0.08002133852840758,4.023295041872766,1.3016804932181836
Ghana,2023-06,7.1402948304599,6.931295316798721,11.438041055426043,16.169383012864767,3.461748486717218,0.07252593194509865,2.833190474426343,1.0637136603131112
Ghana,2023-07,8.605132916912666,6.900377518818505,12.693587725780603,17.45211119661796,3.8399526663460453,0.02958361062791214,4.833962034046168,1.2802307290027575
Ghana,2023-08,8.645240027092994,8.406021403165582,14.296175522430547,20.31244875934034,3.742066717683473,0.012205045067941418,8.866558274725927,0.9650122665999209
Ghana,2023-09,7.107116233492794,6.484644238127135,11.696629097617455,16.044944061847893,3.5722846608662553,0.0,6.6224720830361425,1.8254681682778122
Ghana,2023-10,7.633090095991769,5.160097340573846,12.366910004629343,20.418491099528005,3.323600929273179,0.05352798060321168,4.731873493992592,2.184914898036304
Ghana,2023-11,8.334709766630692,7.290577263032965,11.35425300981554,16.593265734457567,4.037067620477236,0.20185337933755393,2.829617379512181,2.1268006492827807
Ghana,2023-12,5.463424691161249,5.536677112329357,8.023196528216886,12.185370026131501,3.8966323556767613,0.07630482202609767,3.1305320580248246,1.4019738133927846
Ghana,2024-01,8.183760752296498,5.416666655209758,10.076567091567075,13.651175067041759,3.6449429743649295,0.010683760673254987,3.796296320732484,1.006054158617791
Ghana,2024-02,8.40558773105246,6.777456594485128,11.73217776960371,15.55298692257463,4.92485553496414,0.054913294993545275,4.509633953800471,0.9094412617917174
Ghana,2024-03,6.146093525742345,6.5331788712395245,10.685872531334537,13.826257891388504,3.9377453199865786,0.05351409155726008,3.3481983659688397,1.0907956031287038
Ghana,2024-04,9.233440945651557,7.524987622097101,14.353718275550825,15.732677554861619,4.176689944916728,0.06522107194782314,4.00643760033822,1.3789598907286489
Ghana,2024-05,7.136010933433196,7.558953410683858,9.936863148801642,18.360717793603307,3.254221915934744,0.10269283462498098,2.6897915705963613,1.3661950563077196
Ghana,2024-06,8.142322003562311,8.261339996735154,12.023304314430955,16.09987476822116,3.9783604029239616,0.0799001279505618,5.5455680597875485,1.280066574601334
Ghana,2024-07,9.145728617615319,7.659009271757591,11.521894821200755,14.947595386727658,4.856424886016862,0.11844938972577172,5.330940489063524,1.1995692807274247
Ghana,2024-08,10.389094009923879,8.714143597277735,14.995029646685833,18.547287871377915,7.142857119201851,0.1107639905389094,5.04970189998248,3.584209009610837
Ghana,2024-09,6.7436684460439,10.36134389702024,9.877079557006015,13.932393686802639,4.811910665255539,0.0317897641754795,6.251987130704211,1.6922750951400902
Ghana,2024-10,7.4511008764056035,12.972546220504036,10.555214723278047,16.719585556663127,4.952197179003621,0.17103762791334096,8.70976271157688,1.2718183055266228
Ghana,2024-11,8.271741139590624,7.279830884655393,13.05478958937852,17.206287652750763,5.7666850677747306,0.04688361969305019,4.244346414371357,1.3366428162306514
Ghana,2024-12,9.03978661308317,7.685411555183521,13.081425015217818,13.41853753247409,6.0465288173676015,0.03778617706082833,3.7289768451303256,0.9246499328217405
Ghana,2025-01,8.238191991430794,7.2732140933249445,12.856377739669034,13.57395290674822,4.559280275923732,0.0,2.2833886540178736,0.6329656378245718
Ghana,2025-02,12.070271144510514,11.095750512357961,16.678718520344468,21.249309131617213,6.480496745845528,0.02764898580730784,4.380450102690911,1.4071206983046494
Ghana,2025-03,12.175184512188348,13.396325235397432,17.96229204542296,20.635010917414327,6.404661271997928,0.045825513616767774,3.590974580261467,1.144765004392921
Ghana,2025-04,10.79382755295188,11.698702344038109,14.666637009995675,20.70463370099783,6.03219907873563,0.0200686792705704,4.284440205608783,1.422200440787049
Ghana,2025-05,10.340445026916266,17.540720351086712,15.037852785805299,22.27116337059951,4.62583145909236,0.0,4.633172777496215,1.8128011154196835
Ghana,2025-06,10.923124639225438,13.147797204183973,16.9307107624832,20.505006062169148,3.537688020465355,0.11114541548648173,7.134036273976696,1.1551184562326557
Ghana,2025-07,7.97924470985308,11.978700184073933,12.993464902872796,22.92992942368585,2.9759167183146444,0.009076606252238896,3.203739602920841,0.956069238872746
Ghana,2025-08,7.1443968571777425,10.2303884900064,10.916501100386112,20.126646585267817,3.2998753541742736,0.0,2.646771558871636,0.9700562863121022
Ghana,2025-09,10.166953698210238,15.234552400226608,13.857635244254153,21.15915067972127,4.628890439351688,0.05217312430564377,5.157426823175529,1.4440613943203882
Ghana,2025-10,10.31344595726098,13.380848392646467,14.127294367129618,21.769552139366827,5.891481794208017,0.0747212320410392,4.860328898645308,1.916695434215427
Ghana,2025-11,8.212288774295532,11.24911616026757,11.849733320928529,20.71020001721155,4.498039842251668,0.028922167359245455,3.766951640893233,1.40111834425703
Ghana,2025-12,10.188496292533436,11.385536911398505,13.206200878818281,20.377873979240015,4.779793875196733,0.05945565067057166,4.8335242175665005,1.4515987348140582
Guinea,2015-01,1.0843373491662651,0.0,6.000000138255421,7.12048220395136,3.3012049748819274,0.0,4.337349454804819,0.5060241020915663
Guinea,2015-02,0.4366812227467249,0.0,4.585152977743813,4.788937388494905,0.17467249591848616,0.0,5.021834096187773,0.611353718665211
Guinea,2015-03,0.9980988589999998,0.570342205,6.615969618,5.285171252,2.880228246,0.427756654,5.047528712,0.114068446
Guinea,2015-04,0.998307969,0.0,4.357021997,3.857867992,1.895093111,0.0,7.901861361000001,0.101522847
Guinea,2015-05,1.276415884,0.0,6.153846089,5.190194489,2.273879974,0.0,7.743026539,0.304311086
Guinea,2015-06,1.6512992897300918,0.0,5.909471999532271,3.3193629629823973,1.282481195854149,0.0,6.186085434406442,0.20117352003520533
Guinea,2015-07,0.309597523,0.0,8.235294236,5.061919623,1.7182663130000002,0.0,8.219814411,0.185758521
Guinea,2015-08,0.7745505041383126,0.0,3.7067773432088518,4.508990436343015,1.2724758022627938,0.0,3.609958525560166,0.16597511039004148
Guinea,2015-09,0.723443232,0.274725275,4.450549485,4.652014691,1.987179557,0.0,5.750915921,0.10989011400000001
Guinea,2015-10,0.49833887000000004,0.573089689,9.127906549,2.59136213,1.993355581,0.0,5.79734211,1.096345519
Guinea,2015-11,0.11049724173388581,0.5524861874180479,6.767955977013813,3.5911603305460407,0.8287293256537753,0.0,7.8637203024281765,0.22099448346777162
Guinea,2015-12,1.036585346,0.0,9.939024022,4.471544885,2.2052845579999993,0.0,6.219512345,0.762195146
Guinea,2016-01,0.328467166,0.0,8.302919447,8.740876082,1.6423357880000002,0.0,6.213503663,0.109489055
Guinea,2016-02,3.0180180757312316,0.0,5.6756757039264265,6.98198176678078,3.558558565262763,0.0,8.96396364886036,0.7207207498543544
Guinea,2016-03,2.34396666,0.208044383,7.51733727,5.39528444,1.705963866,0.0,4.951456383,0.374479896
Guinea,2016-04,1.8465909095833333,0.0,8.03977287155303,5.501893975056818,1.33522726344697,0.0,8.068182002821969,0.11363636848484848
Guinea,2016-05,2.632311925,0.0,5.584958138,5.933147652,2.200557063,0.543175468,6.908077915,0.167130926
Guinea,2016-06,1.395348837,0.279069767,9.888371845,7.618604837000001,2.502325612,0.0,3.916279061,0.111627911
Guinea,2016-07,0.7571801812793733,0.0,8.603133603167173,4.190600634584558,1.840731057967698,0.0,7.127937354979113,0.15665796939164492
Guinea,2016-08,0.6773488854595775,0.0,6.576838965143585,3.5833940833095412,4.923525172498179,0.0,10.247633023158256,1.7042971495411507
Guinea,2016-09,1.495823863583903,0.3416856493059985,9.635535712602127,5.056947727813972,1.9362187149331813,0.0,5.026575626924547,0.09111617639104024
Guinea,2016-10,0.0,0.0,5.756972225814741,4.133466277737051,0.8366533958306772,0.0,3.6454184838505976,0.119521917125498
Guinea,2016-11,1.024287228,0.158394931,7.455121678,5.406546945,1.816261885,0.0,5.807814251,0.12671595000000002
Guinea,2016-12,0.0,0.5402160861104441,4.249699948487395,7.86314494302281,1.16446584902521,0.0,5.93037227479952,0.144057628969988
Guinea,2017-01,2.418670492,0.0,5.346534680000001,3.7057991579999996,2.333804708,1.6973125880000002,5.007072116,0.339462531
Guinea,2017-02,2.5397974396649783,0.6946454693813313,4.587554327635311,4.3415340257691755,1.4761216040470333,0.6512301012134588,4.696092591942112,0.08683068329739507
Guinea,2017-03,0.4347826086652174,0.16304347875,4.836956625013044,4.86956536781413,1.5326086592054347,0.0,7.467391516956521,0.5217391510206522
Guinea,2017-04,0.8068965718793103,0.0,9.179310568118622,6.786207100367586,2.689655139195172,0.0,5.082758755048277,0.08275862357793104
Guinea,2017-05,1.689831846,0.0,5.662033553,8.127286178,4.220921817,0.0,5.098756457,1.448427227
Guinea,2017-06,0.16129032216989247,0.0,5.655913916506452,4.666666907587097,2.0215054229849465,0.0,7.10752694817742,0.1290322633419355
Guinea,2017-07,0.6222222296740741,0.2444444414148148,4.525926060562964,6.39259285390491,2.466666821896296,0.0,2.9481481973641688,0.44444446168148144
Guinea,2017-08,1.9944340930000002,0.0,8.089053609,4.230055738,2.532467506,0.0,9.230055504,0.11131725900000002
Guinea,2017-09,1.514500578,0.0,7.6262085829999995,3.168636029,2.12674543,0.0,6.530612419,0.12889366800000002
Guinea,2017-10,1.9068023513026247,0.6427423679046599,6.207820369538297,8.510980676266627,1.521156967132298,0.0,5.784681229983931,0.12854847851205142
Guinea,2017-11,1.5082956258672702,1.1312217199125187,6.943187742900453,8.833584596331221,2.4585218635067876,0.0,8.62745117586727,0.3770739182443439
Guinea,2017-12,2.4537313655785074,0.26865671684238807,6.334328437796417,6.937313753197658,3.9164179047098515,0.26865671684238807,3.9283583346322386,0.21492538130686567
Guinea,2018-01,1.1742777506216218,0.25163093451351354,7.926374846329224,3.960857320437331,2.418452973918919,0.0,5.51258139995946,0.055917989243243246
Guinea,2018-02,0.6890353507801078,0.0,5.26662681383583,5.236668555289702,1.923307420810066,0.0,6.650689321294188,0.4313960486854404
Guinea,2018-03,1.931309070686411,0.6719761079163764,7.675460370865605,7.297162668168141,1.1796913906884021,0.0,7.919362827054697,0.2389248478103534
Guinea,2018-04,1.7791164733722893,0.3012048197257028,8.036145091441767,6.783132562580321,1.216867486719679,0.0,5.188754993193575,0.445783157926506
Guinea,2018-05,2.5986077519133794,0.04640371437587006,9.26527479086775,7.389791364182378,2.490332563594741,0.174013920841454,6.078886432971385,0.4137664360402166
Guinea,2018-06,1.4043276117144676,0.3691132816987696,7.0216375942104365,6.588884253211128,2.4565126005734528,0.0,5.910055344609939,0.31820111327238015
Guinea,2018-07,4.19679623166682,0.11441647644210527,7.830663632876889,6.1281465553153325,1.455377626653547,0.0,17.102974935798628,0.45308925992494287
Guinea,2018-08,1.8738846064866153,0.0,6.472338103647829,6.168947142776918,1.5704937882070196,0.07138608233194528,9.232599958167757,0.07138608233194528
Guinea,2018-09,1.225766097811132,0.16885553771106943,12.076297946216384,10.125078404002501,2.5703565418386494,0.09380863039399624,9.337085660537836,1.2195122251407131
Guinea,2018-10,1.1149825843018295,0.24825784213196864,9.211672712896776,6.6724740465052275,1.8336237306633276,0.0,7.425958302554006,0.05226481035191639
Guinea,2018-11,1.490270543124822,0.35595633608305643,4.342667253725202,6.938775614418429,1.993355515929283,0.0,6.995728494818997,0.056953015656858105
Guinea,2018-12,0.8763759447370872,0.5122777364961896,7.019474747076847,9.386113151979679,1.7950889323348858,0.0,4.80101607231287,0.30482643081033023
Guinea,2019-01,1.0012634031636132,0.14213518607138345,7.198357687330069,6.326595093854706,1.9140872179756792,0.0,6.44346198430417,0.1895135890975995
Guinea,2019-02,0.8572393120418494,0.25312183573000335,4.910563690388121,6.415794880171448,2.0047249839568004,0.0,3.10833619042052,0.2126223489355383
Guinea,2019-03,0.9411011783770807,0.3072983474711908,4.897567313540333,7.4423817991757355,2.1126761023527525,0.0,3.1017925846270806,0.27848911851792574
Guinea,2019-04,0.444579792,0.15529842099999996,8.005481283,7.335566494,2.119366667,0.0,6.184531166,0.08221681
Guinea,2019-05,5.104938326,0.740740741,9.314814952999999,7.175926169,1.9753086489999998,1.7746913579999999,13.87654311,0.7314814900000001
Guinea,2019-06,1.492482592,0.0,6.600660101,5.581224808,1.4741474509999999,0.16501650199999998,7.389072389,0.176017609
Guinea,2019-07,0.9797409732075721,0.42510793609299236,10.285619450295584,6.565925117579542,3.025572785236798,0.0,6.389903673525075,0.19926935348389238
Guinea,2019-08,1.999206667463263,0.8211027293145577,7.508925349663626,4.946449917679492,1.7850059970273702,0.23800079312415706,5.2241174907869885,0.19040064271558907
Guinea,2019-09,1.018584720225161,0.3216583270164403,7.830593507695497,5.082201616477484,2.4588991950310937,0.0,7.734096152041459,0.27877055748355967
Guinea,2019-10,0.859550558983146,0.08426966260617977,4.91853931018146,4.396067576672191,1.0112359682789325,0.0,5.783708034857865,0.2865168616634831
Guinea,2019-11,1.4802844200000003,0.193923723,8.480931014000001,5.862960533,1.939237218,0.0,6.60310304,0.271493216
Guinea,2019-12,1.543229040708088,0.48342113867555,8.060117893686707,6.879454668461419,2.1320111986089247,0.0,4.964363224086459,0.14874497067245118
Guinea,2020-01,2.443905438,0.27289266200000006,7.483323297,4.636143207,0.918738628,0.181928441,6.998180720999999,0.03638569
Guinea,2020-02,1.577432353,0.259067358,6.755901117,5.270581624,1.51410481,0.172711572,6.632124534,0.18134715600000004
Guinea,2020-03,1.6683022975996071,0.0,6.697743101461483,5.981354425943817,1.6192345965625612,0.03680078503459274,5.235525044541217,0.3974484801749264
Guinea,2020-04,5.919107672682845,0.7894002906878661,12.953975023265416,13.829847057271968,5.313807718041841,0.12552301235146446,8.633194029656904,0.711297091009205
Guinea,2020-05,1.6148556377133425,0.08253094928088034,10.682256104220082,9.884456873489958,5.515818634824758,0.0,7.493810522994223,0.1650619045634113
Guinea,2020-06,1.558766328,0.500138927,9.485968552,10.13059201,2.378438552,0.0,5.765490474,0.18338427700000004
Guinea,2020-07,0.9296218574763656,0.18907563129989496,10.386029534007353,7.57090366640274,4.002100861347164,0.0,10.877101094353993,0.3308823565257353
Guinea,2020-08,0.6313943608605672,0.14907922042326807,7.874890490009061,7.2814968373083895,2.4524993211528794,0.0,6.574101164188834,0.18415668458199355
Guinea,2020-09,0.8812030060733834,0.31578947364120297,6.595488964112782,4.46616560701594,2.589473695271579,0.0,8.941353474837895,0.07218045429323307
Guinea,2020-10,1.185760169694593,0.08029978576713062,6.477516142572806,4.804603860736616,1.734475405778908,0.05353319017799786,5.323875900988758,0.06423983121440043
Guinea,2020-11,2.5348274578673533,0.935796475128407,5.018170915692611,7.016959622109631,1.1992731790366444,0.13628104177649908,7.652937665687462,0.0363416126075106
Guinea,2020-12,1.6655907086998063,0.5132343328857328,6.717237100887346,9.293092505111039,2.08198842588767,0.0,5.958683103090058,0.11620400725952228
Guinea,2021-01,2.319946987,0.199137073,8.450049995,6.296050584,1.460338565,0.0,6.677729909999999,0.039827416000000004
Guinea,2021-02,2.0537124800189575,0.6319115327772511,7.351237915545022,6.276987689503754,1.7746182226729859,0.0,5.608214912667525,0.5529226034881516
Guinea,2021-03,3.262642740174008,0.06525285690918976,8.281674898540512,8.216422313411435,4.681892405022295,0.0,5.3126700485503,0.30995106329961936
Guinea,2021-04,4.184451335811738,0.9146341468254574,8.338414968929117,8.285061033925306,3.109756111634908,0.0,8.84146314234756,0.09146341778963414
Guinea,2021-05,5.018315122681319,0.521978025989011,14.954212466831502,10.879120743369963,2.86630049246337,0.16483515998534798,10.027473250970695,0.10989011400366303
Guinea,2021-06,1.6465256937401815,0.11329305112990937,7.009063602366335,5.815710186356496,3.043806679407855,0.1963746148036254,5.664652963722054,0.4531722235770393
Guinea,2021-07,4.677419391942815,1.3489736253983382,13.934506362332174,8.020527947383675,2.956989329174487,0.39100684229912025,6.4125121864125125,0.2785923779477028
Guinea,2021-08,4.984567832747943,0.0,6.460905516664609,5.529835513186214,1.9444445033395061,0.0,4.218106910125513,0.4320987821903292
Guinea,2021-09,0.43115438453407506,0.0,4.116828982030598,5.584144923838665,1.4603615799721836,0.0,8.41446455031989,0.08344923872044505
Guinea,2021-10,0.7285180898318804,0.09339975107098382,9.98754655280199,6.2391034396575344,1.606475697970112,0.0,10.298879651183064,0.1494396075280199
Guinea,2021-11,0.9503546282269505,0.0,6.468085059376656,5.186761332813131,0.8510638070921985,0.0,5.460992975007092,0.12765957710638298
Guinea,2021-12,2.0732504780824073,0.7848266844898626,7.442773082289078,9.718770837737736,3.3224330533034663,0.0,8.685415332480053,0.1569653429293656
Guinea,2022-01,1.9877987337519065,0.2592780957503813,8.988307028127606,6.639552589382438,1.6319268239745808,0.0,8.474834800176223,0.06100661141382816
Guinea,2022-02,1.2262357841197717,0.6844106509372624,10.090304738307983,6.8346008258517115,0.7984791076216731,0.0,6.135931418621674,0.27091254955893534
Guinea,2022-03,4.21541299454039,0.48746518094707525,6.615598929693593,6.392757618050139,1.2395543635654596,0.6963788296378831,6.32776242183844,0.2646239575487465
Guinea,2022-04,2.114094023447747,0.0,8.801534100003837,4.9664428793938775,1.083413249342282,0.0,8.667305891574127,0.5177373167861937
Guinea,2022-05,1.6323908435475578,0.07712082570694088,7.326478210565552,6.401028531670951,1.7287917643958868,0.0,8.553984998868895,0.09640102812339332
Guinea,2022-06,4.676535046172149,0.6578947363941886,4.703947379206689,5.455043833331689,1.2006579387669958,2.4561403611041666,10.307017396792764,0.06578947594572368
Guinea,2022-07,3.3709869655969085,0.4458977411343638,8.846611301664685,6.200951203002378,1.3436385194946492,0.17835909625326993,8.590963096605233,0.6480380418014269
Guinea,2022-08,2.063091440456151,0.0,9.375394586564669,6.649842322182334,0.6624605682826499,0.0,8.725552288335017,1.0220820216984228
Guinea,2022-09,2.6968838473631727,0.8328611786628896,9.223796314624362,6.141643159041359,2.6005666719070817,0.0,10.713880907308782,0.1529745071002833
Guinea,2022-10,1.5988857832791084,0.31754873606016715,8.11142068714819,5.21448467474819,1.320334251236212,0.0,6.857938739735377,0.15041783037103063
Guinea,2022-11,1.235741422686787,0.0,6.430608465101235,6.421102305979562,0.9838403286273764,0.0,5.784220364466731,0.27091255026188216
Guinea,2022-12,2.367601253898235,0.7788161996220145,8.909657204992731,7.559709385183802,0.7632398655991692,0.0,6.780893136510904,0.062305298051921074
Guinea,2023-01,0.982456159530827,0.0,6.9674187493428565,6.315789592828571,2.030075247400129,0.0,7.5288221287969925,0.36090225769022555
Guinea,2023-02,1.3842975306002068,0.0,4.395661336753099,5.6301654367374105,0.6043388459152893,0.0,6.828512398771695,0.4803719103026859
Guinea,2023-03,2.151958499786692,0.14157621470268994,5.38461562789948,7.107125784444077,0.5804625029721566,0.0,6.087777343727999,0.05663048789806513
Guinea,2023-04,0.6714200665620915,0.0,5.335710166614379,7.403446221564621,0.39215687118954246,0.0,4.486036853437909,0.07130125013071896
Guinea,2023-05,1.1937377624618395,0.07338551812133072,6.883561587522505,4.92661448327948,1.3356164243910258,0.0,6.824853555076321,0.0
Guinea,2023-06,1.678103531731129,0.4678727387866501,10.586400783094199,6.019962406824704,0.7174048805801622,0.0,7.760448999946974,1.9650656066749843
Guinea,2023-07,3.0218978168540143,1.0218978103372263,6.510948960439416,9.357664080451094,0.2627737329109489,0.0,4.759124108538686,0.3284671530627738
Guinea,2023-08,3.151779288941176,0.668119102809005,7.538126722063181,6.906317920292665,0.8932461665083514,0.0,11.859114323580245,0.7189542553805373
Guinea,2023-09,1.940812099707502,0.619408120741225,6.366139153931177,6.111493540410185,1.775636561306263,0.0,10.172058103523744,0.08258775258706125
Guinea,2023-10,3.5438214554839416,0.7348938481894393,6.619488070510615,10.136091466146777,1.2738160482983123,0.0,8.34512818308111,0.6804572677343496
Guinea,2023-11,2.4134079700122903,0.1675977651821229,3.6145252356167603,3.9497207800357543,1.4301676591994412,0.08379888259106145,3.418994616320112,0.6536313141268156
Guinea,2023-12,5.747978401671159,0.30323450086253373,7.048517754545148,9.238544788834233,1.684636151162399,0.9097035035950135,7.917789982493262,0.08086253719002695
Guinea,2024-01,5.2057247472048305,0.0,7.012522668289803,3.774597436057245,4.2128802627182464,1.3416815745134167,8.92665480013417,0.0
Guinea,2024-02,4.035087815260653,0.2255639190776942,6.591478684408522,4.45488712290657,1.7167920006190476,0.28195488678696745,10.307017712130325,0.300751891433584
Guinea,2024-03,3.6231885315434784,0.0,5.9156786622971005,5.843214900268116,1.2779973555797102,0.39525691694202897,5.882740476401601,0.07905138701449275
Guinea,2024-04,2.926686250258065,0.0,8.950146817842226,7.818181968798173,0.8328446057395221,0.527859238004692,6.721407912844575,0.6686217065630499
Guinea,2024-05,2.2512234699021207,0.0,10.82109842631865,6.160957090674279,5.758564650135944,0.9787928222131593,7.846655776101143,0.39151713170201197
Guinea,2024-06,1.8313253212710845,0.0,9.078313586265663,4.433734991722822,2.1746988470355424,0.27108433688674693,5.012048382151205,0.07228915972048194
Guinea,2024-07,2.751729508051499,0.0,4.150653508662567,6.0184475830538045,3.112990007807072,0.0,3.520369052813221,0.6764027817632591
Guinea,2024-08,2.85289744547994,0.44576524814264484,14.606240955958397,6.5304606844217155,1.7013372853967312,0.0,10.230312746210995,0.6240713473997028
Guinea,2024-09,2.7353952509553263,0.5154639173883162,3.5257732750103092,6.4948457865567,0.8865979443298968,0.0,3.1683848731271476,0.4948453809621993
Guinea,2024-10,2.17975949232476,0.4246284498457183,8.018400782029724,4.819532850932241,0.9341825769964615,0.0,4.932767300517783,0.6794055470063693
Guinea,2024-11,0.913705611106599,0.0,5.395214068525018,4.220449725632798,1.631617166213198,0.0,4.467005120609137,0.34807833106018854
Guinea,2024-12,2.3321555446791518,0.8480565367780919,6.452296799971731,4.3180213128141345,0.7844522905696114,0.0,4.664311223926502,0.084805656590106
Guinea,2025-01,1.83850036080894,0.43258832024945926,6.935832907653125,6.488825024919704,1.2977649607483777,0.0,5.847152137097332,0.5191059704297044
Guinea,2025-02,2.4698588343699623,0.05167068530623493,9.435067150141233,7.037547322080606,1.4881157935170515,0.0,6.293489445664356,0.0
Guinea,2025-03,2.8078327135977434,0.2987056093411881,8.426817184480583,7.1988052918934615,1.4669765007401263,0.0,4.497179002318287,0.0
Guinea,2025-04,3.032566484179862,0.23902001777711385,10.693158292650134,6.949507068165521,2.15715562715865,0.0,5.9247087142963855,0.044816252957872726
Guinea,2025-05,2.3502017573051845,0.32288109566966783,8.366966840119217,8.606023257005782,2.483700772954983,0.0,5.1816206623160515,0.27320708495498297
Guinea,2025-06,5.337837825595559,0.7722007717673746,7.615830017377412,10.817245590232185,1.7245817679565636,0.0,5.032174988761584,0.6853281987944015
Guinea,2025-07,6.878242421582545,0.04577357387244431,10.366188991736344,11.37015571590479,2.169667419559353,0.0,5.675923195193775,0.6774488953127861
Guinea,2025-08,5.550595287313691,0.16071428835833335,7.583333423702381,12.729167287922618,1.910714301361905,0.0,4.303571439782142,0.5089285684613096
Guinea,2025-09,4.338754339419148,0.0,9.754526121652654,7.149432531598956,1.2887388618542497,0.368211107391838,6.836452978679043,0.2209266734461491
Guinea,2025-10,5.030030129768168,0.3063063003231231,8.576576616171772,8.55255263682271,1.297297284846847,0.7207207204744744,4.639639710785586,0.4954954882594594
Guinea,2025-11,3.911554118934911,0.74743070647275,9.894114096307693,6.387418350943632,1.0650887737539707,0.7941451261899719,5.736530840505762,0.280286515302398
Guinea,2025-12,1.4534351188268704,0.09160305306229008,1.8778625660537405,6.546564844257788,0.13740458009862594,0.0,4.516030581365575,0.0
Guinea-Bissau,2015-01,0.0,50.0,0.0,0.0,0.0,0.0,0.0,0.0
Guinea-Bissau,2015-02,0.0,50.0,0.0,0.0,0.0,0.0,0.0,0.0
Guinea-Bissau,2015-03,0.0,50.0,0.0,0.0,0.0,0.0,0.0,0.0
Guinea-Bissau,2015-04,0.0,50.0,0.0,0.0,0.0,0.0,0.0,0.0
Guinea-Bissau,2015-05,0.0,50.0,0.0,0.0,0.0,0.0,0.0,0.0
Guinea-Bissau,2015-06,0.0,50.0,0.0,0.0,0.0,0.0,0.0,0.0
Guinea-Bissau,2015-07,0.0,50.0,0.0,0.0,0.0,0.0,0.0,0.0
Guinea-Bissau,2015-08,0.0,50.0,0.0,0.0,0.0,0.0,0.0,0.0
Guinea-Bissau,2015-09,0.0,50.0,0.0,0.0,0.0,0.0,0.0,0.0
Guinea-Bissau,2015-10,0.0,50.0,0.0,0.0,0.0,0.0,0.0,0.0
Guinea-Bissau,2015-11,0.0,50.0,0.0,0.0,0.0,0.0,0.0,0.0
Guinea-Bissau,2015-12,0.0,50.0,0.0,0.0,0.0,0.0,0.0,0.0
Guinea-Bissau,2016-01,0.0,50.0,0.0,0.0,0.0,0.0,0.0,0.0
Guinea-Bissau,2016-02,0.0,50.0,0.0,0.0,0.0,0.0,0.0,0.0
Guinea-Bissau,2016-03,0.0,50.0,0.0,0.0,0.0,0.0,0.0,0.0
Guinea-Bissau,2016-04,0.0,50.0,0.0,0.0,0.0,0.0,0.0,0.0
Guinea-Bissau,2016-05,0.0,50.0,0.0,0.0,0.0,0.0,0.0,0.0
Guinea-Bissau,2016-06,0.0,50.0,0.0,0.0,0.0,0.0,0.0,0.0
Guinea-Bissau,2016-07,0.0,50.0,0.0,0.0,0.0,0.0,0.0,0.0
Guinea-Bissau,2016-08,0.0,50.0,0.0,0.0,0.0,0.0,0.0,0.0
Guinea-Bissau,2016-09,0.0,50.0,0.0,0.0,0.0,0.0,0.0,0.0
Guinea-Bissau,2016-10,0.0,50.0,0.0,0.0,0.0,0.0,0.0,0.0
Guinea-Bissau,2016-11,0.0,50.0,0.0,0.0,0.0,0.0,0.0,0.0
Guinea-Bissau,2016-12,0.0,50.0,0.0,0.0,0.0,0.0,0.0,0.0
Guinea-Bissau,2017-01,0.0,50.0,0.0,0.0,0.0,0.0,0.0,0.0
Guinea-Bissau,2017-02,0.0,50.0,0.0,0.0,0.0,0.0,0.0,0.0
Guinea-Bissau,2017-03,0.0,50.0,0.0,0.0,0.0,0.0,0.0,0.0
Guinea-Bissau,2017-04,0.0,50.0,0.0,0.0,0.0,0.0,0.0,0.0
Guinea-Bissau,2017-05,0.0,50.0,0.0,0.0,0.0,0.0,0.0,0.0
Guinea-Bissau,2017-06,0.0,50.0,0.0,0.0,0.0,0.0,0.0,0.0
Guinea-Bissau,2017-07,0.0,50.0,0.0,0.0,0.0,0.0,0.0,0.0
Guinea-Bissau,2017-08,0.0,50.0,0.0,0.0,0.0,0.0,0.0,0.0
Guinea-Bissau,2017-09,0.0,50.0,0.0,0.0,0.0,0.0,0.0,0.0
Guinea-Bissau,2017-10,0.0,50.0,0.0,0.0,0.0,0.0,0.0,0.0
Guinea-Bissau,2017-11,0.0,50.0,0.0,0.0,0.0,0.0,0.0,0.0
Guinea-Bissau,2017-12,0.0,50.0,0.0,0.0,0.0,0.0,0.0,0.0
Guinea-Bissau,2018-01,0.0,50.0,0.0,0.0,0.0,0.0,0.0,0.0
Guinea-Bissau,2018-02,0.0,50.0,0.0,0.0,0.0,0.0,0.0,0.0
Guinea-Bissau,2018-03,0.0,50.0,0.0,0.0,0.0,0.0,0.0,0.0
Guinea-Bissau,2018-04,0.0,50.0,0.0,0.0,0.0,0.0,0.0,0.0
Guinea-Bissau,2018-05,0.0,50.0,0.0,0.0,0.0,0.0,0.0,0.0
Guinea-Bissau,2018-06,0.0,50.0,0.0,0.0,0.0,0.0,0.0,0.0
Guinea-Bissau,2018-07,0.0,50.0,0.0,0.0,0.0,0.0,0.0,0.0
Guinea-Bissau,2018-08,0.0,50.0,0.0,0.0,0.0,0.0,0.0,0.0
Guinea-Bissau,2018-09,0.0,50.0,0.0,0.0,0.0,0.0,0.0,0.0
Guinea-Bissau,2018-10,0.0,50.0,0.0,0.0,0.0,0.0,0.0,0.0
Guinea-Bissau,2018-11,0.0,50.0,0.0,0.0,0.0,0.0,0.0,0.0
Guinea-Bissau,2018-12,0.0,50.0,0.0,0.0,0.0,0.0,0.0,0.0
Guinea-Bissau,2019-01,0.0,50.0,0.0,0.0,0.0,0.0,0.0,0.0
Guinea-Bissau,2019-02,0.0,50.0,0.0,0.0,0.0,0.0,0.0,0.0
Guinea-Bissau,2019-03,0.0,50.0,0.0,0.0,0.0,0.0,0.0,0.0
Guinea-Bissau,2019-04,0.0,50.0,0.0,0.0,0.0,0.0,0.0,0.0
Guinea-Bissau,2019-05,0.0,50.0,0.0,0.0,0.0,0.0,0.0,0.0
Guinea-Bissau,2019-06,0.0,50.0,0.0,0.0,0.0,0.0,0.0,0.0
Guinea-Bissau,2019-07,0.0,50.0,0.0,0.0,0.0,0.0,0.0,0.0
Guinea-Bissau,2019-08,0.0,50.0,0.0,0.0,0.0,0.0,0.0,0.0
Guinea-Bissau,2019-09,0.0,50.0,0.0,0.0,0.0,0.0,0.0,0.0
Guinea-Bissau,2019-10,0.0,50.0,0.0,0.0,0.0,0.0,0.0,0.0
Guinea-Bissau,2019-11,0.0,50.0,0.0,0.0,0.0,0.0,0.0,0.0
Guinea-Bissau,2019-12,0.0,50.0,0.0,0.0,0.0,0.0,0.0,0.0
Guinea-Bissau,2020-01,0.0,50.0,0.0,0.0,0.0,0.0,0.0,0.0
Guinea-Bissau,2020-02,0.0,50.0,0.0,0.0,0.0,0.0,0.0,0.0
Guinea-Bissau,2020-03,0.0,50.0,0.0,0.0,0.0,0.0,0.0,0.0
Guinea-Bissau,2020-04,0.0,50.0,0.0,0.0,0.0,0.0,0.0,0.0
Guinea-Bissau,2020-05,0.0,50.0,0.0,0.0,0.0,0.0,0.0,0.0
Guinea-Bissau,2020-06,0.0,50.0,0.0,0.0,0.0,0.0,0.0,0.0
Guinea-Bissau,2020-07,0.0,50.0,0.0,0.0,0.0,0.0,0.0,0.0
Guinea-Bissau,2020-08,0.0,50.0,0.0,0.0,0.0,0.0,0.0,0.0
Guinea-Bissau,2020-09,0.0,50.0,0.0,0.0,0.0,0.0,0.0,0.0
Guinea-Bissau,2020-10,0.0,50.0,0.0,0.0,0.0,0.0,0.0,0.0
Guinea-Bissau,2020-11,0.0,50.0,0.0,0.0,0.0,0.0,0.0,0.0
Guinea-Bissau,2020-12,0.0,50.0,0.0,0.0,0.0,0.0,0.0,0.0
Guinea-Bissau,2021-01,0.0,50.0,0.0,0.0,0.0,0.0,0.0,0.0
Guinea-Bissau,2021-02,0.0,0.0,0.0,0.0,0.0,0.0,0.0,0.0
Guinea-Bissau,2021-03,0.0,0.0,0.0,0.0,0.0,0.0,0.0,0.0
Guinea-Bissau,2021-04,0.0,0.0,0.0,0.0,0.0,0.0,0.0,0.0
Guinea-Bissau,2021-05,0.0,0.0,0.0,0.0,0.0,0.0,0.0,0.0
Guinea-Bissau,2021-06,0.0,0.0,0.0,0.0,0.0,0.0,0.0,0.0
Guinea-Bissau,2021-07,0.0,0.0,0.0,0.0,0.0,0.0,0.0,0.0
Guinea-Bissau,2021-08,0.0,0.0,0.0,0.0,0.0,0.0,0.0,0.0
Guinea-Bissau,2021-09,0.0,0.0,0.0,0.0,0.0,0.0,0.0,0.0
Guinea-Bissau,2021-10,0.0,0.0,0.0,0.0,0.0,0.0,0.0,0.0
Guinea-Bissau,2021-11,0.0,0.0,0.0,0.0,0.0,0.0,0.0,0.0
Guinea-Bissau,2021-12,0.0,0.0,0.0,0.0,0.0,0.0,0.0,0.0
Guinea-Bissau,2022-01,0.0,0.0,0.0,0.0,0.0,0.0,0.0,0.0
Guinea-Bissau,2022-02,0.0,0.0,0.0,0.0,0.0,0.0,0.0,0.0
Guinea-Bissau,2022-03,0.0,0.0,0.0,0.0,0.0,0.0,0.0,0.0
Guinea-Bissau,2022-04,0.0,0.0,0.0,0.0,0.0,0.0,0.0,0.0
Guinea-Bissau,2022-05,0.0,0.0,0.0,0.0,0.0,0.0,0.0,0.0
Guinea-Bissau,2022-06,0.0,0.0,0.0,0.0,0.0,0.0,0.0,0.0
Guinea-Bissau,2022-07,0.0,0.0,0.0,0.0,0.0,0.0,0.0,0.0
Guinea-Bissau,2022-08,0.0,0.0,0.0,0.0,0.0,0.0,0.0,0.0
Guinea-Bissau,2022-09,0.0,0.0,0.0,0.0,0.0,0.0,0.0,0.0
Guinea-Bissau,2022-10,0.0,0.0,0.0,0.0,0.0,0.0,0.0,0.0
Guinea-Bissau,2022-11,0.0,0.0,0.0,0.0,0.0,0.0,0.0,0.0
Guinea-Bissau,2022-12,0.0,0.0,0.0,0.0,0.0,0.0,0.0,0.0
Guinea-Bissau,2023-01,0.0,0.0,0.0,0.0,0.0,0.0,0.0,0.0
Guinea-Bissau,2023-02,0.0,0.0,0.0,0.0,0.0,0.0,0.0,0.0
Guinea-Bissau,2023-03,0.0,0.0,0.0,0.0,0.0,0.0,0.0,0.0
Guinea-Bissau,2023-04,0.0,0.0,0.0,0.0,0.0,0.0,0.0,0.0
Guinea-Bissau,2023-05,0.0,0.0,0.0,0.0,0.0,0.0,0.0,0.0
Guinea-Bissau,2023-06,0.0,0.0,0.0,0.0,0.0,0.0,0.0,0.0
Guinea-Bissau,2023-07,0.0,0.0,0.0,0.0,0.0,0.0,0.0,0.0
Guinea-Bissau,2023-08,0.0,0.0,0.0,0.0,0.0,0.0,0.0,0.0
Guinea-Bissau,2023-09,0.0,0.0,0.0,0.0,0.0,0.0,0.0,0.0
Guinea-Bissau,2023-10,0.0,0.0,0.0,0.0,0.0,0.0,0.0,0.0
Guinea-Bissau,2023-11,0.0,0.0,0.0,0.0,0.0,0.0,0.0,0.0
Guinea-Bissau,2023-12,0.0,0.0,0.0,0.0,0.0,0.0,0.0,0.0
Guinea-Bissau,2024-01,0.0,0.0,0.0,0.0,0.0,0.0,0.0,0.0
Guinea-Bissau,2024-02,0.0,0.0,0.0,0.0,0.0,0.0,0.0,0.0
Guinea-Bissau,2024-03,0.0,0.0,0.0,0.0,0.0,0.0,0.0,0.0
Guinea-Bissau,2024-04,0.0,0.0,0.0,0.0,0.0,0.0,0.0,0.0
Guinea-Bissau,2024-05,0.0,0.0,0.0,0.0,0.0,0.0,0.0,0.0
Guinea-Bissau,2024-06,0.0,0.0,0.0,0.0,0.0,0.0,0.0,0.0
Guinea-Bissau,2024-07,0.0,0.0,0.0,0.0,0.0,0.0,0.0,0.0
Guinea-Bissau,2024-08,0.0,0.0,0.0,0.0,0.0,0.0,0.0,0.0
Guinea-Bissau,2024-09,0.0,0.0,0.0,0.0,0.0,0.0,0.0,0.0
Guinea-Bissau,2024-10,0.0,0.0,0.0,0.0,0.0,0.0,0.0,0.0
Guinea-Bissau,2024-11,0.0,0.0,0.0,0.0,0.0,0.0,0.0,0.0
Guinea-Bissau,2024-12,0.0,0.0,0.0,0.0,0.0,0.0,0.0,0.0
Guinea-Bissau,2025-01,0.0,0.0,0.0,0.0,0.0,0.0,0.0,0.0
Guinea-Bissau,2025-02,0.0,50.0,0.0,0.0,0.0,0.0,0.0,0.0
Guinea-Bissau,2025-03,0.0,50.0,0.0,0.0,0.0,0.0,0.0,0.0
Guinea-Bissau,2025-04,0.0,50.0,0.0,0.0,0.0,0.0,0.0,0.0
Guinea-Bissau,2025-05,0.0,50.0,0.0,0.0,0.0,0.0,0.0,0.0
Guinea-Bissau,2025-06,0.0,50.0,0.0,0.0,0.0,0.0,0.0,0.0
Guinea-Bissau,2025-07,0.0,50.0,0.0,0.0,0.0,0.0,0.0,0.0
Guinea-Bissau,2025-08,0.0,50.0,0.0,0.0,0.0,0.0,0.0,0.0
Guinea-Bissau,2025-09,0.0,50.0,0.0,0.0,0.0,0.0,0.0,0.0
Guinea-Bissau,2025-10,0.0,50.0,0.0,0.0,0.0,0.0,0.0,0.0
Guinea-Bissau,2025-11,0.0,50.0,0.0,0.0,0.0,0.0,0.0,0.0
Ivory Coast,2015-01,0.525920361,0.94665666,3.245679961,5.522163572,0.30052592,0.0,8.024042554,0.0
Ivory Coast,2015-02,0.630417652,0.283687955,3.5460994040000005,4.783294068,0.315208826,0.0,4.263199512,0.0
Ivory Coast,2015-03,0.567010313,0.596465401,2.430044148,5.655375566,0.29455081,0.0,6.325479002999999,0.0
Ivory Coast,2015-04,0.460475825,0.276285506,1.857252516,3.445893988,0.306983883,0.0,5.372218214999999,0.0
Ivory Coast,2015-05,0.718750004,0.281250011,1.640625037,3.3125001940000005,0.3125,0.0,3.914062642,0.0
Ivory Coast,2015-06,0.7418856369999999,0.278207121,1.6228748440000003,2.581143785,0.309119011,0.0,2.411128306,0.0
Ivory Coast,2015-07,0.656763104,0.28146991,2.462861573,5.316653709999999,0.31274433200000007,0.0,4.386239391,0.0
Ivory Coast,2015-08,0.6593406669348508,0.2825745791208791,4.262166606770015,4.7880688491169545,0.31397174234693875,0.0,6.098901421094976,0.0
Ivory Coast,2015-09,0.612244898,0.367346953,1.346938805,1.306122468,0.408163265,0.0,1.500000029,0.0
Ivory Coast,2015-10,0.47095761352040816,0.2825745791208791,1.4835164913461536,4.6310832771781785,0.31397174234693875,0.0,5.251177476569859,0.0
Ivory Coast,2015-11,0.49140049099999994,0.294840307,1.482391514,1.506961554,0.32760032800000005,0.0,3.169533193,0.0
Ivory Coast,2015-12,0.504201681,0.30252102,1.210084062,2.86554617,0.336134454,0.0,3.747899312,0.0
Ivory Coast,2016-01,0.508474576,0.305084758,1.347457655,1.601694964,0.542372889,0.0,3.5169492739999995,0.0
Ivory Coast,2016-02,0.5076142136285956,0.3045685403874788,1.2182741395313028,2.3773265974695432,0.4230118445236887,0.0,6.379018700969542,0.0
Ivory Coast,2016-03,0.49342105300000005,0.296052643,2.590460487,2.064144847,0.328947368,0.0,6.093750149,0.0
Ivory Coast,2016-04,0.49668874199999996,0.298013257,2.061258286,3.559602728,0.331125828,0.0,3.9238411460000004,0.22350993799999996
Ivory Coast,2016-05,0.6907894819999999,0.666118433,2.705592192,3.947368499,0.328947368,0.0,3.6019735820000003,0.0
Ivory Coast,2016-06,0.49464138499999993,0.296784843,1.409727979,2.638087308,0.329760923,0.0,5.267931151,0.0
Ivory Coast,2016-07,0.495867769,0.421487615,1.5123967489999999,4.041322204,0.330578512,0.0,3.53718998,0.0
Ivory Coast,2016-08,0.68965518,0.41871922399999995,1.4039409180000002,3.530377747,0.32840722499999997,0.0,4.228243295,0.0
Ivory Coast,2016-09,0.495458299,0.297274991,1.791907538,2.493806756,0.33030553299999993,0.0,3.6663914990000004,0.0
Ivory Coast,2016-10,0.84,0.888000011,1.512000008,3.9679999540000006,0.32,0.0,5.824000205999999,0.0
Ivory Coast,2016-11,0.726172477,0.423600616,1.747352525,2.299546185,0.302571861,0.0,5.514372459,0.0
Ivory Coast,2016-12,0.7737656599764186,0.26529109403610907,1.857037604173176,3.0508475698983046,0.29476787013338246,0.0,5.03316159288422,0.0
Ivory Coast,2017-01,0.709592654,0.23653089,2.897503279,3.2851511170000003,0.262812089,0.0,4.237845098,0.098554534
Ivory Coast,2017-02,0.43604651200000005,0.348837223,3.277616359,5.908430177,0.290697674,0.0,6.686046754,0.0
Ivory Coast,2017-03,0.5277973254890922,0.6755805868332161,1.7593244192976778,5.439830983891626,0.28149190692751586,0.0,7.1991557054018305,0.0
Ivory Coast,2017-04,1.00074129,0.355819139,2.550037142,5.974796103,0.2965159379999999,0.0,6.123054531000001,0.0
Ivory Coast,2017-05,0.46189376399999993,0.27713627,1.6628175450000002,2.848344899,0.585065446,0.0,4.949961707000001,0.092378757
Ivory Coast,2017-06,0.8003048779999999,0.274390255,2.256097572,3.155487994,0.30487804899999993,0.0,5.960366003,0.114329268
Ivory Coast,2017-07,0.11838989699999998,0.284135765,1.420678731,2.407261228,0.315706393,0.0,4.98816139,0.0
Ivory Coast,2017-08,0.34348166217096016,0.3747072751069477,1.6159250810819672,2.302888442481655,0.31225605023653397,0.0,3.9812648977327307,0.2810304563302108
Ivory Coast,2017-09,0.6590038610000001,0.482758635,0.873563244,2.590038457,0.30651341,0.0,4.46743291,0.0
Ivory Coast,2017-10,0.279369634,0.257879666,1.332378285,3.0014328249999997,0.286532951,0.0,7.28510058,0.0
Ivory Coast,2017-11,0.7017544136622806,0.263157905373538,2.280701844902778,2.580409423357456,0.2923976608508772,0.0,3.8815789579027777,0.0
Ivory Coast,2017-12,0.10989010963956045,0.2637362739428571,1.3186813707150185,4.79853478058901,0.2930402933728938,0.0,5.186813270457143,0.0
Ivory Coast,2018-01,0.7210401914564845,0.35460994306339055,2.228132461554018,4.76359367136984,0.502364065713948,0.0,5.679669363381442,0.08865248203073287
Ivory Coast,2018-02,0.5357142858839286,0.3035714367089286,3.398809532659693,6.2619048215167,0.23809523843214284,0.0,5.803571712714234,0.0
Ivory Coast,2018-03,0.29076397640856816,0.4618016044960092,1.647662477304447,4.686431370980663,0.364880278850057,0.0,7.046750455950299,0.5986316987793616
Ivory Coast,2018-04,0.7705677984259888,0.764774060557871,1.6280416812755667,4.803012931417611,0.4634994210787948,0.0,4.368482058666015,0.0
Ivory Coast,2018-05,0.6173526357463849,0.5339265928965516,2.3192437254535827,5.383759875757619,0.22246941065739712,0.0,4.388209219838996,0.0
Ivory Coast,2018-06,0.23325359391507175,0.28708135091626796,1.5011961385440362,3.833732209067993,0.23923444961363635,0.0,3.7200956394746063,0.07177033832177034
Ivory Coast,2018-07,0.7908309707323782,0.41260746674591886,1.9656160154221363,3.6790829739900603,0.22922636049971346,0.0,6.206303804082685,0.0
Ivory Coast,2018-08,0.16167664928502995,0.21556887100419161,2.017964074591411,2.7245509124426,0.23952095760778444,0.0,5.658682634760905,0.0
Ivory Coast,2018-09,0.6558328331733189,0.3830528226860127,2.0487522017704665,4.300638346468087,0.23215322170400463,0.0,5.693557950389999,0.0
Ivory Coast,2018-10,0.25380710651212635,0.2030456939244219,1.3141568207310446,3.6773829420495034,0.22560631716864074,0.0,3.6548223591722655,0.25380710651212635
Ivory Coast,2018-11,0.7100238863205589,0.5190930958780599,1.4140811631274635,4.212410552487793,0.23866348433770884,0.0,3.2756563444358155,0.0
Ivory Coast,2018-12,0.088079859377569,0.21139167033470344,1.68526127887449,2.46036416656871,0.41103934239577217,0.0,4.374633140313815,0.0
Ivory Coast,2019-01,0.9599999839924561,0.48000001930835906,1.8000000953810278,3.280000032294938,0.2285714291142857,0.0,6.080000128175313,0.0
Ivory Coast,2019-02,0.6956521737333334,1.1130434953507247,3.095652345753557,6.353623210616925,0.4927536233159421,0.0,7.820290040150869,0.26086956499710146
Ivory Coast,2019-03,0.3725701995600739,0.3293736574400648,1.160907114723681,4.416846817572723,0.21598272190928725,0.0,5.210583385453593,0.0
Ivory Coast,2019-04,0.3794037937593496,0.36856369578807585,1.2791328381208054,6.086720865033787,0.21680216779728997,0.0,4.211381754197938,0.0
Ivory Coast,2019-05,0.3837671057277329,0.21173357736038817,1.0145567249995082,3.731804215897812,0.1764446400339656,0.0,4.292015899550719,0.05293339442859658
Ivory Coast,2019-06,0.5207835689268991,0.1720019176722408,2.087912123985735,4.1567127275905795,0.19111323411753464,0.0,6.645962978681506,0.07166746261634017
Ivory Coast,2019-07,0.26269702333318745,0.5560420338079057,1.2609457074725294,4.321366037501738,0.3721541160617338,0.0,4.159369704781346,0.0
Ivory Coast,2019-08,0.5740472794405485,0.1736613670438977,1.7317896469051741,3.3092135337796282,0.1929570676184274,0.0,4.978292366574692,0.14471779972648335
Ivory Coast,2019-09,0.24216524907122502,0.17094017774643872,1.367521398772853,4.259259273014203,0.1899335235327635,0.0,4.715099645518151,0.17094017774643872
Ivory Coast,2019-10,0.4279390207940269,0.23610428885520338,1.5838662213255708,5.80914936388463,0.46728972025282833,0.0,4.387604538766143,0.0
Ivory Coast,2019-11,0.409638554093494,0.1734939823653012,3.2289156625873043,7.23373504945045,0.19277108420626507,0.0,4.997590283424605,0.07228915704289156
Ivory Coast,2019-12,0.21327014174028439,0.3696682554099526,1.0521327374032632,4.402843742579567,0.1895734595971564,0.0,3.7582940508026934,0.17061612099383885
Ivory Coast,2020-01,0.71181411823826,0.4597133062313396,0.7958477458250124,5.5165595597799735,0.4201680671804252,0.0,4.967869524779987,0.0
Ivory Coast,2020-02,0.3869969039066047,0.2631579019050568,1.3570691415439924,4.8194017577065456,0.2837977300990712,0.0,4.901961005212043,0.0
Ivory Coast,2020-03,0.6085753933024436,0.16597511070355,2.2637160051213727,7.1277085505323585,0.23974181897833102,0.0,5.28815148798182,0.0
Ivory Coast,2020-04,1.5542653273344216,0.5627512347440822,7.320232410379224,9.941938531026771,1.1165698973899063,0.0,5.332737940606212,0.1607860713818669
Ivory Coast,2020-05,0.49528301886650944,0.8773584967966981,4.231132088986618,6.5566037395009555,0.6132075475783019,0.0,4.617924352362303,0.38207547847164397
Ivory Coast,2020-06,0.30456853410982926,0.16612829406922014,2.690355481181831,6.091370679316235,0.1845869871389017,0.0,5.297646745040713,0.1661282948356646
Ivory Coast,2020-07,0.2415916689791568,0.17053529770251066,1.5111322147669484,5.405021424752791,0.3600189548862555,0.0,4.050213282113187,0.05684509880862151
Ivory Coast,2020-08,0.12771996425496687,0.17029328996688742,0.6480605616305581,4.796594240811393,0.26017029345364234,0.0,4.1769159667431,0.0
Ivory Coast,2020-09,0.425101219068826,0.3643724838866396,1.715587061658979,5.4453441967263005,0.2783400815384615,0.0,4.7216600498079355,0.0
Ivory Coast,2020-10,0.22280472385321098,0.22280472385321098,1.2844036637374399,4.255133218536378,0.2271734401135867,0.0,5.159458368573874,0.10484928379423328
Ivory Coast,2020-11,0.22877478342755464,0.48805288003253683,1.6319267755768319,2.079308571954056,0.3863751973151425,0.0,2.4961870341837313,0.0
Ivory Coast,2020-12,0.14577259425510206,0.3061224578586006,1.6326531603400243,4.557823068556336,0.19436345994606416,0.0,4.037901252940342,0.0
Ivory Coast,2021-01,1.4711539219661809,0.17307693030432691,1.0817307579412359,4.581730744608446,0.19230769196778846,0.0,3.322115391890177,0.0
Ivory Coast,2021-02,0.46757165375893095,0.6334841706184011,1.5384615092122957,4.575163302720319,0.42735042735042733,0.0,5.118149989287134,0.0
Ivory Coast,2021-03,0.781334760089528,0.52088986136191,1.2642430924877293,4.351600770440011,0.46120455755290285,0.0,4.68258265201953,0.0
Ivory Coast,2021-04,0.09715025898769429,0.23316063083549224,1.6904146256780348,3.601036201316968,0.4145077778575129,0.0,3.730570065347409,0.0
Ivory Coast,2021-05,0.2012383954391125,0.18575852142930857,2.7605779773749513,5.6965944196850185,0.20639834874458204,0.0,6.12487148388378,0.0619195067547102
Ivory Coast,2021-06,0.17570281145933736,0.18072289882078316,0.5120482071845524,4.081325597635153,0.2008032125496988,0.0,5.652610078487904,0.1204819330212133
Ivory Coast,2021-07,2.7005221533687296,0.17085904806976746,2.17845282684624,4.665401313356336,0.18984337976554344,0.0,4.470811718771698,0.0
Ivory Coast,2021-08,1.2460209444843238,0.36834925671759894,1.450659329672136,3.542519374083192,0.8549341027307346,0.0,4.688495036750584,0.0
Ivory Coast,2021-09,0.8472222530564284,0.16666667300833332,2.0277778534332933,4.763889125424522,0.3935185179416667,0.0,3.870370475681572,0.092592593125
Ivory Coast,2021-10,0.18913676554801165,0.17458778638215328,1.8477207013908403,5.155189111544906,0.5868089297769157,0.0,5.266731601626338,0.0
Ivory Coast,2021-11,0.4119666548510332,0.4561059321284944,1.5056400103390175,5.473271194613042,0.19617459539725352,0.0,3.5801865531617016,0.0
Ivory Coast,2021-12,0.5789213170350743,0.31172687677468003,1.504205831111642,3.587333014790795,0.2572983695624089,0.0,3.9188521622695682,0.28203859750451676
Ivory Coast,2022-01,0.6198347350910418,0.18595042085795452,2.159090919296561,5.242768606731492,0.2066115697283058,0.0,5.9865704128715596,0.0
Ivory Coast,2022-02,2.5067676515390667,0.19491067357227937,2.485110970024503,5.397942676929584,0.21656740708391992,0.0,5.8960475723219865,0.0
Ivory Coast,2022-03,3.8675433220756745,0.4095045569271992,2.1334681885292643,4.6410519986677725,0.38422649848331647,0.0,4.408493478584484,0.0
Ivory Coast,2022-04,2.6135106820150917,1.0465116461165636,2.44186039326782,5.653377532330894,0.3875968998139535,0.0,4.1749725183056,0.0
Ivory Coast,2022-05,1.4976353631095713,0.4729374794944824,1.9548082500567527,5.633210584919072,0.4203888598912245,0.0,4.077772122237233,0.18917499387178138
Ivory Coast,2022-06,1.0505050363046753,0.4090909164666667,2.1616161596546895,5.494949431787602,0.2020202018,0.0,4.106060663321686,0.303030315476017
Ivory Coast,2022-07,3.347660044869886,1.0888252236895892,3.0085961938134664,7.574021099345324,0.3820439347939963,0.0,5.873925569737317,0.0
Ivory Coast,2022-08,1.9688867281050073,0.49586778259601355,2.45989299725742,4.978123613273253,0.19445794890422943,0.0,4.9732618674308755,0.0
Ivory Coast,2022-09,2.782478956988693,0.552513695111996,2.0756596174882453,4.385266403856104,0.3185664556117472,0.0,3.852663092836832,0.0
Ivory Coast,2022-10,1.2402724318636327,0.24805448159533072,1.6391050490231656,6.14785985685418,0.1945525291459144,0.0,5.671206395436712,0.0
Ivory Coast,2022-11,1.393523008533562,0.5888125844602552,1.4671246949778634,3.89597649865281,0.19627085380274778,0.0,4.092247469330631,0.07360156969578018
Ivory Coast,2022-12,1.1684211184977735,0.18947369132,2.2894736719240147,4.057894957879954,0.21052631556210527,0.0,2.85263164393063,0.0
Ivory Coast,2023-01,1.9892472993354837,0.8924731257209678,2.9946236839579417,4.650537493306742,0.5376344090629033,0.0,3.349462465279385,0.0
Ivory Coast,2023-02,0.9932660096161617,0.589225601993266,1.0774410671055792,3.8832770325723427,0.2244668917171717,0.0,2.8282829143580557,0.0
Ivory Coast,2023-03,0.600000000464,0.5485714372651428,1.7485713544436567,5.320000075819885,0.48571428564,0.0,3.3371430536573707,0.29142857977657144
Ivory Coast,2023-04,2.4629079832470366,0.2136498602991098,2.581602416256328,4.4925815771981,0.237388724147181,0.0,3.6083084606848996,0.0
Ivory Coast,2023-05,0.4043126687541779,0.19407008891536387,1.3045822252631494,4.603773242549355,0.2156334229929919,0.0,4.452830068476179,0.0
Ivory Coast,2023-06,1.156131825994196,0.2593192966753107,1.518098307511491,4.413830339237523,0.29713668311183145,0.0,2.5985953874214847,0.06482982467943188
Ivory Coast,2023-07,0.34845133785730087,0.3761062050407237,1.404867314428587,4.037610620060382,0.3318584074845133,0.0,2.9203540982177936,0.0
Ivory Coast,2023-08,0.4958677828601152,0.23334954707486633,0.49100632745661493,2.907146361661059,0.19445794812834222,0.0,5.002430694187273,0.0
Ivory Coast,2023-09,1.3177523618906017,0.2536051791795127,1.3078070940002553,4.306315178777125,0.19890601652013923,0.0,3.4062656464813794,0.0
Ivory Coast,2023-10,1.374255546591165,0.16491067932386624,1.007787415294549,4.072377586619696,0.3893724237517178,0.0,3.614292087691851,0.0
Ivory Coast,2023-11,0.587979104,0.156794431,0.670731722,5.640244214,0.17421602799999997,0.0,3.3493031609999995,0.0
Ivory Coast,2023-12,0.22030117387953152,0.17568321763626005,0.7836029243309773,4.807584916279268,0.23703290610485223,0.0,2.757947675975722,0.06692694103782164
Ivory Coast,2024-01,0.6511761277931726,0.27538726741508895,0.9380378939116137,3.1640848612084578,0.11474469247188755,0.0,2.3952953927246616,0.0
Ivory Coast,2024-02,0.33353922765194566,0.24397776746757258,0.6176652479392393,3.573193359552977,0.16059295962415074,0.0,2.609635695263353,0.03705991528628783
Ivory Coast,2024-03,0.1746119785842572,0.22727273484136043,1.1141907021997701,4.750554412088469,0.15243902440493348,0.0,2.067627492238208,0.0
Ivory Coast,2024-04,0.8758664653622465,0.11342155403591683,1.8304978518383384,4.943289273477018,0.126023944536862,0.0,2.44801510967637,0.0
Ivory Coast,2024-05,0.5931293773863736,0.2147074615885668,1.819645699597861,6.1137952601706385,0.3086419756417069,0.0,2.0075148428464225,0.0
Ivory Coast,2024-06,0.2815746366462548,0.05467468545872062,1.8206670024326947,5.273373587066234,0.10934937091744124,0.0,1.6511755609318357,0.0
Ivory Coast,2024-07,0.5021141776268498,0.14270613311618088,1.9820295606935585,5.510042649048995,0.18498942903805496,0.0,2.3731501291942836,0.03171247480179704
Ivory Coast,2024-08,0.4567240005038784,0.03383140815111362,1.5167747307104351,3.538201317221354,0.14660276469467157,0.0,1.8917394883220424,0.0
Ivory Coast,2024-09,1.0390372645680237,0.08805400687995305,1.7141179951001042,5.110067582279987,0.2847079553507485,0.0,2.4449663705012283,0.0
Ivory Coast,2024-10,0.670088435750002,0.16253207306986026,1.4456800285868667,5.186769362302797,0.3450242409991446,0.0,1.9646421262790574,0.0
Ivory Coast,2024-11,0.3092476978088017,0.0951531379345822,0.8117751987569175,5.634850049136307,0.11894142139845378,0.0,2.0993162474244844,0.04460303260035682
Ivory Coast,2024-12,1.1431682473805262,0.41643982694808307,2.928688134085924,6.774632490661566,0.17419706299380971,0.0,2.9395753491826566,0.0
Ivory Coast,2025-01,1.2264645872899949,0.2118200932285565,1.799163134506022,6.665795536819736,0.33995815875156893,0.0,3.4701883984951496,0.0
Ivory Coast,2025-02,1.1915767749348445,0.3389830524784283,2.182845433219935,5.451977626116118,0.28762199020557616,0.0,2.6245507387399134,0.0
Ivory Coast,2025-03,1.4696630364043202,0.5123595606294383,2.0674158050242295,6.130336836666091,0.18426965307834348,0.0,2.808988855617405,0.0
Ivory Coast,2025-04,1.805674967973528,0.5223559640742967,3.0223559227979666,7.962167282556606,0.3245915864662264,0.0,3.5898538267425053,0.0
Ivory Coast,2025-05,0.659921828086351,0.5242584760643826,2.0763394141974176,7.652333408698897,0.09197516722510922,0.0,3.501954531572931,0.0
Ivory Coast,2025-06,0.4670265560375499,0.12673081107650788,1.4832199418495722,4.665571416684699,0.22764608763952127,0.0,2.0347336646518173,0.16193382103966203
Ivory Coast,2025-07,0.17568517736237993,0.09838369767149881,1.635043311720691,5.087842614703997,0.22019208494167253,0.0,2.466619816461827,0.0
Ivory Coast,2025-08,0.7179727691658846,0.11262318555261774,0.9408727993194274,3.6954482130174084,0.12904739583927732,0.0,2.0154856613143863,0.028155796807602065
Ivory Coast,2025-09,0.5498981817402127,0.11541073013351437,1.719846215619319,4.9626611748411795,0.19235121050056572,0.0,2.0004527286510907,0.0
Ivory Coast,2025-10,0.6377204784890352,0.09497964790434192,2.037539556546986,4.502487657387645,0.35504297295409315,0.0,2.2388060028155325,0.0
Ivory Coast,2025-11,0.4240282788148954,0.11416145817885297,1.7531937831965985,4.612666577082398,0.10872519693394944,0.0,1.6335960829525724,0.12231584719325904
Ivory Coast,2025-12,0.4504741744531085,0.19757639636775554,0.9009483615215038,3.8619602567888602,0.18967333543203374,0.0,2.3314014685994575,0.12644889811591148
Kenya,2015-01,1.4256198300826441,2.4690082865289256,4.974173428627716,7.4276859238171475,1.6528925738016529,0.0,3.5950414895609506,0.5268595186157025
Kenya,2015-02,2.8540185916036083,3.127392059412247,5.544013100667031,7.195188765739749,1.328594844744122,0.0,2.739201731092947,0.6889010597709131
Kenya,2015-03,2.832891302223342,3.72944294269496,5.0663130225374005,7.161803826969231,1.0503978876079574,0.0,2.355437834888594,1.3209549000636602
Kenya,2015-04,2.987641022920473,3.358409456974745,4.766254717553772,6.942504032173563,1.918323548404084,0.0,3.288554709833423,0.46749061145083287
Kenya,2015-05,2.172489106577511,3.7991266064683407,5.622270820173346,7.112445790147378,1.326419276105349,0.0,3.307860477852074,0.9334061342248908
Kenya,2015-06,2.2297297318281855,3.542471023542471,5.564671754448151,8.233591132171814,1.5781853421177607,0.0,2.900579192386101,1.4044400919652509
Kenya,2015-07,2.198795154373996,3.4688754737816265,7.133534155275012,10.496987604051204,1.3955823034392567,0.0,3.1927711755441766,0.3765060356992972
Kenya,2015-08,2.8085351818131485,4.705882320256055,7.318338981681561,8.840830750089964,1.6435986024397427,0.0,3.2468282363806225,1.349481015384083
Kenya,2015-09,2.6662908786499435,3.2750845224098084,5.890642615959315,6.8489290811296515,1.6629087211502334,0.0,5.817361856205186,1.0484780636443067
Kenya,2015-10,2.611080657654964,3.5820076376110803,6.774547528055855,10.054855090510149,1.9089413814718905,0.0,4.179923088442129,0.5430609071612726
Kenya,2015-11,1.4508580519890795,3.20852834374727,8.060322487375885,8.13312562722309,0.8424337125414751,0.0,2.839313629472699,0.9828393435054603
Kenya,2015-12,1.7011494065689654,3.241379288137931,7.568965327689259,7.9827586128793095,2.2586207420400974,0.0,1.7413794040344828,0.9137931360344828
Kenya,2016-01,2.2481502159328395,3.7051793180830965,6.636311902967167,6.818440616307342,3.0221969349207574,0.08537279403471827,4.166192471256687,0.3585657481912351
Kenya,2016-02,2.5697735502896264,3.6545550595050025,5.086887779973308,8.883622874144287,1.5955766673985101,0.0,3.2648762506582414,1.4060031616640336
Kenya,2016-03,2.4823053421061676,4.362993028351364,6.31445897031658,8.857432053119817,2.927199207784515,0.07583417578361983,3.5187059271885746,0.8038423062755308
Kenya,2016-04,1.9164345456378833,3.275766054281337,6.3175487390674405,11.04178288793872,3.3760445102022434,0.0,3.8551531265181054,0.48467966832311976
Kenya,2016-05,2.865786560781628,3.9108911626540155,5.198019868057235,8.938394048969746,3.4763477550750905,0.0,2.3047304000731574,1.1056105427596261
Kenya,2016-06,1.9055201620552018,3.0414013222887473,6.210191108055899,7.154989495278132,2.2611464918893995,0.0,2.2611464922590234,0.7006369454734608
Kenya,2016-07,5.198966391243411,5.7209303209550395,6.335917394117472,8.113695287472869,2.2739018585178297,0.0,4.883721003962791,0.7596899245705426
Kenya,2016-08,3.6159843150063358,3.9424951546705658,7.938596577579099,9.381091803443471,5.9795322010896825,0.0,8.781676566269494,1.1111111315852829
Kenya,2016-09,3.257359952957265,3.9268756415764483,6.301044614118382,6.733143318135802,3.4757835346000805,0.0,6.125356420156695,0.7977208183950618
Kenya,2016-10,2.1503235579746143,3.1707317449965156,5.525136943166904,6.530612342401692,2.34445004198309,0.0,4.300647555809358,0.9258337676087603
Kenya,2016-11,2.4215686673813726,3.2107843600083332,7.975490057879927,8.83333337062647,2.6568626659908254,0.0,5.147058846532353,1.1470587928583333
Kenya,2016-12,1.692471972356647,4.372664103927389,5.7714895581217585,8.526428167124399,2.562733455101059,0.0,5.0453820713208755,0.38441003944046986
Kenya,2017-01,3.6372648471912785,3.7215064726590685,7.001982040462366,6.694747163799306,2.3488603101681287,0.0,5.916749119737859,2.3587710673424183
Kenya,2017-02,2.332301307477812,3.0237358295970074,4.602683279153279,8.534571863416925,3.2352941322524686,0.0,5.789473551724973,2.6625386331733747
Kenya,2017-03,2.472627706654653,4.169708077016097,5.780109447807482,7.9242703577025555,2.6368614526259124,0.0,4.29744551877646,2.965328521864051
Kenya,2017-04,1.5274676432166145,3.179991165557072,4.872711080549352,5.685573936402858,2.322465428743189,0.0,5.265743714271551,2.0232245873881194
Kenya,2017-05,4.014443439995327,4.430756147787717,5.777400190530586,9.791843231571791,3.096856337993628,0.0,4.243840285777825,1.8351741740301617
Kenya,2017-06,2.9265148630236353,2.7632144680809128,5.358831238300816,6.9359691754086805,2.110012939106145,0.0,3.4164160374327457,1.2505371576149549
Kenya,2017-07,3.1808984565965197,2.6305139817346355,5.859975784115743,9.773370960339944,3.002832833771752,0.0,5.050587065924727,0.8862808523674626
Kenya,2017-08,2.6172033968218504,3.7994293401957946,6.24949054466857,10.052996694007337,2.4785975456795764,0.0,4.207093337645332,1.5898899790150833
Kenya,2017-09,1.9056974555284873,3.139489291893235,6.471512800465225,8.652259249540275,1.477406676394499,0.0,3.1159137130876227,0.44400784730530446
Kenya,2017-10,2.7750610721597386,3.084759616806962,6.984515109981256,10.268948697082315,3.704156521470253,0.0,5.737571378343112,1.1002444310814996
Kenya,2017-11,1.9851504656858148,3.7866353708492704,7.049628755688159,9.577960081223916,1.9851504004701057,0.0,4.990230868231731,2.0007816318851113
Kenya,2017-12,2.0821114786849604,3.9044826059167517,5.806451608413909,11.788856285994974,2.886468334226225,0.0,5.10263960371638,0.586510273633431
Kenya,2018-01,2.791728165038774,4.427621908563989,8.028065005456059,10.849335257477842,1.9830133930299116,0.0,3.3382569404911373,1.7282127008677992
Kenya,2018-02,2.2652857365051786,3.3645172883315353,6.772469144363514,8.21249590141998,1.5436017944002673,0.0,2.689609024330103,1.6739057605312395
Kenya,2018-03,2.480749920665551,3.421493090645559,6.0294612101469705,9.8393036364148,0.7331770957991296,0.0,2.0555741975677937,1.7542685005242717
Kenya,2018-04,1.8214158599231591,2.8815368115927726,6.2504448443208815,8.249733185812522,1.9281394533557454,0.0,2.522234203002135,1.045891153726076
Kenya,2018-05,2.2741432654750784,2.6822429873202576,5.869158903371028,8.965732441907479,1.3489096856214953,0.0,3.311526589252025,1.2772585521735202
Kenya,2018-06,1.3404548703514818,2.367332924962705,6.2887664258518265,7.960027558565127,0.671950387015162,0.0,1.9124742791061335,0.9614059379648519
Kenya,2018-07,1.953709985730429,2.7535738468067192,5.377808040681717,7.835262174310415,2.600408541921035,0.0,3.553437716013615,0.949625655923077
Kenya,2018-08,1.3779904477562999,2.972886840386648,6.676236111705264,7.007974711092185,1.3492823251751196,0.0,2.4338118083795854,0.401913880168421
Kenya,2018-09,4.825246006360027,3.671530388114063,9.083814357229047,10.963691783668137,1.4760773345833051,0.10179843934713269,2.9114353244475737,1.1978283548897186
Kenya,2018-10,1.9993653334382735,2.703903562439389,6.388447988666456,8.165661890315453,0.9615995055588702,0.0,2.110441228318629,1.0790225632802284
Kenya,2018-11,1.6607143110857143,2.896428704616612,5.353571610514286,7.310714338285714,1.6821428626285715,0.0,1.9714286242285715,0.3535714316571429
Kenya,2018-12,2.454585779314134,2.946389022496462,6.894107259856448,9.41958374650598,0.8108108092015951,0.0,3.6420025860841823,1.0677891383925564
Kenya,2019-01,5.355526881192954,5.219780242649044,9.657401414744665,13.797673336118292,2.8118940345423398,0.0,5.610859841453135,0.2133161001418875
Kenya,2019-02,3.635148717988306,3.7487470617922676,7.711326578619779,11.36652191633144,1.553625092946876,0.0,4.540594620914468,0.6515202297738056
Kenya,2019-03,1.8626238081918314,3.4746287411027232,7.097772375711634,21.754332024791047,0.8075495093341584,0.0,13.709777642128714,1.3737623861101484
Kenya,2019-04,3.0872704002824807,2.992125977625,7.103018442919291,9.127296686379022,1.5944881861072835,0.0,3.444881858175197,1.7814960852834645
Kenya,2019-05,2.3481308579097546,3.3907710254842285,8.73539733260923,9.93574785250924,2.7336448918183414,0.0,4.196845802724299,1.296728974650993
Kenya,2019-06,2.828618995345535,5.2440378908832965,8.086522353868553,10.906822254634395,1.7803659784270665,0.0,3.1669440230388237,1.0621187026611205
Kenya,2019-07,2.5433091461023416,3.648004123715448,7.358774862820236,8.922922476974641,2.5182024483231236,0.0,3.6505147857627414,0.9716294505064023
Kenya,2019-08,2.2038709394756126,3.424516247503388,7.486451389077677,8.800000086187355,2.988387218734452,0.0,4.588387267974193,1.1767742404923869
Kenya,2019-09,2.7744630354242243,4.460023966169341,7.535799626446599,11.619928393830547,2.6670644776763126,0.0,4.304892692021181,1.4051312689624103
Kenya,2019-10,2.8087832136230557,3.1991461492228206,7.715767126020127,9.756023227813358,3.836535455215005,0.0,4.361085740667887,1.2168343964684358
Kenya,2019-11,2.8013849545184133,2.395341581468879,7.872206616280318,10.06295273168083,3.040604431298395,0.0,4.699402024754485,0.9065155712795089
Kenya,2019-12,2.3511332911440648,3.857088024740541,9.327699054068491,9.658087026108335,3.2001536027045714,0.0,5.032654793896274,1.8670764835159428
Kenya,2020-01,1.9916889751202138,2.6951618169439002,8.263579763509732,8.791926460131789,2.036212565314337,0.0,3.455031197200356,1.5405164691362423
Kenya,2020-02,1.6933208277855127,3.258074747093016,8.551270156830444,10.065851496694888,1.7873942349576668,0.0,2.6622765857359676,1.0348071720388836
Kenya,2020-03,3.1841242218698893,5.0581915352299704,9.176365335132395,16.93822779400776,5.577439694155177,0.0,1.3398985553046852,1.1877051681945687
Kenya,2020-04,2.02682115611338,2.343797683241695,9.436147651328453,13.80981434807071,6.531545397258763,0.0,2.029868989846998,0.34745504677415423
Kenya,2020-05,1.390487762300212,2.823386882492881,7.646167924334061,11.181460157421993,4.053317226038171,0.0,3.280824063597092,0.8542865813465617
Kenya,2020-06,1.5412186206164875,3.074166009805349,8.92473127438322,10.085470070736147,3.9012958430934654,0.0,4.455472965270472,0.6451613056277916
Kenya,2020-07,2.065374632577379,3.129881504596942,8.576800649322514,11.605438440468614,4.336129567254845,0.043390223265837434,3.488574008426381,0.9025166346716808
Kenya,2020-08,1.373867290562701,4.516223424540085,9.163987086015181,10.192926197325344,4.3729904692838355,0.0,5.095001620195849,1.4294066018313358
Kenya,2020-09,2.4170615539857825,2.912058994315956,8.778304485737213,10.795155396319114,3.1595578193254346,0.0,4.4813060651248025,0.6714060154928909
Kenya,2020-10,1.3428728793935056,2.3170060950781504,7.113373824516768,10.509081049912494,3.4039626553082005,0.0,4.212988485348927,0.31370391707649975
Kenya,2020-11,1.705468358893882,2.677314554275041,8.982133455652669,11.827287435354629,3.757444581140769,0.0,5.221981871682728,0.5766107119052517
Kenya,2020-12,2.4334344073913043,2.6525109629514665,8.938321589033018,12.639029330775195,4.111897643879677,0.0,3.2153690384216382,0.7987866302760364
Kenya,2021-01,2.7964536673332105,3.705208724674178,11.126708614865942,13.073513611496722,4.562246319401921,0.0,5.264129830446991,0.7092722678090136
Kenya,2021-02,1.0212514870129872,2.7626919916174737,6.5997639545454545,9.321133262396692,1.3105076772136954,0.0,1.4167650251475794,0.2479338867768595
Kenya,2021-03,2.476656293783904,3.4415295304490887,5.815918204481992,9.782125463085816,2.160960337545576,0.0,2.294353073223655,0.36016007752779017
Kenya,2021-04,4.00255202,3.891960858,7.277754142999999,11.38664389,2.547851962,0.0,2.139515149,0.442364945
Kenya,2021-05,1.8662674820484029,3.822355308719062,6.082834276906687,9.04191662235978,1.0778443301447107,0.0,1.4520958635768464,0.329341324493513
Kenya,2021-06,1.4186851118754327,3.129016357171033,5.526445893442907,9.095402961206624,0.6821552007103312,0.0,0.6772120752713792,0.25210084751952544
Kenya,2021-07,3.3774319695875485,3.735408541680934,5.85214017385214,9.175097292607004,1.7859922034007782,0.0,3.1284046825447467,1.2256809714396886
Kenya,2021-08,3.3940129295703882,4.939320432252427,7.119741080818366,10.78074458678398,1.5291261825408575,0.0,2.135922270436893,0.9830097257795308
Kenya,2021-09,3.9096874608444616,4.496333581590892,7.495175674626785,11.242763299868775,1.8718641538865302,0.0,3.7244306114403702,1.644152842015438
Kenya,2021-10,1.5416666741999998,4.098958459532292,5.630208328755729,10.020833624178646,1.5624999629864582,0.0,1.4479167010302083,0.4843750095822916
Kenya,2021-11,1.6198262675396016,4.813490160505877,7.669902943965253,15.140521228896269,1.3438937371027082,0.0,1.108840075631068,0.9044455821997957
Kenya,2021-12,4.031759976640494,4.905160976119983,6.9916189640141155,10.626378497653285,2.117335759201588,0.22496693334891926,2.765769752106749,2.708425203750331
Kenya,2022-01,3.412073578624147,4.619422696869291,6.26246735204252,11.39632534367454,1.0183726962467192,0.0,1.2598425321469815,0.3307086709648294
Kenya,2022-02,2.454545459871658,4.251336924278075,5.807486714780748,11.941176094117647,0.4973262262673796,0.0,0.8502673848556149,0.3529411837219251
Kenya,2022-03,7.503410470351978,6.4324694962905875,7.039563367661664,12.34311057861528,2.824011017754434,0.08185539242974078,6.70873125133015,1.3267394062789903
Kenya,2022-04,12.692026199795173,7.6517919682428674,10.537673881609365,14.096561498668617,1.8361375644272129,0.3291880027329919,6.415508415710315,2.8383321631046083
Kenya,2022-05,2.2884512782032997,3.070782409360298,5.742416273029272,9.925492473346461,0.7982969919611494,0.0,0.9845662708371474,0.830228853161256
Kenya,2022-06,3.6638572417451662,4.338125882089737,7.704511797471492,11.596430468641545,1.204759589055528,0.0,1.0560237948562219,0.37679723065195836
Kenya,2022-07,4.318522193198203,3.8442336491642535,6.90464316375237,9.960059600499251,0.8437343907998001,0.0,1.0484273594108837,0.5391912231692462
Kenya,2022-08,7.1572016581926565,3.2695325521393164,5.7765924931371195,7.916535955780358,2.422340858364606,0.0,4.33009100197176,4.452463142369627
Kenya,2022-09,5.326897944,3.5454146429999995,6.169372465,8.635366303,0.895129468,0.0,0.710838099,2.031592906
Kenya,2022-10,3.8677536927210148,3.2336956455000005,6.145833324916667,9.846014691391304,1.3903985312826088,0.0,1.5353261777826088,1.6983696082246376
Kenya,2022-11,5.691275095634899,3.9239373727355704,9.212527862158389,13.485458624000001,1.60626400732349,0.0,2.416107446507383,5.503355726324832
Kenya,2022-12,4.410835205451467,3.76523709993228,8.306997979379233,8.902934528893905,1.3589165169638826,0.0,1.787810411975169,1.670428991027088
Kenya,2023-01,4.823284822883576,3.1351351289999996,6.844075097476091,10.673596577276506,1.8586278304927235,0.0,2.6902286722390856,2.0291060865966735
Kenya,2023-02,6.996419073561774,3.7958819307851384,7.851387414736796,11.499552582479858,2.4440465599606083,0.0,2.6589077820219336,4.6642790758111
Kenya,2023-03,11.23933355977245,4.981714736336042,6.448598365052824,11.32872796396993,2.377082476991467,0.0,3.6651766336273877,3.6895570307427876
Kenya,2023-04,6.031482952112677,3.036454066072908,8.562551901615576,10.09527767212096,1.1847555488815245,0.0,2.4813587740472247,1.2924606480944492
Kenya,2023-05,5.688943897986799,4.603960342722773,6.382013272168316,10.771452046872938,2.116336660786304,0.0,2.821782310443069,0.8168316620156767
Kenya,2023-06,4.786437852530163,2.4614707538044915,7.675033096627917,9.295464548898282,0.7177454842730074,0.0,2.0695728232611184,0.29062086736944076
Kenya,2023-07,16.994409810226898,2.591252843926011,7.6685301058013815,7.076619549874055,1.2463005702374217,0.0,10.318974456116411,1.8546531326099966
Kenya,2023-08,5.187257907928541,3.895824385306931,4.808437377817477,8.157554732148945,1.9672837385708135,0.0,2.961687686879897,0.6672406063831252
Kenya,2023-09,6.3734440788344395,3.6431535943672197,7.817427508144398,8.340248843806224,1.3858921099024895,0.0,1.1369294449348548,1.1203320094178424
Kenya,2023-10,3.3408273466996397,3.2014388292018885,7.090827393770234,8.516187033628597,0.8902877564500901,0.0,1.3758992978821942,0.16187051012589926
Kenya,2023-11,6.80888595329725,4.7038082259337095,8.635402162898801,10.835684006287023,2.3025387434136104,0.12693935622143865,1.6220028377016926,1.3822285428547247
Kenya,2023-12,4.7579052071017784,4.130434730284585,6.842885493232212,9.841897118256918,1.274703531263834,0.0,1.6353754658626483,0.7114624439456522
Kenya,2024-01,5.187576782185117,3.9298892750159906,7.047970613242927,7.607626123204182,1.9926199245221403,0.0,2.398523948102706,0.6734317375132227
Kenya,2024-02,2.7472103866787227,2.6856483423709117,6.41015781318661,7.537514422736437,1.104270875559446,0.046171606511735276,1.2043093757425933,0.13851481853135822
Kenya,2024-03,2.589972258562904,2.2177791933940325,5.226084416585666,7.837588410367271,0.9781605572168562,0.0,1.6517995065899722,0.6920947473220547
Kenya,2024-04,2.1906542018766357,2.5607477083140187,4.8971961544635505,6.25046742557757,0.6429906738542056,0.0,1.371962680519626,0.5831775936672896
Kenya,2024-05,3.46417442664486,3.5794392705626166,6.439252367717757,8.361371187070407,2.3426790997146414,0.0,1.5607476309838004,2.834891009930841
Kenya,2024-06,2.9376633176259794,2.359089241328854,5.73348278162374,6.103023703505039,1.175811914811497,0.0,3.0981710931243,0.8062710200410601
Kenya,2024-07,5.298435882357803,1.6310245888104051,10.373444092799236,8.21895950916342,4.040855087793808,0.0,4.9920202628828605,0.8873284605020746
Kenya,2024-08,3.926022056,3.283582161,7.3491237599999995,11.210252879999999,1.628812422,0.0,4.720960276,0.515898786
Kenya,2024-09,3.0066889660000005,3.464882828,8.096990075,10.15384645,2.187290853,0.117056856,3.896321078,0.581939818
Kenya,2024-10,3.198005687417379,3.237179507303419,5.680199353800569,9.668803283036324,1.4066951562389602,0.16025641040776356,1.8482906097407408,1.1111111298963674
Kenya,2024-11,4.195444387440117,2.927994123454445,7.185892827743571,12.068331578376192,1.9875091288523143,0.0,3.0786186431061715,0.6171932642964733
Kenya,2024-12,2.8472223214496526,2.816840199485677,4.90451400280165,9.600694239190538,1.6493055968815105,0.0,2.3003472944726564,1.0329861401692708
Kenya,2025-01,2.548275914478621,2.755172474424138,7.458620762331724,7.693103626202758,1.3655172550124137,0.0,1.6275862086613795,1.0241379652758622
Kenya,2025-02,3.998738604604541,4.042888778006623,8.457899800396403,10.955534846140019,1.797540200381268,0.04730368924597919,2.2705772253405865,0.8703879100312204
Kenya,2025-03,4.163712460524653,3.1227843202887526,8.727038294197873,9.423138747009993,3.2355784521443764,0.0,2.9100870720928134,0.9281340395101515
Kenya,2025-04,4.505293897984666,4.552756577573932,11.679445306308873,14.09638575177437,3.4903248631401973,0.0,2.500912689606791,1.6319825115815991
Kenya,2025-05,5.592734316432122,4.754620809082218,10.535373099321223,11.991714530076482,4.110898494324092,0.0,3.413001916338432,0.6500956048824091
Kenya,2025-06,5.1271323343933055,5.014483391799163,9.507563737907951,14.084325891213389,3.678789666276151,0.04827808167364017,6.958481249874477,0.859349879497908
Kenya,2025-07,6.327272964546061,5.163636330160302,10.572727085127273,15.369697017418181,4.793939272225757,0.0,6.206060460359092,0.927272760749697
Kenya,2025-08,5.6834092785388135,5.372907487762557,12.517503854794521,18.340943766210046,2.1430745188127855,0.0,3.497716759543379,0.5296803610045663
Kenya,2025-09,5.836023093083925,6.271788349300839,13.240800598089088,17.56940000755326,2.772756643347644,0.0,5.103292551734344,0.9102646811439639
Kenya,2025-10,5.304375401959099,6.211160396177553,10.529486212159163,17.805960098249844,2.85351943925428,0.0,5.399492781734939,0.9226379398823716
Kenya,2025-11,6.3048497559422625,7.01088775543583,12.632794492405145,18.119432743233254,3.1243814799808645,0.0,4.549653622654899,1.0986473333055098
Kenya,2025-12,5.723195788744876,6.584496614614791,13.174933218509057,14.431244183626857,3.406593429312741,0.0,5.147015153168993,2.7710127836293434
Lesotho,2015-01,3.287671363356164,1.0273972602739727,5.958904632534247,13.835616801369863,8.835616829794521,0.0,7.397260404452055,0.0
Lesotho,2015-02,6.260869503,4.565217391,20.73913077,17.652174800000004,5.086956750000001,0.0,11.608695570000002,1.043478302
Lesotho,2015-03,5.569620374278481,1.645569660236287,5.316456058666666,7.974684088,8.860759694751055,0.0,5.06329144078481,4.303797388303797
Lesotho,2015-04,14.21052657,2.456140379,17.0175452,16.72514628,4.912280758,0.0,13.33333386,2.631578947
Lesotho,2015-05,5.625000099,2.583333353,6.500000258,11.08333339,4.500000179,0.0,5.125000079,0.50000002
Lesotho,2015-06,1.707317093,2.43902439,3.536585676,15.650407180000002,7.317073558,0.0,7.804878359000001,0.0
Lesotho,2015-07,5.058823847654901,1.0588235484862745,4.823529767152941,11.921569039058824,3.4117648183215685,0.0,10.352941397333334,3.764706031937255
Lesotho,2015-08,4.356846572,4.979253112,10.53941932,18.63070593,7.842323691,0.0,1.493775993,0.622406639
Lesotho,2015-09,1.7427386092116182,3.7344398335601663,9.709543805842323,14.481327144813278,11.327801205892115,0.0,3.9834026475186723,0.0
Lesotho,2015-10,4.483985731,7.686832876000001,7.686833045999999,18.82562289,6.192170851999999,0.0,5.978647755000001,6.40569395
Lesotho,2015-11,1.9565216869999997,2.282608765,12.82608751,21.81159439,4.420290045,0.0,4.239130366,5.978260870000001
Lesotho,2015-12,11.76211456,6.343612167,5.022026789,19.471366079999996,8.061674093,0.0,6.740088505,10.17621162
Lesotho,2016-01,3.461538484182692,0.7211538458653846,5.4807696209134615,13.89423047451923,7.355769092740385,0.0,8.653846153413463,11.82692371875
Lesotho,2016-02,12.674418530093021,8.953488520465116,8.37209335548837,18.682170568649724,13.604650756604654,0.0,9.302325581999998,13.720930362418605
Lesotho,2016-03,14.45344131,4.858299595,15.627530519999999,26.35627536,9.716598611,0.0,6.396761211,15.18218691
Lesotho,2016-04,4.157303246,4.3820224,9.325842911,17.86516874,8.20224687,0.0,11.01123635,7.528090477
Lesotho,2016-05,11.46551709788793,7.327586206840519,16.16379351435345,16.336207036551723,8.146551765482759,0.0,4.74137941286638,12.06896551525862
Lesotho,2016-06,2.819383196431718,2.4229074891629954,7.092511181409692,11.541850455506609,5.418502077048458,0.0,5.154184938193833,6.519824188061674
Lesotho,2016-07,2.708333333,9.708333015,11.12500002,14.83333329,7.4999998009999995,0.0,1.62500004,3.958333532
Lesotho,2016-08,4.292683136136586,4.634146341834147,9.21951247404878,8.780487804760975,3.7073171428682925,0.0,2.6341461550243905,3.1219511496
Lesotho,2016-09,2.706766935774436,2.255639097556391,5.413534049263158,12.443609798045115,3.4962405830902257,0.0,3.8345865734097746,5.075187970086466
Lesotho,2016-10,3.861003860849421,5.945945890656371,15.521235810810811,27.528958058037173,11.389961755212354,0.0,6.254826180772201,2.0849419374517373
Lesotho,2016-11,2.5210084033865545,4.411764705672269,7.184874210411765,14.873949823711165,5.9243698078991605,0.0,5.54621850717647,5.546218607840336
Lesotho,2016-12,4.2995169545893726,4.58937198036715,8.260869864502414,20.531401772367147,12.995169124637682,0.0,4.637681343922706,5.65217393615459
Lesotho,2017-01,5.83710400718552,4.072398190090498,10.180995906262444,10.769230747420815,10.85972829556561,0.0,3.8009049126515837,3.9366514976832585
Lesotho,2017-02,2.076923022,2.192307619,9.000000587,10.53846176,6.461538535,0.0,2.307692399,1.9615385169999997
Lesotho,2017-03,2.007874072,0.590551181,8.267716911,14.76378009,7.677165636,0.0,4.960630071,7.440945107
Lesotho,2017-04,6.504854299961165,5.097087378563106,9.17475755968932,17.330096420194174,6.699029218485437,0.0,6.4077673606990295,5.388349699495146
Lesotho,2017-05,2.291666633611111,6.041666534263888,11.354166933333335,17.500000037916667,9.895833250597223,0.0,11.041667478888888,4.583333267222222
Lesotho,2017-06,3.980582663236246,0.9708737859223301,7.249191123495145,16.278317752427185,10.194174604207118,0.0,5.242718693786408,7.184466266634305
Lesotho,2017-07,6.008403441096639,6.386554541243698,10.924369751008403,8.025210043970588,6.764706242525209,0.0,5.924370007886554,2.3529412363613447
Lesotho,2017-08,2.3145401862908015,3.175074127311573,8.635014950086054,14.421365027626111,5.48961424358457,0.0,8.011870143495548,0.0
Lesotho,2017-09,1.1818182104000001,2.999999884214026,5.818181977304935,13.090907946837223,6.272727648441298,0.0,4.999999999518182,1.5454545891363636
Lesotho,2017-10,0.0,3.2915360501692787,11.097179161379309,19.592476787084642,5.893416838570534,0.0,6.677116047335424,3.667711763435736
Lesotho,2017-11,3.416370073266904,2.5622775966405693,3.9501782409395014,18.04270548939502,8.113879240982206,0.0,3.736654889580071,7.793594509565836
Lesotho,2017-12,5.387755121771429,5.510204082053061,7.836734907755102,15.591837434530616,2.693877609057143,0.0,7.224489717534694,1.4693878136199396
Lesotho,2018-01,2.6818182255545455,2.4545454975,9.000000411790909,11.954545861363636,2.318181883472727,0.0,7.090909264445455,0.5454545671090909
Lesotho,2018-02,3.3600000383359996,4.560000037828,7.160000229327999,17.120000172,5.6799998283879995,0.0,5.520000362316,1.920000076696
Lesotho,2018-03,2.482014337,9.388489346,8.525180045,22.73381408,6.043165365,0.0,4.532374152,4.316546763
Lesotho,2018-04,3.660130968,3.0718954559999996,7.450980922000001,11.176470679999998,2.35294127,0.0,4.901961096,0.0
Lesotho,2018-05,2.568493151,4.417808252,10.17123314,15.719178109999998,7.089041357,0.0,7.705479451999999,1.232876761
Lesotho,2018-06,4.143426237609562,4.661354505215139,8.247012255772908,20.079682931394423,5.816733029282869,0.0,4.063745323964143,0.0
Lesotho,2018-07,4.372469616,5.22267191,5.546559013,14.210526369999998,5.34412967,0.0,6.801619124,0.0
Lesotho,2018-08,1.94656494,2.175572537,6.946565268,14.92366454,4.236641367,0.0,5.954198255,0.45801528500000005
Lesotho,2018-09,2.631578947,7.894736842,15.087719549999997,17.98245593,1.5789474310000002,0.0,9.868420948,0.0
Lesotho,2018-10,3.559322074,5.974576332,7.627118947,14.91525496,1.5254237889999998,0.0,2.16101701,0.508474596
Lesotho,2018-11,3.027523000940367,1.7889908690779817,7.568807667605506,11.10091811380734,3.853211162518349,0.0,3.9908257094449544,0.0
Lesotho,2018-12,7.309644596954314,7.309644596954314,12.131979986192894,21.065990451167515,6.85279175738071,0.0,7.461929200111675,3.0456852788832487
Lesotho,2019-01,0.645161316,2.258064542,5.322581081,10.26881741,11.45161301,0.0,3.22580658,0.0
Lesotho,2019-02,4.91289195328223,7.770034909881533,8.745644815275263,17.247387007108014,7.2125435710662025,0.0,9.616724792195122,3.03135890174216
Lesotho,2019-03,5.703125024752604,5.00000001201823,8.203125558632813,11.197916918489582,13.177083310416668,0.0,10.546875431640625,3.6718750989192706
Lesotho,2019-04,8.97574135549326,7.43935294593531,11.401617367574124,15.741239338086254,8.490566101601079,0.0,2.6684637013611856,2.749326158218329
Lesotho,2019-05,4.7368421054473675,1.500000012205263,23.131578973315786,16.131579312293756,9.710526591357894,0.0,10.736842344263158,6.631579023021052
Lesotho,2019-06,4.239130452,2.608695583,17.82608723,12.898550520000002,9.45652205,0.0,13.15217381,4.56521753
Lesotho,2019-07,5.43689334260194,5.5016180455145625,10.582524210485436,13.980582921941748,7.572815487533981,0.0,24.271845661359222,3.4951457698640778
Lesotho,2019-08,0.7500000296906248,1.406250000121875,5.531250089690625,16.437500045249998,3.2187500597531247,0.0,6.75000026821875,0.0
Lesotho,2019-09,7.316294189,2.300319504,8.146965313,14.28115056,6.325878731,0.0,2.587859394,5.591054237
Lesotho,2019-10,9.072165227195876,1.5463917524226805,8.041237309577319,18.83161485371134,5.567010243402062,0.0,11.03092837793814,7.731958844783505
Lesotho,2019-11,2.7672955826415095,8.522012398188679,16.037735545660375,18.58490592573351,7.452830128905661,0.0,8.67924540316981,2.547169856
Lesotho,2019-12,3.238636391,2.8977273540000006,8.352273161,14.034091210000001,5.113636499,0.0,3.9204546,2.215909145
Lesotho,2020-01,1.132075517,6.79245265,16.98113208,6.226415228999999,8.679245553,0.0,11.03773589,4.245283019
Lesotho,2020-02,6.367041198393258,3.7453183520561804,16.704119996404494,27.640448889113323,8.239700374932585,0.0,10.449438417191011,5.992509541404495
Lesotho,2020-03,11.96551750937931,8.344827520882758,13.448276190758621,36.24137919748838,16.724137768827585,0.0,14.482758707448276,4.6551724135586205
Lesotho,2020-04,2.1250001587833327,7.12499976155,22.916667365166667,33.4583352055,18.124999897583333,0.0,9.500000179175,0.5000000195666666
Lesotho,2020-05,8.354430460227848,13.037974720675106,15.274261920675105,24.683544810049064,21.772152263037974,0.0,3.037974804329114,4.430379746805907
Lesotho,2020-06,2.153465358737624,5.198019801876238,8.044554455069306,20.594060122029703,12.029703127107991,0.0,8.292079620861387,4.084158475267326
Lesotho,2020-07,9.155673024290238,8.100263864680738,10.343008112401055,20.606859757150396,11.79419533065963,0.0,9.182058349889182,2.3746701842849602
Lesotho,2020-08,4.523281776,5.720620885,8.980044557,22.68292751,5.587583212,0.0,9.64523308,0.5986696340000001
Lesotho,2020-09,3.6912752216196867,4.496644167158836,8.791946564724832,15.190156990425058,6.44295322301566,0.0,4.899328879964207,0.335570470228188
Lesotho,2020-10,2.2480620894315244,1.9379844959043928,8.397932878527133,23.90180976640827,9.896640999728682,0.0,6.821705512299741,1.2403101271059431
Lesotho,2020-11,5.196850412,10.62992126,8.385826847,16.6929138,25.03937145,0.0,10.39370101,3.543307087
Lesotho,2020-12,10.352112541901409,1.056338028221831,8.802816901848592,17.535211166725354,10.14084530334507,0.0,9.71830982572183,3.1690140846654926
Lesotho,2021-01,6.949541109,7.018348821,4.954128528,11.97247724,4.403669626,0.0,9.564220304000001,0.0
Lesotho,2021-02,2.635983294,2.69874479,8.849372624,8.410041901,6.841004343999999,0.0,6.652719556,3.765690626000001
Lesotho,2021-03,5.1588786201532715,3.3084113574691587,13.289719874654207,20.392523345457946,7.700934766426168,0.0,7.738318130848599,2.691588714
Lesotho,2021-04,6.428571593757576,5.779220944015152,12.2510824370598,17.92207780863636,7.012987033257576,0.0,6.5584413411969695,3.116883240378788
Lesotho,2021-05,5.063291340717298,1.2658227850738397,9.535865290875527,19.28270023839663,9.113924563607595,0.0,8.31223630685654,2.721519007700422
Lesotho,2021-06,5.171755979770993,4.675572519417939,11.125954694656489,14.026717787690842,6.316793784160305,0.0,11.164122184637405,3.0343511174141224
Lesotho,2021-07,1.5537848990557768,1.4940239042529881,13.027888936812749,17.091633072868525,12.250996066314741,0.0,5.318725014316732,2.390438342336653
Lesotho,2021-08,2.300319504011182,1.725239609188498,7.875399543602237,12.683706652795527,7.3801919672651755,0.0,7.012779682273163,2.1565495965878596
Lesotho,2021-09,2.4120603373065324,2.6381909544120603,15.979900189949749,17.336684497688438,7.085427386854271,0.0,3.919598145467337,0.0
Lesotho,2021-10,5.2285714832000005,2.628571442057143,10.685714658376082,20.828571248000003,8.542857374514286,0.0,7.114285537118938,3.7714286533714287
Lesotho,2021-11,4.550128546449872,3.0077120946699956,4.087403807131106,18.097686274601543,7.6349613908200515,0.0,2.8534703511362465,2.3136246784190226
Lesotho,2021-12,6.832740484911032,2.2419929498932385,8.86121008335099,20.676157313202847,7.046263582217082,0.0,8.256227689558719,0.8540925612028469
Lesotho,2022-01,3.590733618532818,2.953667990640927,6.602316565343628,14.594594627027027,10.15444036367424,0.0,2.3938223658069497,4.806950101621622
Lesotho,2022-02,3.2812500643303575,1.4732143172499998,0.3348214287098214,5.758928879686671,6.004464306946429,0.0,4.553571556401786,1.941964403276786
Lesotho,2022-03,7.1634615848125005,1.8028846151778846,6.8990384161875,16.65865366084526,10.961538492596153,0.0,7.860577106778846,0.0
Lesotho,2022-04,10.828025173089172,6.62420388267516,14.713375739331209,31.656051210668792,19.140127429299362,0.0,9.299363072531847,0.7643312403821657
Lesotho,2022-05,12.422534782394367,3.718310007388732,1.605633816430986,19.633802692394365,13.605633717633804,0.0,5.577464842639436,1.6901408451633804
Lesotho,2022-06,12.804532863314446,5.467422150311616,6.03399438858357,24.64589154320113,4.844192742719546,0.0,4.447592216558074,2.1246458920113316
Lesotho,2022-07,10.138249291520738,0.8986175338202765,7.9953917714516125,20.184331504562213,6.5668202764285715,0.0,6.1520738538663595,0.8294931206405529
Lesotho,2022-08,15.03563012527316,0.9976246574726841,7.980997601591448,15.74821885415677,11.7339666555698,0.0,4.133016762584323,0.9976246574726841
Lesotho,2022-09,6.007325868,1.17216119,25.49450563,23.15018395,12.710622819999998,0.0,6.153846224,2.637362742
Lesotho,2022-10,4.329896956793814,3.5567010800721652,13.041237707628866,18.14432955216495,18.247423712474227,0.0,3.7113401078350514,3.7113403538041236
Lesotho,2022-11,9.560439481697802,4.945055075884615,11.153846189175823,17.582417649482494,9.917582522010989,0.0,4.203296821087912,6.840659759423077
Lesotho,2022-12,22.37288043,1.271186441,20.084746410000005,23.13559399,10.67796622,0.0,3.050847579,0.0
Lesotho,2023-01,11.12359534,0.0,7.696629106,14.6629217,15.056179880000002,0.0,3.3707865169999995,0.0
Lesotho,2023-02,22.19047637,10.71428571,18.28571422,34.85714322,28.71428535,0.0,3.285714104,2.42857161
Lesotho,2023-03,5.6962028331107595,5.031645600053797,10.189873732088605,21.518987571550632,4.367088743183544,0.0,1.5189874023670886,8.259493716224684
Lesotho,2023-04,16.14213208,6.395938916999999,17.05583739,28.37563517,7.76649768,0.0,3.19796964,0.0
Lesotho,2023-05,4.610389781,1.461038961,8.766233844,20.84415594,8.571428448,0.0,8.376623671,1.168831215
Lesotho,2023-06,6.163934449632787,3.4426229503672134,9.524590148596722,17.000000087409838,7.75409843095082,0.0,4.47540998482623,2.360655831540984
Lesotho,2023-07,5.255972891225256,3.2252559074368605,6.177474451561434,14.402730470836179,5.39249157346587,0.0,0.8191126609095565,4.607508531924915
Lesotho,2023-08,9.435028478,4.406779634,10.84745725,26.35593172,8.98305043,0.0,6.440678086999999,1.186440691
Lesotho,2023-09,10.145349146686046,1.0465116694011627,12.616278894568689,16.1046517425,9.389534939436048,0.0,3.924418604604651,1.744186046267442
Lesotho,2023-10,9.158575805,5.339805825,7.249190661,18.70550176,10.0970877,0.0,2.42718462,4.466019479
Lesotho,2023-11,9.644513373292119,6.213292234942814,7.80525509675425,17.047913514064913,9.319938427029365,0.0,6.166924427684698,0.8809891517156104
Lesotho,2023-12,34.36567054,9.291044812,17.01492525,40.52238874,8.059701635,0.0,5.037313433,8.955223881
Lesotho,2024-01,10.14227639,0.467479665,1.097560995,9.085366106,3.373983866,0.0,2.25609759,1.158536595
Lesotho,2024-02,4.77586215902931,2.2586207140465517,2.6379310261396554,16.413793814422217,9.051724384296355,0.0,1.948275895424138,0.2586206897931035
Lesotho,2024-03,9.898990132205387,3.1313131151178446,8.333333493510102,15.269360039983164,9.09090897060606,0.0,2.9797981881818183,2.138047186616162
Lesotho,2024-04,4.339622552,1.933962257,4.166666667,18.45912034,6.808175981,0.0,2.7044025230000006,3.8836478439999995
Lesotho,2024-05,11.19999996,1.7999999710000003,5.138461479999999,10.93846145,7.507692154,0.0,2.538461502,7.384615678000001
Lesotho,2024-06,9.294294237043543,4.33933924671021,12.372372596486487,15.180180237147146,7.777777806548049,0.0,5.090090104396396,4.324324388521021
Lesotho,2024-07,10.21806882233645,3.8317757608021807,10.451713158333332,19.859813569735202,5.124610792711837,0.0,1.4018691588691587,6.3084113631417456
Lesotho,2024-08,8.690987124802575,8.047210300706007,6.630901103699571,29.33476472201717,10.879828286845493,0.0,3.8626610467982836,8.755365308585835
Lesotho,2024-09,8.257713076,12.74047183,13.08529957,25.589836700000003,12.1052633,0.0,1.9600726730000002,7.459165223
Lesotho,2024-10,9.295774793133802,4.812206629103017,9.084507165133802,12.582159882042253,6.690141069281691,0.0,1.971831008028169,5.845070669051105
Lesotho,2024-11,12.09677430470046,5.599078330437788,9.677419134940093,17.557603864285717,11.013825097603688,0.0,1.0138249069493088,1.9354839474884793
Lesotho,2024-12,11.432926830000001,4.115853659,7.591463662,18.93292673,12.439024520000002,0.0,1.2804877469999998,6.6768295150000005
Lesotho,2025-01,7.673179277797512,1.243339254223801,5.328596844746004,3.3037300855552902,4.831261109797513,0.0,2.0781528040923622,5.452930736909414
Lesotho,2025-02,13.25925968,7.2839505,8.370370041,15.60493817,18.76543228,0.0,5.259259189,4.666666867
Lesotho,2025-03,4.527687405547231,4.918566899138437,7.3452770128827805,13.941368338911445,10.895765721188925,0.0,1.612377865718241,1.80781765220684
Lesotho,2025-04,10.153631260097765,6.787709417187151,18.15642484567039,20.7262567932425,18.6173183322486,0.0,2.1368715017011173,2.779329688445531
Lesotho,2025-05,5.440140945396126,6.179577364160211,14.507042811566901,14.859154777517604,7.975352230257043,0.0,3.6443661634471827,0.21126761433450705
Lesotho,2025-06,10.9950247533665,6.053067874553896,12.305140769618571,23.615256546865673,42.653401143814264,0.0,8.67330011840796,5.621890523767828
Lesotho,2025-07,4.185021991816447,5.6828192852540385,10.58737192321586,19.353891332880508,23.891336660220265,0.0,5.565345059449339,2.5256975111512485
Lesotho,2025-08,6.367346948057143,7.285714246887754,14.755102124489795,20.346938934163266,25.306122784938776,0.0,7.346938775428572,3.4285714679469392
Lesotho,2025-09,5.249999972,3.985294244,13.73529392,18.14705908,19.30882391,0.0,5.470588172,2.911764804
Lesotho,2025-10,5.569620374,2.088607565,17.6740503,18.08544314,12.48417798,0.0,2.6107594940000003,1.186708898
Lesotho,2025-11,4.463276889683616,3.9171374228681732,13.145009671867474,18.775894678568736,15.103578299774012,0.0,4.067796726585687,2.3728814272711864
Lesotho,2025-12,9.730392402470589,3.9705881885808822,14.093137191887255,18.284313877647058,15.392157025759806,0.0,5.245098062642158,3.602941305446078
Liberia,2015-01,0.0,0.0,28.65168593,19.1011244,0.0,0.0,23.03370813,0.0
Liberia,2015-02,0.0,0.0,28.65168593,19.1011244,0.0,0.0,23.03370813,0.0
Liberia,2015-03,0.0,0.0,25.67901288,20.24691458,0.0,0.0,20.86419765,0.0
Liberia,2015-04,0.0,0.0,23.370787,19.77528186,0.0,0.0,18.98876415,4.044943981
Liberia,2015-05,0.0,0.0,23.370787,19.77528186,0.0,0.0,18.98876415,4.044943981
Liberia,2015-06,0.0,0.0,23.370787,19.77528186,0.0,0.0,18.98876415,4.044943981
Liberia,2015-07,0.0,0.0,23.370787,19.77528186,0.0,0.0,18.98876415,4.044943981
Liberia,2015-08,0.0,0.0,23.370787,19.77528186,0.0,0.0,18.98876415,4.044943981
Liberia,2015-09,0.0,0.0,23.370787,19.77528186,0.0,0.0,18.98876415,4.044943981
Liberia,2015-10,0.0,1.34831466,23.370787,19.77528186,0.0,0.0,18.76404527,4.044943981
Liberia,2015-11,0.0,1.34831466,23.370787,19.77528186,0.0,0.0,18.76404527,4.044943981
Liberia,2015-12,0.0,0.0,26.000000539999995,20.500001010000002,0.0,0.0,20.87500036,0.0
Liberia,2016-01,0.0,1.34831466,23.370787,19.77528186,0.0,0.0,17.64044976,4.044943981
Liberia,2016-02,0.0,1.34831466,23.370787,19.77528186,0.0,0.0,17.64044976,4.044943981
Liberia,2016-03,5.555555555079366,1.2698413203703702,23.54497417671958,25.026455255555557,5.079365281481481,0.0,20.0529106047619,0.0
Liberia,2016-04,9.025787966,5.816618693,17.39254961,37.2206306,7.564470351,0.0,20.3438405,2.664756502
Liberia,2016-05,9.949999809,4.650000095,15.22499973,33.27500135,7.699999809000001,0.0,16.07499969,0.0
Liberia,2016-06,5.798525424,4.496314309,24.20147543,31.867322820000002,13.34152409,0.0,17.051598250000005,2.0638822039999996
Liberia,2016-07,10.351352180000001,14.89189148,20.67567497,37.05405345,5.108108521000001,0.0,13.72972978,0.324324337
Liberia,2016-08,2.861035422,8.77384217,17.16621182,33.48773987,8.419618425,0.0,18.33787471,2.6158039189999998
Liberia,2016-09,3.80319154,7.659574771999999,15.23936182,40.31914752,8.031915097,0.0,19.30851049,1.2765957950000002
Liberia,2016-10,2.616822311,1.682242872,11.308411350000002,26.29283418,4.828660436,0.0,14.29906619,2.897196321
Liberia,2016-11,10.85443014,5.569619769999999,9.778481269,23.924051660000003,5.031645449,0.0,13.03797402,2.753164798
Liberia,2016-12,8.971060971,11.47909992,11.41479107,30.48231487,16.36655998,0.0,13.34405175,1.254019323
Liberia,2017-01,12.24586361,11.39479833,13.00236418,25.910165289999995,11.82033063,0.0,26.00472926,0.472813239
Liberia,2017-02,8.980262907,5.625000124999999,13.947368450000003,22.99342054,7.401315946,0.0,19.86842187,1.973684211
Liberia,2017-03,3.6206894909999994,2.729885057,12.155172330000001,28.045978970000004,3.1896551449999997,0.0,13.908046689999999,2.155172414
Liberia,2017-04,6.000000114,3.2238806540000002,13.01492563,19.820896190000003,12.62686502,0.0,22.14925424,2.417910562
Liberia,2017-05,4.540059121,4.065281843,8.308605483,21.00890319,8.456974001,0.0,8.842730027,0.0
Liberia,2017-06,5.28985498,7.584540971,20.41062813,30.74879134,10.869564870000001,0.0,10.82125608,2.101449229
Liberia,2017-07,2.874692828,5.896805897,11.842752149999999,18.894349439999996,9.06633909,0.0,7.690417737,0.368550369
Liberia,2017-08,3.139534884,4.046511982999999,8.813953732,16.767442559999996,7.465116478999999,0.0,8.186046467,0.279069779
Liberia,2017-09,8.39694656454962,5.0890585246717555,16.234096801832063,19.05852456183206,8.167939513648854,0.0,8.49872788112977,0.9160305705343511
Liberia,2017-10,4.076086957,3.6684782610000006,11.032608600000001,22.49999979,4.728260766,0.0,7.853260766,1.956521817
Liberia,2017-11,6.949152649887005,4.3220339525282485,13.81355948516949,18.78531086864407,5.338983212330508,0.0,11.807909657344632,0.0
Liberia,2017-12,5.479041973,2.844311377,14.22155717,15.44910205,2.065868292,0.0,10.089820300000001,1.077844354
Liberia,2018-01,7.358490566,11.86792536,21.01886767,30.7358502,9.792453118,0.0,8.566037664,0.0
Liberia,2018-02,5.771428608,3.752380916,15.23809506,20.34285677,6.800000145,0.0,11.21904791,0.285714286
Liberia,2018-03,4.399376094,6.3494538,10.639625560000002,24.711389400000005,3.837753421,0.0,7.1762872,1.216848704
Liberia,2018-04,5.468483880999999,6.3373081529999995,22.385009919999998,20.81771811,2.657580985,0.0,8.398637008,0.20442931
Liberia,2018-05,6.033210472999999,6.088560886000001,19.52029524,24.963098209999995,6.365313829,0.0,14.686347110000002,0.276752768
Liberia,2018-06,5.401606588,8.032128323,24.97992056,28.79518002,1.8072289160000001,0.0,11.94779121,2.168674785
Liberia,2018-07,15.814814389999999,23.85185295,18.0185182,33.70370596,6.500000070999999,0.0,15.81481492,1.277777795
Liberia,2018-08,3.047445264,9.999999861,16.77007379,29.3248164,4.98175186,0.0,12.55474456,2.57299277
Liberia,2018-09,6.298568741,16.01227056,11.28834371,36.15541941,5.17382417,0.0,15.378322679999998,1.165644182
Liberia,2018-10,4.629948299,15.43889924,12.68502611,37.79690245,6.161790378,0.0,12.65060257,1.807228916
Liberia,2018-11,6.516516458743243,9.564564392750752,7.207207350321321,25.28528462244745,2.34234229256006,0.0,10.960961105045046,1.6216216148138138
Liberia,2018-12,8.740399473665128,7.480798631533026,12.273425662488476,25.560677182611368,6.927803547563748,0.0,14.961597956129033,0.0
Liberia,2019-01,7.098674493000001,11.56111985,11.516937210000002,26.421207459999998,6.980854387,0.0,13.063328149999998,0.0
Liberia,2019-02,10.87557548,9.385560441,13.60983123,25.65284134,10.81413201,0.0,15.115208379999999,2.534562212
Liberia,2019-03,7.86237228,15.519765740000002,18.66764373,39.35578264,5.226940048,0.0,14.02635403,0.175695468
Liberia,2019-04,3.779411737,9.38235339,12.39705885,20.08823602,4.058823586,0.0,14.35294151,0.661764706
Liberia,2019-05,12.76108738,25.007153919999997,12.9041493,34.66380536,4.32045794,0.0,40.05722338,1.716738197
Liberia,2019-06,12.0254957,13.866855469999999,18.21529764,36.09065202,8.725212384,0.0,38.24362613,0.21246458899999998
Liberia,2019-07,9.172229741,9.719626320999998,11.76234995,26.568758340000002,8.611481849,0.0,13.40453895,0.5607476700000001
Liberia,2019-08,6.874999813,5.821078431000001,12.46323492,19.338236109999997,5.637254873,0.0,12.990196219999998,1.360294164
Liberia,2019-09,9.790322704,15.19354828,12.403226209999998,30.35483826,5.387096674,0.0,12.822580649999999,0.919354808
Liberia,2019-10,7.063492012999999,5.648148154,14.84126982,25.64814813,4.682539727,0.0,23.98148094,1.388888889
Liberia,2019-11,16.61514624,14.48222662,10.75734167,29.644512360000004,7.990726806,0.0,17.86707903,2.751159189
Liberia,2019-12,20.35149506,21.73989502,22.47803174,48.13708425,7.275922561999999,0.0,31.722321280000003,1.845342707
Liberia,2020-01,18.77712084,9.368836292,16.70611455,27.51479436,8.698225068,0.0,27.35700325,0.0
Liberia,2020-02,31.01515149,11.060605919999999,13.757576,31.030301900000005,7.500000252999999,0.0,10.37878759,2.7272727270000003
Liberia,2020-03,12.38512085,5.010940783,10.306345870000001,21.22538377,4.857768167,0.0,7.833698281000001,0.0
Liberia,2020-04,6.1969116390000005,7.123552004000001,31.891892410000004,56.02316631,15.98455639,0.0,12.47104282,1.389961445
Liberia,2020-05,11.40529488,10.896130349999998,17.35234212,48.20774013999999,13.441955189999998,0.0,11.3238288,1.344195597
Liberia,2020-06,5.518134764139033,6.649395550391191,12.202073134516407,27.953367772668397,4.766839443943005,0.0,9.801381960515544,0.12953367831174437
Liberia,2020-07,7.0902398280000005,6.436464141,12.661141630000001,23.710865360000003,7.569060844,0.0,9.198895168,1.381215492
Liberia,2020-08,3.62156679311292,6.439470929877925,7.995930959811802,17.934893206815868,5.768056851561547,0.0,15.218718831943033,0.3662258537945066
Liberia,2020-09,3.3809000782788146,3.8090010762678377,11.459934467618003,12.601537235038421,5.334796863964874,0.0,12.063666734753017,0.493962678744237
Liberia,2020-10,3.118971102,4.5123259739999995,6.859592737,21.68274411,8.295820176,0.0,12.96891767,0.0
Liberia,2020-11,7.114428074,8.084577144,8.208955134999998,17.4626864,5.509950095,0.0,12.25124405,0.186567164
Liberia,2020-12,10.013123379606299,7.572178577318898,11.587926692007875,22.887140181876642,7.952755861993438,0.0,8.044619322713912,0.7480315020472441
Liberia,2021-01,15.794655705203938,12.74261635308017,16.62447294886076,30.309424686694797,8.059071757007032,0.0,9.845288494379748,0.0
Liberia,2021-02,6.774193548,4.62365576,14.774194329999998,16.68817264,6.709677327,0.0,12.83870943,0.580645172
Liberia,2021-03,7.460567778000001,8.012618815,9.826498603,20.205046970000005,5.283911822000001,0.0,7.807570789999999,0.23659306
Liberia,2021-04,6.433447391999999,4.982935121,10.08532446,20.27303782,4.607508654,0.0,8.959044165,0.255972696
Liberia,2021-05,7.876983900000001,3.253968178,10.55555571,15.59523902,5.198412802,0.0,12.34126961,0.535714295
Liberia,2021-06,8.144531398529296,3.769531287386719,11.26953158783203,17.773437215625,7.50000006516797,0.0,9.570312499921874,0.2929687501816406
Liberia,2021-07,6.155143338999999,4.485666008,11.87183821,19.12310288,5.463743974000001,0.0,12.360876769999999,0.252951096
Liberia,2021-08,8.114478243,2.22222219,9.831649928,16.56565658,6.919191943000001,0.0,14.040403980000002,1.464646433
Liberia,2021-09,7.64505122735495,2.7815699980989765,9.641638225066552,16.68942007073379,4.914675922383959,0.0,12.610921432167235,1.126279928158703
Liberia,2021-10,7.049742529934821,4.922813166600344,9.485420436281302,15.403087099142367,3.962264257070326,0.0,12.212693095711836,0.6689537046723842
Liberia,2021-11,11.54296901,9.472656623,11.48437504,22.77343841,7.382812491,0.0,11.32812528,1.171875
Liberia,2021-12,5.4498269898615925,4.878892535363322,10.05190334567474,16.332179901730104,3.5813148866782,0.0,13.564014142560556,0.8823529654325261
Liberia,2022-01,9.385826832,9.842519385,14.09448849,20.04724566,5.858267987,0.0,14.393701370000002,2.362204724
Liberia,2022-02,6.538461763737763,9.65034978413986,12.762237516538463,21.678322223776224,6.0664335330699295,0.0,14.597902311118881,0.8916084165349649
Liberia,2022-03,13.039049429999999,5.110356601,13.633276610000001,18.40407516,3.1069609830000005,0.0,17.84380316,0.25466893
Liberia,2022-04,11.363636522727273,3.603896073087662,11.83441551935065,17.38636365905844,4.87012971559091,0.974025973616883,12.25649354766234,0.24350649390584417
Liberia,2022-05,8.648648728,1.143451143,12.61954238,13.84615402,4.553014573,0.9355509359999999,10.12474028,2.245322285
Liberia,2022-06,8.068536004,2.990654176,6.573208842,18.94081051,4.719626198,0.0,7.274143161,2.242990595
Liberia,2022-07,12.54372074,2.782194034,14.91255935,22.718601390000003,5.723370429,0.0,10.42925299,1.669316375
Liberia,2022-08,8.813813821,3.55855853,11.21621622,14.579579390000001,3.903903904,0.0,18.48348343,0.5855856
Liberia,2022-09,12.836601813960785,4.6666666419215685,12.679738528000001,19.124182503925827,5.947712293784313,0.0,17.359477802470586,0.8235294363882353
Liberia,2022-10,13.357558534651163,3.183139479303779,12.427325898023257,17.32558168209302,8.938953765776162,0.0,12.0058136665914,1.831395404431686
Liberia,2022-11,11.52838477,3.27510917,7.641921571000001,15.007278109999998,5.021834061,0.0,12.110626119999997,1.266375518
Liberia,2022-12,8.99031818514523,2.7109266813692945,10.843707247634853,17.44121789834025,6.210235342514523,0.0,13.762102512199172,1.037344398099585
Liberia,2023-01,7.436260792211049,3.2861190880793205,10.566572627280454,19.56090673770538,5.339943315842776,0.0,16.968838455934844,1.4872521247946175
Liberia,2023-02,6.991525457838983,6.158192144504238,11.228814097514123,21.864406973728816,3.813559356115819,0.0,10.028248785494352,0.8898305351200565
Liberia,2023-03,6.749311459449036,2.933884356859504,9.311294982721762,19.765839857851237,4.297520733641873,0.0,9.049586914512396,0.4132231404077135
Liberia,2023-04,8.977272565131818,3.8636362549431826,11.113636279295454,16.272727358522726,7.659090920106818,0.0,10.909091178204545,1.7045454544363638
Liberia,2023-05,6.111888184951049,1.986013992839161,9.468531575496504,16.153847120736383,4.153846094142138,0.0,10.895104870489508,0.20979020945454546
Liberia,2023-06,6.145833308553819,4.444444593939235,12.934027782690974,12.291666494895834,9.58333346582118,0.0,6.892361119585069,2.760416683373264
Liberia,2023-07,7.467626015723741,3.280575498543885,10.805755180316545,18.489208534791366,7.611510736644605,0.0,9.510791387153958,1.4244604796201439
Liberia,2023-08,7.5213674803663,4.175824036336996,8.034188057313797,12.442002774114773,5.592185295164835,0.0,14.66422497118437,0.8791208556043956
Liberia,2023-09,3.4560569962244654,2.197149558294537,12.054632055938242,13.182897665862843,6.377672412476247,0.0,10.700712806448932,1.4608076236270784
Liberia,2023-10,3.7774524783426067,2.2254758136105415,5.988286913428989,7.437774447250366,3.4699852608667645,0.0,7.042459826898975,0.9224011987642753
Liberia,2023-11,7.034813828230492,3.529411833469388,6.710684456552221,11.320528265258103,4.285714348710684,0.0,8.763505717022808,0.36014405798319327
Liberia,2023-12,6.547433851469673,2.597200592099534,10.730948829937793,18.133748779315706,5.225505465723172,0.0,14.510109157514197,0.9797823006531882
Liberia,2024-01,12.805232686482556,9.49127940981105,14.24418632659884,18.430233456540694,11.686046628924418,0.0,14.229651215843022,2.4709302326162783
Liberia,2024-02,3.1117021399999993,5.651595618,10.14627662,14.74734155,3.510638342,0.0,9.04255335,1.156914932
Liberia,2024-03,3.491204387767253,5.723951052990528,11.20433036698241,21.759134285520975,4.059539918755075,0.0,10.866035241407307,0.9066305884709066
Liberia,2024-04,2.9160530474447715,2.2533136542459498,8.085419854444773,14.889543568630339,2.16494856556701,0.0,13.048600972444772,0.7511045861840943
Liberia,2024-05,12.828282835000001,5.286195221796296,13.28282809584175,22.659933445420872,4.494949623609427,0.0,14.41077451138047,3.434343369927609
Liberia,2024-06,11.981981558198198,2.342342256144144,10.878378479279279,24.054054846846846,3.738738824648649,0.0,10.157658065585586,2.027027026594595
Liberia,2024-07,7.499999886715518,5.711206896581897,23.125000097456898,26.465517281077584,4.073275780301725,0.0,13.21120703939655,0.0
Liberia,2024-08,6.387665250660794,5.506607929162995,27.246696464669604,34.955945731453745,4.295154342237886,0.0,14.33920681797357,2.048458191753304
Liberia,2024-09,6.35922354369903,2.6699029129635923,23.033982163907766,23.883495867815533,3.859223381541262,0.0,11.383494701165048,1.0194174290728155
Liberia,2024-10,8.533058235506198,7.066115860051652,14.111570341322313,21.756199072417353,3.719008412582645,0.0,10.433884834607438,2.7272728850619834
Liberia,2024-11,7.03910622556797,2.3463687421899446,20.63314745519553,19.23649795240224,6.927374399594041,0.0,13.20297957422719,0.8379888270502794
Liberia,2024-12,9.584245378954046,7.352297676695842,19.29978140070022,19.518599830196937,10.831509584245078,0.0,20.437637512691467,1.7724289672428886
Liberia,2025-01,12.459893318680926,8.877005551543672,15.472370838966134,17.89661333602786,10.855614860677361,0.0,13.493761401604276,0.0
Liberia,2025-02,7.001477084,4.34268831,13.3234858,19.305761629999996,3.50073863,0.0,8.611521024,1.004431343
Liberia,2025-03,6.474820144,3.381294964,11.65467612,20.690648710000005,7.194244604,0.0,16.07194307,2.244604337
Liberia,2025-04,4.201680672190476,3.4873950379215684,8.893557857383755,11.890756814509805,3.823529572201681,0.0,11.106443003809522,0.7983193011820728
Liberia,2025-05,3.410553410687259,3.2046331251621623,7.619047717118405,18.545688320682107,5.637065538777349,0.0,7.747747692032505,1.1196910953063062
Liberia,2025-06,4.146341515420055,4.457994527859079,17.84552813712737,15.663956527642277,6.016260369159892,0.0,10.54200518730573,1.0975610271544716
Liberia,2025-07,10.22471873,5.435393366,15.688202090000003,27.17696505,13.188202090000003,0.0,17.79494466,2.6123596039999994
Liberia,2025-08,8.702064896320058,3.7610619472153393,16.622418574277287,12.979351382315633,11.002949518466076,0.0,14.35103205057522,2.1238938893274333
Liberia,2025-09,7.440401649590966,6.23588466280803,12.860727489861983,14.79297387124216,4.441656282316185,0.0,7.942284035887076,0.3011292469460477
Liberia,2025-10,8.78746594,6.130790191,15.640326089999999,18.91008206,4.577656727999999,0.0,7.820163727999999,0.5722070909999999
Liberia,2025-11,9.230769325999999,3.6324786320000007,14.74358974,23.817664810000004,8.547008853,0.213675214,10.09971522,0.0
Liberia,2025-12,10.599781878080698,7.0229008255212655,15.23446037955289,23.51145065606325,12.006543456123103,0.0,15.692475678429663,3.0098146541123225
Libya,2015-01,1.1195446407640737,3.6938647394636304,2.1252372463757117,6.654016448665401,0.30360532534218854,0.0,0.7526882236951297,0.0
Libya,2015-02,0.47471624129205364,1.2280701363137256,1.2848297259231165,2.81733754280805,0.06191950673219814,0.0,0.22703818834984518,0.0
Libya,2015-03,0.846047121,0.9801202390000001,0.49930650499999996,2.214517089,0.055478504,0.0,0.258899683,0.0
Libya,2015-04,1.08280266,1.004409603,0.592846639,2.322391025,0.450759434,0.0,0.798628144,0.0
Libya,2015-05,0.771055753,1.20996439,0.427046252,2.360616983,0.07117438,0.0,0.290628713,0.0
Libya,2015-06,1.061046539,1.867732614,1.308139535,4.135174529,0.501453478,0.0,1.4171511109999997,0.0
Libya,2015-07,0.0,0.588964662,1.246125256,1.804091778,0.07439553899999998,0.0,0.836949857,0.0
Libya,2015-08,1.195168419,1.932612817,1.404958641,3.4710742829999996,0.203432934,0.0,0.305149408,0.0
Libya,2015-09,0.414276609,2.186105751,0.38240917799999996,2.536647741,0.305927354,0.0,0.363288722,0.0
Libya,2015-10,0.23537323499999996,0.9414929389999999,0.504371217,2.7505044739999995,0.08069939800000002,0.0,0.564895754,0.23537323499999996
Libya,2015-11,1.199776786,1.713169685,0.753348214,2.449776871,0.066964288,0.0,0.792410717,0.0
Libya,2015-12,0.3209651802403824,0.7102208012287732,0.7102208012287732,1.534259083389028,0.19121329090735256,0.0,0.3960846981707261,0.0
Libya,2016-01,0.327838503,1.3446933800000003,0.548249701,1.096499366,0.6723467029999999,0.0,0.805704791,0.022226338999999998
Libya,2016-02,1.0206297092160694,1.9254433858284472,0.4994571278422005,3.134274422249728,0.04343105511690192,0.0,1.096634109190011,0.0
Libya,2016-03,1.6746411481040668,2.111244030134569,0.27811005401913874,4.488636546333732,0.5203349310331937,0.0,1.7583732471217104,0.10765550700807416
Libya,2016-04,1.552672956,2.067610078,0.778301894,5.361635129999999,0.636792455,0.0,1.556603817,0.0
Libya,2016-05,0.7777777779999999,1.7155555509999998,0.253333335,3.662222322,0.373333338,0.0,0.271111117,0.0
Libya,2016-06,2.445730747,1.398938736,0.192957067,4.674384931,0.057887122,0.0,0.578871213,0.448625202
Libya,2016-07,3.068354353,3.7974683540000003,1.048101268,6.1620255,0.12151899200000002,0.0,1.54936712,0.0
Libya,2016-08,0.5299312916418056,0.8881256322163885,0.0,1.7222766783263004,0.17664377555299313,0.0,0.7507360253400391,0.0
Libya,2016-09,0.846194776604577,1.4954763631506123,1.101649803938265,4.443853113656201,0.06386376008515167,0.0,1.277275158680149,0.0
Libya,2016-10,1.3286713285501166,1.8135198178125873,0.8951048968662005,4.275058366482984,0.7832167808811188,0.0,1.1142191074125876,0.06993007023962704
Libya,2016-11,1.597888685,1.7946257590000003,0.619001901,3.6756239099999997,0.47504798899999995,0.0,1.079654556,0.0
Libya,2016-12,1.245762696,3.1779662030000004,1.525423729,5.474576223,0.10169491900000001,0.0,0.711864395,0.0
Libya,2017-01,1.2668464771450136,2.566037717425337,0.9703504041056603,4.183288391935309,0.06469002954177898,0.0,0.9380054218522911,0.0
Libya,2017-02,0.20089286517633928,0.5301339288208065,0.0,1.422991084625,0.20089286517633928,0.0,0.40178573035267856,0.0
Libya,2017-03,0.201409869,1.253776428,0.941591164,3.3484391339999995,0.11077543000000001,0.0,1.354481398,0.0
Libya,2017-04,1.234972698,4.852459066000001,1.081967224,8.344262506,0.213114759,0.065573773,1.633879826,0.0
Libya,2017-05,1.4122305700000002,2.9432468880000004,1.346238468,5.600527662,0.50153983,0.0,1.10866691,0.131984162
Libya,2017-06,1.433296543,1.89636165,1.008820297,4.933847704999999,0.066152153,0.0,0.810363826,0.066152153
Libya,2017-07,0.3082191921864536,1.2899543415,0.8789954479292237,3.0669711402937594,0.5707762557427701,0.0,0.8447488694634703,0.251141567412481
Libya,2017-08,0.434035234,1.057155142,0.721959613,3.132789034,0.20627418100000003,0.0,0.941125917,0.219166325
Libya,2017-09,0.371782674,0.571973315,0.505243107,1.172545277,0.038131555,0.0,0.571973308,0.0
Libya,2017-10,1.560191256,0.895262946,1.22555414,2.920469322,0.360712752,0.0,0.9995654059999999,0.0
Libya,2017-11,1.027302177,2.100879161,0.916242478,2.869042187,0.0,0.0,0.333179097,0.485886164
Libya,2017-12,0.681699016,1.7304667019999997,1.200839044,3.765075983,0.0,0.0,0.26743577,0.0
Libya,2018-01,0.0,1.243842333,0.911330081,2.130541837,0.049261086,0.0,0.24630541900000003,0.0
Libya,2018-02,0.11602922399999999,0.502793298,0.386764074,1.340782156,0.219166315,0.0,0.309411261,0.0
Libya,2018-03,0.11871784717372377,1.0447170883419075,0.6608626942049862,1.6224772457079542,0.04748714047012267,0.0,0.18994856288088646,0.0
Libya,2018-04,1.103955842,1.255749746,1.145354223,2.060717591,0.110395589,0.0,0.275988971,0.20699172000000002
Libya,2018-05,1.408371127,2.805429832,0.933257919,5.03393649,0.135746612,0.0,0.180995478,0.0
Libya,2018-06,0.4536741309999999,1.5910543190000002,1.0926517819999997,2.2492013719999995,0.306709277,0.0,0.172523965,0.0
Libya,2018-07,0.19789734399999998,0.958565244,2.2201608860000004,2.7149041490000005,0.07421150600000001,0.0,0.24118739,0.0
Libya,2018-08,0.5579665224550526,0.8121512796528209,1.7792932893366398,1.611903256069436,0.07439553920644762,0.0,0.64476134983261,0.0
Libya,2018-09,0.3260869660223785,1.9565217480421995,2.186700770622762,2.6790282307902817,0.07672634553580562,0.0,0.15345269107161125,0.0
Libya,2018-10,0.15134529377130046,0.5269058346989267,1.6984305573565022,0.784753362955157,0.13452915348654712,0.0,0.17937219995067266,0.0
Libya,2018-11,0.584795322,1.296296303,1.515594607,1.9152046759999999,0.058479534,0.0,0.175438603,0.0
Libya,2018-12,0.09646302398171222,0.11856913141278133,0.30144695682475886,0.1788585227777331,0.012057877872588425,0.0,0.0,0.036173634618770094
Libya,2019-01,0.24959860452707633,0.253977522881915,0.773609720300686,0.35031381579229304,0.017515691440373668,0.0,0.18391476212625893,0.05254707532228872
Libya,2019-02,0.04882017896045565,0.3401139118891782,0.35150529872855985,0.8982913373301872,0.019528071984703015,0.0,0.016273393320585843,0.058584216955410905
Libya,2019-03,0.23969319286577184,0.4889741196941515,0.35474593733652926,0.743048913003196,0.01917545590987536,0.0,0.043144775296580375,0.05752636873090444
Libya,2019-04,0.05607476672299065,0.48224300264074765,0.5831775841457945,0.8411214948291589,0.08971962956411215,0.0,0.26915888067140187,0.13457944434616823
Libya,2019-05,0.10369141456988801,0.20738283214350892,0.14931563910327664,0.2861883076972211,0.016590627012028205,0.0,0.265450011166321,0.04977188103608461
Libya,2019-06,0.1715686324694989,0.33496732910620913,0.016339869663671024,0.575980424162037,0.016339869663671024,0.0,0.07761437639814815,0.11029411972930282
Libya,2019-07,0.2303052523823798,0.7896179818343995,0.5099616441577408,1.4092487556284046,0.0,0.0,0.20654358859312738,0.09321879224931456
Libya,2019-08,0.2453987726552147,0.6441717985030675,0.41717792593415126,0.629856844606544,0.049079756934969326,0.0,0.03067484683231084,0.0
Libya,2019-09,0.13937929726519235,0.5296413302085115,0.17840550746850029,0.49990707295595616,0.08362757855937558,0.06690206505036239,0.11707861358780895,0.0
Libya,2019-10,0.1099450303688156,0.24487756217691153,0.03998001131634183,0.7662835330374813,0.16491754254872565,0.0,0.11994003094452774,0.0
Libya,2019-11,0.1879026483221188,0.43664995764244807,0.08589835672440946,0.5046528237165354,0.0,0.0,0.08589835672440946,0.0
Libya,2019-12,0.11371127347528016,0.22742255195962427,0.01977587460613052,0.3740936144414964,0.0,0.0,0.05932762281657877,0.0
Libya,2020-01,0.22741336297834158,0.4068688181608911,0.06961633677103961,0.4254331678205446,0.018564356672648514,0.0,0.05569307101980198,0.0
Libya,2020-02,0.1688555325486952,0.2353743886909432,0.14497697836005458,0.6106089272807437,0.0,0.0,0.020467337885724034,0.0
Libya,2020-03,0.12888443327738794,0.3823571533236431,0.2892739619626235,0.8721179883711871,0.118860091424173,0.0,0.048689676439066305,0.0
Libya,2020-04,0.2619706008058507,0.637461798395139,0.6447387529433852,0.9663804306592928,0.09751127617129966,0.0,0.27943530892664825,0.0
Libya,2020-05,0.3688524650850031,0.9395871364283546,0.7301153668123861,1.206739497534912,0.08803886092592593,0.0,0.06830601120066787,0.0
Libya,2020-06,0.11186300406684158,0.5510288577210329,0.4336417702730285,1.0813423649709986,0.06352713958279244,0.0,0.19472448103397322,0.0
Libya,2020-07,0.3594816897266267,1.2205657514538109,0.727323401574474,1.9646090921975758,0.1546607204592448,0.0,0.22154103852723978,0.0
Libya,2020-08,0.5191347882139766,1.5973377781810314,0.9700499513602329,2.6206323072732114,0.12479201310748751,0.0,0.4742096702186356,0.02495840222129784
Libya,2020-09,0.880476999,0.872157563,0.594841938,1.658347231,0.158069888,0.0,0.811148087,0.0
Libya,2020-10,0.4442148927067407,0.6301652976550877,0.812241718783187,1.465650814047908,0.0813533081827221,0.0,0.2789256274819215,0.0
Libya,2020-11,0.41888297856050527,0.6742021248337766,0.638297891200133,1.1569148842087766,0.0,0.0,0.06382978982047872,0.05984042507978725
Libya,2020-12,0.5555555561044225,2.085722127452498,0.8094458117104831,2.9661479195962324,0.19656020453644554,0.0,0.34398034443325143,0.06142506129156429
Libya,2021-01,0.42228581200000004,1.181037984,0.866367001,1.8062934289999997,0.0,0.0,0.130772373,0.049039642
Libya,2021-02,1.796874992,3.984375141,0.78125001,3.203125073,0.875822357,0.0,0.555098665,0.061677632
Libya,2021-03,0.4918527518708509,1.0168980025618586,1.6385034405144838,2.3838262419387446,0.3983102009067592,0.0,0.7242003616475559,0.0
Libya,2021-04,1.3291349779999997,1.166721911,1.252900286,3.848193448,0.255220419,0.0,0.155783893,0.0
Libya,2021-05,0.44470224299999994,0.63031709,0.90100543,1.890951317,0.55684457,0.0,0.24748646899999996,0.0
Libya,2021-06,0.353218229,0.596546313,1.499215147,2.837519724,0.239403459,0.0,0.10596546500000001,0.235478807
Libya,2021-07,1.4224138550000003,1.840517192,3.5517241210000003,4.206896753,0.146551728,0.0,0.646551714,0.15517242
Libya,2021-08,1.898277966,1.33760512,2.062475037,2.278734437,0.660792961,0.0,0.8610332400000001,0.0
Libya,2021-09,1.338930642,1.7896597440000002,2.200618677,3.6809545460000006,0.742377363,0.0,1.771984088,0.0
Libya,2021-10,1.039689414,2.463330453,2.743744706,4.352890314,0.539257991,0.0,2.402933607,0.0
Libya,2021-11,1.421568674,1.22058824,2.044117708,1.637254895,0.338235287,0.0,1.161764697,0.0
Libya,2021-12,0.776490803,0.40755042799999996,2.102102235,2.329472419,0.154440161,0.0,0.270270278,0.0
Libya,2022-01,1.415200271,1.905653299,5.915387495,4.822164044,0.134780986,0.0,0.842381157,0.0
Libya,2022-02,1.1620294960000002,1.85488281,2.836879641,2.967812309,0.065466451,0.0,0.5073649730000002,0.0
Libya,2022-03,2.069288381,2.677902557,1.109550598,4.400749164,0.196629216,0.0,0.491573034,0.0
Libya,2022-04,2.572741114,2.220520662,3.103624357,6.33486516,0.137825424,0.0,1.276161307,0.22970903499999998
Libya,2022-05,1.337474167,1.821946219,3.759834495,5.341615154000001,0.38509318500000006,0.0,0.881987586,0.0
Libya,2022-06,1.335171387,2.268609732,2.8593934019999994,6.124458645,1.3115400210000001,0.0,0.894052779,0.0
Libya,2022-07,2.871634743,2.282481504,2.212251298,4.323059025,1.014436152,0.0,2.270776529,0.0
Libya,2022-08,2.599999989,3.408889008,3.33333346,4.328889094,0.928888883,0.0,0.49777778000000006,0.0
Libya,2022-09,1.6916299392845813,3.5110131237502196,4.01762101075903,5.687225001255066,0.5947136560321586,0.0,2.052863473928194,0.11894273360748898
Libya,2022-10,2.549103403601196,3.684884681734842,2.348420184352263,5.362937605165671,0.294619986766012,0.0,0.49957304739709657,0.0
Libya,2022-11,1.766990273081068,4.145631049817475,3.3446603147286402,5.2038837054436895,1.0825242922572815,0.0,0.655339817769903,0.17475728847378644
Libya,2022-12,1.515981792186758,1.652968027430137,3.3013701439210053,2.9954339157726033,0.44292237635205484,0.0,0.7397260512881277,0.16438356773105023
Libya,2023-01,1.5883158896649932,1.4742126972889091,3.9525330198740303,2.3094477471766313,0.6161569955198539,0.0,0.4929256348334094,0.3286170825522592
Libya,2023-02,0.685778517,1.455874012,0.6239460719999999,3.816750989,0.26981451300000003,0.0,0.5227656230000001,0.067453628
Libya,2023-03,0.966067895,1.329341287,4.019960339,2.6746507370000003,0.3832335579999999,0.0,0.598802395,0.191616774
Libya,2023-04,1.4542190559999997,1.988330382,3.85098757,2.868043124,0.632854617,0.0,0.71364455,0.0
Libya,2023-05,0.7499999996,0.9208333491891667,3.5416670437600004,1.787500093125,0.40000002580833327,0.0,1.3124999702758333,0.25000000987500004
Libya,2023-06,0.8456036879999999,2.17501057,2.873369802,3.41186377,1.102229703,0.0,0.9339503899999999,0.0
Libya,2023-07,0.6369426939999999,1.3136942679999999,4.120223006,2.655254703,0.203025483,0.0,2.070063846,0.143312108
Libya,2023-08,0.54629989843704,1.7900039043115072,2.8981016381367692,3.1228207009270164,0.24409144440836886,0.0,1.8248741681286322,0.27896163516892675
Libya,2023-09,0.7034372658513189,1.278976837995204,2.7218227288153476,2.1462830135571545,0.143884898039968,0.0,0.49160673213429257,1.5827338283996804
Libya,2023-10,0.5294117609054623,3.386554788573529,4.6638658064495795,4.726890806331932,0.7731092380840336,0.0,0.6134453840231092,2.630252116380252
Libya,2023-11,1.145875672,2.535554811,2.084518496,4.620073211,1.097114975,0.0,0.46322632500000005,0.8167412260000001
Libya,2023-12,0.5621431794914362,1.7962231048256476,3.377250845854194,3.5221784744110676,0.29863856782520865,0.0,0.5401844620193237,1.0496267267808521
Libya,2024-01,1.476562619,2.160156192,0.925781243,3.765625153,0.398437502,0.0,1.171875075,0.574218743
Libya,2024-02,0.8840700900750627,1.1801500934111762,1.5262719092577146,2.414512167472894,0.3878231939949959,0.0,0.8673895686405337,0.18765638031693077
Libya,2024-03,1.7297297649999999,3.8996139000000003,3.428571325,4.745173924,0.324324328,0.0,0.891891907,0.694980695
Libya,2024-04,0.708729467,2.787381282,0.8340535539999999,4.485738885,0.50561798,0.0,1.361279253,0.4796888670000001
Libya,2024-05,0.22058823499999997,1.448529538,0.562500025,2.400735389,0.143382356,0.0,0.17647059500000004,0.044117649
Libya,2024-06,0.553923638,1.6114141580000003,0.654637028,2.950063124,0.20142678100000003,0.0,0.856063819,0.302140161
Libya,2024-07,1.927063369,1.224568142,1.236084446,2.061420292,0.414587349,0.0,0.33397313,0.449136269
Libya,2024-08,1.261974185,2.224073287,1.145356181,12.04498197,0.537276139,0.0,0.362349013,0.349854251
Libya,2024-09,2.83305222845995,5.615514446910203,2.1880270460096964,14.907251307521078,0.2908937648145026,0.0,0.9865092584013492,0.8600337906905565
Libya,2024-10,1.4035087904402515,4.372724307702086,1.1651770948891098,7.428004211620996,0.5196954827090368,0.0,0.37735848544521683,0.16881827709632571
Libya,2024-11,1.2041545075248294,1.7494320521518987,1.2788055392599809,3.28789348496592,0.03894839454333008,0.0,0.5322947204206426,0.4965920451918209
Libya,2024-12,0.720691872,1.8994234140000001,1.889814313,4.955156975000001,0.451633565,0.0,0.845611836,0.733504182
Libya,2025-01,1.024024021,1.609609635,2.732732876,2.756756827,0.45045042900000004,0.09009009,0.777777781,0.37837838300000004
Libya,2025-02,1.452854431,1.898652977,3.643361179,3.04682498,0.192431053,0.0,0.375240548,0.192431053
Libya,2025-03,0.9064039535566503,1.9244663042226604,1.9704433810945812,2.065681370254187,0.571428582515271,0.0,0.7980295628729065,0.11822660573694581
Libya,2025-04,2.8908655000916865,5.566199038842285,3.219295315189873,7.625727273863839,0.2155319943523777,0.0,0.30106056088812866,0.32842970005884364
Libya,2025-05,0.6031331446537859,1.122715392367624,1.7519583212574412,1.7702350172428198,0.4621409929357703,0.0,0.7597911517054831,0.3054830429138381
Libya,2025-06,1.627980977,2.52146266,2.3815580540000005,3.007949229,0.314785377,0.0,1.278219397,0.11446741299999999
Libya,2025-07,0.760839913,2.039814516,1.658031061,2.99154627,0.44450505700000004,0.0,0.629942736,0.589037358
Libya,2025-08,1.9927723478316985,2.4987092752000515,1.5513680800529168,3.113061395682757,0.32266391910815695,0.0,1.0609189325309758,0.18585442143133712
Libya,2025-09,0.46442151994676806,2.115698031422053,1.5453558784171646,2.3221075827246063,0.065181968519283,0.0,0.40195545085714285,0.26072787607821835
Libya,2025-10,1.6039908098286006,2.2921463146789463,1.3737528604425684,4.504988399946278,0.5807111924865694,0.0,0.9439754249398825,0.21488872675364545
Libya,2025-11,1.315935606932815,2.0877289881465853,0.7162687444297613,3.370349768384231,0.0999444790849528,0.0,0.06662965238978345,0.0999444790849528
Libya,2025-12,1.208576998,2.576997991,1.692007838,3.584795574,0.21637426200000004,0.0,0.309941527,0.09356725499999999
Madagascar,2015-01,1.8993711174842767,1.0188679728301886,2.415094435220126,3.798742144402516,0.0,0.0,0.3018868045283019,1.5094338425157232
Madagascar,2015-02,0.9261577092465582,0.901126444175219,1.5018773462478099,5.006257941912391,0.33792240851564453,0.0,1.7271589723854819,2.6282855956745936
Madagascar,2015-03,1.4529915230769233,0.0,0.8791209136446886,3.614163631410256,0.1465201521062271,0.0,0.6227106406593407,0.0
Madagascar,2015-04,1.266912692110701,0.36900368977613773,1.7712177825633457,5.227552246339483,0.0,0.0,2.8782287935350555,0.0
Madagascar,2015-05,0.40660737543202036,0.0,1.8297332370648032,4.282083838398983,0.0,0.0,2.630241338424397,0.15247776992249046
Madagascar,2015-06,1.7625000472624999,0.56249999981875,2.4000000948875,5.77500030410625,1.9875000719437501,0.0,1.7625001076375,0.37499999954375
Madagascar,2015-07,0.7343941245458996,0.0,2.7906976978237457,3.6107710847662178,1.02815184499388,0.0,1.6156671098188495,0.4406364926364749
Madagascar,2015-08,0.9284818190188207,0.7528230867653701,1.10414055106399,3.8770390876311165,0.30112924637892097,0.37641154338268507,1.3927226978368883,0.0
Madagascar,2015-09,2.2318125650900122,0.5548705299728731,1.9235512188014796,7.176326088325524,1.183723844833539,0.0,1.479654806293465,0.0
Madagascar,2015-10,1.9588874642418381,0.14510278694074968,2.7327693215574365,5.114872943129384,0.5804111477629987,0.0,1.596130627172914,0.14510278694074968
Madagascar,2015-11,1.4285714670520695,0.0,1.9225634946889187,3.63150878029506,0.8010680907837117,0.0,1.4419225250066756,0.8411215210093458
Madagascar,2015-12,1.2150668864252734,0.328068049253949,1.3851761382065615,4.143378163538275,0.911300121054678,0.0,3.2320776370352373,0.0
Madagascar,2016-01,3.1091371159111674,0.9898477397309645,3.5279189269796953,3.5659898959213203,0.0,0.0,1.5228427004593907,0.9137055600203046
Madagascar,2016-02,1.451814816252816,0.30037548140800996,4.205256857297872,3.942428274006258,1.389236593095119,0.0,1.0888611116871088,0.15018774020150188
Madagascar,2016-03,1.0383189241928306,0.5933251167663783,2.0395550059765144,5.179233810166873,0.7787392082187886,0.0,1.7058096061891224,0.18541409145241036
Madagascar,2016-04,1.327649278410475,0.0,2.0462850701583437,3.9829477176613883,0.0,0.0,1.5712545498781973,0.0
Madagascar,2016-05,1.7794486576491229,0.3759398497192982,2.556391079195489,1.8796992485964914,0.7142856901453634,0.0,2.8195487824436087,0.1879699248596491
Madagascar,2016-06,0.8395061965753087,0.0,2.666666861059259,5.271605032032099,0.2469135805481482,0.0,2.654321135101234,0.6296296763234568
Madagascar,2016-07,2.9059830456914004,0.6593406708034187,2.564102477008547,4.236874096683761,0.1831501831965812,0.0,1.501831438068376,0.4395604566153846
Madagascar,2016-08,2.6277373302433094,0.0,0.3284671589951338,3.564477024951338,0.7299270074841849,0.0,2.3357662838710467,0.4379562213722628
Madagascar,2016-09,1.875000059505,0.0,4.537499814945001,3.40000009536,0.300000012375,0.0,0.90000003612,0.0
Madagascar,2016-10,1.30000001175,0.0,1.000000029525,3.9875001904050005,0.750000000285,0.0,1.9874999524649999,0.150000005685
Madagascar,2016-11,0.5759162425405759,0.8376963480157069,2.2382199763390047,4.882198852621728,0.837696285447644,0.0,1.2958115933992145,1.4136126218403142
Madagascar,2016-12,0.9208103129502762,0.44198896805893184,0.22099448402946592,2.007366499771639,0.0,0.0,0.0,0.22099448402946592
Madagascar,2017-01,2.564469859686246,0.0,1.9484241230616046,3.553008759571633,0.5730659029068769,0.0,0.38681949148710604,1.8481375150444128
Madagascar,2017-02,3.220568232714479,0.0,2.1109608095805146,3.937753773012179,1.6238159677185386,0.0,2.3139378052936403,0.6495264128606225
Madagascar,2017-03,3.0395912183090674,0.0,0.6130268442401021,4.316730670033206,0.4342273426360153,0.0,0.45977013318007665,5.134099623259259
Madagascar,2017-04,1.7085427619359295,0.0,0.6030150991959798,4.321608232036432,0.48994976105276383,0.0,0.45226132439698497,0.33919598625376884
Madagascar,2017-05,4.007732007953608,0.3865979385927835,0.15463918188659795,4.510309278543814,0.8891752081752577,0.0,2.023195851829897,0.9278350580644331
Madagascar,2017-06,2.37333323162,0.39999999962,1.7066666924266665,6.16000010166,0.360000006,0.0,0.9999999995533334,1.6799999555199998
Madagascar,2017-07,1.1750000117187498,0.25000000003125,1.5375000235875,5.88749980879375,0.0,0.0,0.75000000009375,0.15000000605625
Madagascar,2017-08,1.3200498311930262,0.29887921509339976,1.4943960150933995,4.122042389051059,1.1955168593673724,0.0,1.793275170819427,0.12453300100622665
Madagascar,2017-09,1.1248455356118665,0.18541409119406677,2.6699629639060567,4.697156983624229,0.0,0.0,0.7416563657824474,0.2966625585883807
Madagascar,2017-10,0.7671233068972604,0.328767136130137,0.821917808609589,1.73972606619863,0.16438356856849312,0.0,1.315068545527397,0.328767136130137
Madagascar,2017-11,2.4444445445228755,0.0,0.6274510051764707,2.5490196073725495,0.5882352936993466,0.0,1.019607743503268,0.31372550258823534
Madagascar,2017-12,4.418022432886108,0.5632040054718399,0.7509386736270338,4.605757101041302,0.15018774036045054,0.0,0.4505632220876095,0.7509386736270338
Madagascar,2018-01,2.841463321829268,0.5121950987195122,0.4878048782012195,4.536585750091463,0.8780487867987806,0.0,1.5365853836890246,1.8048780719817072
Madagascar,2018-02,1.5056461732057715,0.0,1.355081579562108,5.031367736475533,1.0288582241505648,0.0,2.2208281708419073,1.1417817293312422
Madagascar,2018-03,1.135802445160494,0.0,0.962962986382716,4.049382769074074,0.8888888951049382,0.0,2.037037007555555,0.4444444621419753
Madagascar,2018-04,1.221945160776808,0.0,1.7581047855374063,3.428927591532419,1.4214463657219452,0.0,2.0573565788678305,0.0
Madagascar,2018-05,1.1543287685583437,0.0,1.3927227576951067,2.8607277829937265,0.3387703946386449,0.0,3.3877038597390214,0.4015056522333752
Madagascar,2018-06,1.928934106925127,0.7614213200469544,2.1954313755723347,3.4517766554416243,0.6472081394999999,0.0,2.652284185312183,0.799492409748731
Madagascar,2018-07,0.830140484863346,0.25542784203831415,0.15325671106002553,3.7420176910753513,0.7662835553001277,0.0,2.08173690350447,1.6858237300791825
Madagascar,2018-08,3.785103784771673,0.9890110355555554,1.172161218754579,3.6630036629743588,0.29304030418559224,0.0,2.661782714139194,0.1465201525958486
Madagascar,2018-09,2.166859824431054,0.2780996635874855,2.0162225461738124,3.4298958948319815,0.6604866797728853,0.0,1.1471611048806492,0.41714949487833136
Madagascar,2018-10,1.1255410839242426,0.6493506494707793,2.5324675941655843,2.424242382865801,0.38961040536688313,0.0,2.2510821939891774,0.9090908935746753
Madagascar,2018-11,1.4156285394156285,0.0,1.9932050262740657,3.1257078302514154,0.27180069029218573,0.0,1.7667044874020386,0.3624009116738392
Madagascar,2018-12,2.2925902949335026,0.8803039652666244,6.136795476477842,4.477517464425586,0.7283090863331222,0.0,3.837872276293857,0.4749841969271691
Madagascar,2019-01,1.968973789715991,0.41766109812052504,4.677804387264916,4.301909216806683,0.9844868737828163,0.0,2.7565632485990452,0.8114558697124105
Madagascar,2019-02,0.9195402475402298,0.4779189268287961,2.056866361301875,4.773139838064125,0.23593467028675136,0.0,2.4863884803097394,1.1070780657132486
Madagascar,2019-03,0.3323442222991098,0.059347180794065285,3.952522617686647,4.890207762979228,0.7121662002782702,0.0,2.6706231598611274,0.3916914030931751
Madagascar,2019-04,1.4557823514238095,0.5102040818238095,2.285714441866667,6.993196902280952,0.2653061290190476,0.0,3.2585032945761903,0.7210884126285715
Madagascar,2019-05,2.0191693842709264,0.19169329107987224,4.178913774670926,5.6741216007872195,1.2843451481712462,0.0,3.118210783522045,0.2683705944536741
Madagascar,2019-06,0.265861033244713,0.06042296087009063,3.5166162446042297,4.5498490837099705,0.7975830415589124,0.0,3.2809666346223567,0.0
Madagascar,2019-07,0.5632823468435326,0.4867872040292073,4.4506258691474265,5.319888999568845,0.4867872040292073,0.0,2.566064083655077,1.6689847006787204
Madagascar,2019-08,2.846763644023778,0.26420079224438575,1.697490080293263,3.692205862742404,0.9114927623461031,0.0,3.0383091304134746,1.1096433417014533
Madagascar,2019-09,1.9726563864583333,0.06510416666796875,1.0937500128802082,4.153646171751302,0.4101562779348958,0.0,2.1679687930384115,0.25390625643424475
Madagascar,2019-10,2.957746390601792,0.06402048700640206,3.3482714587605633,4.340589061705506,1.5236876072573624,0.0,4.494237945910371,1.3444302180768246
Madagascar,2019-11,1.2490650391323859,0.2991772630142109,3.7546747016305164,4.592370898238594,0.9648466971129396,0.0,2.8945401436499627,0.0
Madagascar,2019-12,0.8439897576163683,0.06393861940409207,2.2826087596240408,4.942455224987212,0.4028133117058823,0.0,2.4168798229347828,0.7864450251112531
Madagascar,2020-01,1.466121504161215,0.46144860376051405,3.3644860595712616,4.602803916178737,0.33294392828971964,0.0,2.2196261540642523,0.4906542387511682
Madagascar,2020-02,1.3363533625645525,0.056625141415628535,3.4258209570351075,7.480180858005096,0.37372594239920726,0.0,2.451868694738958,2.497168764603624
Madagascar,2020-03,1.749528121836375,0.28949025427816244,3.8451855552422907,5.758339058096915,4.5500318980730015,0.0,3.2662053165324103,0.528634337556954
Madagascar,2020-04,1.7639751905,0.4534161612049689,6.447205217670808,7.695652742285714,7.565218291456523,0.37267080759006216,5.043478307925465,0.0
Madagascar,2020-05,2.4504159252923867,1.5419065990019194,4.101087798336532,8.176583444043505,10.646193802072936,0.0,3.224568236222649,0.0
Madagascar,2020-06,1.4647713553745363,0.5253399253578491,4.004944388039556,6.341162364032138,11.903585408096417,0.0,4.746600783195073,0.667490755473424
Madagascar,2020-07,1.53745074482523,0.49277266797766095,4.6846256303318,8.981603580242444,9.204993329285807,0.0,4.888304899731275,1.06438894928975
Madagascar,2020-08,1.0739436731109155,0.9565727955088029,6.291079968554578,7.388497853778169,9.06690170266021,0.0,6.109154993568662,0.2640845072764084
Madagascar,2020-09,1.4088821020510465,0.5870342012986217,5.732516550794282,7.759060842227156,4.752424969608985,0.0,5.017866352987749,0.061255745100051044
Madagascar,2020-10,1.3357034120528188,0.5383443570411377,4.235652596452006,7.491112433293042,2.122905086469274,0.0,3.590655278044693,1.26460134907161
Madagascar,2020-11,3.4046053759046058,0.8442982376398026,3.7445177633881586,8.793859968083881,4.144736915328948,0.0,4.687499895345394,2.187500083939145
Madagascar,2020-12,3.0033005085852587,0.3850385042145214,5.192519388179317,10.440044496696856,2.535753595968097,0.0,4.614961514067798,1.683168364149615
Madagascar,2021-01,1.0300820598076572,0.32816774338195076,2.2242480013427532,3.8012762117994536,1.969006416131267,0.0,1.2579763817474932,2.0783957291622603
Madagascar,2021-02,1.3180515490391593,0.0,2.1776503565253105,4.555874067149952,0.8691499883763134,0.0,2.731614172099331,0.5730659025291308
Madagascar,2021-03,0.18198362136487717,0.0,1.255687005124659,4.649681714831665,1.6196543348717019,0.0,1.5013648775250228,0.10919017752104497
Madagascar,2021-04,1.7134832533707864,0.0,1.4513108834503745,2.397003848150749,0.674157329681648,0.0,0.7865168852996255,0.337078664840824
Madagascar,2021-05,1.84999999968,0.44999999954,1.20000000012,3.04000012918,0.7200000281500001,0.0,0.9600000378699999,0.36000001457999997
Madagascar,2021-06,0.8070500973942485,0.22263451749257887,2.2448981188933206,3.469387830400397,0.092764378148423,0.0,1.1131725864489794,0.6400742201743971
Madagascar,2021-07,1.8374885103878114,0.3324099851523546,2.25300097666205,4.986149914792244,0.24930748380886428,0.0,1.2557710414265928,2.0498615663434903
Madagascar,2021-08,4.450499545384196,0.0,0.43596732017438694,4.695731027752952,1.5349681975113534,0.0,2.6884650666049046,1.4986376453623977
Madagascar,2021-09,1.1412535348821329,0.28063610847895226,0.37418147830776427,4.209541783344248,2.525725154635173,0.0,0.9915809296557531,0.7951356410261926
Madagascar,2021-10,1.124423989083871,0.0,2.0276498574967743,4.39631358836129,0.6543779152258065,0.0,1.8525345977806453,0.44239633091612895
Madagascar,2021-11,2.18080163306617,0.0,1.5657036520876049,3.0009321044920787,0.698974837278658,0.0,1.1090401275955266,0.09319664530754891
Madagascar,2021-12,2.255707701826484,0.0,0.0,4.420091267786301,0.4748858492840183,0.0,1.479452124778082,1.2054794343817352
Madagascar,2022-01,1.7526777482473221,0.0,0.8179163170827654,4.498539672471276,0.0,0.5647516996942551,0.31158715177604673,0.0
Madagascar,2022-02,0.8853681271202237,0.0,0.7455731596272134,2.898415604063374,0.5312208802982292,0.0,0.6989748364585275,1.9664492438318997
Madagascar,2022-03,3.41760317443633,0.4213483144513109,2.303370822273408,3.4363295252659176,1.067415694346442,0.0,2.3314606387097374,0.8614232250074908
Madagascar,2022-04,7.110507095585042,0.6521739177418479,1.4402174430362318,7.518115985004528,0.9963768110996377,0.7246376809836955,0.7336956646684784,0.10869565649818842
Madagascar,2022-05,3.0465321965267775,0.26338893792273926,1.3345039345891132,7.01492544386941,0.5882352983257242,0.0,1.0096575943617208,0.6321334546461809
Madagascar,2022-06,4.271582733384893,0.26978417281474815,1.366906457832734,10.188849406043166,0.8273381333165466,0.0,1.2859712617877699,1.115107922008993
Madagascar,2022-07,8.73417707752622,0.0,1.2206148281084992,4.674502824571429,0.6238698100759493,0.2712477391320073,1.6546112288499097,1.030741484244123
Madagascar,2022-08,1.954751166,0.135746606,0.868778315,3.085972928,0.678733032,0.0,0.678733032,1.239819052
Madagascar,2022-09,2.460538533424327,0.0,1.8198700442154132,3.6954503869962863,0.4178272979582172,0.0,1.6434540209702877,0.4456824688207986
Madagascar,2022-10,1.5775158316137807,0.13599274677425202,1.5865820493862197,6.201269447156845,0.4079782413281959,0.0,2.1758840388776064,2.139619297973708
Madagascar,2022-11,0.6683016611256899,0.09196811768301655,1.1649294909503372,3.7645617125783297,0.6437768388546904,0.0,0.9442060292483139,0.40465972624647456
Madagascar,2022-12,1.2049640246781426,0.45636509614771814,1.613290639697758,4.435548445923138,0.5444355634515612,0.0,1.733386755413531,0.4363490835364291
Madagascar,2023-01,2.4889780097026053,0.8016032251382765,2.737475071820441,5.186372691674548,0.7695390709226453,0.0,2.0240480676937875,1.4428857432240478
Madagascar,2023-02,2.486164390293742,0.0,2.8480203365474672,4.150702447360579,1.822051904235845,0.0,2.039165586036611,1.034482695402299
Madagascar,2023-03,2.147141021872851,0.09596161896441423,1.1915233983766493,3.886445337466613,0.6277489122662935,0.0,1.9312275545229909,0.7357057410587763
Madagascar,2023-04,0.8683603300461894,0.11085450836674365,1.1270208115510394,3.662817648545958,0.20785219430854507,0.0,1.1824479661884526,0.254041570043418
Madagascar,2023-05,1.1909825601361124,0.16588686112803064,1.1101659533339003,4.1173970229723516,0.31901318585793276,0.0,2.335176525162059,0.29349212506678013
Madagascar,2023-06,2.210970609,0.6919831160000001,2.497890287,5.856540153,0.430379749,0.0,2.240506345,0.544303791
Madagascar,2023-07,2.583370404110716,0.6936416144144064,1.8941752063108048,3.983992860763451,0.6313917317670076,0.0,1.587372199679413,0.24899956161716316
Madagascar,2023-08,1.4524207487278797,0.1627712892533389,1.786310445553422,2.708681218711603,0.6135225293301336,0.06260434078923206,1.7821369064023371,0.35058430161686144
Madagascar,2023-09,1.1348408865791457,0.1507537752964824,0.8668342029526801,2.847571229121441,0.5778894549627303,0.0,1.2604690076490785,0.502512572316583
Madagascar,2023-10,1.9565217069999998,0.06270903,1.9147157270000001,4.122073614,0.719063537,0.0,1.822742531,0.840301039
Madagascar,2023-11,1.923246598327305,0.3176003444252316,1.7688574955306573,2.8936921103555364,0.38376708447287156,0.0,1.8482576764287606,0.5734450917512129
Madagascar,2023-12,1.8271288299730424,0.47496792415917843,1.6516901358750533,5.250320813581515,1.2836970886401369,0.0,0.9499358172652974,0.29097134945442876
Madagascar,2024-01,1.136173800071011,0.31328321818922306,2.0050124919674186,2.9699247881035924,0.6140350900835422,0.0,0.6641604352464494,0.3425229758563074
Madagascar,2024-02,1.8849292194976386,0.5753542331472734,1.4040360385744954,4.4611422273164445,0.5710605393602405,0.0,1.481322476719622,0.6440532517045943
Madagascar,2024-03,1.657986103,0.416666663,2.261284656,4.049479341,0.290798613,0.0,1.267361113,0.7204861380000002
Madagascar,2024-04,2.006255654,0.406613043,2.265415669,4.700625465,0.3887399489999999,0.0,0.951742647,0.670241298
Madagascar,2024-05,1.172807493,0.368448373,1.58796058,4.44213817,0.591593143,0.0,1.494551175,0.6694343340000001
Madagascar,2024-06,0.873239455,0.253521131,1.755868527,3.6009390139999997,0.183098596,0.0,1.107981239,0.169014091
Madagascar,2024-07,1.141493042985243,0.16927083705208334,2.0269098383524304,3.2031250599765624,0.2864583390876736,0.0,0.8897569656085069,0.15625000605034722
Madagascar,2024-08,2.093023331,0.10530935,1.983326137,4.975866518,0.434401089,0.0,0.754717015,0.566037719
Madagascar,2024-09,1.247283823,0.391134289,3.476749405,3.959148223,0.22164277,0.0,1.255975729,0.291177741
Madagascar,2024-10,2.114779844,0.212264155,1.906446578,5.530660389000001,0.7311320620000001,0.0,1.033805076,0.585691809
Madagascar,2024-11,1.9846678690000001,0.102214655,1.95059626,2.700170311,1.026405437,0.0,1.034923276,0.79216356
Madagascar,2024-12,1.6701992405837218,0.18651971560618907,0.8562950524145824,3.0012718644557017,0.7079271101254768,0.0,0.5044510428160237,0.6485799352115303
Madagascar,2025-01,2.658175913,0.271158593,1.4420706030000001,2.962202084,0.332785534,0.0,1.8200493090000003,0.443714069
Madagascar,2025-02,1.251635383,0.57566508,1.4958569640000001,4.936764035,0.34016573,0.0,1.112080338,0.33144353
Madagascar,2025-03,1.192139746,0.668122258,2.030567686,4.737991339,0.36681225199999995,0.0,1.266375556,0.646288197
Madagascar,2025-04,1.058772729,0.285220404,1.780466757,3.8245463640000006,1.244598107,0.0,1.3872083039999998,0.155574768
Madagascar,2025-05,1.9284209799999998,0.757894757,1.608421085,6.223157963,0.315789474,0.0,1.368421023,0.244210534
Madagascar,2025-06,1.9206879759999997,0.898232212,2.236024991,3.2823699539999995,0.41089346100000007,0.215002389,0.9268992039999999,0.243669381
Madagascar,2025-07,0.812734111,0.33333333699999995,1.191011279,3.932584359,0.179775288,0.0,1.127340803,0.539325828
Madagascar,2025-08,1.069258794,0.1944107,1.494532232,3.276630219,0.19846091900000004,0.0,2.049412743,0.510328083
Madagascar,2025-09,1.1757672381626145,0.14746911263451573,0.6735751526345157,2.694300704575528,0.47827819808290156,0.0,1.2156238212793942,0.19131128663611005
Madagascar,2025-10,2.9420970560000006,0.512519558,1.9092332960000002,5.618153547,1.357589986,0.0,1.975743358,0.24647888099999998
Madagascar,2025-11,1.8267929206955342,0.451060001391069,2.1244924885187193,4.100135494261615,0.7036536028903924,0.0,1.9034733365692378,0.2300406123346865
Madagascar,2025-12,1.3127258239096748,0.778803706527499,0.6904857407856283,5.30710555375833,0.09634685213890001,0.0,2.5170614231395536,0.5539944254624648
Malawi,2015-01,5.977443465710526,8.49624002769925,5.206767060225563,21.954888326165417,2.142857070913534,0.0,7.218044996390977,13.552631870864662
Malawi,2015-02,4.493464052,7.712417802000001,5.424836726,17.41830087,2.058823592,0.0,4.705882501,5.669934648
Malawi,2015-03,3.871499176,5.255354138,7.874794572,19.24217611,1.3838549620000002,0.0,1.61449756,2.866556892
Malawi,2015-04,2.716049315,6.190476594,6.89594384,16.49030087,1.21693115,0.0,4.497354497,1.640211632
Malawi,2015-05,6.272401433999999,7.5268817199999996,7.885304659,22.50896056,1.433691756,0.0,3.2616488819999994,3.0465949389999993
Malawi,2015-06,7.84591219,7.500000120000001,5.723270568,20.80188585,1.132075517,0.0,2.21698123,1.933962257
Malawi,2015-07,7.915058161,9.922779480999997,8.558558927,20.965250759999996,1.8918918669999998,0.0,2.895752957,1.389961384
Malawi,2015-08,4.142357170999999,5.507584575,3.302216947,12.59043208,1.260210029,0.0,0.840140029,1.015169228
Malawi,2015-09,6.948130381,8.226779574,7.732207754999999,15.58504179,2.533172497,0.0,1.833534442,3.003618887
Malawi,2015-10,7.969661437999999,6.03267209,6.441073963,17.794631660000004,2.042007001,0.0,4.644107151,1.458576402
Malawi,2015-11,7.444168833,6.062861648,5.27708842,14.64847002,2.034739486,0.0,1.273780031,2.547559924
Malawi,2015-12,3.871773621,3.2472939219999994,2.447960061,10.09159035,1.37385516,0.0,1.6652789539999997,2.248126521
Malawi,2016-01,10.97256825,10.22443852,5.52369047,13.05486365,1.421446396,0.0,2.344139675,3.7780549759999995
Malawi,2016-02,26.167246407746806,11.277584910360046,4.146341358085946,13.832752213182346,3.6585367242601627,0.0,8.304297993543551,7.700348315915215
Malawi,2016-03,14.34052739179856,7.314148509942445,6.235011904422062,9.916066780800959,4.964028730820144,0.0,6.067146557683453,4.028776995477219
Malawi,2016-04,7.570207337167277,5.641025268107448,5.164835100390722,15.811966505982907,2.1245421360439565,0.0,3.797313814505495,6.031746334212455
Malawi,2016-05,8.025852298,6.415981468,4.277320894000001,14.55934249,3.1962398639999994,0.528789659,1.656874198,3.513513357
Malawi,2016-06,6.481714808,4.287515643,2.005044118,14.31273665,3.1651952679999997,0.0,2.6860025460000005,5.435056765000001
Malawi,2016-07,6.553966295,2.847854307,5.409622842999999,16.05981835,1.84655391,0.0,5.955786885,3.706111772
Malawi,2016-08,5.747266123,6.148238431,4.896719256,12.52733859,2.551640398,0.0,2.466585685,3.462940665
Malawi,2016-09,3.736536939,2.021540999,2.8583265280000005,9.453190153,2.31980114,0.0,3.007456539,1.441590768
Malawi,2016-10,4.107401921,1.7561683109999997,5.210450045,8.592162561,2.220609607,0.0,1.5820029170000003,0.9143686780000001
Malawi,2016-11,7.716894802557078,5.456621135342465,3.481734969041096,14.748858968036531,1.6210045444748857,0.0,3.573059491506849,4.531963638721462
Malawi,2016-12,4.592240753643706,2.7870150286207442,3.325415734068092,11.694378520617578,2.628661919732383,0.0,0.9817893978954869,1.8764846018527315
Malawi,2017-01,2.140274689370933,3.080260417483731,4.425162779757773,11.46782404472162,0.6507592365292841,0.0,1.2581345147433116,2.8994939508749096
Malawi,2017-02,2.5467060538879056,2.4778760409085545,1.7404129844739429,9.528023537608652,0.6784660626096363,0.0,2.7826943114650935,2.1730580276047196
Malawi,2017-03,2.8189656859999994,2.025862007,2.887930952,9.206896712,1.413793071,0.0,2.28448282,1.5086207510000003
Malawi,2017-04,2.3743843214423643,4.374384292350738,3.9310346335763544,11.389162644839043,1.0541871968236454,0.0,1.1133005112197043,1.123152742297537
Malawi,2017-05,4.417344052610659,3.242999298673893,3.206865574009034,10.542005295212286,1.88798549102439,0.0,1.4543812664715448,2.520325233763324
Malawi,2017-06,1.6777724549155166,1.5564017606461207,3.3222274969764394,7.16563543804498,0.549738206238696,0.0,1.20180866302832,0.5901951667063302
Malawi,2017-07,4.385741724038192,3.666454466169319,7.148313310098027,11.381285843717379,1.1266709738154042,0.0,2.3488225028975176,1.833227271108848
Malawi,2017-08,4.876932035918719,5.042930978534631,6.9834001280767035,13.10246131224957,1.3050944587864912,0.0,3.611906037922152,1.224957047366915
Malawi,2017-09,5.361050484631837,5.268052513678883,5.317286902703501,12.53282223001641,2.6477023856553608,0.0,1.646608335654814,1.0284463998840263
Malawi,2017-10,4.578512312309091,5.283746719727824,7.26721755775372,14.082644134187326,1.9008264460655646,0.0,2.1377410576424243,2.0385674927658406
Malawi,2017-11,7.566346656207793,6.775832782275551,7.718802979115753,16.324111029260305,2.6143421902778092,0.0,2.490118598560136,3.3653304507740742
Malawi,2017-12,5.776173423,4.916967571000001,7.422382892000001,15.64620946,2.209386206,0.0,2.166064982,2.815884477
Malawi,2018-01,7.748626746,5.747406915,5.661989088,14.777302829999998,2.647956222,0.0,1.744966466,2.599145815
Malawi,2018-02,6.927710687116648,3.844468812711391,9.381160861625958,14.315443870386916,2.14129234557448,0.0,1.5279299587042716,2.4370207843570646
Malawi,2018-03,6.734366788587921,5.980758817412079,4.938535751668627,14.671299665654729,1.229289163214324,0.0,2.4959915405141633,2.0844468075692144
Malawi,2018-04,4.914719036216046,5.887555232776374,5.7801643057201515,14.535691646746685,2.3752370064876818,0.0,3.2469994642072013,0.9665192646683513
Malawi,2018-05,9.686069725526487,6.448659311007194,5.251798511046436,15.291039483453236,3.3943754930739045,0.0,2.6030084527141923,2.3937215208698492
Malawi,2018-06,5.564795776,3.506583434,6.389465980000001,15.08662469,2.4116425570000004,0.0,2.5017324619999997,2.079002129
Malawi,2018-07,3.9782344210205562,2.194679547307134,6.0278114120181385,16.045949205562273,2.0495769048415964,0.0,1.3180169838546725,1.0701330568681984
Malawi,2018-08,4.5617529947061755,3.9641435164093624,5.214143559546812,14.686255344487863,1.8177291907619524,0.07470119554780877,1.240039845493028,3.0776892884013947
Malawi,2018-09,3.18746613184657,3.8141545187509447,5.110750824488385,14.300378371232645,2.414910912726094,0.0,2.571582974858995,2.042139369041599
Malawi,2018-10,6.2442661425817825,4.977064094592317,4.592889930541858,15.567661223188074,1.754587109296445,0.0,3.377293719729358,2.9701835377310783
Malawi,2018-11,6.914428767826358,4.4971892862610865,8.944409792023738,15.67145593191755,1.324172439556527,0.0,1.3678950270403676,1.5490318522373516
Malawi,2018-12,3.246007623873138,2.264489516181769,3.342903201432263,9.921048168124887,0.9061546656578144,0.0,1.6346671267331778,1.1214785657387403
Malawi,2019-01,2.634490714505532,2.605875717979779,2.0450209302224343,6.199923848296452,0.436856158575353,0.0,1.1884777022567723,0.7096528141251429
Malawi,2019-02,1.217572450832797,1.815943961277031,2.5828440971353905,6.239348616804393,0.27267564005907974,0.0,0.702518474060216,0.48475667742927475
Malawi,2019-03,2.861458771,1.907639242,4.536037883,12.3823916,2.23996561,0.0,1.523521814,5.079844732
Malawi,2019-04,3.173321956746656,3.011894651157604,5.841121373315633,8.254035550322854,2.37043328241079,0.0,2.6040780516270177,3.33899757836661
Malawi,2019-05,2.777777838,1.61195289,2.184343428,6.523568903,2.512626235,0.0,1.759259247,1.8055555699999999
Malawi,2019-06,2.885525048,2.866603624,3.755913045,11.50425732,2.015137142,0.0,3.391674609,1.248817491
Malawi,2019-07,3.6360423559999995,3.34275613,6.113074239,15.02120227,1.190812714,0.0,2.8551237570000003,2.58657244
Malawi,2019-08,4.177858400788385,4.965517248628674,4.246823990587295,13.186932882712023,2.526315760290381,0.0,7.597096369171688,3.3865697759027222
Malawi,2019-09,3.689719512,3.9252335739999995,5.042990711,11.29345814,2.007476682,0.0,4.930841213999999,2.418691653
Malawi,2019-10,3.407092996220067,2.9675659752179446,6.00181876209033,14.049711668954227,1.5641103772779632,0.0,3.2888754388075174,2.373446453702334
Malawi,2019-11,4.463362817077531,5.475828531205837,6.111280082281544,15.15050124731883,1.5597445724183643,0.0,2.979629088041237,2.9583460371030705
Malawi,2019-12,3.79993179664732,2.4684192458398773,7.395015311148856,13.27756949012688,1.4032092749197678,0.0,2.7654489018743598,2.8610447157289176
Malawi,2020-01,4.040280645445834,4.311870662475435,6.896551869874275,13.118706708575415,1.1809581799581936,0.0,3.878547507450412,1.4891669340521818
Malawi,2020-02,3.339046911616044,3.6818648344792595,3.9664039969118954,11.765512991056436,1.052451190839904,0.0,1.3164210087295167,1.6352416558930407
Malawi,2020-03,2.7034883896799684,3.1580338521429705,5.557610840729288,11.572410584984574,2.3150105426630554,0.0,0.9910147673982558,2.304439766367336
Malawi,2020-04,2.7967480523631436,3.4552844880032523,5.937669516442276,13.468834873192412,2.7235772943566396,0.04065040676585366,3.0948509171848237,0.9837398559468835
Malawi,2020-05,1.8676946066187514,2.3476748343128575,5.831882675692614,10.601840632365084,3.046505862433226,0.0,1.6662522414956478,0.552101468380005
Malawi,2020-06,2.4546827797771904,2.540281951925982,4.7381671357519215,8.260322337537763,4.33534754140861,0.0,1.9536757332515104,0.7502517427303625
Malawi,2020-07,2.920224487,2.261527162,5.942912961,12.23713123,2.598194589,0.0,2.854354773,0.263478902
Malawi,2020-08,3.447916612965104,4.114583197213802,6.653645858134115,12.218750193385416,2.815104164027604,0.0,1.9244791814216147,0.42968750619244794
Malawi,2020-09,3.099759418100562,4.289917054754747,9.021128674914683,12.572880538020861,2.7146296315779623,0.0,2.5702059796464294,1.0992243955367744
Malawi,2020-10,1.7142857765731243,3.7733989572568682,6.463054494703173,12.00985255051667,2.9827586125891625,0.0,2.497536977591569,1.2561575948411046
Malawi,2020-11,2.469022457778771,3.7173016017490923,5.674621215230964,16.934373441700856,2.0078017222622764,0.0,3.4603029498437943,1.4387333926433288
Malawi,2020-12,3.0068277751473214,3.1906511662838763,6.515230921257916,13.747373814930748,3.40336127283167,0.0,3.0908614582318803,1.3182773562321428
Malawi,2021-01,5.231808518448879,3.9115751010211848,9.941663968009827,19.803500729656623,2.397912178680688,0.0,4.046668667889775,0.6079213990488179
Malawi,2021-02,3.943050103458012,3.5859075294990346,8.151544302912162,11.385135405550193,1.4189189237953668,0.0,2.9584942639401546,1.0666023461510619
Malawi,2021-03,2.7975633088917524,3.2239925333406743,6.204311268868804,10.951265274372071,0.7591377941954075,0.0,1.5323336923650421,0.5623242843791003
Malawi,2021-04,3.835249130304598,3.9655172779551724,5.946360383729118,13.597701423249042,1.6858237726053642,0.0,3.2796935379314176,0.9042145919134099
Malawi,2021-05,4.2464066136110885,6.8418890151831615,8.365503130959754,14.10266955033265,1.9301848438595481,0.0,3.0102668799856267,1.305954813822998
Malawi,2021-06,5.429603080696751,5.898916987714801,7.400721728709933,14.364621153603476,1.7220216624909745,0.0,3.1624548618014443,0.6859205777689531
Malawi,2021-07,7.06521730837826,5.456521863769565,6.643478165739131,14.260869135274621,2.017391287617391,0.0,6.243478381004347,2.113043505482609
Malawi,2021-08,4.141527208328491,3.6275604808312853,8.204841968676169,13.191805724849164,2.636871577446416,0.0,1.6759776361329608,1.5605214015240223
Malawi,2021-09,3.446506098754047,4.626924625747335,6.028424766461113,14.883537635654017,1.6107382441819977,0.23687327288235296,1.847611507048559,2.3450454989889464
Malawi,2021-10,7.319915358175318,8.866525908448095,9.21610161914195,19.194914918131158,1.843220298334216,0.0,4.115466217881356,1.7796610247378175
Malawi,2021-11,13.527150187265738,6.074002819202306,8.32772713192936,16.01633820880905,2.7294569662806345,0.0,5.8673713138443055,1.5857760922921673
Malawi,2021-12,11.0788758730689,7.5475976016854025,7.611060888310064,17.053490170893017,1.8359020308862195,0.20398912011106077,3.1822302727302807,1.3871260044152312
Malawi,2022-01,8.367795918682358,5.248570326740431,7.135943867581169,10.906291480633525,1.3330400123040036,0.0,1.209854806466784,2.0413550100369555
Malawi,2022-02,6.7140316354103025,5.51953819724334,5.510657401150977,12.61989388838366,0.9902308935346358,0.0,1.6296625455985791,4.831261119815276
Malawi,2022-03,6.485251217319485,4.7237226270386365,5.155795671725384,12.193602072413793,1.5330286600668883,0.47361861665184873,2.98712105967096,3.755712607752389
Malawi,2022-04,9.556238890364677,5.03075560691652,5.804042405210897,12.311072177407732,1.0017574571080845,0.0,2.2231986314191565,2.6098419369841825
Malawi,2022-05,12.187736378380015,12.308857387581378,6.1468585345140045,15.80620721896669,1.158213471385314,0.5109765333822861,1.3550340725609387,2.5813777011033308
Malawi,2022-06,8.66766450648765,9.157934302798278,8.869760630697606,14.29266501270958,1.4446108014169163,0.05613772489258982,0.9505987876455837,2.623503008449102
Malawi,2022-07,9.995604798516485,9.279120812265935,7.3846156467120885,17.986813392865933,1.9428571447353846,0.0,2.1538462377468135,2.4791208624901095
Malawi,2022-08,9.425199681207841,8.90369251928131,6.250475929808908,13.292729556532166,0.8907499267263038,0.34259611730567185,1.5645223016265704,3.4259612455260755
Malawi,2022-09,15.744507635923513,17.58340093428804,9.540276870273395,16.8633032945979,2.026037436432872,1.3791700412912937,1.5907242011216438,1.86330350655655
Malawi,2022-10,16.125827440215232,15.115893864873067,9.889625068444811,21.903973486357618,1.9867549671186535,1.7384105963543046,1.942604845606512,3.0242825716881896
Malawi,2022-11,13.045711545454546,16.666666916024656,7.724704679077174,20.174627889060094,0.6779661037750386,0.9039547976887521,1.1453518087057013,3.102208506471495
Malawi,2022-12,12.32382103,11.43273163,9.161328103,23.40710523,3.209085553,0.524170064,1.374490426,2.585905627
Malawi,2023-01,10.409574207952128,8.94148897613032,8.159574688460106,12.606383062952993,2.8936170264079784,0.4787234042462766,1.8085106383749998,1.4680851266542554
Malawi,2023-02,10.917808262178083,12.013698933945204,12.130137383765867,19.150684871528515,2.2876712070308223,0.6164383558212327,1.9246575111698632,1.2534246540452056
Malawi,2023-03,11.838235400833332,11.924019161078432,10.2757353817972,23.78676522392157,2.0894608221666666,0.49632355301960784,1.6666666987034313,21.75245039529412
Malawi,2023-04,10.974067170866538,9.50664079029475,11.897533256306136,26.07843060226439,2.0113852411815305,0.0,1.2144212403314356,20.955091609993673
Malawi,2023-05,12.653743524485295,14.197860957576795,9.498662920211231,21.0494657293516,1.6644384933609626,0.5213903711610963,1.2834224316136362,8.589572575431818
Malawi,2023-06,12.490250951532033,15.058496095821727,14.39554326016713,25.10863587143823,2.1894149993314764,0.0,1.637883053147632,10.128133624512534
Malawi,2023-07,16.480626920913284,20.22140241832103,12.878229341282289,28.131918784515577,1.8127306364391143,0.7610701104861622,2.241697412102227,6.955719522
Malawi,2023-08,22.813150578709948,25.851019116471075,16.179775380307948,34.83978411442364,2.1514773717386597,1.1776945460407824,3.3250104675022887,9.970869642979608
Malawi,2023-09,13.082922482155842,15.734811131568144,17.90640374414614,28.50574664468801,2.2660098538037765,0.3899835800894909,2.4958948879626437,11.227421766789819
Malawi,2023-10,15.392392908184883,16.100144325729417,9.032258186064034,25.387578014472794,1.179585952821377,1.5358690234780932,1.9162252885710158,6.3505055184179104
Malawi,2023-11,16.443210705666097,38.77882053765158,17.976088702967548,38.98804531546542,2.8650726042809564,0.704526046001708,3.2963278764299746,10.213492801857386
Malawi,2023-12,11.473510440066226,22.742825947847685,8.785872125687087,24.29911759072848,2.163355398046358,0.16556291370860926,1.5011037291887417,8.261589670115894
Malawi,2024-01,11.753764462984943,16.66519052237378,14.521701221839352,23.1842333314969,2.767936163679805,0.0,1.846767052295394,5.580159264023916
Malawi,2024-02,16.129604822583225,20.594762392117175,14.18109239563249,26.88415427367583,3.435419338780293,0.2663115847456724,3.9547271426684416,6.480248748058589
Malawi,2024-03,10.976331443648917,12.864891502504932,9.176528771597633,19.980276057427638,2.840236658559171,0.3007889504072978,1.8589743969723866,6.331360974642998
Malawi,2024-04,11.086956702813296,14.092071602250638,8.32480811138619,20.626598283171354,3.2523443528184144,0.12787723744245524,2.5362318532173913,5.920716177800512
Malawi,2024-05,10.307636733659066,13.253710067830216,6.228736894452769,21.07129956071838,2.6565327322628507,0.1411509178892508,1.8602967908273615,5.121245118356135
Malawi,2024-06,8.771772968635553,10.90665487429656,7.324698483875174,18.677980767239838,2.3849932944707457,0.0,3.479231910951317,4.3724877220410905
Malawi,2024-07,10.698512651545743,10.775124037854889,9.125732301450936,26.101847170410096,1.0815682740946373,0.0,2.027940545526814,4.754393925293375
Malawi,2024-08,12.17879392733472,11.41372148354262,7.49272340572973,21.58419931314761,2.798336767000416,0.7234927075426195,3.538461524899792,3.9459460094744285
Malawi,2024-09,11.787922089633856,12.710413388288163,10.794103490822634,23.656680431540657,2.9957203657741323,0.2139800289177366,1.103185949485497,3.5282927812444127
Malawi,2024-10,18.933946923348664,15.70652199153428,9.0760871822546,25.940635244607705,2.0568561589611205,3.6747491481479937,2.9891303852734112,4.740802948814381
Malawi,2024-11,28.377879974543784,23.921658700036865,12.38248820283871,30.534562178779556,5.506912497821198,4.29032254324424,4.843318067225806,6.806451835045161
Malawi,2024-12,21.270295578371538,18.920725495444906,11.614135898748806,23.84431751180516,4.436485086153772,1.4565425025348615,3.0706780463586436,6.446991415557307
Malawi,2025-01,25.057197448755957,20.81029516316492,12.464252009251668,27.03527256536225,3.5033365674370827,1.944709221729266,2.769304151804576,5.519542430611534
Malawi,2025-02,33.42145455642095,30.396542117417386,12.91306587721403,34.336551894905945,4.89069656704423,1.1438739197478396,5.160142385569904,6.598881507196746
Malawi,2025-03,26.84422133520603,25.00502572209548,10.376884376552765,26.482411394120604,4.271356736489446,0.9949748722733668,7.201004986539196,6.718592906860805
Malawi,2025-04,15.627329276000001,14.50310570767702,9.801242898991305,22.490683744124222,4.527950287326708,0.0,2.2795031677018636,5.416149145021118
Malawi,2025-05,23.42318073230458,19.191374735687333,15.013476943854448,31.239891824838274,4.730458272231805,0.6671158769366576,4.326145667911051,4.730458144059299
Malawi,2025-06,17.392623157200607,16.139464878504292,13.360282715563416,28.514401753016674,5.4573017643041934,0.5002526457119757,3.2592218648842857,2.24355733309146
Malawi,2025-07,19.231200889141412,19.831649706818183,17.22783356868687,33.45117784696969,7.362514072230639,0.5331088662878787,2.46352416229798,4.444444380420875
Malawi,2025-08,21.1073010499804,22.880940678280254,17.991180927035764,30.156786481289377,3.645271883591376,0.4409603140269476,2.792748687932386,4.556589918966684
Malawi,2025-09,19.27433610095575,17.044247465788573,8.348082539242478,19.510325194213348,3.3864306564106195,1.3274336281061947,4.12389379721062,4.654867121784071
Malawi,2025-10,18.93451716705882,18.324083864718787,18.146504467125414,25.099888657136514,2.9078800985749167,0.915649278108768,2.8357382086481686,2.846836672834628
Malawi,2025-11,18.187918797625194,16.959215030252967,18.58027891006711,30.94992215436242,3.618998532483222,1.8585441403304082,3.458957260980898,4.744450111522974
Malawi,2025-12,15.324597967808218,11.643836125952948,10.34246587886983,21.456223954763214,3.278737256019953,0.5360333529318047,2.108397818857951,3.4574152817421084
Mali,2015-01,1.578194785910992,0.15013405019195708,20.33422721137993,8.341376719704604,2.900804233631972,0.18766756018230565,15.858802938077105,0.3163538928643432
Mali,2015-02,1.2749746055653572,0.04063664253047748,17.48391489408481,10.31493385358331,3.931595142057951,0.20318320335827972,18.87571930082624,0.40128684021232647
Mali,2015-03,1.479806633105411,0.22922189027366288,13.965383507383914,8.384531134598978,3.803212438824771,0.16372992368392328,15.024170594838756,0.7391236787182286
Mali,2015-04,3.9722780706702534,0.24074411501623197,15.721320796690279,11.156301401786708,5.559000472075588,0.2188582892668247,17.77311734856975,1.5374795164454913
Mali,2015-05,2.6517696755962032,0.5457781372121812,13.685980821969459,9.663832128246097,4.146727366681533,0.3559422577682421,15.789994304262661,1.3407158239228794
Mali,2015-06,2.2728138143808345,0.16003048365421987,14.928557157269957,8.815012093315227,4.248428476707373,0.20003810229205565,14.640884091318613,1.1583158550533434
Mali,2015-07,4.581785977820977,0.4084880702525199,14.503979288850534,8.951370199914345,5.375773731779357,0.26525198980583553,12.256410455892503,0.8010610284949602
Mali,2015-08,2.866655338925047,0.5019634556892607,15.045245558360937,7.686528732467817,4.282055789325125,0.2561038079163394,15.439644351937218,1.1831996419064368
Mali,2015-09,4.978372940378167,0.0,16.082389447579814,9.915551481369157,8.788877878929975,0.21627188483954687,19.890835073344288,1.46446966561483
Mali,2015-10,2.210304244879022,0.24793389050536316,15.060665130983477,9.711623430762792,4.923509863445492,0.18463161625109897,17.176015368058977,1.1834007587666608
Mali,2015-11,2.0570441078983577,0.16594641586810716,13.277442107412272,9.438202300701922,4.971478119089369,0.18150388972791703,13.147796556202488,1.3241140613381157
Mali,2015-12,2.7285842578128046,0.39495041565446354,14.373310200324617,12.385933930025542,7.163210323675116,0.18935978356501354,13.40126229041894,1.0441839766311993
Mali,2016-01,2.0213943394079674,0.40390998960826263,14.782369057581729,8.607524222281977,7.416082734735663,0.19365547810900036,17.42161643231859,1.1398008682432683
Mali,2016-02,2.1684006341687256,0.5445383614206761,15.955786753147436,7.556891821411085,8.813394515301528,0.17067620310370613,15.619310402335524,1.801040361264142
Mali,2016-03,1.947541980068792,0.3015548889216272,12.300926767412129,9.060782496768278,5.41699392120253,0.16491283199874351,14.752630759054208,0.6125333600860688
Mali,2016-04,2.686078229112944,0.6660600615923569,13.606915739092114,11.834394566756417,6.868061650838378,0.35486806173066426,16.07643356633997,0.9554140515273676
Mali,2016-05,4.5981466373546995,0.8087615843312552,15.1575405518674,11.319292124930625,7.578769955293095,0.3201347936064027,16.694186818445562,1.4170177300168492
Mali,2016-06,3.663165705489779,0.9121061359314537,16.58190573801587,11.372765569565438,4.477611878456127,0.27639579904551315,16.578219562229854,1.2843191595319696
Mali,2016-07,2.0960163461650665,0.06128702753810009,14.702758939956386,8.20633339333601,6.851889744074542,0.21450459689295198,15.530133292933607,1.0357507430733401
Mali,2016-08,2.7583913936530404,0.5068128783409771,15.530077268816806,9.73579292526257,9.174144482133771,0.2741774675114656,15.691260370529497,2.088733874931206
Mali,2016-09,5.178938962393254,0.7939119979880708,13.893459759173087,11.754421545525817,8.556149850708897,0.5244755243175647,17.81160051193786,1.6844919853602691
Mali,2016-10,3.076646974966459,0.6731287017641356,14.449829657707648,11.05367079292791,5.311434316889008,0.18847603650726977,14.160833100364597,1.1470113363306411
Mali,2016-11,2.4818182680690906,0.9218181612769091,17.092726942250067,12.02545514779873,6.327272783668183,0.30000000035781815,16.4672740586696,1.0145455448194547
Mali,2016-12,3.0016899359575953,0.10773131328960708,15.054922125356944,10.612589386807802,5.004225015837769,0.264047317626109,14.59653595837902,0.6400507015887199
Mali,2017-01,2.688172043451214,1.0111300189398227,15.815884628892311,10.952649979134085,5.672514706031244,0.3961516697377853,15.08206038506153,0.6338426783172986
Mali,2017-02,1.6448195475533798,0.3609265644074339,15.600646346396957,9.615730096606486,6.309930022591401,0.21547854179385886,13.101095238086376,1.023523052709935
Mali,2017-03,2.2282341891313324,0.5066404264463026,15.438596509443027,9.762256304803456,4.881127929796361,0.09837678331333005,16.269880406225496,1.1346122557684257
Mali,2017-04,2.2145725934297187,0.3901319449919679,16.773761866949346,9.02658299062708,5.436986243372084,0.20080321234538154,17.27481494965034,1.5662651351405623
Mali,2017-05,3.00980739441402,0.3770713596824484,14.59756563746695,10.581671071320006,6.192086885113102,0.30436252999966185,13.584714039437204,1.0483598564416639
Mali,2017-06,2.2179924781897187,0.5349629484752553,14.063314355946005,7.307152938663594,3.854938949159464,0.3907032663263875,14.009217338614807,1.8032458422460427
Mali,2017-07,1.7308067591217036,0.22465325249931628,15.292049786789027,7.122484863127737,4.670834452793051,0.20511818666770854,12.3188119174181,1.488571983041928
Mali,2017-08,2.655777269852793,0.39322444052510586,18.75983015239729,8.57229224664532,5.884251043637681,0.2117362368905021,15.085703445371676,1.7362371476261342
Mali,2017-09,3.8950098390408296,1.2637718729747245,18.302009980557358,9.617628173526656,5.424497642353615,0.8749189885936487,14.620868861179522,0.5249514184316268
Mali,2017-10,1.0120923428225725,0.32612678669476003,6.060828478000185,4.398681080525771,1.7969952822157023,0.0769512637232686,5.858556337492415,0.5628435546617809
Mali,2017-11,2.2505073874340527,0.23796346844493635,12.643425104593248,7.190555137007932,8.933775993398456,0.19369120046485888,14.54159829140869,1.0846707333185759
Mali,2017-12,3.853210818256881,0.688073394678899,16.343382797247703,7.549148227247706,7.30013125559633,1.376146789357798,10.347313959522692,1.199213643211009
Mali,2018-01,3.5487364951158846,0.21660649792689532,16.079422747906136,8.725632459355575,6.268953179708122,0.08122743684855595,16.93321399053908,0.801444071050722
Mali,2018-02,2.5156333403316062,0.7450419999117385,13.38216931917813,8.788636579545338,6.810791905709844,0.1608004287411113,14.028944294346308,1.6937645707289617
Mali,2018-03,2.7749156207742045,0.5063066267027891,15.052407808143542,9.825901207042103,6.484278118327168,0.07994315200817197,14.107301260794392,1.4016699509209452
Mali,2018-04,3.280898935774719,0.21910114235147665,15.938202702387642,5.735955158003932,5.59550588041854,0.25280898914662925,10.741573085697544,1.915730251358427
Mali,2018-05,3.3615820267716847,0.06480558524227317,14.817215041523184,7.4476570810658025,7.397806430913531,0.14955134628614156,14.341973684815553,2.06214699413659
Mali,2018-06,2.582142227948394,0.2506033046027473,16.040467418820587,6.39316874101949,5.086319199120963,0.08353443438648599,13.57156026483291,1.3458325949144236
Mali,2018-07,2.123461048634677,0.17203575311856975,14.184517370547566,7.908584871353792,8.062068123772411,0.07589812780570081,11.143531903822442,1.6579524246618313
Mali,2018-08,1.3655761083840683,0.45722417492176387,10.75797577254623,5.324121316992887,3.0725461686599527,0.09144482787482217,11.763869754264354,0.9266409347880512
Mali,2018-09,2.7560401379302975,0.16035920453282018,13.728886623262776,8.199700647751044,4.877058140111183,0.09621552292067564,13.801582280719803,2.1637802378020097
Mali,2018-10,3.052708698201982,0.3733528480651538,15.118960330830893,10.364202029447291,4.143484615627746,0.1647144946262811,13.607247442097364,0.7741581425018302
Mali,2018-11,2.6462448541713437,0.1126482180290514,17.130435420972333,6.316205324823914,3.498024002571937,0.18577075267114623,12.047431503634709,0.38932807400810276
Mali,2018-12,2.740957131639182,0.3976634636607504,13.711526251658055,10.26061583962705,4.497865976390474,0.026960235011233433,12.042237830833518,0.707706133731521
Mali,2019-01,2.8518103540694284,0.40873459495968645,14.889884482855544,9.197461974139417,3.6692797763784992,0.08398656228219484,12.39268395113102,0.7222844482480403
Mali,2019-02,2.4568966622015083,0.4148706621788793,17.729884861266164,9.14152315954957,4.484554517330819,0.0,11.751078077192888,0.872844804497306
Mali,2019-03,2.0517295899523957,0.5061885053871786,16.323389714297047,13.021263052872104,4.055855286315455,0.07140590246271025,11.62329476835925,1.1186925386670898
Mali,2019-04,1.6428694880959918,0.3819026452251849,15.909169026447618,10.347497497956304,3.256494092680888,0.0,11.993807032884911,0.7466024242184758
Mali,2019-05,1.5131579319868422,0.12335526279769737,14.370888938782894,8.743832745236842,3.2031252543799345,0.0,9.909538968967105,0.9621711157302633
Mali,2019-06,1.428341450736071,0.9275362076673109,13.985507857491141,8.83413834990773,3.589372104795652,0.0,12.837358895365538,0.9468599369718197
Mali,2019-07,2.436848495295926,0.6331291347910352,10.40632101850156,7.838332052470924,4.392131605191981,0.016123830575835753,11.315705140245083,0.7674943652354079
Mali,2019-08,1.5642731839048134,0.2837018196481119,11.070241163167674,7.8066916849020735,3.0209352675408923,0.0,7.919193832724614,0.8070828001179808
Mali,2019-09,1.3334022678467987,0.33516086259697936,10.701355395960483,6.524257844168304,5.158787312928003,0.04655011905451536,10.589634837203889,0.2979207537421124
Mali,2019-10,1.081590183547933,0.3241796162830375,11.788440761404777,7.679191400838109,3.7117082295393082,0.0,10.639437136043423,0.9933577877843759
Mali,2019-11,0.9679078168857231,0.4690392958102242,11.025509542865665,7.2515943858497875,2.7432627678941577,0.04628677218473564,8.577453384305185,0.6778440218357333
Mali,2019-12,2.196102890124717,1.0568099808912261,11.025879349108155,9.006083354402618,2.7487369676363542,0.0773275592355913,7.88637990999299,0.7145066519816476
Mali,2020-01,3.3861784792184886,0.5939488862018533,11.089650733837223,6.512225314346767,3.0981356220730154,0.0,9.497599059938596,1.0204309144941386
Mali,2020-02,1.0325211785555133,0.27306342322413957,8.051578908465915,6.334502993170569,2.0678865888527542,0.0,5.991277310540437,0.4778610174125344
Mali,2020-03,1.7494516269172151,0.1555954555788949,10.679234858795132,6.678635639177139,3.820068052064831,0.08976660694773587,6.423299359314583,0.6243766077364852
Mali,2020-04,2.752659578272002,0.1813346232816731,13.851547221939072,11.279014273993184,7.250966990754109,0.0,9.58051197846857,0.5149903478213249
Mali,2020-05,1.559610153368158,0.13121719602474383,13.524118836137216,8.344164036976006,7.11697075751737,0.16870782346038488,9.60134981137703,0.6785803695964759
Mali,2020-06,1.2444303059357098,0.2705283256365372,13.429875341900065,7.6235945102307445,5.844472993984723,0.0,17.02418892991725,1.021642257514322
Mali,2020-07,0.9601873671344261,0.4508196722707259,14.593676827170961,7.281030447044966,5.064403028425761,0.0,16.71311518137705,0.7939109894964873
Mali,2020-08,1.6995693489041634,0.0215362536080402,15.217158562469491,9.536970573378321,6.369346461605169,0.0,31.954415599691313,1.055276368689878
Mali,2020-09,1.6098503374661643,0.11091889586119873,12.442251035205047,4.96285765221736,4.2413759729075,0.0152640682102371,18.812455599680472,1.3279739813241072
Mali,2020-10,0.9929742376843091,0.4730679332023419,16.999219960363774,9.16471516734551,4.72131147694192,0.0,16.76971030485246,0.6838407671642466
Mali,2020-11,0.42353990885406445,0.0356665189986625,11.307772805495617,5.581810170227671,3.5146381119407044,0.0,11.774409453528012,0.4770396743366028
Mali,2020-12,1.294987179578406,0.3422236531380141,11.889460669015104,8.603791785414847,3.9540489639672236,0.0,10.395244308947623,0.43862467422172235
Mali,2021-01,1.7317580179253913,0.40367576321540316,8.017722753001205,6.96532102144094,2.251394915504212,0.0,7.219122734209386,0.34460127822864023
Mali,2021-02,2.708682608696724,0.3268521622527657,14.602750528615022,6.956084726559341,4.870935322855874,0.15085484411666109,13.830037360973895,0.8447870884344619
Mali,2021-03,3.375215201581972,0.11876075479242684,9.015490529078688,7.820998522574457,3.6695354857686593,0.07745266822581756,12.855422059000125,0.8795180824838013
Mali,2021-04,2.2638623339725648,0.393881441790631,12.738050027498069,10.09177815867785,2.9808794968521384,0.08604206480478012,12.382409272437638,0.37858508521751977
Mali,2021-05,1.6755496553764158,0.2098600992671552,15.969354342035542,7.634910300178176,4.626915329725611,0.0,15.406395731989532,0.3697535186142572
Mali,2021-06,3.061432126794752,0.38039057734174125,14.025630085989839,9.316517973580943,4.619609373704742,0.0,23.28112308543092,1.2693246029090723
Mali,2021-07,5.05461014519333,0.030480062047244096,11.643384113762814,5.981711799970441,5.138430421018615,0.0,15.250190276389297,0.6172212638425197
Mali,2021-08,1.6701244315224069,0.4730290500278009,13.782157283002608,6.896265443018245,2.070539679953373,0.0,14.058091412542074,1.1950207151312506
Mali,2021-09,3.1665300081667107,0.14150943131993438,13.765381637611654,9.224774888454377,3.5295325437544878,0.0,18.500821077900397,0.19073011021780145
Mali,2021-10,1.668909891037435,0.7335128029905787,11.868551178123784,9.759982587519298,4.38088808098433,0.0,12.202781105158431,0.6460296351641992
Mali,2021-11,4.87259743079415,0.26821636134823423,11.689763459295365,7.029503889994781,3.0442558663133976,0.0,15.051408527790754,1.0460437971709622
Mali,2021-12,2.3933975804571888,0.3094910588576341,8.191196462885511,7.434662958918353,2.5424117615011257,0.0,10.476844922517515,0.9628610515569724
Mali,2022-01,3.6500358841302867,0.07161613709095249,9.450942339198784,12.282167811353382,2.7309620745287106,0.0,24.841249976554824,1.0336596180147735
Mali,2022-02,4.106073684370592,0.18605645388986314,13.237810976065761,8.800256925594542,2.752352617716772,0.0,18.162960523516777,0.1732249811492729
Mali,2022-03,8.50418838385407,0.3490227361019147,14.704826721383336,7.403271318098553,3.2090149030196757,0.2991623449194256,14.601116732136767,0.6581571651342243
Mali,2022-04,6.114355328196914,0.2189781023065693,10.510949388119279,8.029197022106946,2.8734793161106773,0.45012165407299276,12.338200510913603,1.262773782738415
Mali,2022-05,6.810873025470138,0.22970903489586525,10.493873967787136,6.967840269536611,3.7595712120681473,0.6125574273897396,13.273354238552834,1.228943279949464
Mali,2022-06,5.138831122618993,0.24865312940682413,10.65340614977117,6.821384415166621,2.1591379166147973,0.0,11.33443852848261,1.0567758081226173
Mali,2022-07,8.471055803980557,0.5605621006665649,12.240721296213572,9.550939350405368,2.385825497122119,0.18329005639254617,9.579960269242054,0.8507713682531889
Mali,2022-08,7.729552035182209,0.39172673131385144,10.58915717189002,8.558445707099454,1.9398306538276222,0.1880288305756816,10.643998624946764,1.4290191580709808
Mali,2022-09,5.2504572616233585,0.1645338212,9.30895798424563,6.906764380716349,3.4533821375985165,0.0,9.926874066904064,1.4351005619765316
Mali,2022-10,4.747393495714497,0.6435444996742982,10.384924517475993,5.3588614429250025,2.9490780000988885,0.19246191646847294,12.3676822712028,0.5713712675652824
Mali,2022-11,7.3886287171418275,0.32532238856975376,10.609613285679275,7.678780410073094,3.188745686389733,0.0,12.582063749102486,2.0750291948392814
Mali,2022-12,4.785027827,0.303490137,12.52908446,8.113303291000001,2.80728392,0.151745068,12.51391078,1.062215478
Mali,2023-01,3.531598513254647,0.47397768670260226,8.09014911576859,5.092936942339046,2.142193381494424,0.2788104088884758,9.40055737452881,0.3345725042788104
Mali,2023-02,4.56060621459394,0.0,12.338383700363638,4.898989598157576,3.27272739070707,0.0,10.671717038545454,1.0303030108121212
Mali,2023-03,5.803206768333668,0.9053756745051871,15.124174369622983,8.22068536357282,2.9927696080127,0.06287331012826156,12.67525952892933,1.1694435579049447
Mali,2023-04,6.0347823786857635,0.0,16.565217285277253,9.221739509697464,1.2260870001704347,0.0,13.269564693857838,1.0043477908508696
Mali,2023-05,3.6198083356565496,0.7699680637060703,13.623003610015974,7.313098899992013,4.8849842952188505,0.0,11.846645037198604,0.9680511239808307
Mali,2023-06,3.8767984372696422,0.0,11.254149777366285,7.2076727038163035,2.718554005799336,0.0,11.656215454471274,0.6492069666219108
Mali,2023-07,6.224350196585167,0.45143638229480165,11.491108075772916,8.012996318243502,2.859097050974692,0.0,11.135431109601535,1.203830362512312
Mali,2023-08,5.641172829342725,0.3306497989419206,11.552616091920644,7.788959304743998,2.199539999738356,0.043128234209315705,17.1880398599425,1.3369752454715353
Mali,2023-09,5.951035785838042,0.5649717515285625,10.819209066352794,8.606403209161959,4.265536868571877,0.14124293813245448,11.594475647457628,0.8568738439610798
Mali,2023-10,4.619238634575151,0.440881757499666,7.682031046808283,6.900468012858384,2.842351358030728,0.2004008013213093,8.440213667358716,0.5611222831523046
Mali,2023-11,3.916008756351041,0.1615218950477387,8.937544867656497,5.287149957230079,2.9684134974178034,0.0,8.783201467685931,0.5491744760211773
Mali,2023-12,3.299363242,0.0,7.261146821,9.84288735,1.9278131169999997,0.445859873,6.131635026,0.67515926
Mali,2024-01,3.888237509421649,0.11723329474872995,7.252833395565456,4.028917579811254,1.5162173262540055,0.0,7.248925296555296,0.18757327840328253
Mali,2024-02,3.370188407615479,0.7780507486818181,7.8419326071339075,7.653562843213349,1.3267813791203933,0.0614250612915643,8.607698834358315,0.4422604597067977
Mali,2024-03,6.069849888275861,0.251989381770557,13.090186114854111,7.086649592851461,3.041556248322281,0.0,9.725906593488064,0.3183023995822281
Mali,2024-04,3.799297119816478,0.8746583215853181,8.41468154139594,8.586489684324484,2.8387349451073796,0.0,7.348692105702851,0.18742679349863334
Mali,2024-05,4.679769388768553,0.73195528203592,12.385631676936631,7.407658522949508,5.523551694430363,0.0,10.511691002182312,0.3049813623395459
Mali,2024-06,5.187793506,0.267605625,6.676056665,7.553990615000001,3.295774863,0.0,7.605634094000001,0.8638497700000001
Mali,2024-07,3.1899812545278827,0.34026464158270325,11.370510838865785,13.610585432764651,4.62665437298535,0.0,9.15879002155293,1.0633270323856332
Mali,2024-08,4.464832067174312,0.5925076449151376,6.70107058031766,6.582568754394495,4.246942220721331,0.17201834878211011,7.098623745677753,2.2400612219621565
Mali,2024-09,2.0050335946308726,0.18875838926174496,7.369966604711253,6.359060469127516,2.5041946933283916,0.0,6.455537236590447,1.0067114597315434
Mali,2024-10,3.2641234694558183,0.07242877822308065,15.132786640632544,5.968131355610816,2.5929502333602126,0.0,8.565910192536938,1.4389183603326894
Mali,2024-11,2.2199063206680565,0.29702969286503395,10.66701476950495,3.6112559467326726,2.751433048120896,0.3126628449213132,9.129754921746223,0.9692548398775404
Mali,2024-12,2.5858683483925415,0.14720314014278704,7.0755645618930325,4.73012799040628,2.03140334118106,0.0,7.139352469679097,0.6035328845000001
Mali,2025-01,1.9568823394228854,0.33167495872636815,10.420122137844112,5.826423614713101,1.3930348550978442,0.0,6.998341606288557,0.5970149493466003
Mali,2025-02,5.081433173952768,0.12214983761563519,14.780129442752443,6.1319221499503245,4.153094306791531,0.0,9.161238173459283,1.6368078488697069
Mali,2025-03,7.497432712381034,0.3800068515302978,9.48305417323896,8.928449020569326,2.663471396124273,0.7702841493930161,7.9904141303331055,0.3697363981930846
Mali,2025-04,3.8723405876539005,0.6170212803106383,8.687943532934042,8.319149051363343,1.680851135212766,0.7978723401585106,8.819149039216311,2.319148990733688
Mali,2025-05,2.780255724,0.178412132,5.5575381,5.102587221,2.3015164989999994,0.133809099,7.148379532,1.8584597650000003
Mali,2025-06,4.0281875297463134,0.28515241032710587,7.19108500274664,6.856768399754834,3.857751816803671,0.0,6.922320497161586,0.6293018932808916
Mali,2025-07,3.396815468640337,0.6931002128332813,10.440212256455357,6.743677653184514,2.6162971527286922,0.0,6.487668189889167,0.7492975633827661
Mali,2025-08,3.5287081339999995,0.287081342,5.681818182,5.514354474,1.933811745,0.23923445000000002,5.801435644,0.21531100899999997
Mali,2025-09,5.0639999385816,0.0,6.504000435115199,5.4800003148552,2.4520000360032,1.1119999698648,6.2760002707872005,0.42000000041519997
Mali,2025-10,15.822828672882453,0.05110732543509369,5.931857107908688,4.613287988916183,3.3117546948030663,8.715502399039865,6.930153220050426,0.86882453139523
Mali,2025-11,14.68673454544627,0.04200210132656633,5.050752678267413,3.8396919941512073,3.4371719683941193,8.368918392964648,7.199860095274764,0.1680084073069653
Mali,2025-12,1.1812627594297351,0.10183299415614393,4.185336112052953,8.557366127402453,1.8635437916564834,0.0,5.723014058830958,0.0
Mauritania,2015-01,0.0,0.0,0.0,0.0,0.0,0.0,0.0,0.0
Mauritania,2015-02,0.0,0.0,0.0,0.0,0.0,0.0,0.0,0.0
Mauritania,2015-03,0.0,0.0,0.0,0.0,0.0,0.0,0.0,0.0
Mauritania,2015-04,0.0,0.0,0.0,0.0,0.0,0.0,0.0,0.0
Mauritania,2015-05,0.0,0.0,0.0,0.0,0.0,0.0,0.0,0.0
Mauritania,2015-06,0.0,0.0,0.0,0.0,0.0,0.0,0.0,0.0
Mauritania,2015-07,0.0,0.0,0.0,0.0,0.0,0.0,0.0,0.0
Mauritania,2015-08,0.0,0.0,0.0,0.0,0.0,0.0,0.0,0.0
Mauritania,2015-09,0.0,0.0,0.0,0.0,0.0,0.0,0.0,0.0
Mauritania,2015-10,0.0,0.0,0.0,0.0,0.0,0.0,0.0,0.0
Mauritania,2015-11,0.0,0.0,0.0,0.0,0.0,0.0,0.0,0.0
Mauritania,2015-12,0.0,0.0,0.0,0.0,0.0,0.0,0.0,0.0
Mauritania,2016-01,0.0,0.0,0.0,0.0,0.0,0.0,0.0,0.0
Mauritania,2016-02,0.0,0.0,0.0,0.0,0.0,0.0,0.0,0.0
Mauritania,2016-03,0.0,0.0,0.0,0.0,0.0,0.0,0.0,0.0
Mauritania,2016-04,0.0,0.0,0.0,0.0,0.0,0.0,0.0,0.0
Mauritania,2016-05,0.0,0.0,0.0,0.0,0.0,0.0,0.0,0.0
Mauritania,2016-06,0.0,0.0,0.0,0.0,0.0,0.0,0.0,0.0
Mauritania,2016-07,0.0,0.0,0.0,0.0,0.0,0.0,0.0,0.0
Mauritania,2016-08,0.0,0.0,0.0,0.0,0.0,0.0,0.0,0.0
Mauritania,2016-09,0.0,0.0,0.0,0.0,0.0,0.0,0.0,0.0
Mauritania,2016-10,0.0,0.0,0.0,0.0,0.0,0.0,0.0,0.0
Mauritania,2016-11,0.0,0.0,0.0,0.0,0.0,0.0,0.0,0.0
Mauritania,2016-12,0.0,0.0,0.0,0.0,0.0,0.0,0.0,0.0
Mauritania,2017-01,0.0,0.0,0.0,0.0,0.0,0.0,0.0,0.0
Mauritania,2017-02,0.0,0.0,0.0,0.0,0.0,0.0,0.0,0.0
Mauritania,2017-03,0.0,0.0,0.0,0.0,0.0,0.0,0.0,0.0
Mauritania,2017-04,0.0,0.0,0.0,0.0,0.0,0.0,0.0,0.0
Mauritania,2017-05,0.0,0.0,0.0,0.0,0.0,0.0,0.0,0.0
Mauritania,2017-06,0.0,0.0,0.0,0.0,0.0,0.0,0.0,0.0
Mauritania,2017-07,0.0,0.0,0.0,0.0,0.0,0.0,0.0,0.0
Mauritania,2017-08,0.0,0.0,0.0,0.0,0.0,0.0,0.0,0.0
Mauritania,2017-09,0.0,0.0,0.0,0.0,0.0,0.0,0.0,0.0
Mauritania,2017-10,0.0,0.0,0.0,0.0,0.0,0.0,0.0,0.0
Mauritania,2017-11,0.0,0.0,0.0,0.0,0.0,0.0,0.0,0.0
Mauritania,2017-12,0.0,0.0,0.0,0.0,0.0,0.0,0.0,0.0
Mauritania,2018-01,0.0,0.0,0.0,0.0,0.0,0.0,0.0,0.0
Mauritania,2018-02,0.0,0.0,0.0,0.0,0.0,0.0,0.0,0.0
Mauritania,2018-03,0.0,0.0,0.0,0.0,0.0,0.0,0.0,0.0
Mauritania,2018-04,0.0,0.0,0.0,0.0,0.0,0.0,0.0,0.0
Mauritania,2018-05,0.0,0.0,0.0,0.0,0.0,0.0,0.0,0.0
Mauritania,2018-06,0.0,0.0,0.0,0.0,0.0,0.0,0.0,0.0
Mauritania,2018-07,0.0,0.0,0.0,0.0,0.0,0.0,0.0,0.0
Mauritania,2018-08,0.0,0.0,0.0,0.0,0.0,0.0,0.0,0.0
Mauritania,2018-09,0.0,0.0,0.0,0.0,0.0,0.0,0.0,0.0
Mauritania,2018-10,0.0,0.0,0.0,0.0,0.0,0.0,0.0,0.0
Mauritania,2018-11,0.0,0.0,0.0,0.0,0.0,0.0,0.0,0.0
Mauritania,2018-12,0.0,0.0,0.0,0.0,0.0,0.0,0.0,0.0
Mauritania,2019-01,2.643171805870044,0.26431719072687226,3.0396476196145374,14.339206710462554,0.9911894268171807,0.0,14.40528668259912,0.0
Mauritania,2019-02,0.0,0.0,0.0,0.0,0.0,0.0,0.0,0.0
Mauritania,2019-03,0.0,0.0,0.0,0.0,0.0,0.0,0.0,0.0
Mauritania,2019-04,2.7522935775825688,0.2752293692408257,3.165137658612385,15.275229010183486,1.032110091337156,0.0,13.96788938146789,0.0
Mauritania,2019-05,2.61437908459695,0.26143791880174294,3.006535988910675,14.183006208496732,0.9803921573638344,0.0,14.248366343790849,0.0
Mauritania,2019-06,2.992518703012469,0.0,3.3665835410174565,18.70323998922693,1.1221945140149625,0.0,18.778053723291773,0.0
Mauritania,2019-07,0.0,0.0,0.0,0.0,0.0,0.0,0.0,0.0
Mauritania,2019-08,0.0,0.0,0.0,0.0,0.0,0.0,0.0,0.0
Mauritania,2019-09,0.0,0.0,0.0,0.0,0.0,0.0,0.0,0.0
Mauritania,2019-10,0.0,0.0,0.0,0.0,0.0,0.0,0.0,0.0
Mauritania,2019-11,0.0,0.0,0.0,0.0,0.0,0.0,0.0,0.0
Mauritania,2019-12,0.0,0.0,0.0,0.24390244876829267,0.0,0.0,0.0,0.0
Mauritania,2020-01,0.0,0.0,0.0,0.0,0.0,0.0,0.0,0.0
Mauritania,2020-02,0.0,0.0,0.0,0.0,0.0,0.0,0.0,0.0
Mauritania,2020-03,0.0,0.0,0.0,0.0,0.0,0.0,0.0,0.0
Mauritania,2020-04,0.0,0.0,0.0,0.0,0.0,0.0,0.0,0.0
Mauritania,2020-05,0.0,0.0,0.0,0.0,0.0,0.0,0.0,0.0
Mauritania,2020-06,0.0,0.0,0.0,0.2637362743736264,0.0,0.0,0.0,0.0
Mauritania,2020-07,0.0,0.0,0.0,0.0,0.0,0.0,0.0,0.0
Mauritania,2020-08,0.0,0.0,0.0,0.0,0.0,0.0,0.0,0.0
Mauritania,2020-09,0.0,0.0,0.0,0.0,0.0,0.0,0.0,0.0
Mauritania,2020-10,0.0,0.0,0.0,0.0,0.0,0.0,0.0,0.0
Mauritania,2020-11,0.0,0.0,0.0,0.0,0.0,0.0,0.0,0.0
Mauritania,2020-12,0.0,0.0,0.0,0.0,0.0,0.0,0.0,0.0
Mauritania,2021-01,0.0,0.0,0.0,0.0,0.0,0.0,0.0,0.0
Mauritania,2021-02,0.0,0.0,0.0,0.0,0.0,0.0,0.0,0.0
Mauritania,2021-03,0.0,0.0,0.0,0.0,0.0,0.0,0.0,0.0
Mauritania,2021-04,0.0,0.0,0.0,0.0,0.0,0.0,0.0,0.0
Mauritania,2021-05,0.0,0.0,0.0,0.0,0.0,0.0,0.0,0.0
Mauritania,2021-06,0.0,0.0,0.0,0.0,0.0,0.0,0.0,0.0
Mauritania,2021-07,0.0,0.0,0.0,0.0,0.0,0.0,0.0,0.0
Mauritania,2021-08,0.0,0.0,0.0,0.0,0.0,0.0,0.0,0.0
Mauritania,2021-09,0.0,0.0,0.0,0.0,0.0,0.0,0.0,0.0
Mauritania,2021-10,0.0,0.0,0.0,0.0,0.0,0.0,0.0,0.0
Mauritania,2021-11,0.0,0.0,0.0,0.0,0.0,0.0,0.0,0.0
Mauritania,2021-12,0.0,0.0,0.0,0.0,0.0,0.0,0.0,0.0
Mauritania,2022-01,0.0,0.0,0.0,0.0,0.0,0.0,0.0,0.0
Mauritania,2022-02,0.0,0.0,0.0,0.0,0.0,0.0,0.618556726,0.0
Mauritania,2022-03,0.0,0.0,0.0,0.0,0.0,0.0,0.0,0.0
Mauritania,2022-04,0.0,0.0,0.0,0.0,0.0,0.0,0.0,0.0
Mauritania,2022-05,0.0,0.0,0.0,0.0,0.0,0.0,0.0,0.0
Mauritania,2022-06,0.0,0.0,0.0,0.0,0.0,0.0,0.0,0.0
Mauritania,2022-07,0.0,0.0,0.0,0.0,0.0,0.0,0.0,0.0
Mauritania,2022-08,0.0,0.0,0.0,0.0,0.0,0.0,0.0,0.0
Mauritania,2022-09,0.0,0.0,0.0,0.0,0.0,0.0,0.0,0.0
Mauritania,2022-10,0.0,0.0,0.0,0.0,0.0,0.0,0.0,0.0
Mauritania,2022-11,0.0,0.0,0.0,0.0,0.0,0.0,0.0,0.0
Mauritania,2022-12,0.0,0.0,0.0,0.0,0.0,0.0,0.0,0.0
Mauritania,2023-01,0.0,0.0,0.0,0.0,0.0,0.0,0.0,0.0
Mauritania,2023-02,0.0,0.0,0.0,0.0,0.0,0.0,0.0,0.0
Mauritania,2023-03,0.0,0.0,0.0,0.0,0.0,0.0,0.0,0.0
Mauritania,2023-04,0.0,0.0,0.0,0.0,0.0,0.0,0.0,0.0
Mauritania,2023-05,0.0,0.0,0.0,0.0,0.0,0.0,0.0,0.0
Mauritania,2023-06,0.0,0.0,0.0,0.0,0.0,0.0,0.0,0.0
Mauritania,2023-07,0.0,0.0,0.0,0.0,0.0,0.0,0.0,0.0
Mauritania,2023-08,0.0,0.0,0.0,0.0,0.0,0.0,0.0,0.0
Mauritania,2023-09,0.0,0.0,0.0,0.0,0.0,0.0,0.0,0.0
Mauritania,2023-10,0.0,0.0,0.0,0.0,0.0,0.0,0.0,0.0
Mauritania,2023-11,0.0,0.0,0.0,0.0,0.0,0.0,0.0,0.0
Mauritania,2023-12,0.0,0.0,0.0,0.0,0.0,0.0,0.0,0.0
Mauritania,2024-01,0.0,0.0,0.0,0.0,0.0,0.0,0.0,0.0
Mauritania,2024-02,0.0,0.0,0.0,0.0,0.0,0.0,0.0,0.0
Mauritania,2024-03,0.0,0.0,0.0,0.0,0.0,0.0,0.0,0.0
Mauritania,2024-04,0.0,0.0,0.0,0.0,0.0,0.0,0.652173939,0.0
Mauritania,2024-05,0.0,0.0,0.0,0.0,0.0,0.0,0.0,0.0
Mauritania,2024-06,0.0,0.0,0.0,0.0,0.0,0.0,0.0,0.0
Mauritania,2024-07,0.0,0.0,0.0,0.0,0.0,0.0,0.0,0.0
Mauritania,2024-08,0.0,0.0,0.0,0.0,0.0,0.0,0.0,0.0
Mauritania,2024-09,0.0,0.0,0.0,0.0,0.0,0.0,0.0,0.0
Mauritania,2024-10,0.0,0.0,0.0,0.0,0.0,0.0,0.0,0.0
Mauritania,2024-11,0.0,0.0,0.0,0.0,0.0,0.0,0.0,0.0
Mauritania,2024-12,0.0,0.0,0.0,0.0,0.0,0.0,0.0,0.0
Mauritania,2025-01,0.0,0.0,0.0,0.0,0.0,0.0,0.0,0.0
Mauritania,2025-02,0.0,0.0,0.0,0.0,0.0,0.0,0.0,0.0
Mauritania,2025-03,0.0,0.0,0.0,0.0,0.0,0.0,0.0,0.0
Mauritania,2025-04,0.0,0.0,0.0,0.0,0.0,0.0,0.0,0.0
Mauritania,2025-05,0.0,0.0,0.0,0.0,0.0,0.0,0.0,0.0
Mauritania,2025-06,0.0,0.0,0.0,0.0,0.0,0.0,0.0,0.0
Mauritania,2025-07,0.0,0.0,0.0,0.0,0.0,0.0,0.0,0.0
Mauritania,2025-08,0.0,0.0,0.0,0.0,0.0,0.0,0.0,0.0
Mauritania,2025-09,0.0,0.0,0.0,0.0,0.0,0.0,0.0,0.0
Mauritania,2025-10,0.0,0.0,0.0,0.0,0.0,0.0,0.0,0.0
Mauritania,2025-11,0.0,0.0,0.0,0.0,0.0,0.0,0.0,0.0
Mauritania,2025-12,0.0,0.0,0.0,0.0,0.0,0.0,0.0,0.0
Mauritius,2015-01,1.3031915145177306,1.258865231358156,1.3829787568510639,2.570921922757092,1.3829787568510639,0.0,0.3723404297659575,0.1329787234397163
Mauritius,2015-02,1.5627907601711628,1.9255814659386044,2.204651234243721,3.1348839028613953,1.088372074779535,0.0,2.4837209349544187,0.25116279536744185
Mauritius,2015-03,1.0617284228082304,0.7736625196691359,1.2592592746921811,2.8559670822370378,1.111111111364609,0.0,1.5802469178699587,0.1975308724436214
Mauritius,2015-04,1.150306766624233,0.9969325149654908,1.242331273904141,5.061349930458589,0.9202453983075154,0.0,0.9662576432193252,0.11503067440337424
Mauritius,2015-05,0.8728296644204598,0.9619896760675739,1.7456593502252464,3.9511966235476303,0.9901454895166589,0.0,1.834819262393243,0.0
Mauritius,2015-06,0.43958870526169663,0.1799485859488432,0.7712082263421594,1.2776349624167096,0.4473008099437018,0.0,0.7017994969940874,0.0
Mauritius,2015-07,1.2809564677984628,0.7258753201776259,1.6652433821417592,3.2963280595661835,1.99829202535269,0.0,2.5619129964611442,0.0
Mauritius,2015-08,3.0138169756511224,1.0535405502797928,2.305699547374784,5.224524981112263,2.9274612715440416,0.0,2.92746120957513,0.0
Mauritius,2015-09,0.6299212691496063,1.2598425152913384,2.037401650011811,2.824803154649606,2.1555119607165354,0.0,2.7460631425196853,0.0
Mauritius,2015-10,0.7826576626463964,0.9403153451745495,1.6385134272635136,2.4436937393018017,1.148648627038288,0.0,1.3513513515259008,0.0
Mauritius,2015-11,0.7671817033201918,0.23974427311720833,0.7352157801800746,2.1150773546164094,0.3676078900900373,0.0,0.9429941421273308,0.0
Mauritius,2015-12,0.9768786184208093,0.8843930610578034,1.4913294355456648,1.2023121637306358,1.5433526453283237,0.0,1.3988439747132948,0.0
Mauritius,2016-01,1.4475703417432224,1.3554987583161124,1.549872181173913,2.2097187086265984,1.3043478258961636,0.0,1.335038443484399,0.0
Mauritius,2016-02,1.2820512818021979,0.775335764117216,2.0146520151355314,3.9499389970158734,1.3003663698021979,0.0,1.1965811763418803,0.7326007323125763
Mauritius,2016-03,1.7268446590737836,0.8634222731240189,2.0486656496938775,4.4270016897017275,1.2244898260910517,0.0,1.554160158822606,0.28257457928571433
Mauritius,2016-04,0.5300546605202187,0.5683060286994535,1.0655737702120218,1.7213114751934426,0.7213115166163934,0.0,1.0983607418688524,0.0
Mauritius,2016-05,0.9104627720311871,1.9114688486901408,1.9768613205422534,3.048289661182092,2.1881287730704226,0.0,1.4939638213762574,0.07545271603219315
Mauritius,2016-06,1.7726397005202312,1.6377649091464352,1.7919074591791908,2.822736255734104,2.8901734100057803,0.0,2.475915295138728,0.0
Mauritius,2016-07,1.2430426585612244,1.187384007158627,2.2820037455153064,3.153988779540816,2.6113172192448983,0.0,1.7996289953571427,0.0
Mauritius,2016-08,2.7292110774029847,1.8123668142537313,4.765458503240938,3.9339020812814507,3.486140730428571,0.0,3.61407255578678,0.25586354999360345
Mauritius,2016-09,1.8224740947355997,0.47214353167988676,3.031161508607177,2.5967894460368273,2.23796027678187,0.0,2.492917901302172,0.4249291787639282
Mauritius,2016-10,1.4624881378784425,0.8736941657644826,3.760683615417854,3.4188035090313385,1.851851784424501,0.0,4.615384741854701,0.2279202370436847
Mauritius,2016-11,1.7131858199441772,0.9143406893705488,3.859480420975939,2.7430221142155915,1.9345525140230995,0.0,1.819056771626564,0.0
Mauritius,2016-12,1.92932189904489,2.2254059174231133,2.7220630376905444,3.2378222905042975,1.8051576246036294,0.0,2.263610365766953,0.22922637006494748
Mauritius,2017-01,1.094196048685062,0.5042816322340627,2.1979067009172217,1.7126546373625116,1.741198876274025,0.0,1.627021875330162,0.0
Mauritius,2017-02,0.8839286228571428,1.2946428570285715,2.8660713778285714,2.6250000089142858,1.1249999917714284,0.0,1.7410714714285715,0.5357142853714285
Mauritius,2017-03,1.2180974758607888,0.8120649653457077,2.5058004248352668,4.350348194004641,1.392111368612529,0.0,2.470997591610209,1.2180974477958237
Mauritius,2017-04,1.1713665894989154,1.4099783079327548,2.6030368759002167,2.472884949845987,2.1149674617982646,0.0,3.2537960953926244,0.3904555474229935
Mauritius,2017-05,1.1857065179669735,0.2977801838711424,1.7217108932079046,3.3405522621223604,1.142393090024364,0.0,1.353546316848944,0.0812127776637791
Mauritius,2017-06,2.0898876562696627,2.640449438310112,6.730336928179775,5.044944045483146,0.6741573032269663,0.0,7.269663220997753,0.5056179774202247
Mauritius,2017-07,0.45325780858356934,0.207743158135033,2.9178470790368274,0.8215297719830028,0.8498583567138811,0.0,2.5495751611331445,0.3399433559206799
Mauritius,2017-08,0.7919847393249045,0.6679389313573474,1.245229025763359,1.00190839682729,0.32919846684160303,0.0,1.068702317390267,0.18606870658396946
Mauritius,2017-09,1.1100832787456059,1.6466235363848287,2.358926986046254,4.838112964473635,1.7483812038482884,0.0,5.328399576721554,0.9713228491581868
Mauritius,2017-10,0.5245346974416244,0.14100394795882687,2.4196277683857863,2.955442676634518,1.2521151024822337,0.0,2.492949738060914,0.0
Mauritius,2017-11,1.8890977579699246,1.2781955018590225,1.7199248071701125,1.3815789066015038,2.4248120476973685,0.0,1.7199250319313908,0.22556391824718044
Mauritius,2017-12,2.6027397478904106,1.9817352298146116,1.8356163640739724,2.7397260926840183,2.8767124374776256,0.13698630148949772,4.082191850168036,0.0
Mauritius,2018-01,0.6349206442812501,0.3323412605218254,1.1954365267291667,1.6269841364097222,0.6547618951805556,0.0,0.8482143048402779,0.8085317674340278
Mauritius,2018-02,0.5545112868571429,0.23496240630827064,2.941729408107143,2.2556390975357146,1.860902228357143,0.0,2.8759398403214287,0.7612782315
Mauritius,2018-03,1.105216622055703,0.7250220870114943,4.465075218081344,4.686118436808135,2.1485410884394343,0.0,5.11936359346596,0.2652519897877984
Mauritius,2018-04,1.3268765176861985,0.31476997607263923,1.0121065535273608,1.8353511523786927,0.8426150286489106,0.0,1.389830556527845,0.29055691215205814
Mauritius,2018-05,2.2395833829500003,0.9479167068041668,1.3437499606031251,2.187500000134375,1.5937500940562501,0.0,2.906250034732292,0.2500000098666667
Mauritius,2018-06,2.4493732006788815,1.8611378237261333,3.442623093832208,1.648987431822565,2.198649878314369,0.0,4.397299940285439,0.0
Mauritius,2018-07,0.902413445976915,1.4900314592235049,2.4554040220272824,2.8646381049821614,0.7869884574018887,0.0,3.0849946884365163,0.0
Mauritius,2018-08,0.7531760608402904,0.417422880123412,2.096188760332123,1.515426545357532,0.13611615205263158,0.0,2.1234120947186934,0.21778585302540837
Mauritius,2018-09,0.5894006979821694,0.2426944082535909,1.0004952729569094,1.7682020705022288,0.5794948019197622,0.0,1.2828132429509658,0.0
Mauritius,2018-10,2.2678571518767856,1.5357143537,2.008928635173214,3.7767859232089287,2.464285748282143,0.0,1.23214283175,0.21428572254642858
Mauritius,2018-11,0.7003501747128564,0.3651826006158078,1.080540277214107,1.7808904284897449,0.30015007502251123,0.0,1.0405202818169084,0.18009005214657328
Mauritius,2018-12,0.846036595804878,1.364329275780488,2.705792664780488,3.9557926900232574,0.5487804909512195,0.0,3.5060977607555315,1.1890244560975611
Mauritius,2019-01,0.7909854321696863,0.3049049972708794,2.9429959870331417,2.810428651414607,1.1268227705134777,0.0,1.608484263865337,0.13256738827750775
Mauritius,2019-02,2.5066195813133274,0.6531332620882612,3.53045027929391,4.068843727042592,1.350397234337158,0.0,2.6478375358387085,1.1915268991879964
Mauritius,2019-03,1.5148783070333631,0.7844905364292155,4.14788095238954,4.5266005668739915,1.6230838597835888,0.0,2.5067628231408987,0.5770964923354374
Mauritius,2019-04,0.545634932078373,1.0019841288244047,2.911706422827381,3.7251983128537978,1.2202381610714288,0.0,2.410714316400425,0.9523809430158731
Mauritius,2019-05,1.241578450510106,1.5110683394032725,8.219441895341676,6.36188632879043,1.2127045603946103,0.0,4.6294514551619415,0.0
Mauritius,2019-06,1.9930975099827437,4.106988672490941,9.465056292749786,9.050906044350524,2.251941300060397,0.0,3.3477135424169604,0.29335634981880937
Mauritius,2019-07,1.8026906276188341,1.9147982404381165,4.008968506738565,3.771300433300115,1.4529148661479823,0.0,2.1255605099759,0.4573990945071749
Mauritius,2019-08,1.8344965194007974,3.2103689454037894,5.343967920121635,6.949152309866658,2.303090670603191,0.0,4.127617324969349,0.7477567299401795
Mauritius,2019-09,0.7554479489709444,0.3389830506324455,3.263922637758838,2.372881425664047,1.5399516296309925,0.0,3.108958885968163,0.11622276447990315
Mauritius,2019-10,0.8732394319248826,1.9248825622065728,7.877934415492958,5.258216119197075,3.5305163779342723,0.0,3.248826237306693,0.4225352112676056
Mauritius,2019-11,2.392241436084052,1.0129310189935345,3.739224323493535,4.924568996123399,2.5215517605043103,0.0,5.851293329751354,0.29094828144827584
Mauritius,2019-12,1.337240335945125,0.5966968850575386,2.2589238962450717,2.4613745747259,1.0229088866041556,0.0,6.073521665712977,0.47948854541822056
Mauritius,2020-01,3.2752993572834743,0.40261153992165394,6.452666377449401,5.734493942118887,0.8813928082578892,0.0,15.603918377576992,2.4483135143721437
Mauritius,2020-02,1.7665953399764451,1.199143473535332,5.792291363226981,7.1841542164660135,0.6745182467366168,0.0,13.361884669104128,0.0
Mauritius,2020-03,6.606243815845921,1.7824773460725072,9.758308406294057,10.745216737002272,8.610271999486406,0.0,14.803625885109023,1.782477417673716
Mauritius,2020-04,7.977901005082873,3.8232043828674027,10.187845388530386,14.972376064434538,12.464088442541435,0.0,15.801105212556084,3.31491712659116
Mauritius,2020-05,7.161572129374091,8.558951750101892,19.606987144104803,21.44104740387665,19.56331900436681,0.0,21.295488801256564,1.9213973517321687
Mauritius,2020-06,6.686747182003011,7.1084337424789155,17.545180863493975,33.28313407521575,16.265060812861446,0.0,22.183734721812133,0.9036144574427711
Mauritius,2020-07,1.2800939490264238,0.8631826214726953,3.176746940035232,5.519671028335441,2.9125073619495008,0.0,12.589548623642546,0.3523194360634175
Mauritius,2020-08,0.7473928210417149,0.2838934011303592,1.4310545053412513,2.995365119294471,0.9965237984495945,0.0,11.402086762852408,0.538818087473928
Mauritius,2020-09,2.6417910869358208,3.910447768795522,10.805970661079105,8.716418494380981,6.358208727670149,0.0,28.298508839512323,1.0746268371716416
Mauritius,2020-10,1.6254753446045627,3.1463878916121675,5.465779377387833,9.667300566037316,6.844106622946769,0.0,12.870721788197013,1.6825095778441068
Mauritius,2020-11,2.604422600299754,1.6543816582113022,7.518427768015561,8.402948687557132,5.9213758394668305,0.0,13.56265385228768,0.5733005727714988
Mauritius,2020-12,2.6941067261478016,1.1880261976566886,3.161833417471468,8.65294714755216,4.826941370155285,0.0,11.197380845135882,1.6276894824256314
Mauritius,2021-01,0.9930070126909091,1.3986013989762236,3.0909091112000002,2.4755245492363636,1.5524475386181817,0.0,15.566433788363637,1.2587412584727276
Mauritius,2021-02,1.8107833111007121,0.559511698854527,2.156663280805697,3.2044762877884025,1.5259409971251272,0.0,4.760935832716175,0.3967446688870803
Mauritius,2021-03,1.8755802758477251,0.6499535742989787,3.305478038759517,2.451253446350975,2.4791087056267407,0.0,2.0334261266109563,0.41782729805756735
Mauritius,2021-04,1.7258383343274164,1.8145958114714005,2.1794872167416175,3.254437869996055,2.337278181254438,0.0,2.248520634524655,0.7988166059171599
Mauritius,2021-05,3.0010278032805755,2.384378289627955,4.522096608345324,5.05652628638849,1.8191161160287765,0.0,2.7749229192517983,0.5241521463021583
Mauritius,2021-06,3.0649854653889426,2.01745870343356,2.667313288027158,3.9282250237710956,3.6372453927643065,0.0,3.2589720245237634,0.0
Mauritius,2021-07,4.186952287746835,4.917234663770205,2.064264922849075,6.222005990605647,2.7750730280214215,0.0,3.680623006878286,1.7526777017994162
Mauritius,2021-08,3.2655039264234493,3.4108527866695737,2.5775194162945736,5.668604535151163,1.162790697622093,0.0,4.273255943294574,0.34883722358139535
Mauritius,2021-09,1.3545816870916336,2.1613546576095617,2.201195257450199,2.868525820557769,0.567729064940239,0.0,1.3745019631075697,0.5976095618326693
Mauritius,2021-10,0.703318488833581,0.7181773159683011,1.7087667164115898,1.604754904680535,0.19316493832838036,0.0,0.7132243969910848,0.356612197986627
Mauritius,2021-11,1.443406057682243,0.41536863997507795,3.104880542080997,2.33644869682243,0.9034267717258566,0.0,2.6479751773208724,0.1246105963364486
Mauritius,2021-12,1.7854078032618028,1.7081544738197423,2.566523674506438,1.751072928412017,0.20600859193133048,0.0,2.240343482575107,1.3390558681545066
Mauritius,2022-01,1.4564220782454127,1.6628440363876145,3.0160549580963303,2.20183495016055,0.30963303305045875,0.0,1.548165138119266,1.0321100917316515
Mauritius,2022-02,1.7315175047315174,1.6147860291206222,2.2373540852529183,2.2762646697898834,0.46692608810116737,0.0,1.4883269364202334,0.7003891326692606
Mauritius,2022-03,5.1731373300849945,4.354669465194124,3.6516263624910814,4.816369520522561,2.612801838672613,0.4721930749045121,3.0849947630996852,0.5981112078719832
Mauritius,2022-04,5.669382842947613,3.8533176336763675,3.830035018644936,4.71478463288475,3.5972060093783464,0.0,4.086146948568103,1.0826542710779976
Mauritius,2022-05,5.548589356159874,2.821316614670846,1.6405433446812958,2.873563217894462,1.5673981186624868,0.0,4.252873642957159,1.316614460308255
Mauritius,2022-06,2.8868360557309467,2.1247113277124714,2.482678900926097,2.321016210135104,1.6974595621628175,0.0,1.8360277794630486,1.3856812929872981
Mauritius,2022-07,3.8853503337186837,3.4713376606507427,3.9915075221486203,3.5244162168959656,3.1740976236358813,0.0,1.624203816180467,0.47770700653184717
Mauritius,2022-08,3.0200729404890514,0.912408759368613,0.42883212165328466,1.697080369810219,0.9306569170875912,0.0,1.9981751481240875,0.4105839418467154
Mauritius,2022-09,4.466666607758095,2.838095347278095,2.0190476240990476,2.400000072767619,2.771428426201904,0.0,1.1428571430990477,0.8571428568066668
Mauritius,2022-10,3.425531970976596,0.5851063832606382,2.1914895289734044,1.893617066901064,1.7234043368521275,0.0,1.4042552988542554,0.0
Mauritius,2022-11,1.2596259810781076,0.9515951704290428,0.42354235662926293,1.0121012026226623,0.3025302531309131,0.0,0.8910891511903191,0.0
Mauritius,2022-12,4.777131870542635,2.277131782771318,3.943798454011628,3.9050386164147284,1.9476744560368218,0.0,4.273256035726744,1.744186046870155
Mauritius,2023-01,3.1944445200892853,2.2420635296537696,2.668650874431547,2.361111082482143,1.1904761903124998,0.0,3.482143060636905,1.250000038
Mauritius,2023-02,0.8399209491106717,0.45454546872529644,3.280632415316206,1.3735177722332017,0.41501974416996046,0.0,0.2667984240118577,1.1561264632411068
Mauritius,2023-03,3.585106464172341,1.223404254895745,3.5957445998680844,3.1702130148000003,2.4893616617489367,0.0,2.7765957088468087,0.6382978728446809
Mauritius,2023-04,2.197044259568473,0.24630541851625617,1.4679802819743841,1.1625616188985224,1.1822660097497537,0.0,3.428571212697537,0.14778325173793103
Mauritius,2023-05,4.099307159508083,1.5704388432632792,4.422632706627021,2.367205460615473,1.836027669630485,0.0,2.0092378314907626,0.5196304845381062
Mauritius,2023-06,3.8916751163711134,1.3039117354623873,1.8555667005877636,1.935807369787362,2.0461383765356067,0.0,0.9027081248345036,0.0
Mauritius,2023-07,2.2622623004504505,0.5205205012512513,0.8308308497497497,1.2112111774774776,0.4504504502002002,0.0,0.1201201244994995,0.1201201244994995
Mauritius,2023-08,1.1820330965484633,0.6146571879905438,2.0094562930496456,2.919621754799054,0.5319148932387708,0.0,1.631205583073286,0.0
Mauritius,2023-09,4.478808530666667,0.8018327608602521,1.7411225437651774,2.6575030059530356,0.859106529135166,0.0,3.6082473955337915,0.5154639174810997
Mauritius,2023-10,2.420135574065828,1.5488867379380447,2.4298161530590514,4.075508103901258,0.5808325270861567,0.0,3.7754115151403678,0.11616650976766699
Mauritius,2023-11,1.1980033489317803,0.7043815752124237,1.841375580918469,1.6860788029617304,0.5490848369051581,0.0,2.018857544206323,0.44925125546755407
Mauritius,2023-12,2.180143217609007,0.573183204198567,0.7932446259897645,1.816786067918117,1.2282497443541454,0.0,1.51995909731218,0.5220061312528147
Mauritius,2024-01,1.2930135156777893,0.22940563537122002,0.677789364333681,0.8863399623660062,1.3138686525172054,0.0,0.9697601864004171,2.6903025180239832
Mauritius,2024-02,2.0545073771907756,0.10482180280607965,1.3102725371802935,1.551362728398323,1.0691823698542977,0.0,0.5031446737232704,1.0377358591698114
Mauritius,2024-03,2.1550256312197615,0.6729130851890972,2.6235093042112436,2.2316864853526406,0.5110732538841568,0.0,2.095400373444634,1.1499148209812606
Mauritius,2024-04,2.867965342337662,1.114718635151515,0.5411255407792209,1.6017316477922077,1.8506493922077925,0.0,2.240259822337662,0.6493506493506493
Mauritius,2024-05,2.223247267306273,1.1992619926199262,3.0627307861254613,2.3708487569003687,1.0516604816236161,0.0,1.9372694605166052,0.0
Mauritius,2024-06,5.631868415435898,2.124542194858974,4.633699493849817,4.157508882425824,2.17032974065293,0.0,2.1703296749532965,0.32967034235347986
Mauritius,2024-07,2.4974722710212336,0.9807886559009101,2.3255813955652176,2.3761373681213347,0.6066734077633974,0.0,2.942365992879677,0.6066734077633974
Mauritius,2024-08,3.944773175364892,2.4654832352169627,4.575937034546351,3.2642997699556213,2.0710059171696256,0.0,2.337278182016765,0.4437869826923077
Mauritius,2024-09,4.112149621871496,2.7102804624602803,5.876168135227804,2.5350467346764023,1.226635514338785,0.0,3.4345793949696266,0.8761682243796728
Mauritius,2024-10,1.8636848215601705,0.5218317457742278,2.800851889112886,1.0330138491597445,0.15974440945154417,0.0,2.1725240478370607,0.607028733259851
Mauritius,2024-11,2.0963329530000006,0.4652435685856594,1.6310891753305967,1.116584557445539,0.3940886590738917,0.0,1.5161467301510674,0.6075533870536398
Mauritius,2024-12,2.3710144983652173,1.4492753618289858,2.5565216508000006,3.031884193226087,0.8173913263043477,0.0,0.8347826000347826,0.7304347490869565
Mauritius,2025-01,1.9609967908169013,0.9209100754539545,1.9718310683856988,4.2361865197659805,0.617551442296858,0.0,2.307692225035753,0.3250270851960997
Mauritius,2025-02,3.237753985925926,0.38231780712544794,2.2102747914074072,1.7323775674074076,0.0,0.0,1.7921147242962963,0.6093190423703705
Mauritius,2025-03,2.050209245371339,1.1506276153190376,2.4058577656223847,3.4623429860878656,0.15690376585251048,0.0,2.8870293285303346,1.2866108989330542
Mauritius,2025-04,3.0156815442412546,3.4258141877442703,5.452352323860072,4.499397145302774,1.4475271408588664,0.0,1.4475271408588664,1.2665862481206271
Mauritius,2025-05,3.050058296298021,1.6298020952991852,5.157159842968569,3.573923172186263,2.060535595678696,0.0,4.225844138100117,0.3492433063469151
Mauritius,2025-06,4.30555555595,3.4027777772861114,7.069444126754167,2.1388888686,1.5000000261583333,0.0,1.6250001061708335,0.7916666400041666
Mauritius,2025-07,2.5328184741081072,0.7335907336602316,1.7760617761158302,2.486486489861004,0.5405405402432433,0.0,2.0463320467528954,0.5791505793474904
Mauritius,2025-08,2.3212321650000005,1.705170517018702,3.7513751796534653,4.598460103514851,1.815181518118812,0.0,0.9570956881188117,0.2640264130693069
Mauritius,2025-09,1.732026144092157,0.9215686522189543,2.6601307693254905,4.065359433298039,0.7647058703039217,0.0,2.529411767843137,0.0
Mauritius,2025-10,1.7997869666134187,1.0117145900692226,1.9701810432108626,2.5026624574281153,1.6293929917731629,0.0,1.2779553735623002,0.0
Mauritius,2025-11,2.0674646876572362,0.5440696412796517,3.0250271204102286,4.026115264834603,1.5995648268248095,0.0,3.035908607164309,0.6528835694624592
Mauritius,2025-12,3.881019816231162,1.949008463747875,4.929178470369971,7.036827143728045,1.8866855634181305,0.0,1.9320113264243626,1.0198300414855521
Morocco,2015-01,0.7419728115363032,0.18802430575238646,1.437662732197136,2.9172693476473817,1.0630604707720568,0.0,1.7573040513748914,0.06942435886201909
Morocco,2015-02,1.0282852221143195,0.550972312104891,2.027106640164997,3.4811433303040658,1.3464938524594705,0.0,1.937242160443135,0.10606953833706541
Morocco,2015-03,1.0407569210235807,0.44395922936593885,1.6593886568885006,2.655021863289083,0.9505094223959242,0.0,1.563318768057642,0.3100436704786026
Morocco,2015-04,0.4925921252594656,0.3064454827476257,1.8298088757659872,2.119792318137774,0.5736355485830062,0.0,1.5119666186957073,0.29631506071090286
Morocco,2015-05,0.6238698097902351,0.363170579562387,1.6305003484231466,1.9650392462495478,0.7052441007920434,0.0,0.7911392912622061,0.2260397830488246
Morocco,2015-06,1.0698902514672781,0.39738780861192163,1.5867722241892457,2.931777168686953,0.9601222717271086,0.0,1.2546894634903434,0.20842017527164095
Morocco,2015-07,0.5117729293551231,0.3171701965840232,1.6976668745653156,2.488979615990929,1.142887915256854,0.0,1.1826685562150305,0.16127298133232987
Morocco,2015-08,0.605923071778509,0.4243731025312606,1.5670032920856138,2.199024163021773,0.39827527947804375,0.0,0.8521502528364916,0.18381935859752638
Morocco,2015-09,0.5325623818411442,0.5751673942116555,1.218807087366555,2.3600121388274498,0.6329884383104079,0.0,1.2872794273534693,0.3195374311068168
Morocco,2015-10,0.6167938949557252,0.3618320438607634,0.6824427342607633,1.8519084031077861,0.4580152599890076,0.0,0.8809160604989312,0.1801526783242748
Morocco,2015-11,0.460068542678498,0.31052030471243125,1.9150483219389878,3.0023886690895094,0.785128282438013,0.0,1.9451657220868745,0.2648250123842559
Morocco,2015-12,0.9584295766353604,0.3784962850654349,1.5434949736823198,2.7752117070111626,0.9558635249190404,0.0,1.1342058124719014,0.40800616141827045
Morocco,2016-01,0.8456375772935466,0.31388746110913784,2.3944244156951986,4.47702641749778,1.5539493861466185,0.012390294345689208,1.8007227484479091,0.3985544692912752
Morocco,2016-02,0.778032006106026,0.26273413632036613,2.0111874285102975,3.7876091460236463,0.9924569915148742,0.012712941724637682,1.5492838394546147,0.5593694278718536
Morocco,2016-03,0.984753784201283,0.2824293975499459,2.2552696059763395,4.560526579781722,1.0838956976372573,0.05498625424843789,1.7087395342482714,0.4015662837580604
Morocco,2016-04,0.5847435061518562,0.47754052593248875,2.3947905424094977,3.7210951011613362,1.0117834614189776,0.0,1.9429432356122975,0.21972181199468416
Morocco,2016-05,0.9111675066416243,0.30710660081556684,2.3494078264791884,4.351099848967174,1.065143826400677,0.0,2.076142160609814,0.10659898349915399
Morocco,2016-06,1.0859068810944703,0.3926391626108226,2.833196738515259,4.882937100404118,1.0558440684631503,0.0,1.5915095401995991,0.25052382700455494
Morocco,2016-07,0.963111318217326,0.2019696232989484,2.5630111446970454,3.6271073801422133,0.792021387581372,0.0,1.35369719287331,0.15272909537105658
Morocco,2016-08,0.7172089253812154,0.6374053630067527,2.3276038370718233,2.757315279955801,0.8880704124984653,0.0,1.3382443670276245,0.2731737335801105
Morocco,2016-09,0.9724005293842535,0.18506632350064187,2.3010269411510484,3.456354266411532,1.2826272852554557,0.0,1.9458707960098416,0.2759948623434959
Morocco,2016-10,0.7273061988952311,0.236604673329037,2.5207144297735224,3.8620879518320748,1.0246731921653471,0.0,1.3063892495396796,0.35628797486650704
Morocco,2016-11,0.9347845372429562,0.3440709187488809,2.022294365190468,4.723953242472132,1.0155358764019136,0.026331958159659438,1.8098832994265777,0.4221890754362328
Morocco,2016-12,0.8830527196005674,0.4200219608999817,1.6105417209237738,3.232979456113653,0.6250000012760798,0.0,1.3259517280760433,0.17295022452553074
Morocco,2017-01,0.9905897601442426,0.4741038755350908,2.215358091491991,3.8617915612142806,0.6953523535918397,0.0,1.8554701460222687,0.2514187194595216
Morocco,2017-02,0.6075641360052424,0.2902078261756226,2.575360445061599,4.54034838327654,0.79479498308519,0.0,1.6167384809462648,0.2808462901965924
Morocco,2017-03,0.58948054497362,0.34522064138617486,2.186940262129946,4.8168052290036645,0.6350757226428919,0.0,1.89627095056766,0.10747435553199806
Morocco,2017-04,1.1806105522272365,0.604381080199173,2.9691211423116917,4.391660170019266,1.0548078006752881,0.0,1.8641682403388757,0.44954692020471543
Morocco,2017-05,0.9934098050589862,0.27825237593035557,2.7898462241002595,5.900252271549914,1.025953976319258,0.0,2.2113742416174436,0.15621186121064196
Morocco,2017-06,1.1141559436861885,0.6663012852442843,2.637801510579392,5.155809682552067,0.9646100752900877,0.0,2.803006558533902,0.05637331670685875
Morocco,2017-07,0.9377038623731245,0.6001304779745597,2.9778213226516637,6.110567511894977,1.1097521111833006,0.0,2.4673842813659492,0.22667971067906065
Morocco,2017-08,0.6146900460914222,0.10939399323927765,1.5575621000586908,2.8433756402573365,0.5296058404130926,0.0,1.4134398331286682,0.020836952146726862
Morocco,2017-09,0.997422144399762,0.6841165951124331,2.0553242328988697,5.0664288286293875,0.8050763677638311,0.0,2.044417994166568,0.11600237779952409
Morocco,2017-10,1.4794463179501982,0.8381442483724004,2.743270531999583,5.797454313391528,0.9007442423518119,0.0,2.593726150228281,0.3470821511112193
Morocco,2017-11,0.8906801759054692,0.2358270572997135,2.3569383239554327,4.57864239997735,0.5342748763282259,0.0,2.20171873434095,0.28912131180760775
Morocco,2017-12,1.048003470516794,0.3286723338763154,2.0650136898327807,4.988467784346981,0.7524866422473692,0.0,2.132766422669742,0.2508288902277642
Morocco,2018-01,1.753387415313989,0.7436738333720225,1.8672275872065829,3.2506342509597226,0.8711254107319186,0.009280454916414032,1.2163583432932006,0.19674565591338242
Morocco,2018-02,0.9846964314661315,0.46663321990592077,1.8176116833590066,3.3937532277365774,0.5318615254450577,0.0,1.380456594619418,0.2113647831078776
Morocco,2018-03,0.8338741141730696,0.4555483487735237,1.8942245568377678,4.669694971331798,0.6677482210898118,0.0,1.7929915620456844,0.12264763842556779
Morocco,2018-04,0.5971871633339343,0.4276956347223224,1.7655968446123331,4.313018361125135,0.5149657559700686,0.0,1.5297512216696718,0.19040750631626396
Morocco,2018-05,1.468113206424369,0.26288337174838305,1.8986021691233046,3.534320984512692,0.6655539312516865,0.0,1.5508727943962726,0.27748800568773907
Morocco,2018-06,1.3275993891905389,0.41617536206922384,2.2286190057758897,2.737740163702573,0.6721232137946868,0.04161753480245543,1.781924101398141,0.0811541983321773
Morocco,2018-07,0.880885871518755,0.336193137117917,1.691939352766311,2.9738626588075614,0.763667210593725,0.0,1.3542498588556962,0.08679170482721468
Morocco,2018-08,1.0340732687344478,0.45491916225815293,1.5931305605877408,3.2100120524055904,0.8550287657292409,0.0,1.3428336983743492,0.09317621976760755
Morocco,2018-09,1.3390746363031916,0.3123944615653495,2.679837953824468,4.613306338158055,0.8282674907006079,0.0,2.1588990571686932,0.10638298575455926
Morocco,2018-10,0.8008861392279135,0.20408163508082708,2.0267186421400374,4.874462943885339,0.7995435139581767,0.0,1.879699256224129,0.120837814887688
Morocco,2018-11,1.1089681643707812,0.24314642992044358,1.9926986986981678,3.750516667485535,0.813472943780135,0.0,1.7164899030303762,0.07852321817502411
Morocco,2018-12,0.8950914331328201,0.2523030435779596,1.3405747264966315,3.0472294554850694,0.5802282194104909,0.0,1.4983500488185757,0.11137082685274301
Morocco,2019-01,0.9497544769462626,0.3043653695534068,1.5140916481642563,2.7070021050503468,0.7005448245643707,0.0,1.416223847739692,0.14427927700423757
Morocco,2019-02,0.6811268977603562,0.2346465818205026,1.3426999014137457,3.123913709625072,0.7459443941327492,0.0,1.4545915770856388,0.0847334906382894
Morocco,2019-03,0.7897476872871755,0.2752939697703638,1.1290421454313448,3.9811980158374647,0.6213253248591989,0.009186673365874571,1.6257349545539257,0.289380211025049
Morocco,2019-04,0.9316548988468059,0.22393372531609604,1.255582138751343,4.186783988971653,0.7611158041254288,0.01456216459672513,1.6558798986281147,0.26923823839751476
Morocco,2019-05,0.9581416408265551,0.12386988719780573,1.416621126482031,3.154338752328143,0.74321933321193,0.014478298373443584,1.3403687411019594,0.14864387165493387
Morocco,2019-06,0.36855587650358634,0.12584053739058595,1.0803714552900097,2.9887928180240797,0.342299068376657,0.0,1.0557156670198728,0.09702209465465898
Morocco,2019-07,0.7439479679469535,0.22405356738211435,1.2831573563075909,3.53302865549765,0.5330929598140612,0.0,1.4093485006429631,0.13134175085542754
Morocco,2019-08,0.7100486923219124,0.22355024704302792,1.3988490511458167,2.849048268653785,0.5732625058183266,0.015936255137450197,1.2872953012840638,0.12084993638007968
Morocco,2019-09,0.6451501839199848,0.16705704404243596,1.0874208105752274,3.31220720249225,0.5511160168100716,0.0,1.1738770891276866,0.17153486295553183
Morocco,2019-10,0.9144011081112353,0.31802121152340085,2.186846480393272,4.458066006789392,0.7110406088251243,0.007211364711076656,1.5742410117509196,0.1514386719630778
Morocco,2019-11,0.7228548703321781,0.21137220552812583,1.4628480173745666,4.001599595970141,0.7468484777957878,0.0,1.3047949169096242,0.12910842915275925
Morocco,2019-12,0.8676146424687095,0.3748764369720173,1.3367804743934684,3.6476314248411525,0.7238993173978026,0.01710896461854612,1.2573188480409854,0.1958026022140902
Morocco,2020-01,0.5458040584133237,0.14527463426492926,1.2759588031762599,3.242681236505908,0.44559291965751824,0.0,0.9797371739174989,0.1793086017666782
Morocco,2020-02,0.5591088805432987,0.24505928939432267,1.61983472416917,4.0984548877979154,0.6924182655897952,0.010779733834854473,1.5810276905819618,0.13366870777046352
Morocco,2020-03,0.8598692111279083,0.5006968997791359,1.5867910398477538,4.837836432254209,1.2997212731532113,0.0,1.3158036027377016,0.4771094804100997
Morocco,2020-04,1.1885990165581395,0.45348836873057286,2.868973370473057,5.184061224630743,2.4948951218740785,0.029778786023823032,1.2424844062914964,0.5811117676324447
Morocco,2020-05,0.7095403526703375,0.5186138472655015,2.081637582466842,4.672911338252289,2.117249314333666,0.017955469976538185,1.2616710978127843,0.4461934453100311
Morocco,2020-06,0.9146187928069315,0.4410838176904537,1.599874004828828,5.153434312680277,1.714240806573913,0.0,1.3790170418454315,0.3308128600074984
Morocco,2020-07,0.9624273043504481,0.3423989991401352,2.295865440097532,4.88665319602138,2.0622543547180006,0.0,1.3761987510953624,0.5882723014986951
Morocco,2020-08,0.5402732634518882,0.2578660130801069,1.4959159423418555,4.023295941022307,1.373576107312919,0.0,1.4230248599941393,0.264459178563972
Morocco,2020-09,1.0318676766452513,0.4023733681441314,2.102636675872333,5.326339026589846,2.3914496653285005,0.017682423816063497,1.9792526778535502,0.2864552672513655
Morocco,2020-10,0.927431606468617,0.22226444670319148,1.6489362162606382,4.586246395019681,2.080167240347872,0.01367781254680851,1.4323708081835105,0.3727203641968085
Morocco,2020-11,0.5979973642936929,0.15478517668648026,1.7297642662126302,5.22958491205617,1.6679300189921409,0.017951888480073404,1.4062313237738062,0.5493278055412295
Morocco,2020-12,1.0014929940921735,0.4294358085669495,1.7597831031594766,6.379459592135417,1.4423228601472182,0.0,1.7106711510234558,0.3583215502123998
Morocco,2021-01,1.3941565030636325,0.27812892968710495,2.5509200832579375,5.811209674690478,2.2854333582016433,0.0,1.6891417169774547,0.9306082281974294
Morocco,2021-02,1.2026329778213842,0.5844155954927949,2.9532113081605815,6.1617151167096855,2.286959661927593,0.0,1.8413093800167228,0.7320761724358655
Morocco,2021-03,1.5906744999254991,0.6288712751804886,2.2737440245106675,7.875946301870229,1.624225791139883,0.0,1.7489677283465244,0.5015485383700964
Morocco,2021-04,1.0236425211745908,0.6027539607543628,1.8827401873304752,5.02727993298963,1.6809561119672642,0.0,1.3094310358433356,0.3455442960163679
Morocco,2021-05,1.386497889512658,0.40590717431012663,2.405063383803797,6.53839687935288,1.6413502636329114,0.0,2.194936684234177,0.5215189866265822
Morocco,2021-06,1.6374218458139334,0.45170258357366233,1.8528492351305719,7.328005583772435,1.4949618302866572,0.0,1.924947966235223,0.2823141051650452
Morocco,2021-07,1.0997372829812613,0.286257801334813,2.011957621428165,6.753329088637947,1.641453054822629,0.0,1.7048645884337348,0.4701512825270974
Morocco,2021-08,1.3337100528602481,0.6225864192595837,2.0994632067992844,5.292455631745114,1.7537911937473862,0.0,1.3610248388512762,0.26561175950701704
Morocco,2021-09,1.402276596000858,0.48437878662032774,1.7058206853494793,5.806894434357118,1.3942036159455882,0.0,1.267457872195608,0.1428917453881489
Morocco,2021-10,2.2563205880356176,0.6726029546567022,2.76832565395198,6.24423601969904,2.185562103002703,0.0,1.6910478958174593,0.5612975043758943
Morocco,2021-11,1.9108166303794771,0.6196275078250358,1.8409742733100827,5.52113183681408,0.9339183591087035,0.0,1.4469914523118732,0.2820558722371955
Morocco,2021-12,1.9928354795888175,0.46335954592516154,2.13690531518768,6.680943878849634,1.506892001668484,0.04672533247215949,1.6930146207830388,0.3434311976462114
Morocco,2022-01,2.954601460978655,0.5418274306715376,2.6549545571055746,6.52245308629899,2.0269271726672686,0.0,1.8011657973546507,0.20605861898120026
Morocco,2022-02,2.821735014048294,0.49571022775587137,2.164832313223849,6.884478927814773,1.5937256390410781,0.0779963596962475,2.397954808345893,1.8823121303583499
Morocco,2022-03,5.6118455524258835,0.6218152141868399,2.202939221214304,8.75415404935929,1.3736061242307067,0.022154937026807472,2.4230115512154193,2.212539686589764
Morocco,2022-04,4.792410873059372,0.4104151708731444,2.8046360218940625,6.016511836579793,1.0224656871045488,0.06668254415122647,1.9806303734069133,1.0891482575653724
Morocco,2022-05,4.8648649071804115,0.616770627523803,2.8443829117144834,7.854008093105271,1.9380919566193313,0.0,1.9380919290459688,1.7502117241247401
Morocco,2022-06,6.628012833030006,0.8796488051211795,1.718711142118323,7.955769126512076,1.4652530132964465,0.0,2.4235898280606314,1.3509484279287667
Morocco,2022-07,6.202796670512142,1.0022607384841329,4.014904212094783,9.127522514762846,2.6442267850061127,0.05023863319199531,1.8111026832393873,1.7474671336116552
Morocco,2022-08,5.262464824677635,0.8984007818805269,2.857949267277517,6.20508006200862,1.8269049957325036,0.011288805269049858,1.6425211897817495,1.7450611523819382
Morocco,2022-09,6.316086619801483,1.5268109057292567,2.495766738076952,7.771401807190229,1.6039510754355597,0.042333019766698024,2.0197553935634645,1.742238960552399
Morocco,2022-10,7.799629039443242,1.5269016573076066,3.736549160044527,7.937847705670899,2.383116948520965,0.0,2.268089180287941,2.1289425719970314
Morocco,2022-11,5.10605420617807,0.5358522984010304,2.6380421175508806,5.712322876001494,1.6101331551024476,0.11764706151378274,2.4121940797774153,1.7415199223975957
Morocco,2022-12,5.024313930615056,0.8449114313284994,2.545154591397881,7.647620801303005,0.9317471364845432,0.0,2.7084057245273208,1.8322334126398598
Morocco,2023-01,7.298573450014313,0.793425915163219,5.058090119600736,8.346084914599029,2.510626284369226,0.0,2.5059035000319394,2.219703427956078
Morocco,2023-02,7.4419095252928225,0.5814320100878982,5.252865190003392,7.03921774576965,2.409841264964462,0.0,2.799915956873464,2.3772473892978656
Morocco,2023-03,6.598850576160069,1.0126813076285923,3.2460542283578713,9.013775986710435,1.763525184064194,0.0,2.472402194358773,1.69145149769948
Morocco,2023-04,6.541712326045355,1.1186238135285274,2.506711796890723,6.5407179522265535,1.2767226935848917,0.0,2.113950540084183,1.7569851753281296
Morocco,2023-05,5.3584292312613035,0.5061239350241354,2.451368936732305,7.374820147115381,1.166246420824928,0.0,2.4567723935334014,3.183537532596722
Morocco,2023-06,4.3336259169409805,0.5654674851558935,1.8865165699013495,7.438822316234458,1.2274544340076046,0.043872477323193916,1.7412498910409366,1.409768960420786
Morocco,2023-07,4.080954964891425,0.67761621141476,2.5884043013346463,6.111111145839352,1.2439418519576275,0.04038772246589481,2.32633277178975,2.4044157461385747
Morocco,2023-08,4.916690465284965,0.7797772253177188,2.548795598744739,6.704751064830789,1.5957345192809673,0.0,2.295534646926021,1.3348567192459295
Morocco,2023-09,4.109187430162041,0.8756984462166346,2.481450985949084,8.315471313397433,1.078135036876706,0.05496015396619951,1.4546121053475316,0.9279106172671979
Morocco,2023-10,3.974150504878852,0.6958828937985106,4.03064282755014,14.158178624363844,1.1606607921866596,0.03851750457673543,2.704784703600191,1.253958757558301
Morocco,2023-11,2.8332452619315798,0.47983799525655924,2.336678958198971,7.476668549591421,1.0327522381017458,0.0264131004116922,1.7203733455987096,0.9429476954019094
Morocco,2023-12,4.038101600550761,0.6618904216205324,2.317023557153629,9.090613323478081,1.1560693462732952,0.03663600072539282,2.0434747387729497,1.2472522845778717
Morocco,2024-01,4.317951536513218,0.6134291148110897,2.505296139713459,6.139817692134896,1.0583033775431518,0.0,2.5762181000340107,2.003315828913444
Morocco,2024-02,3.8336003480369465,1.019223083573614,2.413896739529435,6.428714520459483,1.328594333248899,0.0,1.563876678220516,1.9753705279176639
Morocco,2024-03,4.129468681071222,0.8531400842756521,2.7526570333673073,7.152657192959478,1.5410628567802898,0.0,1.239613549124795,1.545893710781739
Morocco,2024-04,4.292429165686338,0.586704734171563,3.103911359919236,5.733590828738139,1.403390949326749,0.0,2.0102401114821555,2.2754742734588405
Morocco,2024-05,3.0980278009698305,0.49794962365807466,2.9213044910738137,6.97324756158783,1.3649678071368871,0.0,2.1099394853925153,1.2800234247546376
Morocco,2024-06,4.22753218694498,0.5223952813065685,2.2076037474350643,7.4954049754375704,1.0515623397043519,0.0,1.8583728806322088,1.2247267297212925
Morocco,2024-07,5.081746289248979,1.2576356554236434,3.7791952075860578,7.871002646363954,1.810097013365433,0.0,2.3248293721895896,2.541322317521965
Morocco,2024-08,3.3748702422741435,0.9771547484106957,3.6126686606240916,6.0373831392346835,2.046728963841979,0.0,1.8006230538880195,2.7061267408629286
Morocco,2024-09,4.7355461079098795,0.9622771571172067,3.3527035956711932,8.418201397543735,2.94001776155363,0.04432187564581897,2.1875308387106274,1.9767556576626615
Morocco,2024-10,3.5374363168681504,0.670325359209193,2.890631172093297,7.048216445061582,1.7600940750215601,0.009408075165817327,1.7397099628288224,2.29400228241866
Morocco,2024-11,2.7848804290337013,0.7467111241523068,3.328701128001668,6.745414083089141,1.1839911075180656,0.0,1.8056327859783212,1.4063368686075597
Morocco,2024-12,3.637973029104024,0.7678690001685476,2.9047723840381354,8.18838982033285,1.7275208660839418,0.022128789084236926,1.7179317249926236,1.9222542240064173
Morocco,2025-01,4.35748401330641,1.332006399608121,2.4140127050646907,6.093152977521972,1.8057325082417197,0.0,1.937101896800159,1.6544586405047772
Morocco,2025-02,3.5055631124860827,1.0856372475384357,3.351314873190767,6.50539461880155,1.607383651519661,0.012643290309844908,2.4030681804264686,1.7405596600188493
Morocco,2025-03,4.957724213016457,1.3069932560098776,3.832477256739491,9.401027181352339,1.3551955331829317,0.0,1.6981430248989828,1.987356753236004
Morocco,2025-04,4.115423392347278,0.8467741613933132,3.3140121710742827,7.920867002753158,2.2244624173101477,0.0,2.4957997604428663,1.666666653144554
Morocco,2025-05,2.3404099229591693,0.6610541900473645,2.7196193312331625,7.614934095004775,1.5087847828268668,0.0,2.0366032845314512,1.2335285535896965
Morocco,2025-06,3.9067125306977566,0.8872709962324186,3.217857459072499,8.137450934042947,1.5033202186923755,0.13201056046659737,2.2785823493115953,1.402512208514281
Morocco,2025-07,3.4601128394228455,0.7268331939982479,3.639000841030701,8.34166026124475,1.4947622883576148,0.0,2.053988782539979,1.327155519997039
Morocco,2025-08,2.3130112876174524,0.9300740025861901,3.7543824941964354,6.713089164635294,1.4705882494239633,0.0,1.8065835743744643,1.0021425724309507
Morocco,2025-09,3.5135135503994417,1.1426277858217821,3.7944875468970682,8.58710208969245,2.3236107777391184,0.0,3.0425475417844647,1.3263758963423216
Morocco,2025-10,3.0109371733279553,0.7863321458252913,3.795839611792829,7.046965363057229,1.7585245682261061,0.0,3.3940954012977893,1.1466151693266138
Morocco,2025-11,2.539669737838458,1.3180051289152364,3.41564127400653,7.776069029296418,1.3123380764398893,0.029145079264491582,2.1154469312206032,1.1374676741048413
Morocco,2025-12,1.6442922683274401,0.937021359638616,1.8078204992702493,6.188395404034436,0.6135687933957564,0.0,1.5582485449079877,0.3567889194103973
Mozambique,2015-01,1.849405611,0.198150594,2.060766138,0.594451783,3.7252313079999997,0.0,0.72655218,0.475561446
Mozambique,2015-02,2.701949874,0.584958224,3.1197772719999994,0.626740947,3.718663092,0.0,2.214484627,0.501392778
Mozambique,2015-03,1.562932253,0.20746888,1.8118948360000002,0.6224066389999999,2.365145314,0.0,1.576763433,0.16597511
Mozambique,2015-04,2.140845111,1.056338028,1.985915446,0.633802817,3.46478882,0.0,1.957746425,0.0
Mozambique,2015-05,2.7337111430000003,0.892351302,1.699716748,0.637393768,2.3087819639999996,0.0,0.807365446,0.0
Mozambique,2015-06,2.043895761,1.193415612,1.4814815399999999,0.617283951,1.7283951470000003,0.0,1.4403292179999998,0.49382718
Mozambique,2015-07,1.843876216,0.20188425300000004,3.3512787089999994,0.8075370120000002,2.059219471,0.0,1.8573351539999998,0.3230148179999999
Mozambique,2015-08,2.024623829,0.738714103,1.4363885420000002,0.615595075,1.8878249890000003,0.0,0.902872797,0.369357052
Mozambique,2015-09,1.494252887,0.560344841,2.198275924,0.6465517240000002,3.103448365,0.0,1.982758648,0.0
Mozambique,2015-10,1.5616045982191975,0.5587392688710602,1.2034384092378225,0.931232091752149,3.008596023094556,0.0,2.2206303724856733,0.0
Mozambique,2015-11,6.012176923,4.429223802,6.194824969000001,1.232876734,2.374429318,0.0,2.054794521,2.420091411
Mozambique,2015-12,5.390279949999999,4.801177979,3.784977916,1.6200294550000003,4.418262185,0.0,0.795287201,0.353460986
Mozambique,2016-01,4.447761151,4.522388231,3.716418031,1.343283582,4.791044869,0.0,1.343283582,3.268656944
Mozambique,2016-02,7.001647211000001,3.9044482309999995,2.570016419,0.741350906,2.240527285,0.0,1.087314686,6.425041186
Mozambique,2016-03,4.442724355,2.043343624,5.108359022,1.8575851389999998,4.334365362,0.0,0.464396285,3.6222912580000006
Mozambique,2016-04,4.969788534000001,1.9486404259999999,12.29607205,4.909365559,4.758308193,0.0,1.3444108910000003,3.217522543
Mozambique,2016-05,4.632238006,1.158059483,9.24882594,1.3615023180000003,5.492957843,0.0,4.757433729,0.8920187489999999
Mozambique,2016-06,5.493827293,4.367284127,8.858024228,2.083333333,3.5648147629999998,0.0,2.7469136099999996,1.697530864
Mozambique,2016-07,6.697388765,5.975422661,8.64823326,1.336405501,3.963133853,0.0,1.5360983100000003,0.737327218
Mozambique,2016-08,7.249283791,2.922636049,4.770773427,1.5042979940000003,5.601719287000001,0.0,3.266475809,0.0
Mozambique,2016-09,4.440993922,3.245341556,3.866459753,0.698757764,2.8881988539999996,0.0,1.9565217979999998,1.304347915
Mozambique,2016-10,5.42429298813644,3.8768717529367724,8.502495586855243,0.9983361062978369,3.594010046896839,0.0,0.8985025114725458,1.2479201326206324
Mozambique,2016-11,3.013029394,1.172638405,3.941368086,3.729641632,2.214983814,0.0,1.07491859,1.3192183030000002
Mozambique,2016-12,4.141104368,2.162576746,5.490797319,3.0368098449999996,2.852760831,0.0,0.950920253,2.101227111
Mozambique,2017-01,5.031948806,5.063897581,14.424920269999998,1.389776365,2.348242933,0.0,0.830670934,0.0
Mozambique,2017-02,7.250995891999999,2.3306773,8.685259088,1.8725099790000004,3.705179406,0.0,0.836653396,5.338645266
Mozambique,2017-03,5.48623855,3.339449506,6.275229541999999,0.825688073,4.623853307,0.0,1.871559598,0.660550485
Mozambique,2017-04,7.308411153,1.345794357,7.831775852000001,4.112149533,2.542056191,0.0,2.467289684,1.121495327
Mozambique,2017-05,3.000967985121007,1.5972894483581799,6.737657091372702,3.1074539616243952,2.991287497947725,0.0,1.084220698340755,0.5808325265847047
Mozambique,2017-06,3.188405842,1.873706044,6.92546612,1.314699872,1.614906896,0.0,0.559006221,0.403726718
Mozambique,2017-07,3.4673368028502516,2.0804019910190954,9.055276540112562,2.472361847011055,2.9547739505125628,0.0,1.507537712080402,1.6683417469145727
Mozambique,2017-08,3.459061782,2.410303483,6.126955067,1.9411223019999997,1.931922789,0.0,0.772769076,0.965961362
Mozambique,2017-09,2.906249985,0.750000005,5.7395831,2.145833373,1.43750007,0.0,0.4375000049999999,0.56250001
Mozambique,2017-10,4.281217054,2.22455402,8.100734528,3.043022036,2.6232949329999995,0.0,1.101783841,0.28331585
Mozambique,2017-11,5.552486052,2.642725581,10.15653832,4.521178848,2.375690647,0.0,0.589318609,0.709023989
Mozambique,2017-12,3.235014295,2.207421485,6.374881361000001,2.901998142,2.711703253,0.0,1.569933442,1.427212179
Mozambique,2018-01,4.017257988,1.869606903,5.906040419,1.792905109,4.084372155,0.0,0.287631831,0.460210948
Mozambique,2018-02,2.947259492,0.155118925,4.353671311,3.040331127,2.378490225,0.0,1.427094175,1.199586389
Mozambique,2018-03,3.007518819,1.099624109,6.73872145,4.078947512,1.419172991,0.0,0.704887218,0.610902256
Mozambique,2018-04,1.5765352929999998,1.228230946,7.800183461999999,2.548121029,1.264894653,0.0,1.191567391,0.549954192
Mozambique,2018-05,2.24352827,1.639501475,8.935762229,4.247363233,1.668264699,0.0,0.546500484,0.0
Mozambique,2018-06,5.076765477,1.647901681,5.854657045,2.415557674,2.610030804,0.0,0.829068616,0.276356197
Mozambique,2018-07,2.807357235,1.423039672,5.634075559,1.771539271,1.423039764,0.0,1.190706698,0.43562439500000005
Mozambique,2018-08,2.800734641,1.193755739,5.849403324,2.956841143,2.44260802,0.0,0.49586777700000007,0.220385684
Mozambique,2018-09,3.6168134103460408,1.8670576174545455,5.650049081055719,1.8475073403870967,2.521994153915933,0.0,0.7526881770478983,0.5669599638396873
Mozambique,2018-10,3.2066276658937625,1.7153996004610133,5.88693967305458,2.612085788620858,2.5146199021286546,0.0,0.29239766047758287,0.467836275782651
Mozambique,2018-11,2.341376254517426,1.4655943104950848,6.7113493252868635,4.781054789729222,1.8766756882394993,0.0,0.37533512460142987,0.10723860989633602
Mozambique,2018-12,4.297597064866914,2.060998124830869,6.94084996034196,2.9759703851003967,1.7837338655961184,0.0,1.7467652799747029,0.8964879892264326
Mozambique,2019-01,4.295366657333978,2.229729882011583,11.814672331216215,1.679536688519305,2.5482626032123554,0.0,1.7084942364092661,0.14478764526833976
Mozambique,2019-02,3.661538491,0.8102564200000001,8.174358784,2.3487180069999996,2.502564186,0.0,0.758974369,0.0
Mozambique,2019-03,3.1464435666502095,0.6025104638585774,6.8200837615054395,3.5397488904025103,1.7322176370577407,0.0,1.0627615705556483,1.0041841207882845
Mozambique,2019-04,4.073741046215827,1.1420863142625899,7.877698047465828,3.057553956877698,2.760791456624101,0.0,0.3776978460809352,1.214028819955036
Mozambique,2019-05,3.0305839007414273,2.539388309739574,6.051899924624652,2.622798972038925,3.039851842720111,0.0,1.8906395344847082,0.5560704575069508
Mozambique,2019-06,2.5024925126021933,2.0937188436640084,14.735792640478564,6.640079799152542,1.3459621847108676,0.0,1.884347016311067,0.9272183636739783
Mozambique,2019-07,2.268602584,0.88021779,4.999999948,1.8693284630000002,1.143375737,0.0,0.598911084,0.41742288000000005
Mozambique,2019-08,5.04960316010119,1.4384920871369047,9.533729818594246,3.035714370640873,1.3988095855922618,0.0,1.1309524136319444,1.9146825581210316
Mozambique,2019-09,3.6652977946355234,0.8213552360215606,10.318274956519506,2.5462012760626282,3.049281465462012,0.0,1.8685831672330597,0.8932238486652977
Mozambique,2019-10,2.771458088,1.085832472,5.108583084,5.884177954,1.251292722,0.0,0.434332994,0.527404358
Mozambique,2019-11,2.772667530299606,1.1826544018975031,11.300919963626807,6.294349552249672,2.601839803931669,0.0,1.1826544018975031,0.354796326977661
Mozambique,2019-12,3.5164835035096154,1.524725326940934,4.574176013868133,3.159340691674451,1.5247253599862638,0.0,0.8241758236854396,0.0
Mozambique,2020-01,1.5139949226666667,0.6615776142926207,4.33842250100636,2.3791349571475826,2.1374046349898217,0.0,0.687022913311705,0.3053435231463104
Mozambique,2020-02,1.7945205024082191,1.2054795107780822,5.6164384863835615,2.9863014937616437,2.4657534577452056,0.0,1.027397260208219,0.6164383559246575
Mozambique,2020-03,3.9349425125162645,2.717733508647458,4.186778479177335,2.098635911697796,3.4942288719097587,0.0,0.4407135407565583,0.53515216567681
Mozambique,2020-04,3.1147541247879778,1.6174862553825136,6.972677746502732,1.0819672237901639,6.513661660899453,0.0,0.7213114906666666,0.49180327821857917
Mozambique,2020-05,2.879331045902031,0.824372771390681,8.327359481151733,4.133811190915173,4.802867588571087,0.0,3.0107527797467144,0.43010754382556754
Mozambique,2020-06,1.9805194883636366,2.9870130022402597,7.873376778321429,6.087662453788961,4.139610505275974,0.0,0.9740259742564935,0.0
Mozambique,2020-07,2.884822333498385,1.0441335072012916,3.2400428930893437,4.058127100527449,4.940796616533907,0.0,1.0010764472874056,1.324004351593111
Mozambique,2020-08,3.623853254884894,0.4931192610791284,4.220183562694954,2.866972613755734,3.7614680209025226,0.0,0.4587155962259174,0.42431193238073395
Mozambique,2020-09,1.4410480402631005,0.6986899671419213,4.847161738418123,1.4737991521735807,2.914847244720524,0.0,0.8515284049323144,0.13100437223253275
Mozambique,2020-10,3.004535093521542,1.0544217902562356,2.380952407802721,1.6893424411768707,3.0725624286734696,0.0,0.4761904811587302,0.9297052207664398
Mozambique,2020-11,1.8161925238621446,0.43763676154266956,2.264770271766958,2.735229837226477,3.7964990673085346,0.0,0.32822757065645514,0.6564551423140044
Mozambique,2020-12,2.71317837351052,0.5537098559025471,3.732004408460687,0.9302325683277964,2.2591362755526023,0.0,0.4651162841638982,0.13289037062236989
Mozambique,2021-01,2.4948454147608246,0.9587628323556701,1.701030928117526,1.4536082128463916,2.5876289303597937,0.0,0.9278350759072165,0.0
Mozambique,2021-02,2.325123237741872,0.7389162563142857,1.881773342875862,0.9261083834246306,2.551724194007882,0.0,1.07389163528867,0.3546798170985222
Mozambique,2021-03,1.504257386,0.283822138,2.043519431,1.532639573,1.74077588,0.0,0.283822138,0.11352886
Mozambique,2021-04,1.372930881,1.022395326,2.989289336,1.178188914,1.577409983,0.0,0.29211295,0.11684518499999999
Mozambique,2021-05,0.9140767823171846,1.2705666928793418,3.3729433581184907,1.553930551659049,2.394881240155393,0.0,0.8226691039853748,0.0
Mozambique,2021-06,2.082239862,0.23622047700000004,3.473315944,2.484689464,2.003499613,0.0,0.9273840900000001,0.104986881
Mozambique,2021-07,0.960451966,1.016949183,2.953995188,5.439870986999999,1.775625581,0.0,0.242130751,0.193704608
Mozambique,2021-08,1.4228935465588235,0.48489667229888717,1.9316374592718601,1.0254372094721782,1.6931638431677267,0.0,1.0810810543306835,0.7869634792774244
Mozambique,2021-09,1.444444432,0.598290598,1.641025686,1.102564131,1.931624046,0.0,0.666666683,0.18803419200000002
Mozambique,2021-10,1.1502146209390558,0.2746781159982833,2.626609556858369,1.3390558263759658,1.7682404172154504,0.0,0.7982832780291846,0.2060085917527897
Mozambique,2021-11,3.449781764,0.917030568,3.301309977,1.091703078,1.074235866,0.0,0.655021834,0.314410493
Mozambique,2021-12,1.831916979,0.963172877,1.170915945,1.048158631,1.85080277,0.0,0.727101021,0.0
Mozambique,2022-01,1.076011855,0.769990147,2.694965562,1.273445222,1.332675293,0.0,0.542941757,0.118460024
Mozambique,2022-02,1.1173184545522745,0.6943335840430965,2.8252195004019383,1.1811652380526736,1.9393455855802075,0.0,0.5267358455339185,0.0
Mozambique,2022-03,1.204437404386688,0.39619651321711574,3.6767037662503963,0.3565768618954041,1.164817810155309,0.0,0.42789224168621237,0.3803486685134707
Mozambique,2022-04,3.3658970520000002,0.79928952,2.797513321,1.7584369620000002,0.8792185229999999,0.0,0.825932521,0.506216701
Mozambique,2022-05,2.9182019270000006,0.663227743,3.2719232799999998,0.6411201209999999,1.459100972,0.0,0.596904948,0.346352234
Mozambique,2022-06,2.2664199156743754,0.1387604069056429,2.5161887843561517,1.100832548761332,2.229417242020352,0.41628122071692886,0.2775208138112858,0.5550416276225716
Mozambique,2022-07,3.697749324209003,0.9539120707974275,2.6580921966752413,0.9646302254083602,1.4790997496109326,0.4823151127041801,1.1039657220707395,0.10718113649196143
Mozambique,2022-08,2.0667869905234655,0.5956679045036102,3.131768828313744,0.9837545216696751,1.8231046973285199,0.0,1.2003610276624548,0.21660650699458484
Mozambique,2022-09,1.5577889687959798,0.15075376878190955,1.5376884618160807,1.6482412156361808,1.7487437765879397,0.0,0.5427135772341708,0.24120603967035179
Mozambique,2022-10,3.800403278911549,0.15120967735685484,1.8044355175645161,2.9637098556945562,1.1794355364495968,0.0,0.877016109372984,0.12096774670967743
Mozambique,2022-11,2.738336641,0.304259635,4.259635058,2.0588235969999995,1.6227181490000004,0.0,1.653144084,0.578093287
Mozambique,2022-12,3.8300220805827814,0.5518763794834437,2.4724062705055183,3.2339956590960264,1.3907285450540838,0.0,2.7041942600695363,0.7726269318774834
Mozambique,2023-01,3.4328359139931117,0.1722158440160735,2.927669427318747,1.492537340531573,1.8140069104822043,0.0,0.631458094391504,0.5510907227014925
Mozambique,2023-02,2.1942445417769783,0.17985611557553957,2.80575534978777,1.702637952992806,2.517985725442446,0.0,0.359712230147482,0.0
Mozambique,2023-03,2.979552247127556,0.6134372138072054,2.4537487641402143,0.8373904711703993,1.5189873791820838,0.0,0.23369036926192793,0.3505355538928919
Mozambique,2023-04,2.939330484,1.380753118,8.190376489,4.581590078,0.784518853,0.0,0.5020920700000001,1.412133891
Mozambique,2023-05,1.4126016357195121,0.5792682974044716,4.6341464774349586,2.103658516815041,0.7621951457784553,0.0,0.6097561218333334,0.12195122456707315
Mozambique,2023-06,2.0507399430835096,0.44397463521247355,4.852008415933405,1.4904863231923888,1.8498942918625796,0.0,0.634249497036998,0.12684989920718817
Mozambique,2023-07,3.7821781986019807,0.9108910703544555,4.089109000322773,2.297029684544554,0.6237623946396039,0.0,1.5346535592732675,0.0
Mozambique,2023-08,1.158267012,1.273209515,1.9274978489999999,1.7418213800000002,1.4235190429999998,0.0,1.9009725910000002,1.193633952
Mozambique,2023-09,1.7387033679999997,0.412573679,2.455795725,1.59135558,0.8251473810000001,0.0,0.235756394,0.41257365500000004
Mozambique,2023-10,1.660899679,0.778546713,2.102076224,2.759515579,2.465398006,0.0,1.089965369,0.259515571
Mozambique,2023-11,3.9906541209999995,1.757009364,5.495327032,2.056074766,1.457943939,0.42056074800000004,1.401869159,1.233644842
Mozambique,2023-12,2.328666168265291,0.442151805431098,2.726602852697126,1.5180545605011055,0.7737656772675019,0.0,0.0,0.4274134084141488
Mozambique,2024-01,2.097100449499663,0.5866486887552259,5.225893588304787,0.9912340365313553,1.6992582631962236,0.0,1.0856372155144978,0.7956844197653405
Mozambique,2024-02,1.5785861359999998,0.452985613,4.090597078,1.146190823,1.194234768,0.0,0.336307455,1.056966392
Mozambique,2024-03,2.835606485,0.45226131999999997,3.079684056,1.076812669,1.098348918,0.0,0.768126332,0.904522589
Mozambique,2024-04,2.9744652401704625,0.18633540722567288,3.381642611070393,0.9385783396073153,1.5320911497770877,0.0,0.3519668839868875,0.7315390189406487
Mozambique,2024-05,2.202462432000684,0.34883721918125854,2.797537642855677,1.860465168631327,1.1012312165034202,0.0,0.5813953485328318,0.43091658227154583
Mozambique,2024-06,0.8094556012893984,0.7951289500000001,1.8051575620343838,0.6876790763610315,0.7091690783667621,0.0,0.4942693310888252,0.6446991745212237
Mozambique,2024-07,1.591050365228092,1.193287758902424,4.735860742018024,2.4860161151420934,1.354878862590429,0.0,1.7526414098427594,0.4474829263592293
Mozambique,2024-08,0.8642659095523546,0.4210526530038781,2.238227112412188,1.5013850627069252,1.1911357606105264,0.0,0.465373993166759,0.47091414080110805
Mozambique,2024-09,1.238779177,0.17953321399999997,1.669658878,1.07719931,0.777977288,0.0,0.29323758799999994,0.520646337
Mozambique,2024-10,2.1851639143300745,0.4945370847153537,1.2363427398044853,0.7475560939390454,0.5002875375733181,0.0,1.2248419011270844,0.2645198609085682
Mozambique,2024-11,3.806818378,1.200284098,1.803977229,0.880681859,1.5625,0.0,1.598011398,0.31960227299999994
Mozambique,2024-12,4.377150880240881,0.2684101927185134,2.264280854545767,0.9704060665003441,2.518926483902271,0.30970406104955267,1.2594632419511356,1.2594632419511356
Mozambique,2025-01,1.860166788741501,0.17318794445670302,2.9441949873713917,1.9884541982912125,1.9178961243463761,0.08338678311738294,0.4425914103707505,0.0
Mozambique,2025-02,2.463117481,0.635022456,4.291212429000001,1.468890351,2.180885152,0.0,0.372033382,0.0
Mozambique,2025-03,4.9398282056080225,0.9283667514000001,4.871060144597708,2.5386819864085957,1.312320976836103,0.6762177763598853,1.5014326943346703,0.4527220549169054
Mozambique,2025-04,4.903185628186134,1.530293536410993,6.6583386963522795,1.5552779871980011,3.0480949529943784,0.4059962518688319,1.2742036140299813,0.4684572292429731
Mozambique,2025-05,5.880794651364239,0.7417218737006622,6.9602646893933775,2.7549668652728476,1.350993430847682,0.39735099374834437,1.3642384041874172,0.07947020175562913
Mozambique,2025-06,3.3426769480588647,1.2543798248241065,5.8654522339501645,1.8430273764540994,1.920112196361598,0.0,1.2403644374155571,0.35739314208269096
Mozambique,2025-07,5.3115548469691465,2.2867513725299458,5.378100515716878,3.1941925186497278,2.8977617373647915,0.0,1.8874772879128856,0.943738680522686
Mozambique,2025-08,6.038319150995055,2.4474659724079113,5.648949296405438,5.488257089761434,2.6205192094808405,0.0,0.951792341761434,2.354758882264524
Mozambique,2025-09,4.278911457164374,1.374149663452381,5.047619164438776,1.8571429508333335,2.1564625886734694,0.0,1.1224489958503403,1.2925170396938774
Mozambique,2025-10,4.830985791509154,0.9788732462422535,7.45070420534014,3.0633803659535217,3.140845097190845,0.10563380265140845,1.7253521126415494,0.08450704512323944
Mozambique,2025-11,3.1932772530359053,1.0160428136287243,8.647822915031323,2.57448437930634,2.6050421191871656,0.0,2.7196333735798324,0.8403361523483575
Mozambique,2025-12,3.6721612948763735,0.5494505489697802,1.5109890109203294,5.100732626936813,1.8589743113049448,0.0,0.9065933935164835,0.906593371456044
Namibia,2015-01,3.287671330771233,2.260273940350685,2.328767123247945,3.8904111682378475,1.5479452312561643,0.0,0.863013724869863,3.4657535817369864
Namibia,2015-02,3.5947048739287166,3.2688392156741344,5.234215749612278,8.543788536535263,3.1059065076150714,0.0,2.0162933222830954,4.1038699647881876
Namibia,2015-03,3.671874920873047,2.9199218615,3.6914060826816404,8.564454014010742,2.1582030926103513,0.0,1.9042968751337888,5.517578125257812
Namibia,2015-04,4.297674556593488,2.4930232072800003,4.6418605184093025,11.488371803609303,4.595348557786046,0.0,1.6186047039460467,5.767441860396279
Namibia,2015-05,3.6587873683042136,2.106885944781089,4.552928909007194,8.70503612268037,3.6896194235889,0.0,1.1408016833463515,3.617677365262076
Namibia,2015-06,3.6998256749999996,4.554973909649215,4.109947760812391,9.982548521606457,2.923211107139616,0.0,1.9371728416020944,3.0715532947303665
Namibia,2015-07,5.328218305173061,4.075021268296675,5.780051004180733,11.227620957681157,4.569479775099745,0.0,3.785166370618926,3.998295100726343
Namibia,2015-08,4.587677576217062,2.5118483641383884,5.469194227225241,8.056872331820149,4.350710841877969,0.0,1.990521327190521,4.710900546563034
Namibia,2015-09,4.129032253413825,3.2718892466764977,6.6820279137806455,9.308755958164292,4.497695936069361,0.0,2.635944910942857,4.709677982107834
Namibia,2015-10,4.283216845604895,4.029720500185314,6.145105078111888,9.685314680828672,4.1520980478210285,0.0,2.6748252086468534,4.74650309644056
Namibia,2015-11,4.142857214977908,2.982142844753571,3.6339285548285716,8.428571969542856,4.696428584324336,0.0,1.8750000000892857,4.116071633196428
Namibia,2015-12,6.549117997876574,4.571788346743072,5.680100653570385,9.79848865883879,5.705289606597624,0.0,2.1914357205491184,6.0957180758287155
Namibia,2016-01,5.830303394127272,6.145454204312728,9.61212120636592,13.357575011781819,2.3151514745388044,0.0,2.824242331483636,6.909090908792727
Namibia,2016-02,5.756344940256853,4.730964336232487,5.289339849394923,7.878172893347207,2.9441625574680206,0.0,1.8375634902223348,6.32487340646193
Namibia,2016-03,4.164037770123029,4.0063092132397475,4.837013569391167,8.317560778173501,4.837013594706625,0.0,2.17665623214511,4.38485772363407
Namibia,2016-04,5.906432669608188,5.331383741116959,6.929824691245614,13.430799215087719,4.269005680779865,0.0,0.7017543905204678,5.750487329304094
Namibia,2016-05,5.227032407380148,3.7803591238014786,2.8827876703178457,11.393876032872228,4.582893483619731,0.0,1.3938753755385427,7.296727148900739
Namibia,2016-06,6.318897407334644,5.492126261283465,6.250000375830709,11.742125978425197,6.053149770396542,0.0,0.9448819268221033,5.590551106437007
Namibia,2016-07,9.248496989549096,3.6673346832665334,5.160320641292585,14.819639889378761,5.4108215720657595,0.0,1.1422845791515601,8.336673040681362
Namibia,2016-08,7.708542861857286,3.9798993202130655,6.733668341835176,12.462312016894472,5.366833869287063,0.0,2.623115664202268,8.693467337013065
Namibia,2016-09,4.900398554079681,4.800796865179283,8.655378637545816,14.860557151553785,6.862549501354212,0.0,7.081673772381731,8.904382622494024
Namibia,2016-10,2.901168963804463,2.401700232785335,5.015940570317747,12.646120817853348,7.290117064534143,0.0,3.591923657936511,5.313496685973433
Namibia,2016-11,2.869198359535865,3.3895921437679326,5.808720005548523,10.281294369957806,3.769339019141531,0.0,1.7299578995235678,2.1237693925232066
Namibia,2016-12,3.1249999673152176,3.980978027803843,7.5543481367826075,8.288043445690217,4.048912939413044,0.0,1.4266304669935557,3.804347566907609
Namibia,2017-01,5.316901542832192,4.154929756732394,4.307511714591549,12.18309928225352,4.7065730389859155,0.0,0.5633803044507042,5.223004694873239
Namibia,2017-02,5.437219570261498,4.4170405299831845,7.186098590610984,15.807174860334495,5.874439632797085,0.0,2.4551571213621077,3.7331837712275786
Namibia,2017-03,4.054054053871102,2.557172522296911,5.509355608147609,15.374220035135135,5.363825056302762,0.0,1.1746361948378379,3.409563330415801
Namibia,2017-04,5.0380852065408055,3.68879225361113,7.649619172360174,13.046789640359085,4.3199130323405885,0.0,1.1425462460489664,4.820457350391731
Namibia,2017-05,3.5969872486610175,2.937853111413963,8.229755771451977,13.154425592259889,5.7250470086836165,0.0,2.1657250472203393,4.3502825580282485
Namibia,2017-06,3.229927146430657,3.220802785233238,7.354014198156934,12.810219378029197,8.531021897967154,0.0,0.7390511298613138,2.189781021948905
Namibia,2017-07,4.69823569826741,3.008356687955432,4.818941380428969,15.320334523203343,6.025998284958218,0.0,1.0027855333286908,3.036211770008357
Namibia,2017-08,5.018975476855787,3.975332213436433,8.244781928068312,15.256166115806451,8.368121152110056,0.0,0.9962049334478178,1.8216319508064516
Namibia,2017-09,3.336529352770854,1.7162032229530202,3.355704697962608,12.368169045781398,4.074784276169702,0.0,1.2943432405704698,2.186001843950144
Namibia,2017-10,2.7589453146327685,1.864406887875706,4.830508559631719,14.199623936045198,2.815442525384181,0.0,2.3352165004745764,1.2711864404519775
Namibia,2017-11,3.4956183848603986,2.7361246719211296,3.7487826535120594,14.186952294508274,3.485881504612463,0.0,1.957156804429406,1.713729160573515
Namibia,2017-12,3.300733408877296,2.4205378042909538,6.039119991185819,12.836186194865526,5.623471882946211,0.0,1.2102690183251834,1.6503667480684596
Namibia,2018-01,3.3474129383718503,2.3442449638859557,4.371700266779303,10.675818389118149,3.0306227987328405,0.0,1.4255542819007392,2.027455201520591
Namibia,2018-02,2.0801526669533796,2.01335872377958,2.7576335515009545,12.070611569222221,4.494275118893129,0.0,1.0019083967003817,3.4923666310763357
Namibia,2018-03,2.3352166581910407,1.7231637694745765,6.751412141531073,11.534839922994351,5.696798582813559,0.0,0.8757062321751413,5.395480154463276
Namibia,2018-04,2.422779936971897,1.2162161612509652,3.677606030718146,9.893822393675675,4.8552123738146715,0.0,0.7528957709420849,0.7528957709420849
Namibia,2018-05,4.4399185477096585,2.423625079283096,2.118126194979634,10.631364715315682,2.7087577730835033,0.0,0.8859471247291242,2.158859547716905
Namibia,2018-06,4.836852147597779,1.5547024764548942,3.80038373096929,11.151631921285988,3.4644913078080615,0.0,1.554702568502879,2.7063340463301344
Namibia,2018-07,3.0070922729899077,1.9574468354936172,4.893617021102128,9.20567343427234,3.063829705612766,0.0,1.4893617016765957,1.7021276592042553
Namibia,2018-08,3.8907468652228374,3.3667781278795985,3.1326642668528426,10.568562213110367,3.991081403277592,0.0,1.5384616659632107,2.1962096729699
Namibia,2018-09,2.6352706313876606,2.074148277875752,7.164328657525051,10.611222601903808,3.9078153442384767,0.0,0.7515030055811623,0.8116232849298597
Namibia,2018-10,2.631103086637329,3.0922242362495473,4.556961969269439,13.878842679963832,4.538878997549729,0.0,0.9493670886401447,1.3019891154484629
Namibia,2018-11,3.2161687298285453,3.3919157797891035,5.483304176054482,10.325131805799646,4.209138974165202,0.0,2.0562389827768017,1.6520210222319858
Namibia,2018-12,3.7041284073440366,4.541284338165137,4.827981749766056,14.380734042247706,5.883027872972477,0.0,1.2385321318623854,2.7866971605688073
Namibia,2019-01,4.939626836583973,7.332601662243687,10.954994685927552,18.540065531064762,8.408342732316136,0.0,3.2930847323424803,4.017563158906696
Namibia,2019-02,4.680850869078014,5.372340374893617,8.324468093602837,20.46099277783688,8.750000067152483,0.0,3.1117022673723405,7.650709237258865
Namibia,2019-03,3.78006876898969,4.4501719197938145,7.250858991876289,17.328178858281785,6.460481246776633,0.0,3.2474228601649484,6.383161774061855
Namibia,2019-04,3.9911502867938053,5.274336485457522,7.230088605455752,14.778761741008848,8.035398500274336,0.0,0.9734513270247787,6.460176991536284
Namibia,2019-05,5.008695726811304,5.2782608524860875,7.460869581743478,18.67826088766087,7.104348223946956,0.0,1.6173913375669564,11.991303820130435
Namibia,2019-06,4.246323642983456,2.987132265235294,5.965073582469668,13.584559124724265,7.6102943977132345,0.5514705877481618,1.930147059124081,11.98529460375919
Namibia,2019-07,4.745762842271187,3.0669895072154962,6.674737830145278,17.71589993883777,6.755447695510896,0.0,1.670702163472155,11.783696625326876
Namibia,2019-08,4.328493716651542,5.970962077772232,6.597096517277676,17.70417411107078,6.379310210235936,0.5444646094600727,1.3067150286116151,10.807622361161524
Namibia,2019-09,3.283160851685795,3.0950140749426156,6.829726886756349,17.629351168635935,8.701787416786454,0.0,2.6246473682464724,6.378175084071497
Namibia,2019-10,3.8865368818374257,7.324301277840813,9.212532091740051,17.45978011663844,8.001693479796783,0.0,2.074513165084674,10.0846737127011
Namibia,2019-11,3.924392474023402,3.23132318379388,4.572457348433843,14.635464267686768,5.985598645625561,0.40504050410441045,1.8271826493339334,6.3726373452655265
Namibia,2019-12,4.349030549825485,5.401661950869806,4.889196701875346,18.10249288279778,9.875346682595568,0.0,1.53739617433795,8.28254837031856
Namibia,2020-01,4.345946002690811,4.043243047043243,8.12972970933946,13.189189238832432,7.383783700836758,0.0,3.2108107129308108,5.1243244888767565
Namibia,2020-02,3.788990865315596,5.990825683660551,6.972477326561467,13.596329737357799,6.798165172790825,0.0,2.027522883374312,4.568807794513762
Namibia,2020-03,3.967479534878049,5.756097557546342,6.235772168056097,16.40650439217073,7.804877990780487,0.12195121929512195,1.2195121949560976,4.089430832363415
Namibia,2020-04,5.255545025033752,6.653809225458051,10.713597498167791,22.063645150241083,14.580521175699133,0.0,1.9093539237029893,3.153326978514947
Namibia,2020-05,4.972314676132891,6.4230343295946835,10.409745796943522,13.643411148106313,6.810631229036544,0.0,2.093023345880398,1.9601328691893687
Namibia,2020-06,3.0221519592072785,4.841772042907437,9.018987493078322,17.07278506544304,11.33702555584652,0.0,0.9493671636218354,3.8924050486867086
Namibia,2020-07,4.521072869993615,4.137930848978289,6.93486622899106,14.865900395466157,7.7394639093869735,0.0,3.8122605848212006,5.466155622139208
Namibia,2020-08,5.66265048759518,6.514056102708434,10.128514009445784,19.8795184539759,10.34538133513253,0.0,5.469879644144578,3.1726910692240966
Namibia,2020-09,4.95420498858951,2.531223888266445,8.293089025085761,17.78517878954205,10.75770229605329,0.0,1.8234805000632806,3.4721067207060785
Namibia,2020-10,3.5048231819855302,3.9549839840747585,5.9807074416109325,17.877813396093245,7.387459699416399,0.0,1.543408421631833,3.5369775681672024
Namibia,2020-11,4.497462093417259,3.54314736262335,4.7918782496,13.878172178923856,5.908629446529949,0.0,0.7005075752934009,2.5279189362152286
Namibia,2020-12,5.176211453257709,6.960352559292952,7.797356954687225,16.894273507180614,8.414097609429515,0.0,2.0264316759405285,1.32158590261674
Namibia,2021-01,3.9955850201865344,0.9161148116721854,5.320088305889624,8.289183265024283,5.2980135870889935,0.0,4.238411107035319,1.7218543465772627
Namibia,2021-02,3.4944610888439076,3.4340381140543808,9.204430402644512,10.161127283806646,5.528700604233261,0.0,1.2386707385236655,2.2658611954662637
Namibia,2021-03,2.7471565515879264,2.125984184886264,6.281715052934384,10.008749039559929,8.521434828627847,0.0,1.3910761652939632,5.774278215629046
Namibia,2021-04,2.968036508056621,2.703196207928767,7.972602604252056,11.506849593251141,5.589041100292811,0.0,3.0228309108063933,2.794520408316895
Namibia,2021-05,2.1708542861567843,1.7185930028221106,2.7437185163195976,8.512562818688442,5.326633166069347,0.0,2.472361846914573,2.080402086683417
Namibia,2021-06,4.076190494453333,1.2285713920533332,6.3428565660266685,8.72380924272,3.77142842624,0.0,2.371428467146667,2.657142820533333
Namibia,2021-07,3.901192580943782,2.4787051510630325,5.715502425689948,7.691652222255537,6.183986891396934,0.0,5.059625221018423,1.45655880641908
Namibia,2021-08,3.6021505630555555,2.016128904193548,6.559139767535842,12.410394175985662,5.456989384032258,0.0,2.6075269582451868,5.483870843664874
Namibia,2021-09,3.617529983247012,2.717131485886853,5.474103950760956,9.609561631355378,6.486055290537848,0.0,1.3386454900483093,2.1752988963848603
Namibia,2021-10,4.470787626203218,3.5563083744335313,7.2057577033615585,10.389499837442845,7.332768872032177,0.0,1.0160880809988388,1.9390346636951736
Namibia,2021-11,3.6867470145783128,2.1927710229445787,8.281124375055423,10.554216985301203,7.012048093273895,0.24096385553734942,1.6385542819739987,2.3373495052128512
Namibia,2021-12,4.396248394916765,2.2039858986635403,4.384525160021101,8.921453513800703,5.521687980539274,0.0,0.8440797523278175,0.738569776161782
Namibia,2022-01,2.957358976643741,3.6726270773314993,8.32187070184319,10.63273716863824,5.447042857441541,0.0,0.6602476190531339,3.2599724635213208
Namibia,2022-02,4.094982040412186,2.6971325652930105,5.815412494211471,11.53225779517025,7.410394846456093,0.13440860226792115,2.016129138895724,1.6935483952526884
Namibia,2022-03,10.801886897688679,4.426100568714623,6.548742528495284,14.536163943632078,7.767295987714623,0.2358490565023585,2.3820754491781666,2.900943441622642
Namibia,2022-04,8.438256722417673,3.6682809813292976,10.242131138692493,11.380145744322032,10.193704691513318,0.0,2.2881355475072636,2.578692401331719
Namibia,2022-05,6.7811936193779365,5.207956806958409,4.792043400061483,9.620253129692586,6.130198846300182,0.0,3.200723292951176,1.0849909580216999
Namibia,2022-06,10.146460810349877,5.052888403381611,7.778681963428804,11.253051200065093,10.024409840807161,0.0,2.221318276359642,3.1000815536777875
Namibia,2022-07,9.173485632017185,6.653028072815057,10.188216039361702,14.296236368617022,14.934533243085106,0.12274959095744681,5.842880179893618,2.6513912283510637
Namibia,2022-08,11.919112189532116,7.113402122402855,7.105472029341792,16.09040492524316,8.215701551883425,0.0,7.731959368001586,3.592386934318002
Namibia,2022-09,8.695324639270739,3.280542770515837,9.064857344735293,9.886877713009804,9.645550499352941,0.0,3.2277525817058828,1.7119154846862745
Namibia,2022-10,9.618055302578124,5.0173612102387155,13.454860949262155,14.322916172395834,14.097223018012151,0.10416667086805556,2.3958333662543403,4.140625065876737
Namibia,2022-11,8.083407415122677,4.3478260869875776,10.842945599467614,15.59893549281278,8.509316630853265,0.0,2.2094054674667256,1.8633540372715172
Namibia,2022-12,9.210206671134872,5.601458358537059,6.804373892874848,13.195625574532201,7.873633188729039,0.0,1.6403402767290403,0.984204177414338
Namibia,2023-01,9.353492878786234,4.588112815770594,5.922836208563086,12.836287644212721,6.55891529818561,0.0,2.690302443278415,1.845672655345151
Namibia,2023-02,8.70907391379233,4.602432073021515,9.186155535058933,14.957904725687557,8.400373574840039,0.0,3.2366699099513565,4.12535051855753
Namibia,2023-03,8.858162436358608,3.6752899880071364,7.68956295831222,15.51293535323818,14.754683795057986,0.0,5.156110718028546,4.014272970305085
Namibia,2023-04,10.656779672256356,5.667372678823093,6.377118725091101,16.016948827372882,13.898305823838195,0.0,4.099576352037076,7.521186844315678
Namibia,2023-05,7.540983621639343,6.506147345691598,9.579918032517417,14.262294774334016,9.528688769193911,0.0,1.9057377443709016,3.780737860952869
Namibia,2023-06,11.295986631847828,4.999999936266723,10.342809586304348,14.481605417282609,11.220735414835497,0.0,3.40300977808194,5.317725545576087
Namibia,2023-07,14.0489346222573,8.776637486471982,9.834253967128358,16.25098580457774,8.681926260584056,0.0,3.3622730971428574,4.411996963157064
Namibia,2023-08,9.404024897275542,5.371517294063467,9.047987734589784,12.631579011068112,6.277089849383326,0.0,2.7631579540634674,3.3126934391176466
Namibia,2023-09,9.455284471421137,4.276422795521138,7.747967185521952,14.886178429073171,11.398374552425413,0.0,4.081300797843903,4.536585225986179
Namibia,2023-10,7.465698278324455,3.5916061339370455,6.9975784461404364,13.696529520839388,9.176755471269779,0.0,1.8886198237352703,4.15657796284423
Namibia,2023-11,8.991263402954726,3.44718017701668,9.459888300352661,12.001589049722002,7.42652899144718,0.0,2.192216075037331,3.034154151078634
Namibia,2023-12,8.326403341216217,3.991684150337838,7.713098189189188,13.67983272972973,7.692307692567567,0.0,3.4303534307432435,3.024948064864865
Namibia,2024-01,7.738748470801317,3.8748627046234905,6.9264544872447855,11.503841635784854,4.950603983749725,0.0,0.6476399667135017,3.326015284333699
Namibia,2024-02,5.806451605419355,0.9677419286267281,4.900153404337941,8.84792603250384,5.806451642138248,0.0,1.9354839296712747,2.16589867574808
Namibia,2024-03,6.140503175741544,1.9947961837259323,6.591500434060711,10.51170856685169,7.120555602830876,0.0,3.1743277077745007,3.616652277307893
Namibia,2024-04,7.353760162432684,4.1039929752089135,5.552460091086351,13.249768744846799,5.580315616954504,0.0,2.4791087055338905,4.3082638371959145
Namibia,2024-05,9.286280608391754,3.616177762082474,4.781919353443299,11.641554714639174,7.06582090228866,0.0,3.5923869335257734,4.829500404371134
Namibia,2024-06,7.354529002591481,3.0713859549718054,8.224354937691439,11.763647408356327,8.332333510152369,0.0,4.097180517755249,4.697060785157168
Namibia,2024-07,9.086021978322295,2.803379306107527,6.612902980835352,10.291858775354553,7.8494622778494625,0.0,2.665130480924731,5.552995662946237
Namibia,2024-08,5.7672851200941215,4.9325466354131535,4.645868598340328,11.382799422623632,4.915683144688027,0.0,2.5548059463743673,4.258010439460372
Namibia,2024-09,6.001615370294022,3.2956380064717283,6.3085620739729515,9.943457412555135,8.634894730138933,0.09693053679159937,2.1001615505912765,6.9547655124297245
Namibia,2024-10,8.690744920946578,2.7990970689608723,7.652369973832592,12.768998763298162,7.697517393127163,0.0,6.0948081266117375,7.652370439911212
Namibia,2024-11,4.356029407705496,4.2329778235397875,7.785069619259229,10.516817281673504,8.236259353648894,0.0,3.5192781629176606,5.356850009493027
Namibia,2024-12,5.303346960753139,1.6108786458891213,6.506276081098326,9.884936740062761,5.460251026516736,0.0,2.85564878028413,5.533472813064853
Namibia,2025-01,6.7729837008630405,1.2851782186491558,9.549718838797506,11.754221245778613,5.68480285891182,0.0,3.32082565902439,2.8424017870919327
Namibia,2025-02,3.838304503561224,2.817896359591837,7.63736248346479,7.872841327775511,3.9324958806122448,0.0,1.224489826102041,3.1554160726224487
Namibia,2025-03,3.775100286546988,2.9156625897301205,7.951807210069995,7.767068659824097,5.373493868824096,0.0,0.8995983783445783,1.9036144614192771
Namibia,2025-04,5.808708993897357,5.684292334842923,10.186625173155631,11.306376422923798,11.360809183374805,0.0,2.4494556768615867,3.1493001556765163
Namibia,2025-05,3.8616465186917694,2.3992993365148862,5.166374760551789,9.06304805805254,4.921190897189142,0.0,1.103327528553415,2.4430823824886163
Namibia,2025-06,6.1893205233398065,3.7135921245825245,7.783171562975845,12.872167794174757,7.831714993864077,0.0,3.1553398058252426,2.111650515883495
Namibia,2025-07,6.357199071364279,1.7623917871235248,8.056648259370686,9.677419298522425,8.214004840897717,0.0,1.3532651302950434,3.2100710502352476
Namibia,2025-08,3.8541668307692305,3.277243559423077,9.679487864870307,11.14583300048077,9.110577672403846,0.0,2.3317307232692306,3.1009615996153848
Namibia,2025-09,4.445283187657359,1.8037736458475473,7.735848894983504,11.441509696505658,7.154716636120755,0.0,1.1773585189615094,3.3207547171743395
Namibia,2025-10,4.669603254171806,4.640235004911894,7.973568152171911,10.212922146607928,6.607929515810573,0.0,2.8928047412290754,1.7400881090616738
Namibia,2025-11,5.971643366281067,2.318598847820684,7.014178653558083,9.95829865018849,6.8557131575796495,0.0,1.576313602117598,3.2777315378415346
Namibia,2025-12,6.652307833421538,4.855384533062154,9.51384623585231,14.701539320775384,8.560000082268308,0.0,3.3784616328061534,2.9599999643753843
Niger,2015-01,0.0,0.0,2.748538074422555,4.590643393335921,0.17543860338596493,0.0,3.698830333214074,0.17543860338596493
Niger,2015-02,0.0,0.0,1.4533965320189572,3.7440759496644995,0.0,0.0,2.132701497412728,0.0
Niger,2015-03,0.0,0.8230452676351167,3.278463596079052,3.8271605072827732,0.20576131631687244,0.0,4.320987294580126,0.0
Niger,2015-04,0.7668711654846625,0.0,5.6288348389078,5.690184327445749,0.9969325149095094,0.0,2.6687114884584133,1.4723927334768177
Niger,2015-05,1.2831857417371244,1.3274336278126846,3.8790561109189197,4.7787608648193425,0.22123893777876102,0.0,7.035397678772056,0.0
Niger,2015-06,0.6484149853890493,0.0,2.9394814196677217,2.708933779440922,0.7348704068802382,0.0,4.755043364896333,0.0
Niger,2015-07,1.1188811190041958,0.0,5.76223800233794,6.307692127238321,0.8391608392531469,0.0,2.517482684394283,0.0
Niger,2015-08,0.679758307758308,0.22658610246525682,6.9335348697674535,4.199396051685239,1.5407854341142422,0.0,8.429002541282948,1.1329305135589125
Niger,2015-09,0.6193354405179539,0.6797583079879154,3.8821751978884316,3.4290031720406122,0.0,0.0,3.3987917565404397,0.0
Niger,2015-10,0.0,0.0,3.4397677170715313,3.164005937544306,0.6095790379486624,0.0,4.1799709305562915,0.5224963925687739
Niger,2015-11,2.2794117649058823,1.8382352946470581,3.1617644608448727,6.500000253102601,1.8088236275983611,0.0,4.13235271660958,1.7647058821764705
Niger,2015-12,1.2831857774684783,0.8849557521238938,4.424778515059756,3.4218291269760637,0.7522124806473232,0.0,6.814159440100167,0.6637168146843658
Niger,2016-01,1.2173911796047199,0.0,1.6231883776799163,4.42028988989006,1.478261049361986,0.0,4.478260952062359,0.8695652171347826
Niger,2016-02,0.85470085465812,1.2820512825698005,1.8376067838256815,3.190883170241838,1.5384615659807888,0.0,5.085470261920102,0.4273504279116808
Niger,2016-03,0.0,0.0,2.9912025347240037,1.8328446102773337,0.0,0.0,4.017595391269834,0.0
Niger,2016-04,0.1851851920349204,0.0,1.111111082006392,2.29938291523827,0.7870371327667983,0.0,2.592592695563314,0.2314814812114197
Niger,2016-05,0.5319148935886525,0.0,0.851063835716312,3.2860518625608908,0.14184397720050637,0.0,2.3758863448162097,0.0
Niger,2016-06,0.5224963923008082,0.0,1.567489177121956,3.076923118521624,0.6531204639535558,0.0,5.007257274967571,0.0
Niger,2016-07,1.0631741291637238,0.693374422021572,4.160246276188773,3.8366718914099027,0.9244992293620954,0.0,5.593220294348667,0.23112480734052385
Niger,2016-08,0.0,0.0,0.18604651886511625,2.2325581544560342,0.18604651870950137,0.0,1.4883721524876181,0.0
Niger,2016-09,1.467304632586329,0.0,2.232854864816587,2.9186602792506258,0.0,0.0,5.629984309894372,1.0526316779918423
Niger,2016-10,0.0,0.0,1.6771159577400345,1.4420063139586652,1.8338558068730402,0.0,2.962382572629914,0.0
Niger,2016-11,1.6613924050522153,0.0,3.2753164633220146,1.8987342150300628,2.136075911629972,0.0,3.3227848860530282,0.0
Niger,2016-12,0.0,0.0,3.265940642462696,4.152410731083803,2.6127527515824474,0.0,4.105754366094911,0.9331259719813374
Niger,2017-01,2.146263911500795,0.4769475363116058,2.8139904684197137,2.7186010143346793,1.8600955868056765,0.0,3.147853728248238,0.47694753576947535
Niger,2017-02,0.6743420896661183,0.0,1.7763158211686083,3.207237077871333,0.246710526537829,0.0,3.6348687189223208,0.0
Niger,2017-03,0.18662520183768033,0.0,3.2659406422542987,1.819595690367429,1.1664074275818692,0.0,3.9191287194755366,0.0
Niger,2017-04,0.2276176025614567,0.0,1.638846802062257,2.91350520982536,1.5933232168088014,0.0,3.9150227181749386,0.9104704102458268
Niger,2017-05,0.4731861200914827,0.4731861200914827,1.7034700617074343,1.7981073833594412,0.0,0.0,2.4605678834109046,0.5678233661433522
Niger,2017-06,1.8604651164728683,0.0,3.767441593944983,2.7441859430236546,2.976744377861659,0.0,3.348837046857187,2.046511635655814
Niger,2017-07,0.1815431237271232,0.0,1.4523449898169856,1.6792738848752098,0.18154312371558246,0.0,2.950075534856145,0.0
Niger,2017-08,0.0,0.0,1.7559524091912404,2.7232142785835447,0.0,0.0,3.7499999011107135,0.0
Niger,2017-09,0.0,0.0,0.0,2.352941074897478,0.588235317313538,0.0,2.990196421105647,0.735294117978758
Niger,2017-10,1.674277016773212,1.6590561861236783,3.2420088353495515,4.505327194423568,1.0958904542005639,0.0,2.557077618688192,0.45662100477929984
Niger,2017-11,0.549618342859367,0.0,1.099236684587436,2.9618321486779045,1.419847357397731,0.0,2.748091493798339,0.0
Niger,2017-12,0.8121020093230656,0.0,1.1464968225477707,4.171974529423794,2.10191102577989,0.0,2.1019107216293897,0.7165605098089172
Niger,2018-01,1.393188854541796,0.0,2.461300398028701,2.693498540418752,2.2755419871343197,0.0,4.133126904939274,1.393188854541796
Niger,2018-02,0.556414241982821,0.18547141363466527,3.7094276140974154,2.6738794364012803,0.6027820855326559,0.0,4.265842371360343,2.4111283434018964
Niger,2018-03,1.223241590385321,0.0,2.201834950047443,5.336391197227085,3.256880799567103,0.0,7.844036731122977,0.0
Niger,2018-04,1.3761467894189603,0.0,1.1467890277089121,3.654434192451463,0.9174311925840978,0.0,3.8990825325584964,1.3761467894189603
Niger,2018-05,0.0,0.0,1.4436090803203416,2.872180473161116,0.1804511350400427,0.0,3.293233204097786,0.0
Niger,2018-06,1.059907702303006,0.0,4.239631322075748,2.8264209789608503,0.9216589859462365,0.0,3.73271910599833,1.244239726474478
Niger,2018-07,0.0,0.0,1.707692366910811,2.015384674413274,0.6000000150803949,0.0,3.323077201572745,0.4153846230984616
Niger,2018-08,1.2466487547407885,0.0,1.1796246905047099,3.3646112472528533,0.20107238590214477,0.0,2.7345844946213322,0.20107238590214477
Niger,2018-09,0.41551246513850415,0.0,2.5207756297806485,5.470914061659477,0.9556786840349817,0.0,2.326869898914839,0.0
Niger,2018-10,0.5915492349318711,0.0,3.2112679681824523,4.6338028641451094,1.3943660759200802,0.0,2.8732395508775035,0.0
Niger,2018-11,0.21865889250145776,0.0,1.3119533875663465,3.5276969041621817,0.17492712093294457,0.0,1.9679300991709285,0.0
Niger,2018-12,0.9646302253215434,0.0,2.572347228040422,5.755627155127097,0.0,0.0,1.543408421309692,0.1929260524109781
Niger,2019-01,0.2746365177705978,0.0,1.987075959832817,4.248788514285989,0.0,0.0,2.7625202558830826,0.0
Niger,2019-02,0.0,0.0,0.779220810531678,5.1785717923030115,1.6558440860286177,0.0,3.0681818724651193,1.8019481528115024
Niger,2019-03,0.17391305059656292,0.0,1.9565217046349885,5.463768433832835,1.260869503458882,0.0,2.8695654527822767,0.0
Niger,2019-04,0.7377049180590164,0.0,2.7540983527772824,2.885245925590396,0.7377049180590164,0.0,3.1967214674670252,0.9836065570688524
Niger,2019-05,0.0,0.27063599509607583,2.7604871258486354,4.479025664952135,0.8119079836806494,0.0,3.4506089954941035,0.0
Niger,2019-06,0.688073394303899,0.3325688185550459,1.020642212858945,4.587156155156979,0.13761468394151374,0.0,1.9610092184846655,0.17201834884059636
Niger,2019-07,0.0,0.44571429664914286,2.708571379199576,7.70285718074132,0.0,0.0,6.9257143016211575,0.0
Niger,2019-08,0.2909091023321212,0.0,0.5818182054260771,3.442424253655307,0.18181818160484847,0.0,2.945454655761974,0.0
Niger,2019-09,0.0,0.18656716370149254,2.798507462843922,9.415423390401491,0.0,0.0,4.701492857488378,1.2686566630244134
Niger,2019-10,0.0,0.144230775390625,3.028846274546771,4.855769241993096,0.865384649422939,0.0,3.0288462166245536,0.0
Niger,2019-11,0.0,0.0,2.3017902817289357,5.869565138484508,0.3069053834675555,0.0,5.984655091384141,0.0
Niger,2019-12,0.0,0.5402160861464587,4.165666386336029,6.66266555294104,0.18007202897358945,0.0,2.484994088875183,0.9363745732371112
Niger,2020-01,0.1849568429223181,0.4438964413871763,1.8865597375339087,5.81997549186838,0.1479654810205036,0.0,3.144266455914779,0.4438964413871763
Niger,2020-02,0.4287515887632495,0.0,1.1349306731524405,4.880201771007098,0.27742749609836065,0.0,2.4211855282464048,0.6052963673513599
Niger,2020-03,1.740614356287274,0.0,2.286689436357386,6.80318554107866,0.0,0.0,1.6382252941410693,0.0
Niger,2020-04,4.725536924518512,0.14319809646778042,9.880668109733035,9.295942649066994,2.756563291828162,0.0,3.544152807248823,1.0739856800763723
Niger,2020-05,1.1814859407522882,0.0,2.6187576122685914,4.799025706135234,3.4713765155735836,0.0,3.6540805055231593,0.14616322193621004
Niger,2020-06,1.4096385022356968,0.5421686752192771,3.9036144122470207,7.831325616981789,0.6867469936771085,0.0,3.253012162686919,0.0
Niger,2020-07,0.836363647558788,0.0,6.096969864481246,5.066666690275013,1.5272727451393937,0.0,5.199999896218976,1.7090909553000164
Niger,2020-08,0.29339854446821517,0.0,1.83374083099022,4.278728722687216,0.5501222490831297,0.0,5.831295733271743,0.1466992721352426
Niger,2020-09,0.18359853154957165,0.0,2.239902104001224,9.951040355587374,1.1015911877221543,0.0,7.417380678470643,2.6805385383965725
Niger,2020-10,0.5467800729222358,0.0,2.04131238173803,4.5686514382825205,0.5467800729222358,0.0,1.895504270566221,0.6925880984179827
Niger,2020-11,0.0,0.0,4.174624751268759,9.126876156768935,2.5375171050804908,0.0,3.642564678339543,0.0
Niger,2020-12,0.9195402659888336,0.0,2.7203066590389704,4.010217461063383,0.7279692940518881,0.0,4.1762451559417615,0.15325671150399545
Niger,2021-01,0.0,0.19354838692258067,2.167741959642581,5.109677222707132,0.0,0.0,3.9096775056006634,0.0
Niger,2021-02,0.38412291903329066,0.0,3.7644045000545048,4.699103627820267,1.2676057070100961,0.0,2.4199744044617524,0.0
Niger,2021-03,0.0,0.0,2.4074074661065237,2.345679093322354,0.5555555771666667,0.0,2.4074073931043642,0.0
Niger,2021-04,0.8646616655639098,0.15037594607142857,2.706767233708697,6.929824555717936,0.0,0.0,5.639097714826314,0.0
Niger,2021-05,1.5671642266044776,0.14925373682089554,2.9477615263825125,5.957711632631841,1.131840814141791,0.0,3.2835821313936737,1.2686566631562544
Niger,2021-06,0.7109004735,0.14218010060426545,1.2796208187199392,6.2085311557944465,0.0,0.0,3.5545024258674673,0.5331753549265402
Niger,2021-07,0.0,0.0,3.51320325847302,6.039035634945613,0.0,0.0,5.373134678323238,0.6888633752789897
Niger,2021-08,1.6881593926987106,0.0,3.16529900115947,5.779601345612695,0.0,0.0,3.833528783563893,0.8440797523939039
Niger,2021-09,1.1148648757094592,0.0,2.6689190588623544,6.824324260356563,0.5067567563513513,0.0,5.653153078308718,1.3175675191403473
Niger,2021-10,0.8524590372349727,0.0,1.1147540774207652,4.841530075005465,0.6229508248651676,0.0,3.3770491650291024,0.45901639849180326
Niger,2021-11,0.5100956633113708,0.0,2.614240185339152,8.214665371774371,0.7651434951304681,0.0,3.6981933807169556,0.47821466550690755
Niger,2021-12,0.5026738023208557,0.8983957319358288,1.7967914637823674,4.748663443673673,1.283422383404553,0.0,5.550802276987195,0.0
Niger,2022-01,1.8514286042605712,0.0,3.428571428469158,9.314285930656752,1.9885713849138609,0.0,7.645714624061877,0.5142857145325714
Niger,2022-02,2.1600000111474285,0.0,1.474285671016718,9.268572177590434,0.0,0.0,6.308571733959768,0.0
Niger,2022-03,3.970117426648116,0.0,1.1526147480475066,8.420490861944137,0.0,0.0,4.70651000112142,0.4802561369039488
Niger,2022-04,3.203883564168099,1.419902889192961,1.4927184412886958,6.614077727776248,1.3106796642123786,0.0,4.114077652853778,0.14563107391747573
Niger,2022-05,0.8075221446637167,0.16592920386725662,2.256637231181416,6.261062305179772,0.13274336802171288,0.0,3.8163718129086273,0.398230104636346
Niger,2022-06,1.997742776785454,0.0,2.4379233476930633,7.629796963441181,0.1354401859837793,0.0,3.126410786690745,0.6433408629702353
Niger,2022-07,1.344339689865566,0.8844339617405661,2.971698202903908,5.353773736668497,1.4150943392122641,0.28301887969103773,3.9976414640016493,0.0
Niger,2022-08,3.7019789010108406,0.0,1.6763679634637938,3.6903377458594373,1.0826542709511058,0.0,4.749709152636788,0.13969732846100116
Niger,2022-09,1.175811870537514,0.0,1.7133260230075815,6.797312515414365,1.2430011627335131,0.0,4.837626225354726,0.4031355144098544
Niger,2022-10,1.9528619900813846,0.0,1.1111111222303667,7.519640959659448,0.5387205597828437,0.0,4.4107745926610855,1.010101009795735
Niger,2022-11,2.0585049017561055,0.0,0.6175514673001082,8.927411325606995,1.820151855082121,0.0,2.979415028542268,0.0
Niger,2022-12,2.8586953621335702,0.1304347879173913,3.152173679420278,6.695652034121894,0.6195651709387264,0.0,3.967391330147018,0.6521739129293478
Niger,2023-01,2.0113636689775647,0.1363636419409091,1.1250000110999998,5.465909106976298,0.0,0.0,4.943181790738084,0.5113636358749999
Niger,2023-02,0.73863636345,0.2272727275363636,0.3068181869727273,5.6931818889123695,0.40909092570555133,0.0,4.022727473378279,0.17045454565227275
Niger,2023-03,2.2693532138185413,0.2545069034316013,1.261930020699894,9.819724506394241,0.7953340407041358,0.0,3.6585366363013176,0.31813361568610815
Niger,2023-04,2.2822085475725498,0.3680981597177914,3.361963376920246,6.245398872242979,0.0,0.0,3.9754602511349693,0.0
Niger,2023-05,1.247401246964657,0.0,2.4532224926611224,8.648648906401396,0.12474012970023741,0.0,1.995842075190257,0.6237006234511435
Niger,2023-06,1.6308040343238959,0.5096262740520952,3.159682963780877,7.780294618377836,0.3057757694220027,0.0,2.310305867714609,0.4077010352603457
Niger,2023-07,2.041036676341253,0.12958963824190067,2.462203044102066,5.194384593416044,0.12958963746396154,0.0,5.604751655652822,0.4859611228466522
Niger,2023-08,1.1784511787878789,0.0,1.1784511787878789,3.052749698510534,0.13468013957575758,0.0,5.92592605387571,0.0
Niger,2023-09,0.26845638628635343,0.0,2.6621923881606584,2.9642058161756153,0.0,0.0,5.872483568155353,0.0
Niger,2023-10,3.6504425832268304,0.0,1.725663732210177,3.7499999576836287,0.9955752216769912,0.0,7.3008850614660235,0.3982301039133057
Niger,2023-11,1.5384615601906353,0.0,3.199554154295459,5.986622158355088,0.6354515099186177,0.0,6.566332202907469,0.0
Niger,2023-12,0.694864058102719,0.0,2.809667754943632,3.7965761566475327,0.513595180939577,0.0,4.783484486713018,0.4531722049969788
Niger,2024-01,1.2680756505583988,1.001112346938821,1.3348164622358178,5.817575184217764,0.13348165147942156,0.0,9.377085725396183,0.0
Niger,2024-02,1.571906423955279,0.0,1.5719063700774958,6.8673354464621115,0.30100334974247495,0.0,4.336677851779836,0.401337809057971
Niger,2024-03,1.435239229092182,0.0,1.3185530868681445,4.725787603375596,0.0,0.0,5.122520569978862,0.0
Niger,2024-04,0.0,0.1376146846238532,2.2821101576496714,4.243119320807339,0.5848624019436758,0.0,4.506880701538303,0.0
Niger,2024-05,1.2847966502696841,0.0,1.6059957423704496,5.331905904282655,0.12847966241006423,0.0,3.7580299938115633,0.12847966241006423
Niger,2024-06,1.7997750008458944,0.1687289089808774,0.9448819000764906,5.80427477664117,0.16872890907536553,0.0,5.781777610136974,0.6749156359235096
Niger,2024-07,0.7217573318179917,0.0,1.537656933990077,7.75104633923183,0.0,0.0,3.3263598770667056,0.0
Niger,2024-08,0.3351955306502793,0.16759776532513965,1.3743016972743167,2.0335196383486034,0.0,0.0,3.754190013268443,0.0
Niger,2024-09,0.8888888490095238,0.0,0.7936507935619047,5.026455077277914,0.38095239615661375,0.0,2.0634921641181254,0.6666666871915343
Niger,2024-10,0.4615384618810257,0.15384615419282052,2.4000000093005127,6.646153792471414,0.24615385547897436,0.0,5.3846155315442354,0.0
Niger,2024-11,0.7991803474221311,0.0,1.4754098462418033,4.702868984183285,0.12295082495043896,0.0,4.385245896547277,0.12295082495043896
Niger,2024-12,1.6088328278864352,0.0,2.113564709035781,4.216614230415352,0.0,0.0,5.141955945755144,0.599369039670482
Niger,2025-01,0.0,0.0,1.1290322707258065,2.4059140556602916,0.16129032949462366,0.0,3.7500000451317206,0.0
Niger,2025-02,1.4692483027790433,0.0,3.0410022833576305,5.558086799145785,0.13667426534126245,0.0,5.091116233131271,0.13667426471070615
Niger,2025-03,1.8750000807955798,0.0,0.7627118690529661,3.061440966201271,0.0,0.0,3.6228815120631657,0.0
Niger,2025-04,1.1758474223534199,0.0,2.7436440278135588,7.669491636956839,0.9851695114322033,0.0,4.830508464448365,0.7627118695677966
Niger,2025-05,0.0,0.0,2.6186830604502296,4.502297141356815,0.18376723556508423,0.0,4.441041530442397,0.0
Niger,2025-06,0.1607717042347267,0.1607717042347267,1.7041801258778135,6.248660639789526,0.28938907245337625,0.0,2.604501704414791,0.1607717042347267
Niger,2025-07,0.8104887002288438,0.0,2.145411232394517,3.0035757765554227,1.8593563934481525,0.0,2.5029798227683293,0.42908225801416594
Niger,2025-08,1.0602911400706863,0.2806652853139293,1.2162162216278583,5.000000187982209,0.8419958568773389,0.0,4.3139294381215025,0.0
Niger,2025-09,0.6189821185130675,0.0,1.1279229776781292,3.576341161058636,0.3026134868129299,0.0,3.0261349313232464,0.16506190449243466
Niger,2025-10,0.28742516133922974,0.0,1.0059880357576387,4.898203890033533,1.0059880071540461,0.0,3.1976049102333954,0.0
Niger,2025-11,0.0,0.2725366939280223,0.8385744403801537,4.982529862305821,0.5870021201320754,0.0,1.3766597154081064,0.0
Niger,2025-12,1.2857143087607144,0.4285714452857143,3.6904762193285716,13.214286109109082,0.5714285937142857,0.0,4.511904915121428,0.0
Nigeria,2015-01,5.525929109448387,11.516551435922738,11.525648919574726,18.824270635968567,8.079641872462313,0.13506893408188117,6.958499651432264,1.0896493774667226
Nigeria,2015-02,5.44693362109527,11.53428393097621,10.488798440767388,21.722109449518356,6.675718570757637,0.10032435622878479,6.51957476549536,0.7113223291068115
Nigeria,2015-03,7.2854020651322635,10.703896587605819,10.439370097012814,20.679779836924897,5.475921312793927,2.1606752496133845,7.400708549080261,1.1756726202826135
Nigeria,2015-04,4.566794033054961,8.62786240044424,9.907442810482161,18.510496515938932,5.932251890644275,0.4770992316519084,5.021946728473247,0.7280534529816792
Nigeria,2015-05,10.180231528694746,8.21665693759965,11.424145111979486,17.984569403363675,6.495921151935118,4.976917677543794,8.146461852174264,0.975147019053943
Nigeria,2015-06,6.958192281187809,8.922896594619433,12.980594065245068,22.384735196901204,6.546626855919249,1.6625423233513936,6.941912144133368,1.1005470207345665
Nigeria,2015-07,6.336454616464966,10.979657314497901,13.005488906027226,23.764287272065005,5.608007701202123,1.0164675524068454,5.797223057775913,1.092670328359703
Nigeria,2015-08,5.2315460041845405,10.119254865233286,11.564240540635446,22.175313010191058,6.215180981884227,0.363857938628656,5.1497214226633,1.4571726883046654
Nigeria,2015-09,5.317109052577768,9.190131621298839,11.526549027507375,22.978681120632878,7.2821132568951805,0.18034325487034056,5.780370213435749,1.238267643717082
Nigeria,2015-10,5.048299168052639,8.033739056438497,9.658406875122497,22.964440631138764,7.7775443788273835,0.5893882104107517,6.728965644381352,1.545569090206356
Nigeria,2015-11,6.710083610136543,8.49041385560527,10.076833030617708,21.482510734372404,7.886726411197588,1.8952144071642765,7.349626789140578,0.8378457507465242
Nigeria,2015-12,8.381798653021406,10.739768928214861,11.070948069192244,21.41087782702925,7.893780409958246,3.259962278772213,7.158723969057973,1.095853520951535
Nigeria,2016-01,6.925591324718011,14.176634050036972,11.696105711695525,24.160639417579617,8.550069616943324,0.6988873431436022,7.23087622809075,1.1773296124547983
Nigeria,2016-02,8.6392900328851,15.310017055583296,10.185024044726807,25.95035103456903,6.667246789956245,0.5295516460154284,6.834870607353611,1.2528276330621193
Nigeria,2016-03,11.585313436178813,14.227321789570345,11.061554888655559,24.748379700285728,7.042656739316943,4.234881210656048,7.5939527183537345,1.50971925012473
Nigeria,2016-04,14.871784076256748,14.651294049452202,11.184832358242089,25.339014068229464,7.863344421736142,7.169971436011954,8.754189845327607,1.0212817518732384
Nigeria,2016-05,16.568742708599988,17.01508864489722,11.248419556196499,27.187051969737773,10.165219676544574,3.218831696521411,13.540419907488193,1.6277501727782178
Nigeria,2016-06,9.272318724384688,15.345282135091075,13.099726870093916,27.396464381890393,9.346063820384597,0.6319593649689882,9.634205991330466,1.345477686367894
Nigeria,2016-07,9.842963678214405,13.35601135991986,14.429636483173326,26.73345761767583,10.842497645658533,1.1686859281625814,9.820130594773392,1.280521934454596
Nigeria,2016-08,10.267375536749885,14.77269210953209,13.43966700922753,24.784635799163432,13.297118042876855,0.48428109355570964,7.813993052049763,1.4451379742845585
Nigeria,2016-09,13.625861294969047,18.4898428939909,15.273345746289998,29.461591628691313,32.36681396738737,0.28075682065132096,8.249193709902487,1.705030978398727
Nigeria,2016-10,8.548031407713173,13.822328650884602,12.363789965376132,26.219906835960614,24.930311465346247,0.2956497253930264,8.200290928318552,1.2187338898380968
Nigeria,2016-11,9.135581844398422,12.064005706958019,11.22229879410621,23.39160323803784,19.759463212570367,0.2198898814143152,6.587749693809872,1.159325531794907
Nigeria,2016-12,9.499718717586555,12.79074693475724,11.665729055603405,23.887990672781427,22.684573497102654,0.47039797460617355,7.03241470951256,0.9281395043320648
Nigeria,2017-01,10.500318733873367,12.41909215668366,10.964166889433823,22.213370705997207,18.317399344035593,0.8204093189001488,8.400963326207634,1.0105516414833096
Nigeria,2017-02,9.103971151594346,12.37168622839323,12.232907218727398,23.35181217515686,16.73907342812746,0.20364294650284723,9.547837302460458,0.8892408540296413
Nigeria,2017-03,6.597023362183203,11.645587252206287,11.25567761095742,22.455454045713903,13.150024927672062,0.1362588222546293,5.572286883139251,1.3489623451382593
Nigeria,2017-04,5.618067048575805,10.405138403979397,9.535254486994022,22.3065155036754,11.53703935995043,0.15778401136303075,6.321879574467125,0.840558464052786
Nigeria,2017-05,7.185562537734574,9.868370738307144,10.883993123721405,21.553223824871665,13.475700710335936,0.3671758638797672,7.773390345618034,1.3090166048125325
Nigeria,2017-06,5.716525717815324,7.815414648240247,16.203671506314414,19.781027831420882,11.51442234673172,0.18139547474101808,7.058203369989096,1.1448731094554083
Nigeria,2017-07,5.315252292334496,8.05016033209186,18.00233306930295,20.603091192176194,9.640711789528613,0.04316127117865267,7.03762055802364,1.8891805194261881
Nigeria,2017-08,4.534275586361415,7.349494605450082,14.585575935914262,17.049992976078805,9.45782824134708,0.17276064974460595,8.364180588686397,1.4552632827060301
Nigeria,2017-09,5.732244817719551,7.348671168688421,15.848225267963977,16.84149328422187,12.138203150304774,0.11354727035340237,9.378193622370361,2.5039876576694695
Nigeria,2017-10,4.525740339537511,6.77696979564131,15.279114461744879,19.832845206237874,9.17573511425845,0.09652610699843046,7.461285016802763,1.292508136842514
Nigeria,2017-11,5.6200802285557785,7.903151830302356,12.08827237345753,20.43799175768174,10.14456796905275,0.13262274517715703,7.130999337476799,0.9926797268839973
Nigeria,2017-12,10.06733292047585,7.008327313533991,10.958125157351727,17.35665017507966,8.793005149882468,5.830359296736236,7.47037821527046,0.9317154418806091
Nigeria,2018-01,9.428181936916449,8.033995999354167,11.69474409071317,16.37082312567221,9.100851161415683,4.614452068415882,7.214406684366089,0.7084585907622055
Nigeria,2018-02,6.4095967187948375,7.829330364061325,11.509929148404028,17.868839884944624,7.246049131976554,1.8257433873852151,5.463194142681864,0.8757018351327718
Nigeria,2018-03,4.019016523653849,5.737622704694305,10.369230410358997,17.00301579180757,7.218522263228594,0.4756220200827678,5.59646490514459,0.9016084762134308
Nigeria,2018-04,3.731075741632335,4.987365789815028,8.110705597446994,16.51880024007753,6.214500193600252,0.21380903702952295,4.615683792332147,0.8833121135910417
Nigeria,2018-05,3.9968135053262865,5.816999488026485,9.273222570605176,17.018785671348105,5.817184799709789,0.2056393346567305,6.111008343909031,0.7310385729688207
Nigeria,2018-06,3.518992285274318,5.490659866980644,9.701627098963352,16.466390143257843,6.371805128314831,0.08276188181052904,5.299555172484663,0.6863862258880028
Nigeria,2018-07,2.7118984840716007,4.466958627063473,8.598811495854939,14.962244909426571,5.208212338515413,0.11393592743586078,5.11572324184356,0.9809660119185394
Nigeria,2018-08,2.933021226960509,4.603288891759505,7.59272600570222,13.916296438238033,5.10482931637256,0.03901092349375826,5.5569560878483575,0.7822190273425885
Nigeria,2018-09,3.5145852150150403,4.3350046219267915,10.566545152985638,17.945988796331584,5.793983577328416,0.1036918872426618,6.204649093105191,2.0900182093862094
Nigeria,2018-10,4.081747848038987,5.496713092463263,11.260278318961587,17.717224014393175,5.957737618083177,0.09220489006063827,6.563252662101665,1.3737443877354916
Nigeria,2018-11,4.805284655886653,5.99410834328282,11.501707214172296,19.92032862363327,6.643531449078186,0.37492468010334973,8.34787670149331,1.5204534911081704
Nigeria,2018-12,5.450338890695458,6.379083769307927,11.2121978365085,19.722868383088223,7.720491450227088,0.7421361381390209,9.001213958237317,0.9537776947177607
Nigeria,2019-01,4.625494310433034,6.328998222948222,10.965006701278556,19.733949117512203,7.259491166229294,0.11999725740355649,8.344495141617076,0.977120538386937
Nigeria,2019-02,3.5831692772755863,5.177059395479985,7.510495519593487,15.541614470027906,6.247479999802618,0.07044424873717416,4.891487481192527,0.47887858608477024
Nigeria,2019-03,3.041608323759465,4.097303114153977,6.563615987491344,15.22204909787591,4.555606009721746,0.11778167922516622,3.8477322200397914,0.832757920191252
Nigeria,2019-04,4.4193340629616635,4.940074432743163,9.501692892959518,18.21220138288958,5.660635961692622,0.5539746224123133,5.322892305190784,0.8667926941875039
Nigeria,2019-05,4.025784951602431,5.240665642651462,8.508048186445544,17.707900433692114,7.559947998100494,0.1046540969727977,5.7152010569663245,0.8941227002110557
Nigeria,2019-06,3.3387496472222224,5.192858294041736,8.09443680584516,24.70423271319028,5.992726772417852,0.0899489318690034,14.114631826813744,0.8718276255271201
Nigeria,2019-07,3.059184907985495,5.501244330304317,8.820578803620277,15.575128517774012,5.446220428849092,0.040830611492650486,5.423666262067065,0.8311945966194199
Nigeria,2019-08,3.1207868079107377,6.150737564491866,8.395708634317463,16.845418463636232,6.179168518554137,0.12033974104429147,6.808940558508892,1.5191775099618061
Nigeria,2019-09,3.226128251556532,4.98004293835806,8.961659621055727,17.816625954248604,6.127955128149618,0.18249155576577375,6.598672297036261,1.7072843243112144
Nigeria,2019-10,4.248658757825213,5.094680235305755,10.033092137509424,20.064512939658016,6.41552319341742,0.05883041158588071,7.160764056839117,1.5712065482493942
Nigeria,2019-11,3.102801549392217,4.076505292740102,7.32094718041453,17.442660245974253,4.235337724118967,0.07619270876661587,4.773375560675717,1.2143945868111594
Nigeria,2019-12,3.8927964752897,4.32212438521762,9.168214317133582,17.310033018252092,5.488797667644521,0.07705377937542973,6.107598809157753,0.979966029454536
Nigeria,2020-01,4.0602647056790175,4.465002540162504,8.511720889086863,15.27381768704166,4.874861622024347,0.21211570580149672,5.951464603061703,0.8902582147460332
Nigeria,2020-02,3.43104880698764,4.510240849233547,7.366341901550801,15.717469310850767,5.276432906609472,0.08994955417823787,4.880573844162368,0.8000243137788972
Nigeria,2020-03,5.336251035380014,9.138767325980544,9.434172135899699,24.981583286898175,10.386214750471426,0.2051422327206419,4.651166992409004,1.3107221043698032
Nigeria,2020-04,5.929748752026891,7.690354114149807,13.092497812476804,26.79546111114901,12.061245067242936,0.08646311783312619,4.87778080963432,1.034134947827427
Nigeria,2020-05,4.785738309465595,8.61466430397201,10.261813340231846,22.47398687262674,9.228546069196621,0.07272592034173721,5.327080121111015,0.9280945843565435
Nigeria,2020-06,4.680620165775069,6.556015834139129,11.426943240873321,23.335624529668433,8.671647509695704,0.06675229295898985,7.980969345789876,0.9412254424825341
Nigeria,2020-07,6.603118708781305,7.630131099121461,9.900220301909746,22.373283133864856,7.009257313425519,0.055960239933682376,5.584832053435148,1.0882844057240306
Nigeria,2020-08,4.65522470545804,8.471250272430964,10.305346696071027,21.436984732039445,10.473146216724281,0.0901518658126374,9.724300690435886,1.060040729153339
Nigeria,2020-09,8.14608470754797,8.030915733416695,10.629862620071169,22.329199864683364,8.302870691745902,0.1656191608819942,10.533038808101182,1.9706132145890436
Nigeria,2020-10,4.747493002037444,5.487699229962772,11.855025110088704,17.6056924929166,8.47503787631689,0.12228554846385542,17.49981985343635,1.290671664443258
Nigeria,2020-11,6.617384306878316,6.47743728872984,11.867087955512378,21.013674671960256,12.40204647174031,0.12790850823401614,17.557136058331235,1.400974342164701
Nigeria,2020-12,6.248720549247425,7.016376751651595,9.249213401190532,18.67185975497232,11.408317100238193,0.05800068284718905,9.105159402600464,0.9803252486794799
Nigeria,2021-01,5.58301524967115,8.024568003577134,10.531189378205207,16.1440281608378,8.098396165151568,0.042545204891697434,7.912365280010767,0.7945942739708439
Nigeria,2021-02,5.610443142372008,9.09023939636557,9.159354409113156,20.13324715157472,7.2804680719443295,0.20994475151160222,7.242768965930877,0.8434622587683241
Nigeria,2021-03,6.736770857979395,7.399049919567201,10.136744574602764,17.988090749520897,7.274181876516092,0.45444048916889357,6.6412642031547175,1.041831613499631
Nigeria,2021-04,6.274070801484991,6.5200030188769755,10.092737821214603,18.04597699546673,7.810120834677774,0.10169428240073144,7.736789173166503,0.8314674065585161
Nigeria,2021-05,6.261658338147849,7.11089691350317,12.806658740646565,16.75081661522063,7.982960079339164,0.038172445859568686,9.060643106965143,0.666443663421353
Nigeria,2021-06,5.9805651833704205,7.694214157376972,11.446019508368302,18.778105214049948,7.975216159936775,0.08237496658978337,8.180083868133307,1.0703396808096282
Nigeria,2021-07,5.2839868301620445,6.608152975198247,9.009947500125715,16.668227110707036,5.688901860603082,0.07314218864224692,5.735517913967928,1.097522913414919
Nigeria,2021-08,5.92384512616873,8.287456623447087,8.628320956176882,17.431184808285337,5.955190900207703,0.059779723421164416,6.924684360252525,1.2298522135294532
Nigeria,2021-09,6.272187096107694,8.562370734485288,10.846859347259173,20.715303025382575,5.555365743502706,0.18452075990551853,7.7855611881002105,1.5386222190606527
Nigeria,2021-10,7.019352059518329,9.26810181444329,11.816264502035326,19.881713162617743,6.808871643716112,0.17264622700665364,7.396390644165794,1.0397912806917156
Nigeria,2021-11,6.706566611412369,7.772870902694027,9.204068509534034,20.619080546245442,5.88125979079848,0.27237120903469086,6.216977901157647,0.9342152683001329
Nigeria,2021-12,6.731400909367543,6.55162453675263,9.84241827356664,17.958984094958232,5.569069646286971,0.1531427552578125,5.757501913013841,0.7754794262514205
Nigeria,2022-01,8.217049536138548,6.965859915626454,10.226981266147417,17.698944899380297,6.358162612362361,0.11545623916337679,7.105524717940048,0.589695846787337
Nigeria,2022-02,8.542612408346201,7.001442383702926,8.68620888801966,16.31697290708165,5.033725115993296,2.0502269448051798,8.053917717698672,1.0232045230617657
Nigeria,2022-03,12.423270580062313,8.12528138626213,8.498987074257192,18.372729766663067,5.89111523868827,3.926346978528722,8.827292813627569,0.9532117733266734
Nigeria,2022-04,9.201509640186055,7.889407842384333,9.598223754585176,20.22251900610235,6.265503874824677,0.7057551180018868,6.066456609923372,0.9420806922712567
Nigeria,2022-05,9.407273982287219,7.558235142553175,8.48588660327962,18.93943560855642,6.74176884923482,0.7871041036838861,7.388912815139307,0.8272325263258993
Nigeria,2022-06,9.803111168506762,7.604880549624385,8.295079732782197,16.274338908521937,5.216469191508935,0.8276224668008267,6.340331440373135,1.072373924567019
Nigeria,2022-07,12.536894086267763,8.646594918795023,10.196148094107992,17.880618723583744,6.532121527637858,1.1782426163317257,9.053276696824819,1.059436785390942
Nigeria,2022-08,11.834097644706812,10.03498150956259,11.649817721805302,19.00177388908663,7.082147818276536,0.3340809434182707,10.818799520050197,1.411642618686824
Nigeria,2022-09,10.336728931362309,8.443818107953687,12.128811483989047,18.196330105996488,6.242541745871643,0.2016568384127566,9.52871802233735,1.8304768623875216
Nigeria,2022-10,12.818757610778487,9.585346269091808,11.798938098284614,20.642380343189302,7.000290162481281,0.5027398895338945,8.498096706426546,5.841854732564388
Nigeria,2022-11,12.279928101681847,10.876002197010159,10.245209077666752,20.728841164990374,7.112496297717111,0.7084814166307217,5.659100319342098,4.610040584934188
Nigeria,2022-12,12.516623601407872,9.496752236068263,10.5057533961671,21.637723413820403,6.557832116553595,2.1712314257382377,5.949925802294302,2.3036447432464775
Nigeria,2023-01,16.550633337503577,12.258864476572931,12.085646708092005,24.04693169726601,8.487674891781742,3.109778676099193,7.032904019946309,1.2747057719600268
Nigeria,2023-02,29.41495894365112,23.986877476543423,7.699805826672916,39.97190666167976,6.174890115046393,7.057825341633554,11.241727864305227,1.4104715745365108
Nigeria,2023-03,11.80617187477509,9.36397104307269,6.707181173500766,22.28592996820155,4.515051420846023,1.147305844049448,5.607624820021384,1.306784984855995
Nigeria,2023-04,9.779806633725322,7.587064206364645,10.36100015008527,19.402719901258543,5.369252335992505,0.2820314621528402,6.136169008517486,0.8774312191572482
Nigeria,2023-05,11.475859063376259,9.021270696731003,12.18046030923834,21.179570443841246,6.4105113782434735,0.8736847544838683,5.977944132867391,1.319339023420004
Nigeria,2023-06,11.746937613436122,10.607225318251894,10.14035289570406,22.162366564236265,5.3060392665348335,0.5179275134781899,7.7978374602302925,1.1814493694739194
Nigeria,2023-07,12.948465868050963,10.926072309728259,8.774613453931204,22.07607897666182,5.31356294174821,0.2333106580594584,8.754940987849226,1.8775165157407663
Nigeria,2023-08,13.282524036372552,13.11532972389989,8.249134493886773,21.80320637594062,5.740069278927866,0.20181469191120152,17.79611829516989,2.2619653838684926
Nigeria,2023-09,10.28904121193624,10.658061241997244,9.581318376421155,18.717357217047432,4.685849334770498,0.18246410356041218,10.02027388027753,1.9565136846825688
Nigeria,2023-10,12.89203706704344,13.465618019495649,10.372550133339576,21.652170924365276,5.183584205462891,0.40727045513101745,8.19262873923697,1.7750812379910073
Nigeria,2023-11,12.24542600817433,11.650035626216837,9.230029915790668,21.46829050329957,4.593083196809482,0.352480647512696,8.245286281705022,1.5775125619699595
Nigeria,2023-12,13.137798442877132,10.973273518943339,10.139676720244388,20.67271765526127,4.715345895400875,0.14414045794836983,6.287313906160499,1.4010452689403166
Nigeria,2024-01,13.056572034998407,11.8367786405047,9.695546126494603,21.121550767754773,5.1918703037670735,0.11884746253156628,5.567039086825156,0.7595687878603338
Nigeria,2024-02,28.117742597124245,23.80980116556112,10.873012948340786,29.76267435380986,7.390544466593695,0.3495058061618249,15.276598217613556,1.4068548420774927
Nigeria,2024-03,17.105445287753717,15.765861175636134,10.15909015050417,23.262498896935654,4.959843219906306,0.12873227521936362,7.205741094048878,1.0688621839299082
Nigeria,2024-04,14.404703973090434,14.809609414345648,9.965583008803499,22.018625958215846,4.315455639149239,1.063215961581563,5.559698509245264,1.3977696272258535
Nigeria,2024-05,16.709970733784303,13.58167268831548,9.297199948084739,23.050847555054133,5.2284719967362285,1.7102812376489105,6.560346494359859,1.4308996087552617
Nigeria,2024-06,16.289467302264008,13.561564317699979,11.212172419012342,22.54220768426024,5.3761687467633195,0.18363408087184963,11.87625306381253,1.8644481446895813
Nigeria,2024-07,18.221069822115407,12.203261071028772,9.023074904745748,19.93230945294629,5.773616501394963,0.8051685134878299,17.93243641415737,1.5883534425813728
Nigeria,2024-08,17.58097314935224,11.439647511395117,9.352052337668315,18.523308704943958,5.885129934756754,1.339168634013572,19.721839767601374,1.4042421076650111
Nigeria,2024-09,18.27102659479982,11.057546046479459,9.624602227784473,18.112290998803076,5.531366728635759,2.4038594664891413,9.143208037501376,5.243118153127937
Nigeria,2024-10,16.887522474303687,12.016719650390584,9.161945484879295,21.709444724638917,5.389318757735489,0.4926074321469704,7.74578573275627,2.608643157641081
Nigeria,2024-11,12.828855610946109,11.524738940589266,9.467147745473007,20.194354070139422,4.751113963798971,0.43193456123701535,6.259227336231057,1.4595664408358051
Nigeria,2024-12,14.266722552519326,11.133613596236662,10.871260779897057,19.983025069302034,5.2961344225814395,0.20823529462729412,5.5213444800310585,1.3979832171948172
Nigeria,2025-01,14.786991193813273,11.758217990455448,10.69608979981112,19.683277421828883,5.209843282984476,0.1944319487977708,5.516402587173066,1.376684801437247
Nigeria,2025-02,11.524452037557086,9.64399130252642,9.458605970985026,18.211545360462594,4.508299405480915,0.40252673830818614,6.906981250204324,1.0730040888803063
Nigeria,2025-03,9.977427056174864,9.427285844467914,8.585830818614863,18.162434261572425,4.280332619825042,0.24113475251400898,6.567223429223006,1.1541219107721343
Nigeria,2025-04,10.343215070668139,10.584276836401013,10.16617175163405,20.68246142728446,5.464349764115624,0.14235919411233436,6.737645091898983,1.352498627378106
Nigeria,2025-05,11.234036167176185,10.692670977941182,11.466026679156217,21.518001557483686,4.9691450083089626,0.11781011806928357,5.754380846482206,1.3465663507066794
Nigeria,2025-06,11.069373095964606,10.914291725611793,12.264017719539405,21.48120096149116,4.9507184986210495,0.22641899508074576,6.416755818591198,2.4258193939178585
Nigeria,2025-07,9.200280953647663,9.130385033243446,10.971519161603979,18.496097019760285,4.333213602470869,0.12787013822892512,6.112127351079174,1.7165300706205375
Nigeria,2025-08,9.015858918744547,8.772005138996978,9.879068057147025,16.892202476356832,4.451213920693571,0.17037626810683343,6.327649099917896,2.4122096148140137
Nigeria,2025-09,11.567972431219028,10.529079865213934,11.008748104389522,19.607035920425066,5.280233818762482,0.7717886197745545,8.72834367799335,1.7474400781528332
Nigeria,2025-10,12.023146146081144,11.970885869746065,11.998673872228997,22.24308051921369,5.094178747856688,0.3443484860941314,8.933798555129977,1.7637400454044694
Nigeria,2025-11,9.37014908614926,9.880928653068818,10.684742962125423,18.162852396750623,4.590381538268439,0.33051409734273635,7.693698271844336,1.1288557507736858
Nigeria,2025-12,10.292038441468696,9.651196784390033,10.857633329531863,18.351326256218012,4.8385061434511405,0.31873386586611124,7.622477244111802,0.9248122680357695
Rwanda,2015-01,8.571428571,8.571428571,8.571428571,19.57142864,0.0,0.0,0.0,0.0
Rwanda,2015-02,1.764705952,2.205882353,11.02941176,13.52941183,0.0,0.0,0.0,0.0
Rwanda,2015-03,0.0,0.0,0.0,4.137931199,0.0,0.0,0.0,0.0
Rwanda,2015-04,3.846153846,3.846153846,0.0,14.743588830000002,5.769230769,0.0,0.0,0.0
Rwanda,2015-05,0.0,0.0,2.054794521,30.410961580000002,0.0,0.0,0.0,0.0
Rwanda,2015-06,0.0,1.7910448469999998,5.820895665,21.94029858,0.0,0.0,0.0,5.373134542
Rwanda,2015-07,2.054794521,12.32876712,9.315068754,31.50684834,0.0,0.0,0.0,0.0
Rwanda,2015-08,7.714285851,4.285714286,0.0,18.00000089,1.714285782,0.0,0.0,0.0
Rwanda,2015-09,4.47761194,0.0,0.0,11.64179097,1.7910448469999998,0.0,0.0,0.0
Rwanda,2015-10,2.962963081,0.0,0.0,8.024691652,1.48148154,0.0,1.48148154,0.0
Rwanda,2015-11,0.0,1.55844162,0.0,15.324675880000001,0.0,0.0,1.55844162,0.0
Rwanda,2015-12,8.961039085,0.0,0.0,24.67532375,15.06493556,0.0,7.402597155,5.844155844
Rwanda,2016-01,2.5,6.000000238,0.0,19.33333278,0.0,0.0,0.0,6.000000238
Rwanda,2016-02,0.0,0.0,0.0,16.0317455,0.0,0.0,0.0,0.0
Rwanda,2016-03,1.690140912,1.690140912,1.690140912,9.154929913,0.0,0.0,0.0,0.0
Rwanda,2016-04,0.0,0.0,0.0,7.272727561999999,1.81818189,0.0,0.0,1.81818189
Rwanda,2016-05,0.0,5.915492688676056,3.802816968338028,24.507043392676056,3.802816968338028,0.0,0.0,6.338028169014085
Rwanda,2016-06,0.0,1.7910448469999998,0.0,12.9850747,4.029850817,0.0,5.373134542,0.0
Rwanda,2016-07,1.7647058820000001,0.0,0.0,12.23529507,1.7647058820000001,0.0,0.0,1.7647058820000001
Rwanda,2016-08,3.5714285710000007,15.71428549,11.30952381,29.04762001,4.999999773,0.0,0.0,0.0
Rwanda,2016-09,0.0,0.0,0.0,11.80000043,1.200000048,0.0,0.0,0.0
Rwanda,2016-10,4.631579048,1.263157945,1.578947368,17.3684213,1.578947368,0.0,0.0,0.0
Rwanda,2016-11,0.0,7.128712682,8.613861197,18.51485153,1.485148515,0.0,2.673267374,1.188118859
Rwanda,2016-12,0.0,1.5625,4.6875,19.06250045,2.81250005,0.0,0.0,0.0
Rwanda,2017-01,1.452991494,0.0,0.0,7.43589768,0.0,0.0,2.051282133,1.282051282
Rwanda,2017-02,3.958333201,7.430556085,5.34722209,26.25000162,0.0,0.0,0.0,0.833333366
Rwanda,2017-03,3.720930149,5.116279042,4.186046401,24.127906559999996,0.872093023,0.0,2.093023339,0.0
Rwanda,2017-04,3.8961038960000005,4.675324706,9.545455041,9.545454576,3.1168832409999996,0.0,0.77922081,0.77922081
Rwanda,2017-05,0.0,2.456140239,2.982456224,13.976608099999998,1.8713450569999999,0.0,0.877192982,0.7017544140000002
Rwanda,2017-06,3.700787439,7.716535583,0.9448819269999998,31.574802889999997,6.850393550999999,0.0,4.724409449,0.0
Rwanda,2017-07,1.052631621,0.6578947369999999,3.289473789,5.657895092,1.622807038,0.0,0.0,1.052631621
Rwanda,2017-08,0.833333366,1.875000033,0.833333366,6.597222387999999,1.666666733,0.0,1.041666667,1.041666667
Rwanda,2017-09,4.032258065,4.758064593,2.177419393,20.40322615,2.5806452,0.0,1.209677419,4.51612934
Rwanda,2017-10,0.0,1.627906949,3.372093134,17.55814067,0.697674446,0.0,0.0,0.872093023
Rwanda,2017-11,1.339285714,2.232142857,9.151785714,22.90178676,4.821428657,0.0,0.0,1.339285714
Rwanda,2017-12,2.985074627,1.194029898,3.582089457,19.05472563,0.597014949,0.0,0.995024876,2.835820801
Rwanda,2018-01,0.0,3.3333333330000006,2.5,24.111113679999995,0.833333333,0.0,0.0,0.0
Rwanda,2018-02,0.872093023,4.186046401,5.058139423999999,19.1860461,0.0,0.0,1.56976747,0.0
Rwanda,2018-03,1.893491152,1.893491152,5.621301775,17.92899547,1.7751479289999998,0.0,1.4201184,2.781064976
Rwanda,2018-04,6.164383562,1.643835682,4.931507045,4.931506882,0.0,0.0,1.643835682,5.136986301
Rwanda,2018-05,3.1677021,0.745341645,2.48447205,17.57764076,1.677018663,0.0,2.236024934,0.745341645
Rwanda,2018-06,2.348993289,1.342281879,1.006711409,13.62416136,1.610738319,0.0,0.0,0.0
Rwanda,2018-07,0.0,0.909090945,1.81818189,5.454545491,0.0,0.0,1.81818189,0.0
Rwanda,2018-08,0.845070456,0.845070456,1.056338028,5.281690309,0.845070456,0.0,0.845070456,0.0
Rwanda,2018-09,2.42424246,3.333333406,6.363636436000001,7.348484885000001,1.81818189,0.0,0.909090945,0.0
Rwanda,2018-10,0.930232595,0.0,0.0,21.24031071,0.0,0.0,0.0,0.0
Rwanda,2018-11,0.0,0.7692308,0.961538462,18.71795074,0.0,0.0,0.0,0.0
Rwanda,2018-12,3.6842107770000005,0.0,0.789473716,7.631578728,0.789473716,0.0,0.0,0.0
Rwanda,2019-01,0.7692308,0.7692308,1.7307692610000003,10.0000004,0.7692308,0.0,2.500000061,0.0
Rwanda,2019-02,2.027027027,1.013513514,2.837837709,8.918918951,0.0,0.0,0.0,1.013513514
Rwanda,2019-03,2.982456363,2.046783626,1.5789473959999998,17.07602342,4.035087775,0.0,0.0,0.0
Rwanda,2019-04,0.0,2.222222222,4.666666808,13.3333328,1.111111111,0.0,0.0,0.0
Rwanda,2019-05,3.355263409,1.315789474,3.9473684210000006,15.06579001,0.986842105,0.0,0.0,0.0
Rwanda,2019-06,0.0,0.0,4.62962963,18.7654326,1.48148154,0.0,0.74074077,0.0
Rwanda,2019-07,10.60150405,1.127819549,11.05263144,23.23308332,0.902255675,0.0,0.902255675,4.285714142
Rwanda,2019-08,5.194805195,3.246753247,9.74025974,21.558441590000005,3.1168832409999996,0.0,5.454545826000001,0.0
Rwanda,2019-09,2.6351352,0.810810843,4.054054054,15.67567571,2.6351352,0.0,0.0,0.0
Rwanda,2019-10,1.62037037,2.175925838,1.111111155,11.38888962,1.111111155,0.0,0.0,0.0
Rwanda,2019-11,4.99999989,2.9885056380000004,3.1609195399999996,28.10344874,2.068965599,0.0,3.2758619589999998,1.551724165
Rwanda,2019-12,8.379888268,1.340782176,4.189944134,24.18994544,8.212290929,0.0,0.0,2.849162224
Rwanda,2020-01,1.013513514,1.013513514,6.9594595880000005,14.797298329999999,1.013513514,0.0,2.432432529,0.0
Rwanda,2020-02,5.428571429,0.857142857,1.54285717,26.914284429999995,0.0,0.0,0.857142857,2.057142939
Rwanda,2020-03,3.5393259499999994,0.842696629,11.34831504,26.179776159999996,4.044943713,0.0,2.02247199,1.34831466
Rwanda,2020-04,7.168141931,4.247787779,16.592920350000004,29.469027239999996,11.41592971,0.0,2.12389389,0.530973472
Rwanda,2020-05,3.81578939,4.210526483,10.0000005,25.35087822,9.342105765,0.0,0.0,1.973684211
Rwanda,2020-06,1.666666733,5.694444533,12.91666737,16.06481484,0.694444444,0.0,0.0,0.0
Rwanda,2020-07,2.000000049,0.0,0.61538464,14.56410335,2.923076825,0.0,3.6923075940000003,0.0
Rwanda,2020-08,1.785714286,4.464285714,7.738095238,16.96428529,1.428571485,0.0,2.142857228,0.0
Rwanda,2020-09,3.2571427479999997,0.0,6.285714285999999,16.68571472,2.5714285710000007,0.0,1.371428626,0.685714313
Rwanda,2020-10,0.6936416460000001,1.734104046,4.161849876,13.69942241,2.080924938,0.0,0.6936416460000001,0.0
Rwanda,2020-11,1.4117647620000002,3.5294117649999994,5.647059048000001,24.05882443,2.8235295240000005,0.0,0.0,0.0
Rwanda,2020-12,0.648648674,2.4324324320000006,1.297297349,12.216215390000002,0.0,0.0,0.648648674,0.0
Rwanda,2021-01,0.8982035929999999,4.311377131,5.209580866999999,12.095808840000002,2.8742516110000005,0.0,0.0,0.0
Rwanda,2021-02,4.810126824,2.53164557,4.367088668,11.202532129999998,3.29113912,0.0,0.0,0.0
Rwanda,2021-03,0.0,1.0869565219999997,4.3478260870000005,19.565217389999997,4.076086957,0.0,0.815217391,0.0
Rwanda,2021-04,1.1538462,0.7692308,1.1538462,9.871795544,1.442307692,0.0,0.7692308,0.0
Rwanda,2021-05,2.1844660189999994,1.09223301,4.004854427,5.582524561,1.09223301,0.0,0.0,0.0
Rwanda,2021-06,0.306122449,0.9591836830000001,0.244897969,7.591837231,0.244897969,0.0,0.0,1.224489796
Rwanda,2021-07,0.816326563,0.663265322,2.040816327,4.064625867,0.663265322,0.0,1.326530645,0.204081641
Rwanda,2021-08,0.5825242951456311,5.631068030324686,6.844660378990292,9.368931668038833,3.6407766993786406,0.0,2.330097179456311,1.7475728847712877
Rwanda,2021-09,0.492700739,0.0,2.901459958,4.416058707,0.656934333,0.0,1.7518248870000002,0.0
Rwanda,2021-10,0.306122449,0.306122449,0.489795938,3.551020428,0.244897969,0.0,0.244897969,0.979591876
Rwanda,2021-11,1.9954127999999998,1.376146789,0.894495435,8.188073350999998,1.651376103,0.0,1.0321100919999997,0.0
Rwanda,2021-12,1.341991301,0.584415595,0.324675325,5.129870656,0.584415595,0.0,1.428571408,0.0
Rwanda,2022-01,0.3,0.24000001000000004,0.0,4.820000172,0.48000001900000006,0.0,0.9600000380000001,0.0
Rwanda,2022-02,0.673684221,1.3684210530000003,3.4736842610000003,7.284210204999999,2.821052551,0.0,0.631578947,0.568421063
Rwanda,2022-03,2.0374706809999994,1.405152225,0.281030456,8.337236623,0.0,0.0,1.686182625,1.405152225
Rwanda,2022-04,0.0,0.0,0.0,2.860214992,0.258064526,0.0,0.774193579,0.0
Rwanda,2022-05,1.488970658,0.643382353,0.441176488,5.018382037,1.102941176,0.0,0.220588244,0.0
Rwanda,2022-06,4.574468491,0.0,1.659574509,4.382979058,1.212765917,0.0,0.0,0.765957477
Rwanda,2022-07,0.51948054,0.649350649,1.233766192,5.432900309,1.298701299,0.0,0.0,0.0
Rwanda,2022-08,3.492723334,0.727650728,0.498960519,7.525987883000001,0.498960519,0.0,0.997921038,0.0
Rwanda,2022-09,6.089285781999999,0.428571446,2.267857109,8.00000029,1.285714252,0.0,0.214285723,0.910714311
Rwanda,2022-10,4.862637310376374,3.2005493783653844,4.285714390912087,9.574175732043956,3.186813160817308,0.0,2.5137364211085163,0.16483517134615383
Rwanda,2022-11,2.331034562,1.875862023,2.358620677,8.910345275,2.868965544,0.0,2.193103527,0.331034496
Rwanda,2022-12,0.9135399910000002,1.027732533,1.7618271500000002,6.443719491,1.566068578,0.0,0.587275717,0.734094617
Rwanda,2023-01,2.3407643008837584,1.974522270103503,2.818471307482484,6.751592372148089,2.149681528692675,0.0,1.194267591616242,0.0
Rwanda,2023-02,4.032258065,0.48387097599999995,0.8422939149999998,11.43369188,0.430107544,0.0,0.645161316,0.0
Rwanda,2023-03,2.359550684,1.6853932579999997,3.1621187489999993,8.603531438,1.3964687839999999,0.0,2.311396561,0.0
Rwanda,2023-04,6.744639822358675,2.5730994240077973,3.7231969558440543,8.26510709188694,2.9239766084444447,0.0,0.23391813765302144,0.0
Rwanda,2023-05,4.336917571,1.612903269,3.118279502,8.440860155,0.215053772,0.0,0.752688181,1.523297448
Rwanda,2023-06,4.396226271,1.452830153,3.886792615,9.773585347,1.584905678,0.0,1.867924546,1.41509434
Rwanda,2023-07,2.764976959,2.442396291,2.380952381,6.804915764,0.0,0.0,1.382488479,0.552995414
Rwanda,2023-08,1.460869499,1.391304348,1.182608729,5.53043465,1.252173921,0.0,0.20869566000000003,0.417391321
Rwanda,2023-09,2.6245847491893692,3.8870432846013285,2.774086346870432,5.747508289868771,2.0598006013953487,0.0,1.4950166108621261,0.39867111212292355
Rwanda,2023-10,3.205741536,3.540669864,2.551834131,7.448165877,1.148325366,0.0,1.419457674,0.8931419690000001
Rwanda,2023-11,3.339449506,2.018348624,3.027522936,7.633027549,0.220183495,0.0,0.49541285300000004,0.275229358
Rwanda,2023-12,1.9359999847328,1.0240000147711998,1.5360000231584001,7.328000144518399,1.3600000380224,0.0,0.8160000224128001,0.2399999995808
Rwanda,2024-01,0.8620689660000002,0.890804605,2.500000151,3.7068965789999995,0.215517241,0.0,0.1724138,0.0
Rwanda,2024-02,3.229571935335928,3.5408560561089493,2.2178987588534373,3.7354085851569394,0.19455252904798961,0.0,1.4785992029416342,0.0
Rwanda,2024-03,3.324641336,3.037809549,2.164276327,7.757496958,0.847457627,0.0,1.83833121,0.312907444
Rwanda,2024-04,0.0,0.857142857,0.27428572500000004,3.177142906,0.685714313,0.0,0.5485714500000001,0.0
Rwanda,2024-05,1.319358793,1.060419283,2.885326828,5.154130756,0.0,0.0,0.9247842459999999,0.0
Rwanda,2024-06,2.201834887,2.018348574,0.982962055,5.098296212000001,0.31454785,0.0,0.157273925,0.393184797
Rwanda,2024-07,1.008403335,0.0,3.7254903159999997,3.403361338,1.1764705349999998,0.0,0.378151267,1.008403368
Rwanda,2024-08,1.555851038,1.861702159,0.957446847,6.170212684,1.276595764,0.0,0.39893617,0.0
Rwanda,2024-09,2.3415265690000004,1.8499353719999998,2.8719275609999997,5.40750329,1.358344114,0.0,0.310478667,0.465718
Rwanda,2024-10,1.596180056,2.578444826,4.05184172,7.135061092,1.227830832,0.0,1.186903144,0.163710784
Rwanda,2024-11,2.989510556,2.692307709,2.465035032,11.22377611,1.223776224,0.0,2.360139902,0.209790218
Rwanda,2024-12,2.3643411406957364,1.97674419574031,0.8720930237015504,4.941860557482559,0.988372167003876,0.0,0.9883721209147287,1.046511600387597
Rwanda,2025-01,1.7529215760000003,2.353923269,1.853088544,5.425709357,0.45075126,0.0,1.352253701,1.35225382
Rwanda,2025-02,3.3834586470000003,2.781954833,2.424812138,7.180451002,0.225563919,0.0,3.157894952,0.0
Rwanda,2025-03,2.2417154,4.502924051,2.397660856,6.198830493,0.643274845,0.0,1.16959069,0.23391813800000003
Rwanda,2025-04,1.532846762,2.408759147,1.824817634,4.647202039,1.459854073,0.0,1.970802897,0.875912444
Rwanda,2025-05,3.8211382500000006,1.7073169960000003,6.15853643,9.126015843,1.524390244,0.0,0.0,0.609756098
Rwanda,2025-06,1.9721114782549798,4.860557930533864,4.482071712876494,9.820717074350597,0.5378486146932272,0.0,3.1274901915298807,2.9482072089880473
Rwanda,2025-07,1.342685333,3.2665331039999996,4.128256589,10.28056121,0.541082174,0.0,1.9839680510000002,0.240480971
Rwanda,2025-08,1.398058215,2.388349552,5.00970896,5.74757289,0.23300971800000003,0.0,0.0,0.23300971800000003
Rwanda,2025-09,1.889312995,4.503816867,3.893129789,8.511450682,0.0,0.0,1.374045811,0.286259542
Rwanda,2025-10,0.8088235470000001,2.371323503,3.419117586,10.23897073,0.220588244,0.0,3.4742648550000004,0.588235303
Rwanda,2025-11,3.403361304,3.193277271,3.5084035220000005,9.558823529,1.911764736,0.0,1.470588335,0.0
Rwanda,2025-12,2.314165498,3.422159968,3.464235731,7.349228791999999,1.8513324049999997,0.0,0.336605904,1.851332505
Sao Tome and Principe,2015-01,5.0,0.0,4.000000159,0.0,4.000000159,0.0,0.0,0.0
Sao Tome and Principe,2015-02,7.142857143,0.0,5.714285940999999,0.0,5.714285940999999,0.0,0.0,0.0
Sao Tome and Principe,2015-03,5.0,0.0,4.000000159,0.0,4.000000159,0.0,0.0,0.0
Sao Tome and Principe,2015-04,5.0,0.0,4.000000159,0.0,4.000000159,0.0,0.0,0.0
Sao Tome and Principe,2015-05,5.0,0.0,4.000000159,0.0,4.000000159,0.0,0.0,0.0
Sao Tome and Principe,2015-06,5.0,0.0,4.000000159,0.0,4.000000159,0.0,0.0,0.0
Sao Tome and Principe,2015-07,5.0,0.0,4.000000159,0.0,4.000000159,0.0,0.0,0.0
Sao Tome and Principe,2015-08,5.0,0.0,4.000000159,0.0,4.000000159,0.0,0.0,0.0
Sao Tome and Principe,2015-09,7.142857143,0.0,5.714285940999999,0.0,5.714285940999999,0.0,0.0,0.0
Sao Tome and Principe,2015-10,5.0,0.0,4.000000159,0.0,4.000000159,0.0,0.0,0.0
Sao Tome and Principe,2015-11,5.0,0.0,4.000000159,0.0,4.000000159,0.0,0.0,0.0
Sao Tome and Principe,2015-12,5.0,0.0,4.000000159,0.0,4.000000159,0.0,0.0,0.0
Sao Tome and Principe,2016-01,5.0,0.0,4.000000159,0.0,4.000000159,0.0,0.0,0.0
Sao Tome and Principe,2016-02,5.0,0.0,4.000000159,0.0,4.000000159,0.0,0.0,0.0
Sao Tome and Principe,2016-03,7.142857143,0.0,5.714285940999999,0.0,5.714285940999999,0.0,0.0,0.0
Sao Tome and Principe,2016-04,7.142857143,0.0,5.714285940999999,0.0,5.714285940999999,0.0,0.0,0.0
Sao Tome and Principe,2016-05,7.142857143,0.0,5.714285940999999,0.0,5.714285940999999,0.0,0.0,0.0
Sao Tome and Principe,2016-06,5.0,0.0,4.000000159,0.0,4.000000159,0.0,0.0,0.0
Sao Tome and Principe,2016-07,6.818181818,0.0,0.0,0.0,0.0,0.0,0.0,0.0
Sao Tome and Principe,2016-08,12.5,0.0,0.0,0.0,0.0,0.0,0.0,0.0
Sao Tome and Principe,2016-09,6.521739129999999,0.0,0.0,0.0,0.0,0.0,0.0,0.0
Sao Tome and Principe,2016-10,0.0,0.0,0.0,0.0,0.0,0.0,0.0,0.0
Sao Tome and Principe,2016-11,0.0,0.0,0.0,0.0,5.217391512,0.0,0.0,0.0
Sao Tome and Principe,2016-12,0.0,0.0,0.0,0.0,0.0,0.0,0.0,0.0
Sao Tome and Principe,2017-01,0.0,0.0,0.0,0.0,0.0,0.0,0.0,0.0
Sao Tome and Principe,2017-02,0.0,0.0,0.0,0.0,0.0,0.0,0.0,0.0
Sao Tome and Principe,2017-03,0.0,0.0,4.615384799000001,0.0,0.0,0.0,0.0,0.0
Sao Tome and Principe,2017-04,0.0,0.0,8.888889242,0.0,0.0,0.0,0.0,0.0
Sao Tome and Principe,2017-05,0.0,0.0,0.0,0.0,0.0,0.0,0.0,0.0
Sao Tome and Principe,2017-06,0.0,0.0,0.0,0.0,0.0,0.0,0.0,0.0
Sao Tome and Principe,2017-07,3.5294119050000003,0.0,3.5294119050000003,0.0,0.0,0.0,0.0,0.0
Sao Tome and Principe,2017-08,0.0,0.0,2.666666773,0.0,0.0,0.0,0.0,0.0
Sao Tome and Principe,2017-09,0.0,0.0,0.0,0.0,0.0,0.0,0.0,0.0
Sao Tome and Principe,2017-10,0.0,0.0,0.0,0.0,0.0,0.0,0.0,0.0
Sao Tome and Principe,2017-11,0.0,0.0,0.0,0.0,0.0,0.0,0.0,0.0
Sao Tome and Principe,2017-12,0.0,0.0,7.619047922000001,0.0,0.0,0.0,0.0,0.0
Sao Tome and Principe,2018-01,2.000000056,0.0,1.4117647620000002,0.0,0.0,0.0,1.4117647620000002,0.0
Sao Tome and Principe,2018-02,0.0,0.0,0.0,0.0,1.739130504,0.0,0.0,0.0
Sao Tome and Principe,2018-03,0.0,0.0,4.000000159,0.0,0.0,0.0,0.0,0.0
Sao Tome and Principe,2018-04,0.0,0.0,7.164179389,1.7910448469999998,0.0,0.0,0.0,0.0
Sao Tome and Principe,2018-05,0.0,0.0,4.800000191,0.0,1.600000064,0.0,0.0,0.0
Sao Tome and Principe,2018-06,6.25,6.25,3.333333466,0.0,0.0,0.0,0.0,0.0
Sao Tome and Principe,2018-07,1.5384616,0.0,0.0,1.5384616,0.0,0.0,0.0,0.0
Sao Tome and Principe,2018-08,5.844155844,0.0,0.0,0.0,1.55844162,0.0,0.0,5.844155844
Sao Tome and Principe,2018-09,0.0,0.0,0.0,0.0,3.9344263859999997,0.0,0.0,0.0
Sao Tome and Principe,2018-10,0.0,0.0,0.0,0.0,3.478261008,0.0,1.739130504,0.0
Sao Tome and Principe,2018-11,0.0,0.0,0.0,0.0,0.0,0.0,0.0,0.0
Sao Tome and Principe,2018-12,2.597402597,0.0,2.597402597,0.0,2.597402597,0.0,1.55844162,0.0
Sao Tome and Principe,2019-01,5.949366846797469,0.0,5.316455455139241,0.0,3.7974683543544305,0.0,0.0,0.0
Sao Tome and Principe,2019-02,2.1428571430285714,0.0,3.857142925028571,0.0,5.571428708185715,0.0,0.0,0.0
Sao Tome and Principe,2019-03,1.8987341769999997,0.0,1.8987341769999997,0.0,4.936708981,0.0,0.0,0.0
Sao Tome and Principe,2019-04,0.0,0.0,1.4117647620000002,0.0,5.647059048000001,0.0,1.4117647620000002,0.0
Sao Tome and Principe,2019-05,0.0,0.0,1.690140912,0.0,2.112676056,0.0,2.112676056,0.0
Sao Tome and Principe,2019-06,2.272727273,0.0,6.363636796999999,0.0,0.0,0.0,0.0,0.0
Sao Tome and Principe,2019-07,0.0,0.0,10.35714377,0.0,7.142857143,0.0,0.0,0.0
Sao Tome and Principe,2019-08,0.0,0.0,2.727272836,0.0,5.454545671000001,0.0,0.0,0.0
Sao Tome and Principe,2019-09,1.807228916,1.807228916,5.301204934,0.0,1.4457831900000002,0.0,0.0,0.0
Sao Tome and Principe,2019-10,0.0,0.0,3.695652278,0.0,0.0,0.0,0.0,0.0
Sao Tome and Principe,2019-11,0.0,0.0,0.0,0.0,1.48148154,0.0,0.0,0.0
Sao Tome and Principe,2019-12,2.428571497,0.0,9.857142312,0.0,8.14285687,0.0,0.0,0.0
Sao Tome and Principe,2020-01,0.0,0.0,0.0,0.0,2.105263242,0.0,0.0,2.105263242
Sao Tome and Principe,2020-02,0.0,0.0,4.531250149,0.0,1.875000075,0.0,0.0,0.0
Sao Tome and Principe,2020-03,6.375000477,0.0,4.62500006,1.875,4.500000179,0.0,0.0,0.0
Sao Tome and Principe,2020-04,0.0,0.0,13.91304403,0.0,13.478261150000002,0.0,0.0,0.0
Sao Tome and Principe,2020-05,0.0,0.0,4.322034222,0.0,6.101695158,0.0,0.0,0.0
Sao Tome and Principe,2020-06,0.0,0.0,1.043478302,0.0,0.0,0.0,0.0,0.0
Sao Tome and Principe,2020-07,1.132075517,0.0,1.132075517,0.0,1.132075517,0.0,0.0,0.0
Sao Tome and Principe,2020-08,0.0,0.0,2.474226902,0.0,0.0,0.0,1.237113451,0.0
Sao Tome and Principe,2020-09,0.0,0.0,1.1650485900000003,0.0,3.4951457700000006,0.0,0.0,0.0
Sao Tome and Principe,2020-10,0.0,0.0,0.0,0.0,0.0,0.0,0.0,0.0
Sao Tome and Principe,2020-11,1.9512195899999998,0.0,2.926829385,0.0,0.0,0.0,0.0,0.0
Sao Tome and Principe,2020-12,6.382978722999999,0.0,9.574468085,0.0,6.382978722999999,0.0,5.425532067,0.0
Sao Tome and Principe,2021-01,2.048192829,0.0,0.0,0.0,1.4457831900000002,0.0,0.0,0.0
Sao Tome and Principe,2021-02,5.463917722,0.0,1.237113451,1.237113451,2.474226902,0.0,0.0,0.0
Sao Tome and Principe,2021-03,2.589285799,0.0,0.0,0.0,3.214285842,0.0,0.0,0.0
Sao Tome and Principe,2021-04,5.391304182,1.043478302,1.043478302,2.956521822,0.0,3.9130434779999996,0.0,0.0
Sao Tome and Principe,2021-05,0.0,0.0,0.0,0.0,4.615384799000001,0.0,1.1538462,0.0
Sao Tome and Principe,2021-06,1.789473734,0.0,8.63157975,0.0,0.0,0.0,1.263157945,0.0
Sao Tome and Principe,2021-07,5.229357623,0.0,2.20183495,0.0,0.0,4.1284403670000005,2.20183495,0.0
Sao Tome and Principe,2021-08,2.8431373480000004,0.0,1.1764706350000003,0.0,0.0,0.0,0.0,0.0
Sao Tome and Principe,2021-09,1.349206387,0.0,0.95238099,0.0,0.0,0.0,0.0,0.0
Sao Tome and Principe,2021-10,0.0,0.0,0.0,0.0,0.0,0.0,3.923077217,0.0
Sao Tome and Principe,2021-11,2.666666773,0.0,0.0,0.0,0.0,0.0,0.0,0.0
Sao Tome and Principe,2021-12,2.880000114,0.0,1.9200000760000002,0.0,0.9600000380000001,0.0,0.9600000380000001,0.9600000380000001
Sao Tome and Principe,2022-01,1.052631621,0.0,0.0,1.3157894739999998,0.0,0.0,0.0,0.0
Sao Tome and Principe,2022-02,0.0,0.0,1.774193587,0.0,0.0,0.0,0.0,0.0
Sao Tome and Principe,2022-03,0.714285714,0.857142891,3.285714558,0.0,0.0,0.0,2.571428674,0.0
Sao Tome and Principe,2022-04,0.0,0.0,1.100917475,0.0,0.0,0.0,0.0,0.0
Sao Tome and Principe,2022-05,0.0,0.0,3.461538599,0.0,0.0,0.0,6.923077198,3.461538599
Sao Tome and Principe,2022-06,4.390244077,0.0,0.0,0.0,0.0,0.0,1.463414692,0.0
Sao Tome and Principe,2022-07,2.26666673,0.0,3.2000001269999996,0.0,0.0,0.0,0.0,0.0
Sao Tome and Principe,2022-08,2.761904853,0.0,0.0,0.0,0.0,0.0,1.142857188,1.142857188
Sao Tome and Principe,2022-09,0.0,0.0,1.395348893,0.0,0.0,0.0,0.0,0.0
Sao Tome and Principe,2022-10,0.0,0.0,1.4457831900000002,0.0,0.0,0.0,4.33734957,0.0
Sao Tome and Principe,2022-11,0.0,0.0,0.0,0.0,0.0,0.0,0.0,0.0
Sao Tome and Principe,2022-12,4.33734957,0.0,6.987952037,0.0,0.0,0.0,2.8915663800000004,0.0
Sao Tome and Principe,2023-01,4.109589041,0.0,8.219178082,0.0,0.0,2.054794521,0.0,0.0
Sao Tome and Principe,2023-02,7.500000182999999,0.0,2.307692399,0.0,6.923077198,0.0,0.0,0.0
Sao Tome and Principe,2023-03,3.411764818,0.0,5.647059048000001,0.0,1.4117647620000002,0.0,0.0,0.0
Sao Tome and Principe,2023-04,13.289474189999998,0.0,1.578947431,0.0,1.578947431,0.0,1.578947431,0.0
Sao Tome and Principe,2023-05,10.25316474,0.0,3.0379748040000005,0.0,5.696202532,0.0,0.0,0.0
Sao Tome and Principe,2023-06,19.8360662,4.918032787,25.40983607,6.721312100999999,0.0,3.2786885249999997,0.0,0.0
Sao Tome and Principe,2023-07,14.83870937,0.0,0.0,0.0,0.0,0.0,0.0,0.0
Sao Tome and Principe,2023-08,0.0,0.0,0.0,0.0,0.0,0.0,5.373134542,0.0
Sao Tome and Principe,2023-09,0.0,0.0,1.886792453,0.0,2.2641510329999996,0.0,0.0,0.0
Sao Tome and Principe,2023-10,3.970588305,0.0,9.705882914,0.0,0.0,0.0,8.823529412,0.0
Sao Tome and Principe,2023-11,8.552631579,0.0,3.552631642,1.973684211,3.157894862,0.0,0.0,0.0
Sao Tome and Principe,2023-12,13.08823473,8.823529412,6.470588376000001,0.0,10.58823536,0.0,0.0,0.0
Sao Tome and Principe,2024-01,10.83333333,0.0,0.0,0.0,0.0,0.0,2.000000079,0.0
Sao Tome and Principe,2024-02,0.0,0.0,6.85714313,0.0,0.0,0.0,5.142857347,0.0
Sao Tome and Principe,2024-03,5.625000224,0.0,1.875000075,0.0,0.0,0.0,3.750000149,0.0
Sao Tome and Principe,2024-04,0.0,0.0,3.333333466,0.0,0.0,0.0,3.333333466,5.000000199
Sao Tome and Principe,2024-05,5.903614572999999,0.0,4.33734957,2.048192829,1.4457831900000002,0.0,3.855421744,0.0
Sao Tome and Principe,2024-06,21.95652101,0.0,13.043478259999999,0.0,2.608695756,0.0,0.0,0.0
Sao Tome and Principe,2024-07,5.151515296,0.0,0.0,0.0,0.0,0.0,0.0,0.0
Sao Tome and Principe,2024-08,0.0,0.0,0.0,0.0,0.0,0.0,0.0,4.000000159
Sao Tome and Principe,2024-09,0.0,0.0,0.0,0.0,0.0,0.0,0.0,0.0
Sao Tome and Principe,2024-10,10.1408448,0.0,6.338028169,0.0,3.802816969,0.0,7.183099129,0.0
Sao Tome and Principe,2024-11,6.500000159,0.0,4.000000159,0.0,2.000000079,0.0,0.0,0.0
Sao Tome and Principe,2024-12,12.62295051,0.0,11.80327838,0.0,0.0,0.0,0.0,0.0
Sao Tome and Principe,2025-01,0.0,0.0,2.033898386,0.0,2.033898386,0.0,2.033898386,0.0
Sao Tome and Principe,2025-02,2.941176471,0.0,7.647059010999999,3.333333427,0.0,0.0,0.0,0.0
Sao Tome and Principe,2025-03,5.901639579,0.0,1.9672131929999999,1.9672131929999999,0.0,0.0,0.0,0.0
Sao Tome and Principe,2025-04,0.0,0.0,0.0,0.0,0.0,0.0,0.0,0.0
Sao Tome and Principe,2025-05,5.357142857,0.0,5.357142857,0.0,0.0,0.0,0.0,0.0
Sao Tome and Principe,2025-06,1.639344262,0.0,9.836065574,0.0,0.0,0.0,0.0,0.0
Sao Tome and Principe,2025-07,5.737704918,0.0,5.901639579,0.0,0.0,0.0,3.2786885249999997,0.0
Sao Tome and Principe,2025-08,5.217391166,0.0,0.0,0.0,1.739130504,0.0,5.217391166,0.0
Sao Tome and Principe,2025-09,3.521126761,0.0,2.112676056,1.690140912,0.0,0.0,5.492957881,0.0
Sao Tome and Principe,2025-10,0.0,0.0,0.0,0.0,0.0,0.0,3.478261008,0.0
Sao Tome and Principe,2025-11,0.0,0.0,4.137931199,0.0,4.137931199,0.0,0.0,0.0
Sao Tome and Principe,2025-12,0.0,0.0,0.0,0.0,0.0,0.0,0.0,0.0
Senegal,2015-01,0.6976744184065116,0.3488372097134884,8.35348852314408,3.4697675812502333,1.5627906267776743,0.0,4.874418325233143,0.5302325626467507
Senegal,2015-02,0.8556701229484536,0.0,7.716494699899882,3.6030930215556705,0.6443298971494845,0.0,3.5927834584408544,0.12371134485799676
Senegal,2015-03,1.2235871457724816,0.0,7.862407862079003,5.105651403425061,1.9901719897100738,0.0,4.044225889283172,1.002457007652832
Senegal,2015-04,1.158868332704026,0.0,4.836778944749059,4.445048968944504,2.1708379502437434,0.0,2.943416764721032,0.1305767188724231
Senegal,2015-05,0.5457853100521527,0.14554275898665858,4.39660420448561,4.790782654137053,1.1885991746343239,0.0,2.2013340519019144,0.14554275902578154
Senegal,2015-06,1.2030553544392109,0.0,4.493952813872546,3.9656270620420115,1.5149586066021643,0.0,3.450031951001437,0.38192235791375784
Senegal,2015-07,0.7274826877084296,0.1732101619364896,8.389145672730237,3.8221707799330256,0.4387990565005774,0.0,3.1697457024372158,0.20785220176588554
Senegal,2015-08,0.32997250400870765,0.13748854257011917,6.026581293409152,2.8826764915632443,1.4848763298978,0.0,3.2997248921224824,0.28872594836458
Senegal,2015-09,0.33618984176895184,0.07910349685234014,7.4686881497530555,1.9973631667284113,1.3348714332781806,0.0,3.5036254568677934,0.2768622307809867
Senegal,2015-10,1.0799522545122313,0.3311455751491647,5.817422712206563,3.6157516633666464,1.6288782929803103,0.0,2.726730248968752,0.208830556071454
Senegal,2015-11,0.15672257471679957,0.06598845507616166,4.698927887232271,2.5460543594451472,0.8028595205224086,0.0,2.625790466593417,0.13197690898886816
Senegal,2015-12,0.9507042252183098,0.0,6.122065732338209,3.119718379298652,1.34507040456831,0.0,3.617370889350765,0.4507042322212474
Senegal,2016-01,0.2943947303591616,0.1413094681017428,5.082430230175082,1.8158265961148443,0.8478568116987754,0.0,2.9439472664513695,0.08714083961175548
Senegal,2016-02,0.48837818012118034,0.07834943874693132,5.163228066382808,3.105249533403403,1.175241576987531,0.0,4.207364844468896,0.10185427299621666
Senegal,2016-03,0.3958436534896091,0.0,5.554180956902467,3.1741711070637377,0.8634339343790204,0.02968827403760515,2.7140029468431184,0.0964868895253621
Senegal,2016-04,0.21799888705254333,0.14533259171101173,4.238867097537315,2.5675424011936383,0.8869014332824455,0.0,2.8954722700964948,0.044717721367898935
Senegal,2016-05,0.1408450724614353,0.10060362157209926,4.8155600235433065,2.3658618562145586,0.7981220643969245,0.0,2.285378983659102,0.26659959904200425
Senegal,2016-06,0.16310257764987313,0.07067778344255164,4.606741655623374,1.4697354271734788,0.520115998371149,0.0,2.069590423406897,0.1014860482933153
Senegal,2016-07,0.26222684517294487,0.0,5.490114527623262,1.2133195021018224,0.8949011245865792,0.0,3.0655568396767707,0.11654526838012776
Senegal,2016-08,0.19118428846521507,0.0,6.633032323820378,2.6712691731874667,0.9559214024768985,0.0,3.5581519741578638,0.19118428806293872
Senegal,2016-09,0.8101157249256323,0.025717960466352333,6.474496405970296,1.6416630315709386,0.7693956297490356,0.0,3.358336870618144,0.051435921928957046
Senegal,2016-10,0.5029201782420506,0.04380272669143413,4.299156546379262,2.2404282757839065,0.7722258340590527,0.0,2.326411372442389,0.0778715149692592
Senegal,2016-11,0.7789941582341742,0.02379819116690465,4.9087736244552245,2.192606677111158,0.6600031982904966,0.0,3.0255434115730426,0.03807710804799519
Senegal,2016-12,0.7920792128151815,0.1031353133531353,4.5228271990300835,1.9004400023802095,1.193619377495462,0.0,3.054180455965382,0.033003301409311576
Senegal,2017-01,0.5303760998910318,0.2282224357502411,4.256937747470417,3.0922533495357887,1.0178935165670202,0.0,3.2615450639912815,0.03857280748864392
Senegal,2017-02,0.7909961163767749,0.3965499082302514,5.593773051971633,3.8256022636209144,1.2201535487347217,0.01577784799084885,4.348374945346193,0.1609340507175254
Senegal,2017-03,0.5327796364419508,0.09012193004506097,5.481534013877567,2.738116442652844,0.8384873364331155,0.0,3.586322523205493,0.3578370783421553
Senegal,2017-04,0.31316222527501764,0.1400988944718625,3.0880622536244138,1.7565340473672306,0.6169060522811396,0.0529785729750412,2.9927005620325096,0.2366376280455043
Senegal,2017-05,0.20949720694104149,0.02992817212380287,3.8587391947956955,1.958300094053959,0.7561851767919993,0.0,2.4032323249527647,0.20251397596912551
Senegal,2017-06,0.5165311446075058,0.04647723730178514,4.67941257550288,1.9404246709655133,0.3517481845991338,0.0,3.2576319328816825,0.24083659696699206
Senegal,2017-07,1.033354546730528,0.17722439592474779,4.462419270878378,1.9394710671524362,0.7070798888202309,0.0,3.241843099641485,0.081795876094839
Senegal,2017-08,0.5497525959084322,0.13010811583690673,4.724207635490222,1.987355662675795,0.9043430661170737,0.0,3.425875025606183,0.13835440647833186
Senegal,2017-09,0.550899380790717,0.20046072103004456,6.915649771196235,1.8124785137117778,0.4283683820503357,0.0,4.326324639922666,0.10586678597370552
Senegal,2017-10,0.1963746256015639,0.15372312276435046,6.542562654215164,2.9767194796005763,0.9045672748187311,0.0,3.6840235782632336,0.258574723595745
Senegal,2017-11,0.43567688949342076,0.15893792103861257,5.860134545079407,2.565445024662023,0.7002617833834732,0.0,3.1320119542387355,0.17389678468703382
Senegal,2017-12,0.25469874892973826,0.18619357357913227,4.6724048055587035,2.304584591233731,0.8896891141358912,0.017565431033198662,2.7946601283408268,0.1870718363428897
Senegal,2018-01,0.35811039177658316,0.059261767401794785,5.880460519202615,1.8684388433664916,0.8779207484385902,0.0,3.1222486534586134,0.06688113893934251
Senegal,2018-02,0.41454935585227776,0.032094144351876616,5.736828020380299,2.7912989204721863,0.782740489334938,0.010698047773023089,3.0640991208681596,0.07666934202830646
Senegal,2018-03,0.4172527113986873,0.16877637124397563,4.781997338941283,2.236286816486534,0.7857478192783872,0.0,2.844819582181823,0.07876230777491926
Senegal,2018-04,0.30402196893075056,0.0,5.166261983754755,1.8410218171633064,0.6048770213957563,0.0,2.728808224357675,0.02533516377383234
Senegal,2018-05,0.595109492545113,0.044191299556515753,6.165177154621753,1.969949964671859,0.43994892729156443,0.0,3.6904644612930255,0.12569969974000922
Senegal,2018-06,0.4917495278959676,0.04261829412392089,4.123046678916912,1.8216588435860157,0.5605944622554913,0.0,2.411758255119497,0.2196481327534164
Senegal,2018-07,1.4423498503057868,0.03945637988272687,5.218106076931859,1.5859271700867632,0.8417360802380127,0.0,3.1543182813601236,0.1183691379928226
Senegal,2018-08,1.7926487591188183,0.23446086304994504,4.568323426656344,2.3543779081983147,0.7876419679210229,0.16485529364464527,2.511906263012396,0.37122969909055
Senegal,2018-09,0.30491598639452394,0.07467330380136901,3.635345365778081,2.2227753919877857,0.6608587327930304,0.05600497864144369,2.4380833449331853,0.18294960234804153
Senegal,2018-10,0.5824273327564486,0.10761038148457953,5.056578572769222,1.8327046660784334,0.6678500302927256,0.0,2.568227201802032,0.13090748164860366
Senegal,2018-11,0.8311626782379826,0.4771489566194648,7.360881023492338,3.2725551495531175,0.8051148614581171,0.0,2.2377457380735124,0.13734312035028576
Senegal,2018-12,0.6890250602890465,0.07416962419735569,6.158228429178911,2.9098139900214184,1.126518319291519,0.0,3.2494894783117148,0.1128668219974754
Senegal,2019-01,0.3962604955993322,0.18485073388611492,4.290874399271943,1.9292468435665568,0.31339636183714015,0.03824497967183682,2.6144693371362218,0.18166365571991008
Senegal,2019-02,0.474055089146167,0.1601537472315823,5.855220985452424,1.0132393853893749,1.1862054258836217,0.0,2.6564167777460908,0.057655349802211577
Senegal,2019-03,0.7006177637742955,0.1536838936145849,4.976646149527842,2.7376827681123443,0.6976043351227965,0.0,3.712520509791304,0.09040229375894866
Senegal,2019-04,0.5321378586923614,0.1339077778721472,5.033768187066392,2.1879366816129053,0.7382393912211225,0.0,2.824871971564379,0.14671634977684136
Senegal,2019-05,0.39202584608887403,0.050116939456064144,4.646397374714894,2.02583811307803,0.7083194211337565,0.022274195659204812,2.572669614915568,0.12696291689302971
Senegal,2019-06,0.7716883660662324,0.251904644505161,4.652248843854421,2.4735807316084575,0.7594003409206194,0.0,3.419759112873665,0.1400835594268264
Senegal,2019-07,0.8516756789583011,0.2986395309167128,4.726247183551794,2.441101598007496,0.5463997413033546,0.0,2.6689525274620634,0.2588209280655363
Senegal,2019-08,0.6517259070046367,0.20479133966821228,5.537094386510789,2.5553837685337455,1.212004132350335,0.0,2.7112313149615885,0.2691911424093913
Senegal,2019-09,0.3766001854528134,0.08931229578088716,5.754688908348471,1.7103303788508484,0.9407562176052396,0.0,2.3578445593377877,0.21434951335256236
Senegal,2019-10,0.7553907434569427,0.17442658712814174,6.179096289021378,3.242686518190033,0.8597720150679852,0.0,3.9348991507217264,0.11536876977015709
Senegal,2019-11,0.9039227019380329,0.12791358742154632,5.376634474106277,4.826606081933717,1.0886867354891454,0.0,2.9974417701515796,0.3894258110211076
Senegal,2019-12,2.573074742781968,1.0427206402668634,7.124789086759596,4.329679466160853,1.1270376791770138,0.0,9.03878607651948,0.12647555468205646
Senegal,2020-01,1.542985132275729,0.38644637896457573,6.173341022729248,2.8409408843739166,1.402968340157607,0.0,6.198543752624951,0.07140857105677874
Senegal,2020-02,1.196676782695958,0.37226393502604244,6.9004633613787,3.8105130556947207,1.6280556857188049,0.06710337212525963,4.732385334899965,0.06231027425571395
Senegal,2020-03,0.5797503426562075,0.08044382754174756,6.288488324751496,3.58945910015104,2.264909926474757,0.2496532590669903,4.596393918824292,0.05409154135027929
Senegal,2020-04,2.339667498897862,0.23357086385748219,11.32620745303897,6.280021168608076,6.913433709674321,0.0,3.424386325276228,0.23357086391851592
Senegal,2020-05,0.6536697303195719,0.2140672837553517,6.688328534940291,3.8430174135471455,2.855504586026409,0.0,3.858308012621974,0.12232416362468321
Senegal,2020-06,1.0713356165584484,0.12496745792788337,6.481384864298926,3.575891595808123,2.1765166382143972,0.0,3.6110388023767586,0.5219995027242272
Senegal,2020-07,0.8225108358715338,0.05850005874552475,6.066456068826011,3.38130340879041,2.6009127002632506,0.0,4.017784132861475,0.1450801457288539
Senegal,2020-08,0.4022795951726449,0.016761649798860207,7.329310716892974,2.7936082514182594,1.14649681947212,0.0,4.455246442456156,0.2011397917551138
Senegal,2020-09,0.3300948150561864,0.08779117427133325,4.917476144909841,2.8971087100268957,1.4865972305829336,0.05267470456279994,2.8619922440838415,0.8111904538466012
Senegal,2020-10,0.33351336484066973,0.1309748824258709,5.006751298384996,2.3089387240914125,2.0307858993236407,0.0,2.9476100641108904,0.19848771672002616
Senegal,2020-11,0.3248292266375296,0.0836470093995539,4.636832426036374,1.7287049186019796,2.9666807205276573,0.06273525679520424,3.372368616108498,0.25512339155939123
Senegal,2020-12,0.3984118282447974,0.13964950807639648,6.359529270386282,2.8244797232461667,1.86062433941402,0.0,4.355147915531185,0.17250821663013605
Senegal,2021-01,0.4278990264227642,0.14263300508130083,5.48138646382681,2.6686635712069076,1.2294965436991871,0.0,3.6642419575231617,0.07274283462437794
Senegal,2021-02,0.32682513266015845,0.055178269442840974,5.996038364062082,2.082625950309281,0.8955857308038522,0.0,2.46179965670975,0.06508206155298722
Senegal,2021-03,0.6739926729569858,0.10989010949607536,5.157509089520962,2.3139718066034534,2.7022501937210137,0.18838304559026686,3.791732146362377,0.037676610936945444
Senegal,2021-04,0.5438555970159685,0.08331405074913215,4.302244875383218,2.4843785918484147,3.663503913819315,0.052071280302476264,3.314047713824175,0.22911363845921243
Senegal,2021-05,0.5804142234804398,0.17259013000997186,6.920225018286873,3.4684223189098558,2.7499361067771524,0.0,3.702377886390854,0.13551520893230806
Senegal,2021-06,0.7366707295683084,0.020350020211097546,4.415954584302505,2.1571021762126246,1.7785918223177317,0.0,3.7294804586794887,0.11396011178924348
Senegal,2021-07,0.5724197767782596,0.03902862217013587,5.092512496586119,2.1595837033636354,1.2330153213232147,0.0,3.7395201687144795,0.3498120984922685
Senegal,2021-08,1.8721118972598978,0.018733607805545144,6.935182016083464,1.9520419890288498,0.9953790437756963,0.0,2.891220245272419,0.2547770714215703
Senegal,2021-09,3.1079017163004106,0.1249826412009443,5.175669977229313,1.8580752794488105,0.9137620070578056,0.0,4.439660873826412,0.18330787413616353
Senegal,2021-10,0.8405200274398249,0.24713605436220878,5.785815405325189,2.233234690019517,0.7954691778491441,0.0,3.6516927444928418,0.131291034986036
Senegal,2021-11,0.49532128829606986,0.07111665635895195,4.563942633269969,1.6456643926532752,0.7099189124085945,0.0,2.6874610299512023,0.09731753246968355
Senegal,2021-12,1.45868374302663,0.06727211607601749,6.136338103408764,3.5429980161645505,1.5214710171042718,0.04036327148435924,4.877228647689513,0.32514857007607506
Senegal,2022-01,0.6354596410599078,0.10914382767948098,5.833131330763739,3.0572398731528327,1.0429299052043415,0.0,4.519767194885385,0.02910502185623498
Senegal,2022-02,2.7960438484258217,0.08019246176904571,4.704624473269148,3.243785164630531,0.8473670091880857,0.08019246176904571,4.806201593962298,0.260625507975209
Senegal,2022-03,2.7210145666347825,0.2234299543369565,4.775362429802871,3.3442028827826085,0.8731884397270083,0.024154588910869565,2.9202897678726325,0.5434782582449895
Senegal,2022-04,4.4837861843614695,0.11921793063388174,4.790176558519048,3.723176132813067,1.7393896249744873,0.2837386732587029,4.101097003967245,0.3469242161120069
Senegal,2022-05,2.088219639418577,0.09994669507276119,7.715884976122571,2.7678572040412615,0.7436034049617536,0.07995735646455222,4.028518231235661,0.3731343380949513
Senegal,2022-06,2.749248556366915,0.07970730575460602,6.461518521021269,2.0841500811752254,0.8284333230435122,0.0,5.329935955033062,0.30576244775153716
Senegal,2022-07,2.72311531301857,0.05404656417835366,5.774667455934558,3.5656873077684152,1.2195121689326498,0.0,4.567627463287955,0.19539911864738269
Senegal,2022-08,2.1312751819327094,0.16733687431417824,5.861979524287167,2.401089619136075,1.450252931749384,0.0,4.161369709208362,0.23349332522486885
Senegal,2022-09,3.167735884494336,0.1296574311839771,6.340930965326367,2.8415449938610617,1.5545243792404801,0.0,3.2346117329004387,0.3889722843824212
Senegal,2022-10,2.5187194051693775,0.2052672331515621,6.274206189839442,2.912470994191778,1.374903209855151,0.0,2.7536793761256795,0.17428350109282212
Senegal,2022-11,1.466502791352059,0.17701290790805163,5.42716669345984,2.501536555253336,0.5285802175862324,0.0,2.7252611651244325,0.22126613386318375
Senegal,2022-12,1.7058195788151704,0.35771489819033636,6.847303727480883,2.6454886780032036,1.0758142066701815,0.0,4.112386551140668,0.4765083011306726
Senegal,2023-01,1.5680922277100393,0.022747952866242042,7.28086130817558,1.654534459745223,0.8720047950379133,0.0,2.932969425304047,0.10464057609341826
Senegal,2023-02,0.8449235281646384,0.06780250501477747,6.561196363946412,3.2805980534594923,0.9301113150314674,0.1043115440704103,2.705145993472402,0.0
Senegal,2023-03,1.5120222157461467,0.0786066602644883,3.7839088132820233,2.7882244706390082,1.1775586266095872,0.0,2.93618991464564,0.13101109739226263
Senegal,2023-04,1.4290467173315589,0.059890203745633,3.8629180514495136,1.893195755303049,0.32274164552320744,0.0,3.2656796624429827,0.09482615261354185
Senegal,2023-05,0.7612213199212045,0.02110595234923315,5.180807692016009,1.757422234495005,1.0102715794549038,0.09708737999859295,3.4810749807061008,0.5487547489618686
Senegal,2023-06,2.323964917925658,0.2644303377116954,5.9096404672608465,3.0235720526079826,2.159262639744938,0.08763976937080688,5.00302211410566,0.19341191012148684
Senegal,2023-07,0.8238797423936473,0.1403857073737947,5.9273965068606635,1.5910380037776517,1.213840047128705,0.021270561815087918,3.464265625431545,0.30204196646625076
Senegal,2023-08,1.0482481575439402,0.11631246659620907,6.937104980665389,1.575244086336014,1.181792097025847,0.0,5.272831692419191,0.3058587046404365
Senegal,2023-09,1.7049127732126697,0.21331609599999998,7.4822235816105005,2.726244453031494,1.2201034643981903,0.0,4.2453134874206935,0.28603749632579184
Senegal,2023-10,3.26672689595011,0.13536160901121566,8.529070838170218,2.947015655695711,1.3097847556922781,0.1430965602675003,4.073739878801713,0.08121696743199691
Senegal,2023-11,0.5551365353772817,0.01810227821752904,6.204555943852432,3.045708361129582,1.1313923562142103,0.01810227821752904,3.6838135755718464,0.2579574514448635
Senegal,2023-12,2.208741954961609,0.28253282357653314,7.194615440280168,3.8956290762772148,1.6021273191789929,0.0332391553584843,3.852418191674133,0.2243643006893801
Senegal,2024-01,1.0516787724104673,0.16622778399341673,7.211981689303122,2.1263989361069786,1.2705727573943384,0.0,3.104015857566966,0.02468729403357472
Senegal,2024-02,0.5936675505296833,0.3265171415778364,5.209432884493366,2.0267150295900396,0.9036939385448549,0.0,6.1708443276347715,0.33146438259795513
Senegal,2024-03,1.8405916527396606,0.49712407810736775,5.795672402543245,2.8649685382895957,2.219939686119967,0.0,3.486716068246543,0.27937551146631057
Senegal,2024-04,1.7416432363003749,0.4201811910918463,7.764760958968255,4.29084665992268,1.6291784408059982,0.0,4.233052197160772,0.445173394606373
Senegal,2024-05,1.371923415613322,0.05925250791978122,7.479489882048886,3.629595864966272,0.9358857586071102,0.0,3.979033729978617,0.12306290463810393
Senegal,2024-06,2.40281446804978,0.2216358865065963,10.121372210420365,3.7308706349700964,1.634124921173087,0.0,3.7801231496063776,1.1204925376756376
Senegal,2024-07,0.9432131067626598,0.27665426535673837,6.466591344689598,3.4735478855015374,1.9026048362441168,0.0,3.9297848418481243,0.3429865843690341
Senegal,2024-08,1.0072775796728417,0.25802184290473046,9.692358741648656,2.0608667657267614,1.7730731777383395,0.0,3.8637115475533013,0.2480979275401919
Senegal,2024-09,1.2968345975516797,0.15342377225452195,8.330103431887057,3.259043961950904,2.0687984707105946,0.0,2.902131937936572,0.3165374739599483
Senegal,2024-10,1.6238659106037214,0.04613255386067968,12.242042144207216,4.877749000173788,2.1559279535595874,0.0,3.507611837282006,0.4428725305446717
Senegal,2024-11,1.73038955356112,0.2530963946505116,6.901813173588183,4.299048627429479,2.7732902791263014,0.0,3.338718490877268,0.3015616529951535
Senegal,2024-12,1.5612024853971103,0.21923268285135358,8.757681689163556,4.075735051616675,1.6409234571187508,0.0,4.5723301216408,0.4069091555236672
Senegal,2025-01,2.49199891881961,0.04946174091096887,8.866744305601383,4.256619206104614,2.179226144372418,0.0,3.9482107336619143,0.09164969683939482
Senegal,2025-02,2.0473421878172764,0.3737541524634551,15.42358864264873,6.526854944434385,3.027408741133167,0.06229235874390919,4.904485016531459,0.47757477700221485
Senegal,2025-03,1.9315264435708985,0.3594864523831669,11.761768885569355,4.291012732222861,2.1697575283671897,0.0,4.770328154586273,0.2353780348064194
Senegal,2025-04,1.8612545727139485,0.35867159288132844,12.061992825519026,5.388930007373747,2.3291513222312914,0.0,4.504797175250813,0.11512915732177123
Senegal,2025-05,1.174242411439815,0.17115600475925924,8.883277334762667,7.1941640010036485,1.4169472601408368,0.021043770726851853,4.264870894932275,0.555555563867284
Senegal,2025-06,2.203758359754931,0.19412952351576332,10.528032623482089,5.854946454078273,2.104363987190189,0.34943314212533005,3.435316061657849,0.18325827322829633
Senegal,2025-07,1.5517473956959926,0.4655242204505465,11.173930656741677,4.903521832162361,2.4989880465811978,0.0,4.313857821220571,0.17406557327944944
Senegal,2025-08,1.8895348836546815,0.12851897335281517,12.197062883667593,4.678702653232712,2.062423423701806,0.06884944920608935,3.3323133518949506,0.7680538818177784
Senegal,2025-09,1.3931240698318386,0.22421524646591928,11.183856621175794,5.762331963172589,1.686098661007175,0.0,3.9611359531386414,0.5754857999080718
Senegal,2025-10,3.0330163307341915,0.10492445477560156,19.19418015466301,7.48880844409655,1.8690542997062116,0.4406827082232792,5.369333915459885,0.432288747072188
Senegal,2025-11,2.6047995027612396,0.23997569756682866,13.722661354152455,5.250607584623824,3.0513365855361485,0.341737545154921,3.7773390696650977,0.23693803373329284
Senegal,2025-12,0.28432656863217637,0.19318925911569523,2.7357564391947533,2.1687404590933688,0.07694826492097795,0.0,1.9951975440016851,0.013097577439860295
Seychelles,2015-01,14.4444448,0.0,0.0,8.888889242,5.555555556,0.0,0.0,0.0
Seychelles,2015-02,4.444444621,0.0,0.0,8.888889242,0.0,0.0,0.0,0.0
Seychelles,2015-03,15.00000037,0.0,0.0,4.615384799000001,5.769230769,0.0,0.0,0.0
Seychelles,2015-04,14.4444448,0.0,0.0,4.444444621,5.555555556,0.0,0.0,0.0
Seychelles,2015-05,13.92857177,0.0,0.0,4.285714456,5.357142857,0.0,0.0,0.0
Seychelles,2015-06,14.4444448,0.0,0.0,4.444444621,5.555555556,0.0,0.0,0.0
Seychelles,2015-07,15.00000037,0.0,0.0,4.615384799000001,5.769230769,0.0,0.0,0.0
Seychelles,2015-08,13.333333859999998,0.0,8.888889242,4.444444621,0.0,0.0,0.0,0.0
Seychelles,2015-09,20.00000035,5.555555556,0.0,13.333333859999998,5.555555556,0.0,0.0,0.0
Seychelles,2015-10,19.28571463,5.357142857,0.0,12.85714337,5.357142857,0.0,0.0,0.0
Seychelles,2015-11,20.00000035,5.555555556,0.0,13.333333859999998,5.555555556,0.0,0.0,0.0
Seychelles,2015-12,20.769231139999995,5.769230769,0.0,13.8461544,5.769230769,0.0,0.0,0.0
Seychelles,2016-01,19.28571463,5.357142857,0.0,12.85714337,5.357142857,0.0,0.0,0.0
Seychelles,2016-02,20.769231139999995,5.769230769,0.0,13.8461544,5.769230769,0.0,0.0,0.0
Seychelles,2016-03,20.00000035,5.555555556,0.0,13.333333859999998,5.555555556,0.0,0.0,0.0
Seychelles,2016-04,20.769231139999995,5.769230769,0.0,13.8461544,5.769230769,0.0,0.0,0.0
Seychelles,2016-05,20.00000035,5.555555556,0.0,13.333333859999998,5.555555556,0.0,0.0,0.0
Seychelles,2016-06,20.00000035,5.555555556,0.0,13.333333859999998,5.555555556,0.0,0.0,0.0
Seychelles,2016-07,20.769231139999995,5.769230769,0.0,13.8461544,5.769230769,0.0,0.0,0.0
Seychelles,2016-08,19.28571463,5.357142857,0.0,12.85714337,5.357142857,0.0,0.0,0.0
Seychelles,2016-09,20.769231139999995,5.769230769,0.0,13.8461544,5.769230769,0.0,0.0,0.0
Seychelles,2016-10,20.00000035,5.555555556,0.0,13.333333859999998,5.555555556,0.0,0.0,0.0
Seychelles,2016-11,20.00000035,5.555555556,0.0,13.333333859999998,5.555555556,0.0,0.0,0.0
Seychelles,2016-12,20.00000035,5.555555556,0.0,13.333333859999998,5.555555556,0.0,0.0,0.0
Seychelles,2017-01,20.00000035,5.555555556,0.0,13.333333859999998,5.555555556,0.0,0.0,0.0
Seychelles,2017-02,19.28571463,5.357142857,0.0,12.85714337,5.357142857,0.0,0.0,0.0
Seychelles,2017-03,20.00000035,5.555555556,0.0,13.333333859999998,5.555555556,0.0,0.0,0.0
Seychelles,2017-04,20.00000035,5.555555556,0.0,13.333333859999998,5.555555556,0.0,0.0,0.0
Seychelles,2017-05,20.00000035,5.555555556,0.0,13.333333859999998,5.555555556,0.0,0.0,0.0
Seychelles,2017-06,19.28571463,5.357142857,0.0,12.85714337,5.357142857,0.0,0.0,0.0
Seychelles,2017-07,20.00000035,5.555555556,0.0,13.333333859999998,5.555555556,0.0,0.0,0.0
Seychelles,2017-08,19.28571463,5.357142857,0.0,12.85714337,5.357142857,0.0,0.0,0.0
Seychelles,2017-09,19.28571463,5.357142857,0.0,12.85714337,5.357142857,0.0,0.0,0.0
Seychelles,2017-10,19.28571463,5.357142857,0.0,12.85714337,5.357142857,0.0,0.0,0.0
Seychelles,2017-11,20.00000035,5.555555556,0.0,13.333333859999998,5.555555556,0.0,0.0,0.0
Seychelles,2017-12,19.28571463,5.357142857,0.0,12.85714337,5.357142857,0.0,0.0,0.0
Seychelles,2018-01,19.28571463,5.357142857,0.0,12.85714337,5.357142857,0.0,0.0,0.0
Seychelles,2018-02,19.28571463,5.357142857,0.0,12.85714337,5.357142857,0.0,0.0,0.0
Seychelles,2018-03,19.28571463,5.357142857,0.0,12.85714337,5.357142857,0.0,0.0,0.0
Seychelles,2018-04,19.28571463,5.357142857,0.0,12.85714337,5.357142857,0.0,0.0,0.0
Seychelles,2018-05,19.28571463,5.357142857,0.0,12.85714337,5.357142857,0.0,0.0,0.0
Seychelles,2018-06,19.28571463,5.357142857,0.0,12.85714337,5.357142857,0.0,0.0,0.0
Seychelles,2018-07,19.28571463,5.357142857,0.0,12.85714337,5.357142857,0.0,0.0,0.0
Seychelles,2018-08,19.28571463,5.357142857,0.0,12.85714337,5.357142857,0.0,0.0,0.0
Seychelles,2018-09,19.28571463,5.357142857,0.0,12.85714337,5.357142857,0.0,0.0,0.0
Seychelles,2018-10,19.28571463,5.357142857,0.0,12.85714337,5.357142857,0.0,0.0,0.0
Seychelles,2018-11,19.28571463,5.357142857,0.0,12.85714337,5.357142857,0.0,0.0,0.0
Seychelles,2018-12,19.28571463,5.357142857,0.0,12.85714337,5.357142857,0.0,0.0,0.0
Seychelles,2019-01,19.28571463,5.357142857,0.0,12.85714337,5.357142857,0.0,0.0,0.0
Seychelles,2019-02,19.28571463,5.357142857,0.0,12.85714337,5.357142857,0.0,0.0,0.0
Seychelles,2019-03,19.28571463,5.357142857,0.0,12.85714337,5.357142857,0.0,0.0,0.0
Seychelles,2019-04,19.28571463,5.357142857,0.0,12.85714337,5.357142857,0.0,0.0,0.0
Seychelles,2019-05,19.28571463,5.357142857,0.0,12.85714337,5.357142857,0.0,0.0,0.0
Seychelles,2019-06,19.28571463,5.357142857,0.0,12.85714337,5.357142857,0.0,0.0,0.0
Seychelles,2019-07,19.28571463,5.357142857,0.0,12.85714337,5.357142857,0.0,0.0,0.0
Seychelles,2019-08,19.28571463,5.357142857,0.0,12.85714337,5.357142857,0.0,0.0,0.0
Seychelles,2019-09,19.28571463,5.357142857,0.0,12.85714337,5.357142857,0.0,0.0,0.0
Seychelles,2019-10,19.28571463,5.357142857,0.0,12.85714337,5.357142857,0.0,0.0,0.0
Seychelles,2019-11,19.28571463,5.357142857,0.0,12.85714337,5.357142857,0.0,0.0,0.0
Seychelles,2019-12,19.28571463,5.357142857,0.0,12.85714337,5.357142857,0.0,0.0,0.0
Seychelles,2020-01,19.28571463,5.357142857,0.0,12.85714337,5.357142857,0.0,0.0,0.0
Seychelles,2020-02,19.28571463,5.357142857,0.0,12.85714337,5.357142857,0.0,0.0,0.0
Seychelles,2020-03,19.28571463,5.357142857,0.0,12.85714337,5.357142857,0.0,0.0,0.0
Seychelles,2020-04,19.28571463,5.357142857,0.0,12.85714337,5.357142857,0.0,0.0,0.0
Seychelles,2020-05,19.28571463,5.357142857,0.0,12.85714337,5.357142857,0.0,0.0,0.0
Seychelles,2020-06,19.28571463,5.357142857,0.0,12.85714337,5.357142857,0.0,0.0,0.0
Seychelles,2020-07,19.28571463,5.357142857,0.0,12.85714337,5.357142857,0.0,0.0,0.0
Seychelles,2020-08,19.28571463,5.357142857,0.0,12.85714337,5.357142857,0.0,0.0,0.0
Seychelles,2020-09,19.28571463,5.357142857,0.0,12.85714337,5.357142857,0.0,0.0,0.0
Seychelles,2020-10,19.28571463,5.357142857,0.0,12.85714337,5.357142857,0.0,0.0,0.0
Seychelles,2020-11,19.28571463,5.357142857,0.0,12.85714337,5.357142857,0.0,0.0,0.0
Seychelles,2020-12,19.28571463,5.357142857,0.0,12.85714337,5.357142857,0.0,0.0,0.0
Seychelles,2021-01,19.28571463,5.357142857,0.0,12.85714337,5.357142857,0.0,0.0,0.0
Seychelles,2021-02,19.28571463,5.357142857,0.0,12.85714337,5.357142857,0.0,0.0,0.0
Seychelles,2021-03,19.28571463,5.357142857,0.0,12.85714337,5.357142857,0.0,0.0,0.0
Seychelles,2021-04,19.28571463,5.357142857,0.0,12.85714337,5.357142857,0.0,0.0,0.0
Seychelles,2021-05,19.28571463,5.357142857,0.0,12.85714337,5.357142857,0.0,0.0,0.0
Seychelles,2021-06,19.28571463,5.357142857,0.0,12.85714337,5.357142857,0.0,0.0,0.0
Seychelles,2021-07,19.28571463,5.357142857,0.0,12.85714337,5.357142857,0.0,0.0,0.0
Seychelles,2021-08,19.28571463,5.357142857,0.0,12.85714337,5.357142857,0.0,0.0,0.0
Seychelles,2021-09,19.28571463,5.357142857,0.0,12.85714337,5.357142857,0.0,0.0,0.0
Seychelles,2021-10,19.28571463,5.357142857,0.0,12.85714337,5.357142857,0.0,0.0,0.0
Seychelles,2021-11,19.28571463,5.357142857,0.0,12.85714337,5.357142857,0.0,0.0,0.0
Seychelles,2021-12,19.28571463,5.357142857,0.0,12.85714337,5.357142857,0.0,0.0,0.0
Seychelles,2022-01,19.28571463,5.357142857,0.0,12.85714337,5.357142857,0.0,0.0,0.0
Seychelles,2022-02,19.28571463,5.357142857,0.0,12.85714337,5.357142857,0.0,0.0,0.0
Seychelles,2022-03,19.28571463,5.357142857,0.0,12.85714337,5.357142857,0.0,0.0,0.0
Seychelles,2022-04,20.00000035,5.555555556,0.0,13.333333859999998,5.555555556,0.0,0.0,0.0
Seychelles,2022-05,19.28571463,5.357142857,0.0,12.85714337,5.357142857,0.0,0.0,0.0
Seychelles,2022-06,19.28571463,5.357142857,0.0,12.85714337,5.357142857,0.0,0.0,0.0
Seychelles,2022-07,19.28571463,5.357142857,0.0,12.85714337,5.357142857,0.0,0.0,0.0
Seychelles,2022-08,19.28571463,5.357142857,0.0,12.85714337,5.357142857,0.0,0.0,0.0
Seychelles,2022-09,19.28571463,5.357142857,0.0,12.85714337,5.357142857,0.0,0.0,0.0
Seychelles,2022-10,19.28571463,5.357142857,0.0,12.85714337,5.357142857,0.0,0.0,0.0
Seychelles,2022-11,19.28571463,5.357142857,0.0,12.85714337,5.357142857,0.0,0.0,0.0
Seychelles,2022-12,19.28571463,5.357142857,0.0,12.85714337,5.357142857,0.0,0.0,0.0
Seychelles,2023-01,19.28571463,5.357142857,0.0,12.85714337,5.357142857,0.0,0.0,0.0
Seychelles,2023-02,19.28571463,5.357142857,0.0,12.85714337,5.357142857,0.0,0.0,0.0
Seychelles,2023-03,19.28571463,5.357142857,0.0,12.85714337,5.357142857,0.0,0.0,0.0
Seychelles,2023-04,19.28571463,5.357142857,0.0,12.85714337,5.357142857,0.0,0.0,0.0
Seychelles,2023-05,19.28571463,5.357142857,0.0,12.85714337,5.357142857,0.0,0.0,0.0
Seychelles,2023-06,19.28571463,5.357142857,0.0,12.85714337,5.357142857,0.0,0.0,0.0
Seychelles,2023-07,19.28571463,5.357142857,0.0,12.85714337,5.357142857,0.0,0.0,0.0
Seychelles,2023-08,19.28571463,5.357142857,0.0,12.85714337,5.357142857,0.0,0.0,0.0
Seychelles,2023-09,19.28571463,5.357142857,0.0,12.85714337,5.357142857,0.0,0.0,0.0
Seychelles,2023-10,19.28571463,5.357142857,0.0,12.85714337,5.357142857,0.0,0.0,0.0
Seychelles,2023-11,19.28571463,5.357142857,0.0,12.85714337,5.357142857,0.0,0.0,0.0
Seychelles,2023-12,19.28571463,5.357142857,0.0,12.85714337,5.357142857,0.0,0.0,0.0
Seychelles,2024-01,19.28571463,5.357142857,0.0,12.85714337,5.357142857,0.0,0.0,0.0
Seychelles,2024-02,19.28571463,5.357142857,0.0,12.85714337,5.357142857,0.0,0.0,0.0
Seychelles,2024-03,19.28571463,5.357142857,0.0,12.85714337,5.357142857,0.0,0.0,0.0
Seychelles,2024-04,19.28571463,5.357142857,0.0,12.85714337,5.357142857,0.0,0.0,0.0
Seychelles,2024-05,19.28571463,5.357142857,0.0,12.85714337,5.357142857,0.0,0.0,0.0
Seychelles,2024-06,19.28571463,5.357142857,0.0,12.85714337,5.357142857,0.0,0.0,0.0
Seychelles,2024-07,19.28571463,5.357142857,0.0,12.85714337,5.357142857,0.0,0.0,0.0
Seychelles,2024-08,19.28571463,5.357142857,0.0,12.85714337,5.357142857,0.0,0.0,0.0
Seychelles,2024-09,19.28571463,5.357142857,0.0,12.85714337,5.357142857,0.0,0.0,0.0
Seychelles,2024-10,19.28571463,5.357142857,0.0,12.85714337,5.357142857,0.0,0.0,0.0
Seychelles,2024-11,19.28571463,5.357142857,0.0,12.85714337,5.357142857,0.0,0.0,0.0
Seychelles,2024-12,19.28571463,5.357142857,0.0,12.85714337,5.357142857,0.0,0.0,0.0
Seychelles,2025-01,19.28571463,5.357142857,0.0,12.85714337,5.357142857,0.0,0.0,0.0
Seychelles,2025-02,19.28571463,5.357142857,0.0,12.85714337,5.357142857,0.0,0.0,0.0
Seychelles,2025-03,54.00000095,15.0,0.0,36.00000143,15.0,0.0,0.0,0.0
Seychelles,2025-04,19.28571463,5.357142857,0.0,12.85714337,5.357142857,0.0,0.0,0.0
Seychelles,2025-05,3.552631642,0.986842105,0.0,2.368421147,0.986842105,0.0,0.0,0.0
Seychelles,2025-06,3.857142925,1.071428571,0.0,2.571428674,1.071428571,0.0,0.0,0.0
Seychelles,2025-07,19.28571463,5.357142857,0.0,12.85714337,5.357142857,0.0,0.0,0.0
Seychelles,2025-08,19.28571463,5.357142857,0.0,12.85714337,5.357142857,0.0,0.0,0.0
Seychelles,2025-09,19.28571463,5.357142857,0.0,12.85714337,5.357142857,0.0,0.0,0.0
Seychelles,2025-10,54.00000095,15.0,0.0,36.00000143,15.0,0.0,0.0,0.0
Seychelles,2025-11,19.28571463,5.357142857,0.0,12.85714337,5.357142857,0.0,0.0,0.0
Seychelles,2025-12,42.85714286,2.6785714289999993,4.285714456,35.3571449,2.6785714289999993,0.0,2.142857228,0.0
Sierra Leone,2015-01,8.478873347197183,10.309857483718305,11.859148082281699,32.19718040400001,7.859155225166197,0.0,5.661971971521126,2.9154930314704224
Sierra Leone,2015-02,7.975206821702479,10.922865691818181,15.798899423140494,32.36914620008265,5.578512561322314,0.0,3.0165290376446285,2.8512397413786297
Sierra Leone,2015-03,9.405204532267659,17.13754422304833,19.925648282527863,31.654288914498153,9.70260268267658,0.0,7.249070942081786,4.684014967286246
Sierra Leone,2015-04,10.54325971994165,14.446677700603619,20.543257216901416,44.26559117243461,10.563380521744465,0.0,15.211267688189135,3.4406438922917504
Sierra Leone,2015-05,8.893442789483606,15.389341896516397,15.63524323831971,41.127049105942625,7.499999931233606,0.0,9.03688547020082,5.16393453382377
Sierra Leone,2015-06,6.146666876253334,11.133335016693323,14.640001615199996,29.493330539626673,5.240000152887999,0.0,5.640000120786667,3.1200000765413334
Sierra Leone,2015-07,8.952381270057142,10.587301637142861,16.174603203809536,33.7301592695238,4.2380953596,0.0,5.0952381558000015,2.904761935142857
Sierra Leone,2015-08,5.673469491243537,9.034013688748301,12.68027551678913,24.3401376912381,6.734694039974149,0.0,6.326530871639456,3.1428572276870748
Sierra Leone,2015-09,6.707989217123967,10.137742773608808,11.763087053581263,27.933884581818177,4.586777082928375,0.0,7.272727693465564,5.000000125212122
Sierra Leone,2015-10,8.153526812680497,14.875521290456442,16.618254824481323,37.44814333319503,9.273858980182572,0.0,7.344398459506223,8.153526961012448
Sierra Leone,2015-11,8.389513055220974,16.610477908614243,24.513113210486885,39.79400254681647,10.73033729234457,0.0,5.056179729977528,6.123595693602996
Sierra Leone,2015-12,8.194030078238805,12.059698820597022,18.029849851492532,33.34328566318154,7.029850981044776,0.0,5.149253873791045,4.656716496641791
Sierra Leone,2016-01,7.621621827664865,11.972973637459459,15.351351623837838,29.702702885675677,6.324324510794595,0.0,4.216216319416217,3.851351447545946
Sierra Leone,2016-02,9.326530767942858,14.836732206530616,15.795915886530603,33.34693889061225,7.836734957142857,0.0,3.734693965028571,5.265306307771429
Sierra Leone,2016-03,8.344051692241157,9.662381439742749,14.742757541832809,31.543412750643085,5.016077331332797,0.0,5.530546792622187,2.604501691885852
Sierra Leone,2016-04,8.225256184047781,12.474402708020484,16.43344510767918,33.70307005597268,8.293515545866894,0.0,5.221843027786689,2.9180887618976112
Sierra Leone,2016-05,11.39165032633002,15.58649097415509,17.57455271888669,34.3936385781312,9.184890902170974,0.0,5.96421485359841,6.143141219053677
Sierra Leone,2016-06,13.914728759069769,14.437982176744214,20.426354269767465,33.70155563953489,6.976744231674418,0.0,4.651162836883721,3.4302326592790697
Sierra Leone,2016-07,10.00000029463391,16.030826252408485,14.065508320809249,34.75916179576107,7.803468391387282,0.0,4.624277640057803,4.682081053574182
Sierra Leone,2016-08,9.351670109548134,17.76031195284872,17.40667750098229,37.13163542632615,12.200393377445971,0.0,6.954813471434185,4.302554139410608
Sierra Leone,2016-09,12.078431680727451,14.843134960000025,16.117647175098043,34.58822127156863,9.411764893156862,0.0,7.294117703423529,4.941176573547058
Sierra Leone,2016-10,23.84987870440678,26.610166830992732,31.501204453753004,50.217930579176794,28.74092011254237,0.0,11.041162320610168,3.5351089936271185
Sierra Leone,2016-11,14.575342413895891,20.57532911342468,22.520561444383592,38.191781083561644,15.205479516739725,0.0,18.49315120569863,3.863013737819178
Sierra Leone,2016-12,16.375546061484716,16.943231425327507,24.563316356331864,35.480357363318774,16.310043468995634,0.0,9.95633201257642,5.5021835202707425
Sierra Leone,2017-01,8.717156340794437,11.746523040463686,11.622876249366302,29.180836751221026,6.166924353901082,0.0,8.485317082744976,3.4312211013477594
Sierra Leone,2017-02,8.747940950703459,12.718284696523883,16.243826063723223,31.66392929856672,6.672158194640856,0.0,5.535420162227348,3.410214254792422
Sierra Leone,2017-03,10.118203128697399,17.11583644113474,19.456259134042565,35.03545564231678,8.08510639468558,0.0,7.304964730446808,4.042553225302601
Sierra Leone,2017-04,12.096436218893082,15.681339310691854,16.31027262704404,32.914051407547156,12.012578755867926,0.0,5.723270580050315,5.28301897836478
Sierra Leone,2017-05,10.62499980090625,18.177086545937488,22.786456721874988,41.69271545,10.078125136187499,0.0,9.843750049125,5.23437503696875
Sierra Leone,2017-06,11.558441558797403,17.428574685896102,19.038959480181823,37.5584496504935,8.28571431081039,0.0,7.402597588161038,4.05194808921039
Sierra Leone,2017-07,7.095808326706587,14.191616910179645,20.958080269461075,38.68263100598801,13.023951810538922,0.0,13.113772583952095,3.9520958946107787
Sierra Leone,2017-08,4.812030027280701,14.285717521303232,15.8646617293233,37.99499076566417,3.9849624303884714,0.0,6.240601468258146,24.035088517293236
Sierra Leone,2017-09,9.275766070300834,18.85794236880224,22.256263974651823,39.3593334133705,11.69916467724234,0.0,8.857938838228412,25.320335682256268
Sierra Leone,2017-10,10.598290543897436,21.253564825641025,23.276349861538456,36.66666323846153,8.034187911666667,0.0,9.57264954571795,4.615384697282051
Sierra Leone,2017-11,13.50543473073913,21.73913093043476,27.90760541413043,36.68477970108697,13.125000246467392,0.0,8.179348123456522,6.5217393899347815
Sierra Leone,2017-12,16.446700554060918,19.77157824873098,21.776646782994913,37.41117067005075,17.284263992131976,0.0,8.756345177842638,5.253807179086294
Sierra Leone,2018-01,13.305263317894738,16.694737000421068,28.168420830315785,39.768408343578955,10.694736932715788,0.0,14.673684072757897,5.38947371368421
Sierra Leone,2018-02,8.211381971626016,14.200542173441738,22.520318663956633,39.53928907317073,6.666666769593496,0.0,7.317073300569105,4.308943179349593
Sierra Leone,2018-03,10.215053836976958,12.380952505069125,14.270351535483888,26.77420872995392,8.832565174230416,0.0,7.419355161345622,2.8110599376891376
Sierra Leone,2018-04,11.90578166633833,15.760173976445401,27.173444762312617,38.9507500214133,13.554603952034261,0.0,10.406852330299785,5.717344865588865
Sierra Leone,2018-05,16.72941185082353,18.752941252705888,27.85881758776473,39.952935213176474,12.188235114117647,0.0,6.211764672065883,5.3647058712847056
Sierra Leone,2018-06,7.682619587478589,14.962216646599488,19.193954542821178,35.31485887103274,7.027707892302267,0.0,7.254408108269522,2.1914358399722924
Sierra Leone,2018-07,14.525790697237936,19.234611096838613,24.742096932279516,40.61564094908485,11.131447802031614,0.0,10.033278020673686,3.9434277074326123
Sierra Leone,2018-08,12.162849920381678,23.35877788656489,20.27989914412213,44.78371513694658,12.111959507862595,0.0,13.409669403435114,3.2061069070992367
Sierra Leone,2018-09,9.554794389767123,17.363018116780836,24.212320811301385,36.16436725924659,9.76027413650685,0.0,7.910958952989726,5.410958887969178
Sierra Leone,2018-10,7.0203490731875,10.697674062587213,13.124999643459308,30.363373037834297,8.720930509312499,0.0,5.1453489205625,3.4447675184374997
Sierra Leone,2018-11,12.407002198039386,16.805249126477012,20.284460887527352,34.48577893566738,8.796499125207877,0.0,5.776805219719912,4.792122663098468
Sierra Leone,2018-12,12.13004492838565,16.00897143497757,20.627811169506707,34.753372107174904,10.1793720586278,0.0,13.587444241748877,3.2959642429775786
Sierra Leone,2019-01,10.870488333095542,16.433121226326964,24.458594208917187,22.92993123736732,8.004246344704095,0.0,14.118895965520169,1.2738854016390657
Sierra Leone,2019-02,17.819314878068536,16.37071672523365,16.24610402554518,36.88474753208723,8.31775713553271,0.0,9.922118387208723,4.065420582697819
Sierra Leone,2019-03,11.444622937865168,15.457466822792933,21.63723724518459,38.18619710064467,8.475120645292135,0.0,12.407704418314607,2.744783329876404
Sierra Leone,2019-04,19.292604843472667,15.289392000032167,22.893890879228298,34.43730341475884,12.186495325144696,0.0,9.533762242025722,4.774919736897106
Sierra Leone,2019-05,13.275862377695926,13.68338974184954,15.000004014733555,32.58620924012537,9.326018696083073,0.0,7.8996866852774295,2.398119151664577
Sierra Leone,2019-06,9.690576732511957,19.985931940365678,21.47678954711673,34.20535076905765,8.860759493648382,0.6329113919774966,6.20253163231505,2.067510622424754
Sierra Leone,2019-07,13.936170316595744,20.83333575212766,27.074463979787218,39.946804007502905,6.861702051957447,0.0,10.10638285219149,1.7021276850638296
Sierra Leone,2019-08,18.5000003136,23.1999992904,21.783334299999996,38.7166673788,10.950000163199999,0.0,7.449999968519999,3.5499999924
Sierra Leone,2019-09,17.292358669634552,19.28571640813953,17.10963877325581,36.59468499916942,9.468438696657808,0.0,8.504983357325582,5.830564807285714
Sierra Leone,2019-10,10.098039169313726,15.770306672969197,20.364141899616968,36.06442984257702,9.73389385814706,0.0,8.025210244788516,3.9915967386680675
Sierra Leone,2019-11,17.89835180604395,17.596157407417575,17.802196322802214,30.247250423076927,5.15109883542033,1.579670330208791,7.129121023081907,3.0906593400576923
Sierra Leone,2019-12,16.260000035840005,19.239997390820008,25.1799972539,40.05999818180001,8.039999914544001,0.0,8.580000018889999,5.100000094804
Sierra Leone,2020-01,4.840652536607163,4.5909539617022235,7.4493483692656755,17.850181333599824,4.748658153995566,0.016427554643960136,3.7586244615540463,1.6591830393290985
Sierra Leone,2020-02,16.003460043529408,21.07266650449826,19.117649433218,33.529410968512124,8.875432724117648,2.076124567588235,12.941176672941175,0.8823529655294117
Sierra Leone,2020-03,12.726064061569149,13.071810122473405,18.351063767637314,35.38563860545213,8.444149000073137,0.19946808454787235,5.744680826110372,1.95478727200133
Sierra Leone,2020-04,11.597938388041237,11.422681730391753,20.309278715958758,35.44330043457205,10.051546588923712,0.1546391752659794,7.484536317971134,3.3711340750350516
Sierra Leone,2020-05,14.912000165232,21.408002167583998,23.135996364479997,40.94399882319183,18.863999782848,0.24000000014880002,15.936000209431816,2.7360000229248005
Sierra Leone,2020-06,6.393442681245902,10.683063562513652,13.920768462076511,36.88524166452407,12.622950968306009,0.0,7.254098510415301,2.745901691092896
Sierra Leone,2020-07,6.865079409500001,7.248678945912705,11.349204892420634,25.423282225753972,5.595238183166667,0.0,11.031746201666664,2.8174603740833337
Sierra Leone,2020-08,10.71140919735839,14.107385135248327,12.147649439785228,26.120807185181206,7.006711639967786,0.0,15.167785749476511,3.9731544454013425
Sierra Leone,2020-09,7.224669469973569,11.042582757209992,16.47577464005874,31.248167963230532,7.885462492328927,0.0,5.550660820748899,4.317180700751835
Sierra Leone,2020-10,6.813049046746083,9.058968151656211,12.346297310219423,32.53450366272475,6.210790703265998,0.0,7.829360261367628,3.048933524025094
Sierra Leone,2020-11,10.22026426784141,10.367107185903087,16.710719414096918,32.496336414977975,8.766519936257898,0.0,10.910425872246698,2.687224698061674
Sierra Leone,2020-12,10.19999989644,14.418184112436373,14.345452349381812,30.963634574981825,10.36363632072,0.0,9.709091143279998,3.1090909349599998
Sierra Leone,2021-01,15.7276995657277,23.145538016431924,14.97653333333332,40.140843067655155,11.62754314084507,0.0,7.793427296948357,2.910798144366198
Sierra Leone,2021-02,7.039275054126888,9.138965484290047,15.166177908761318,27.50754590483388,7.296072536528701,0.0,8.202417162752266,2.039274960503021
Sierra Leone,2021-03,11.24010578820053,11.037819869920845,13.6323660215831,30.580479909551457,7.203166340686016,0.0,7.6341249488443275,2.163588424100264
Sierra Leone,2021-04,10.582901653585493,12.007770436139902,13.976684110233162,31.722801371414022,5.673575278049222,0.0,8.937824080972648,2.836787639024611
Sierra Leone,2021-05,10.05972717373976,9.837883971117746,12.29522142693686,25.571672112107507,5.938566748548635,0.8703071511680888,5.65699682662116,2.35494883753157
Sierra Leone,2021-06,7.160751605270356,13.465552068246344,12.682671018340294,36.24217672755741,5.386221483612736,0.0,4.467640987933194,3.2776618548966594
Sierra Leone,2021-07,9.117161873209572,10.206270652433997,14.092407978300328,26.32838265589934,6.4356436433374595,0.0,3.663366521868812,3.0198020117533
Sierra Leone,2021-08,12.63924584788346,15.107111575732652,15.518423546872327,31.233933120685506,10.488432006800343,0.12853470454155955,6.623821740147385,3.419023225727506
Sierra Leone,2021-09,7.651376242877064,8.8899127693211,11.34862397108257,25.21100733357798,3.7155964182605508,0.0,7.752293928264221,1.9908257367633027
Sierra Leone,2021-10,7.5379939303201615,7.760892832310017,9.341436267548142,22.228974344042552,4.7517731558459975,0.0,5.197568408789261,1.884498494909828
Sierra Leone,2021-11,8.423383727542072,8.82196753861825,11.479185215713018,23.445523173367242,5.048715761878654,0.1328609388591674,3.773250803907554,1.4348981860442869
Sierra Leone,2021-12,5.615906965664403,11.707075837516989,12.803101354335594,34.74297239961202,3.4917556929427738,0.0,7.2065955802754615,1.6585839132803102
Sierra Leone,2022-01,5.963081876797754,6.9261617702167,9.486360308322642,20.866773851131633,6.316211901252809,0.0,2.8651686194269663,1.9502408050617979
Sierra Leone,2022-02,5.686747080029627,8.080317616216847,9.365462044923692,20.843373650096385,3.1807229227550198,0.0,5.775100582038553,1.3975904074176708
Sierra Leone,2022-03,15.514195621968456,11.022082786523661,11.880126274826493,27.40063267533123,6.031545705102208,1.1230284029223974,6.952681617194952,1.4384858167646688
Sierra Leone,2022-04,12.962515046505441,8.307134169649334,11.0217670617896,21.191052847158403,5.683192333214027,0.21765418073518739,4.987908144696493,1.922611919056832
Sierra Leone,2022-05,7.438640702838263,8.961611397778476,8.017621794556325,20.679672748753934,3.908118382573946,0.2831969792278162,3.801132943755192,1.6236627227960982
Sierra Leone,2022-06,9.81575621765883,10.076239497611184,11.874206835031766,26.04193259811413,4.326556568135959,0.09529860201080051,4.313850115238882,2.0584498308043204
Sierra Leone,2022-07,19.83539112414266,17.969825062496575,11.241429967297673,26.899861045349805,4.540466509823045,1.0150891765363512,12.222222353744858,1.9753086382578875
Sierra Leone,2022-08,16.668585177991943,6.950517165575376,5.966628932169162,16.668584682410817,6.783659411945914,0.0,23.245110105802585,2.7272728150512084
Sierra Leone,2022-09,7.325162317323721,7.815429059541456,5.702956082361932,17.78659027895575,3.0713769795010815,0.0,5.493871669159336,2.6387887629906275
Sierra Leone,2022-10,10.288230599839872,8.7990393346237,8.110488654180646,18.166533635253504,2.0656524994795835,0.3602882305324259,4.771817560408326,1.7053643453122498
Sierra Leone,2022-11,13.617824931888219,10.528700915370091,8.270392641156343,19.169184393353472,7.182779754641238,0.22658610240634441,5.732628405736404,2.1450151494222056
Sierra Leone,2022-12,16.26582288890823,14.469936983714307,11.20253165621173,27.618671107439287,5.838607478098101,1.598101326455696,4.343354457185127,4.248417763204113
Sierra Leone,2023-01,6.6505637143188405,5.53945237657971,6.01449283457619,15.780998431690822,2.3349436013913047,0.0,3.0837360209468603,1.0869565215072463
Sierra Leone,2023-02,5.9245561705325445,4.644970428369082,6.6494082380362425,16.782544281458303,2.063609545221894,0.0,2.4704142438313608,0.9393491157396451
Sierra Leone,2023-03,10.304498344858132,7.52941177811488,7.231834157375778,19.439445880692038,2.80968857450519,0.0,3.7785468049494813,0.6228373699155709
Sierra Leone,2023-04,17.073592892813853,10.43290057904762,9.064935275220781,19.9047615012987,7.454545528761906,0.0,8.12987009669264,0.3896103891255412
Sierra Leone,2023-05,9.024216748333332,7.50712280241453,5.883190876346155,15.085470423717949,2.7136751729273505,0.0,4.131054216111111,1.7948717812606836
Sierra Leone,2023-06,17.32905964027778,11.5954415232906,9.074074081043447,17.0584050218661,5.790598270256412,0.10683760700142451,9.109686785836896,0.7692307832193731
Sierra Leone,2023-07,7.503486976066946,3.3542537784100417,6.352859129037657,14.672245010878662,3.158995878828452,0.0,7.05718297506276,0.7740586041841004
Sierra Leone,2023-08,11.986062714118468,6.522647993639025,8.940766729987457,19.010453156724736,4.543554010664809,0.0,14.78048764970035,1.2961672741881534
Sierra Leone,2023-09,6.938341490167256,5.584691755201984,6.987951800637846,15.379163845862246,3.231750608881644,0.0,10.035436124748406,0.9567682494769668
Sierra Leone,2023-10,11.090146857861635,7.421383884276729,8.190076939225456,17.344514026017908,4.696016841593292,0.0,9.776380460209644,0.9433962264150944
Sierra Leone,2023-11,13.819018244631904,9.953987690328221,9.455521542018404,21.434049723937797,2.883435556739264,0.0,7.653374393659509,0.690184048582822
Sierra Leone,2023-12,9.692982205210525,5.5964913076710525,6.394736766701754,13.745614105745615,3.438596516688597,0.8333333331885965,15.315789694078948,0.5263157892236842
Sierra Leone,2024-01,6.358737574774441,5.0808314088006155,4.749807602830639,14.033872698629716,2.078521921310238,0.3464203235619708,13.633564858075442,1.5935334538791377
Sierra Leone,2024-02,7.296172711545758,4.72545762662396,6.655574181637271,13.3693846208985,2.5291180850898503,0.6239600662911814,7.420965240869906,0.9733777271730449
Sierra Leone,2024-03,7.712318392120123,6.289211848168325,8.875287263451415,15.172150833691397,5.547054541537874,0.0,7.781178347143841,1.0788064378232594
Sierra Leone,2024-04,11.639839014084508,6.5694163983903415,18.672032806841045,13.078471137286979,4.7384305503018105,0.30181086519114686,9.044265651604514,2.7162977867203217
Sierra Leone,2024-05,10.28075972601156,3.6911643109942194,5.48307184917919,15.9950454828268,4.236168432589595,0.4954582984855492,7.778695572971098,1.3129644798728326
Sierra Leone,2024-06,4.8352626004167405,4.105075639463936,6.179875364053428,17.684772962333035,1.4603740071326805,0.13357079244879785,7.52448787271917,2.1104185257043633
Sierra Leone,2024-07,3.869596074925585,5.3862508013040395,5.1665487736640685,14.422395431676035,2.9553508348405386,0.0,3.9121192027073,0.892983692799433
Sierra Leone,2024-08,8.639356247610827,4.550109715013168,8.229700142658375,14.352597161697146,1.9092904793723482,0.0,5.508412631273592,1.207022677027798
Sierra Leone,2024-09,8.306569286891971,6.226277368889051,10.386861101430657,17.59854036919097,4.386861237508029,0.0,4.861313896214599,0.525547448239416
Sierra Leone,2024-10,8.884839813340296,4.94897958155102,8.440233562682216,18.017492902857143,3.1632652083965014,0.0,4.679300521421928,1.3994169475218659
Sierra Leone,2024-11,15.025640923931624,7.273504184328204,11.290598362521367,15.504274168871795,6.119658172389744,0.1282051285880342,5.52991459481453,1.7948717951854698
Sierra Leone,2024-12,6.643902476420489,5.902439163927805,6.975609639456585,15.385366210097562,4.087804887005854,0.29268292732682927,4.59512198814439,0.8780487809765853
Sierra Leone,2025-01,6.148215880045745,3.2753888333577312,6.413540683559011,14.693504370905766,4.062214207328453,0.2744739252378774,5.48947860894785,1.6742909376395243
Sierra Leone,2025-02,7.959839522223294,5.020080301903615,9.261044230767872,18.273092833558234,3.935743144363052,0.0,3.9678715506008033,0.8835341364176705
Sierra Leone,2025-03,9.018895289459033,3.052325598694767,5.654069659893896,11.802326085988373,5.188953668399709,0.0,6.475290725747092,1.155523244952035
Sierra Leone,2025-04,7.954366782997639,8.741148825965382,11.487018153296615,18.512982309906867,6.986624964108575,0.0,4.862313173047993,0.8261211648088119
Sierra Leone,2025-05,6.852646770821889,6.43061524004721,7.224606699892703,12.174535278690987,5.228898385551502,0.0,8.512160296976395,0.7510729612789699
Sierra Leone,2025-06,7.286245317457249,6.3866171255464685,9.23420097726394,18.758364538729836,4.185873655464683,0.0,3.3680297363271374,0.8921933085055762
Sierra Leone,2025-07,8.588158874625893,4.879635684801562,10.390370887312947,20.60507547640314,7.286922483539363,0.0,4.860117098581653,2.225113845361093
Sierra Leone,2025-08,10.83991387385499,6.963388370656138,11.148600229949748,12.83560672206748,8.05455852719598,0.0,6.611629552964825,1.2060301984407755
Sierra Leone,2025-09,7.774627977427357,4.004252320522325,7.958894634644224,12.891566276024095,5.875265843763997,0.0,7.902197091344437,0.9567682998008504
Sierra Leone,2025-10,6.912991826962456,4.058402883564958,5.47675805111621,16.120381353773322,8.754469882090584,0.0,4.469606802252085,1.626936840783075
Sierra Leone,2025-11,4.749536293283859,6.2585034038441565,11.787260128979591,14.279529998441559,4.848484912853432,0.0,4.155844217347945,2.504638233528757
Sierra Leone,2025-12,12.492815927356322,10.301724379770118,12.306034531494252,19.432470872643673,4.6192529042758625,0.14367816137931033,3.0387930997701154,1.3146551864827585
Somalia,2015-01,0.0,0.9132420087884323,1.8264840185783864,2.815829600292237,0.5479452275068494,0.0,0.5479452275068494,0.0
Somalia,2015-02,0.765957477,2.808510598,2.553191489,7.404255563,0.574468095,0.0,0.510638318,1.276595745
Somalia,2015-03,0.26086957600000005,1.565217402,4.630434824,4.956521832,0.0,0.0,1.760869544,0.26086957600000005
Somalia,2015-04,0.0,1.7336152319999998,2.536997886,4.059196728,0.253699799,0.0,0.507399597,0.634249471
Somalia,2015-05,0.12461059730529596,0.6230529594704051,1.848390466069574,2.2222222820353066,0.12461059730529596,0.0,0.24922119360851502,0.0
Somalia,2015-06,0.0,0.645855759,1.7761033369999997,3.649085099,0.0,0.0,0.25834231399999996,0.0
Somalia,2015-07,0.5142857144514285,1.097142873198857,1.3714285712022856,1.6457142962674287,0.0,0.0,0.27428572506514287,0.5142857144514285
Somalia,2015-08,0.0,0.6335797255881731,1.5733896616979937,1.7740232512882788,0.887011675749736,0.0,0.25343190005596616,0.0
Somalia,2015-09,0.17401392137935037,0.835266827226218,1.3921113690324827,1.7053364321206497,0.1392111427099768,0.0,0.2784222844187935,0.0
Somalia,2015-10,0.0,0.8144796429807692,1.3574660629581448,3.4841630524038463,0.0,0.0,0.2714932230033937,0.0
Somalia,2015-11,0.165061905,0.825309491,1.650618982,3.259972529,0.165061905,0.0,0.33012381,1.114167865
Somalia,2015-12,0.0,0.9973404259999998,1.755319155,2.287234049,0.0,0.0,0.319148949,0.199468085
Somalia,2016-01,0.5555555555,0.7407407406666666,2.0370370368333335,2.7037036863518518,0.5555555555,0.0,0.9259259850333332,0.5555555555
Somalia,2016-02,0.0,0.9011264139874843,1.5018773462478099,2.1026283097021277,0.0,0.0,0.4505632220876095,0.60075096244806
Somalia,2016-03,0.0,0.7653061226862246,1.530612245372449,2.002551026429847,0.0,0.0,0.9183673836543368,0.19132653016836731
Somalia,2016-04,0.0,0.90000000597,1.499999999565,2.4625000060950004,0.8999999761049999,0.0,0.300000012375,0.0
Somalia,2016-05,0.0,0.6976744181488371,1.5116279073255814,1.6744186159860464,0.11627907002558141,0.0,0.2790697786860465,0.0
Somalia,2016-06,0.0,0.725513906,1.4510278110000001,2.756952893,0.181378476,0.0,0.29020557399999997,0.544135429
Somalia,2016-07,0.0,0.7556675060755668,1.5113350121511335,1.5113350121511335,0.0,0.0,0.30226701486146096,0.0
Somalia,2016-08,0.0,1.189296333,1.7839445,1.932606565,0.0,0.0,0.8325074430000001,0.0
Somalia,2016-09,0.0,0.6295907663924448,1.2591815317838404,2.224554069683106,0.0,0.0,0.2518363163672612,0.0
Somalia,2016-10,0.0,0.5499541700348304,1.0999083410705777,1.4115490463318057,0.0,0.0,0.21998167742254812,0.0
Somalia,2016-11,0.0,0.5714285711047619,1.1428571432114287,1.1428571432114287,0.0,0.0,0.22857143745904765,0.0
Somalia,2016-12,0.0,0.5923000987907207,1.6584402956515298,1.4215202461154985,0.0,0.0,0.23692004853405724,0.0
Somalia,2017-01,0.0,0.44977511219640176,0.8995502243928035,1.5142429003448274,0.0,0.0,0.17991005208395802,0.0
Somalia,2017-02,0.0,0.4651162794906977,0.930232557935659,1.248062026620155,0.0,0.0,0.1860465193255814,0.0
Somalia,2017-03,0.0,0.37336652160298694,0.7467330432059739,1.4934661004293714,0.06222775360049782,0.0,0.14934661404791538,0.0
Somalia,2017-04,0.0,0.5093378603633277,1.1035653651213921,1.511035669825976,0.0,0.0,0.30560272902886243,0.30560272902886243
Somalia,2017-05,0.0,0.51063829824,1.021276595479149,1.6595744887965955,0.0,0.0,0.20425532750297873,0.0
Somalia,2017-06,0.0,0.67264574,1.34529148,2.017937246,0.0,0.0,0.269058307,0.0
Somalia,2017-07,0.4854368931003236,0.6472491908004315,1.294498381600863,1.6828479116979504,0.4854368931003236,0.0,0.7443365798317152,0.6148867104379719
Somalia,2017-08,1.0365853461930894,0.6097560977845528,1.3414634191341464,2.9573170877825206,0.4573170728373983,0.0,0.7012195219715447,1.2804878434247966
Somalia,2017-09,0.0,0.820980621,1.3683010259999997,2.189281675,0.0,0.0,0.273660216,0.0
Somalia,2017-10,0.0,0.660066007,1.320132013,1.8481848389999995,0.0,0.0,0.39603962,0.0
Somalia,2017-11,0.534441805043943,1.9952494289251785,1.9596199528289784,2.672209054254157,0.0,0.0,0.9976247139619953,0.534441805043943
Somalia,2017-12,0.0,0.7228915666156627,1.4457831322301207,1.7349397704903613,0.0,0.0,0.28915663826024096,0.0
Somalia,2018-01,0.2053231974,1.1634981135923954,2.737642585930038,2.4866919645923953,0.31939162003574145,0.0,1.2319392575110268,0.18250951247224337
Somalia,2018-02,0.2879078692255278,1.4107485422888675,2.6199616308723606,2.7639155649846447,0.0,0.0,1.2380038483800384,0.34548945688387717
Somalia,2018-03,0.0,0.849377123,1.359003398,2.276330707,0.0,0.0,0.27180069,0.679501699
Somalia,2018-04,0.0,0.661521499,2.183020969,1.675854471,0.396912915,0.0,0.59536936,0.0
Somalia,2018-05,0.0,0.677966102,1.491525429,1.762711881,0.0,0.0,0.271186451,0.0
Somalia,2018-06,0.0,0.894409944,1.49068323,2.795031086,0.0,0.0,0.298136658,0.559006211
Somalia,2018-07,0.0,0.7159904535226731,2.0047732924904533,1.718377099267303,0.0,0.0,0.42959428933412885,0.0
Somalia,2018-08,0.0,0.5136986302431508,1.1301369903381848,1.8493150802851026,0.0,0.0,0.2054794607046233,0.0
Somalia,2018-09,0.0,0.5025125626046901,1.0050251252093803,2.0184255130067,0.0,0.0,0.20100503304857623,0.3015075495728643
Somalia,2018-10,0.0,1.0619469180088497,1.327433628490044,2.101769911692478,0.0,0.0,0.7964602085287611,0.0
Somalia,2018-11,0.0,0.7326007325274726,1.4652014650549452,2.783882807032967,0.0,0.0,0.4395604573382173,0.1465201521123321
Somalia,2018-12,0.15133876,0.6984866119999998,1.396973225,1.396973225,0.0,0.0,0.279394656,0.15133876
Somalia,2019-01,0.5747126438416348,0.9578544060689655,1.5325670499106,2.924648799386973,0.0,0.0,0.8812260658390805,0.0
Somalia,2019-02,1.522070015,2.374429318,3.226788403,3.3942160900000005,0.182648409,0.0,0.8219178230000002,0.0
Somalia,2019-03,0.617283951,1.3580247039999997,1.783264746,2.139917715,0.617283951,0.0,1.3580247039999997,0.16460906
Somalia,2019-04,0.0,0.8391608390000002,2.5174825169999995,2.685314692,0.0,0.0,0.8391608730000001,0.0
Somalia,2019-05,0.144057628969988,0.7202881148139256,1.4405762306290515,2.3049219744129656,0.0,0.0,0.288115257939976,0.0
Somalia,2019-06,0.0,0.729040097,1.458080194,1.89550427,0.0,0.0,0.29161604999999996,0.0
Somalia,2019-07,0.0,0.824175824,1.648351648,2.445054971,0.0,0.0,0.32967034300000003,0.0
Somalia,2019-08,0.0,0.798934754,1.5978695070000002,1.824234361,0.0,0.0,0.319573914,0.0
Somalia,2019-09,0.0,0.955414013,1.910828025,2.484076456,0.0,0.0,0.955414051,0.57324843
Somalia,2019-10,0.0,0.668151447292873,1.9153674883797327,3.0734967280256122,0.0,0.0,0.2672605895289532,0.0
Somalia,2019-11,0.0,0.62305296,1.246105919,1.744548306,0.0,0.0,0.373831791,0.0
Somalia,2019-12,0.471698113,0.8595387889999999,2.012578596,2.264150933,0.0,0.0,0.849056594,0.0
Somalia,2020-01,0.0,0.800889883,1.334816463,1.334816463,0.166852058,0.0,0.567297013,0.0
Somalia,2020-02,0.163398693,2.309368171,2.3202614590000006,2.636165634,0.392156878,0.0,1.383442297,0.0
Somalia,2020-03,0.0,0.820000005,2.160000038,1.6800000190000004,0.0,0.0,0.24000001000000004,0.0
Somalia,2020-04,0.0,0.8038277600000001,1.148325359,1.885167491,0.0,0.0,0.22966508099999997,0.0
Somalia,2020-05,0.0,0.7571560523591875,1.1080332405863342,1.8836565409556782,0.0,0.0,0.2216066565327793,0.0
Somalia,2020-06,0.403800505,0.570071263,1.045130645,1.543942993,0.475059382,0.0,0.285035641,0.0
Somalia,2020-07,0.926365781,0.570071263,0.570071263,1.765637386,0.45130641700000007,0.0,0.36421220500000007,0.997624733
Somalia,2020-08,0.0,0.7887324029999999,1.464788768,1.014084503,0.0,0.0,1.023474232,0.14084507
Somalia,2020-09,0.0,0.683371298,0.683371298,0.956719829,0.512528474,0.0,0.649202739,0.0
Somalia,2020-10,0.0,0.691642656,0.672430355,1.392891473,0.0,0.0,0.11527378000000002,0.345821339
Somalia,2020-11,0.0,0.559701493,0.671641795,0.895522401,0.0,0.0,0.447761212,0.0
Somalia,2020-12,0.0,0.532386868,0.532386868,1.038154396,0.08873114500000001,0.0,0.21295475599999997,0.399290151
Somalia,2021-01,0.0,0.5545286501478742,0.6654343851820702,0.7578558265397413,0.0,0.0,0.22181146906746768,0.0
Somalia,2021-02,0.0,0.713436385,1.426872771,1.426872771,0.0,0.0,0.2853745650000001,0.0
Somalia,2021-03,0.0,0.59347181,1.068249277,0.9495549100000001,0.0,0.0,0.118694367,0.0
Somalia,2021-04,0.0,0.5338078288478647,1.0676156586966192,1.6281139173709966,0.0,0.0,0.9608541305604982,0.32028471052046265
Somalia,2021-05,0.8420208501940658,1.0585405205196472,0.48115477168243787,1.2590216744699279,0.0,0.0,0.09623095813953489,1.130713743627907
Somalia,2021-06,0.28458499167272727,0.5691699643304348,0.47430830010592884,0.8774703665549407,0.18972332744822135,0.0,0.3794466548964427,0.0
Somalia,2021-07,0.0,0.4975124380895522,0.7213930383349918,0.945273619548922,0.0,0.0,0.1990049834494196,0.0
Somalia,2021-08,0.571882449960286,0.7148530576965846,1.191421762827641,1.485305840158856,0.0,0.0,0.1747418620174742,0.3812549793169182
Somalia,2021-09,0.0,0.43636363599999994,0.523636367,1.07636365,0.10909090899999999,0.0,0.43636365400000005,0.174545461
Somalia,2021-10,0.101488498,0.588633291,0.669824093,1.136671206,0.1826793,0.0,0.974289587,0.101488498
Somalia,2021-11,0.5141980086262471,0.8058326938572525,0.5755947810406754,0.8902532725648503,0.0,0.0,0.42977744793246353,1.1742133863883346
Somalia,2021-12,0.5613772459176647,0.6137724586212575,0.7035928212529939,1.2050898130643712,0.2245508985673653,0.0,0.5389221587649701,1.2874252064011973
Somalia,2022-01,0.9864188669785561,0.8363116541644031,1.093638326305218,3.0378842029063615,0.3216583269070765,0.0,3.609721451170121,1.2294496610135812
Somalia,2022-02,0.0,1.615875279591779,2.211197719050319,3.224663375931963,0.0,0.0,1.7221829132841957,1.4953933654571225
Somalia,2022-03,0.7288247126887722,0.6303348746881154,0.9652002503939594,3.414313822619829,0.3742613295305318,0.0,1.4379513868844387,0.8535784631648063
Somalia,2022-04,0.6323024090000001,0.412371134,0.927835052,1.6632302440000002,0.08247423000000001,0.0,0.16494846000000002,1.505154679
Somalia,2022-05,0.0,0.5240174706149928,1.1353711895014555,1.339155756459243,0.0,0.0,0.4657933107714701,0.34934499208515285
Somalia,2022-06,0.37433153373083783,0.7754010739064172,0.6684491982611408,2.005347614801248,0.0,0.0,1.1497326927130125,2.8520499955213903
Somalia,2022-07,0.42775665364163495,1.3403042185123575,2.0437262356226236,2.7091254757328898,0.11406844510836503,0.0,1.4828897703935362,2.32889733838403
Somalia,2022-08,0.524017467,0.917030568,0.628820965,1.737991254,0.10480349800000001,0.0,0.890829698,1.126637563
Somalia,2022-09,0.4109589040182648,0.958904110045662,1.369863014063927,1.3972602911415524,0.4109589040182648,0.0,0.5205479500456621,3.360730697625571
Somalia,2022-10,1.661807617,0.583090379,1.6326530800000003,2.157434384,0.728862974,0.0,0.991253649,1.370262428
Somalia,2022-11,0.330396476,0.660792952,0.9581497849999999,2.180616787,0.0,0.0,1.222467029,0.165198238
Somalia,2022-12,0.5208333330000001,0.694444444,0.868055556,3.344907501,0.5208333330000001,0.0,0.555555578,1.157407407
Somalia,2023-01,0.926517577,1.405750778,0.979765713,3.056443131,0.0,0.0,1.544195979,0.766773193
Somalia,2023-02,0.13745705,2.71477672,1.374570447,0.996563579,0.41237115,0.0,2.886598135,3.8144332299999997
Somalia,2023-03,2.758293875,0.568720379,1.649289063,4.473933676,0.426540284,0.0,2.018957341,2.843601896
Somalia,2023-04,0.0,1.4018691586495327,1.296729016703271,3.0023364267161217,0.0,0.0,1.4719626340023364,0.5257009349941588
Somalia,2023-05,1.318101933,1.142355009,3.181019211,2.513180969,0.193321621,0.0,1.950790928,2.583479756
Somalia,2023-06,0.303541327,0.63237774,1.8381113149999997,2.015177094,0.0,0.0,0.202360885,0.691399727
Somalia,2023-07,0.760188092,0.564263327,2.061128579,2.296238259,0.0,0.0,1.967084669,0.7601880730000001
Somalia,2023-08,1.109298524,0.6851549830000001,1.606851534,4.331158269,0.0,0.0,1.223491125,1.076672167
Somalia,2023-09,0.7286432200000001,0.603015079,2.227805647,3.500837617,0.502512563,0.0,0.603015079,1.097152461
Somalia,2023-10,0.09077156140166415,0.6354009148003026,2.1180029532617244,1.875945551262481,0.0,0.0,0.5446293533986384,0.6354008787730712
Somalia,2023-11,0.252951096,1.011804384,2.403035514,3.5413153860000004,0.101180442,0.0,1.070826331,1.930860042
Somalia,2023-12,0.9580838359999999,1.8391787849999999,8.485885193,7.031650927,1.411462789,0.0,0.6843456150000001,2.138579983
Somalia,2024-01,0.484937556,1.102130786,1.814842014,1.6238060349999999,0.220426157,0.0,0.08817046600000002,0.7274063610000001
Somalia,2024-02,0.0,0.9045226290075378,2.2445561299597987,1.3819095674999997,0.0,0.0,0.10050251700753769,0.4271356905150754
Somalia,2024-03,0.46012269913803683,1.4263803789723926,1.5567484260667177,2.860429426030675,0.0,0.0,0.3680981741671779,1.3113497222569017
Somalia,2024-04,0.09486166422450591,0.6640316285549407,2.1818182501422925,1.928853743155731,0.0,0.0,0.09486166422450591,0.09486166422450591
Somalia,2024-05,0.244565227,0.815217391,2.771739143,2.336956528,0.163043485,0.0,0.5706521799999998,0.40760869600000005
Somalia,2024-06,0.664629528579832,0.5729564554469061,0.8479755646776166,1.161191752576776,0.4583651643575249,0.0,0.550038200433919,0.27501910923071043
Somalia,2024-07,0.4859154992014085,0.42253521160633806,1.894366237912676,1.4014084738598591,0.16901409124718308,0.0,0.9084507278197185,0.0
Somalia,2024-08,0.8056871889826225,0.0947867338894155,0.0,1.3744076283759874,0.6398104377282781,0.0,0.9241706383949447,0.11848341235387046
Somalia,2024-09,0.0,1.331142157,1.3475760140000002,1.3886606490000002,0.0,0.0,1.331142157,0.0
Somalia,2024-10,0.09015778,1.217130017,0.796393718,1.014274999,0.09015778,0.0,0.6536438979999999,0.743801696
Somalia,2024-11,0.636846103,0.53070508,3.032600455,2.380591346,0.545868067,0.0,0.272934052,1.046247189
Somalia,2024-12,0.31400967,1.135265712,0.9983897020000001,1.457326865,0.483091807,0.0,0.19323672299999997,0.507246392
Somalia,2025-01,0.805214724,1.104294486,1.019938665,2.001533735,0.11503067499999999,0.0,0.46012271800000004,0.8282208550000001
Somalia,2025-02,0.7636363985454546,1.4036364473018181,1.2072727375854548,0.7200000066763638,0.41454545829818185,0.0,1.2436364090181817,0.3709091186181818
Somalia,2025-03,0.7729468908888888,0.362318840173913,0.8695652328438002,1.0628019558164252,0.7004831537037037,0.0,0.5797101679162641,0.9178744423832527
Somalia,2025-04,0.5804953563343653,2.3452012532009507,3.970588416520124,1.8730650008173373,0.23219814193188854,0.0,0.6501548246934984,0.5804953563343653
Somalia,2025-05,0.0,2.2863741742586607,1.6859122293903002,1.855273335353349,0.5542725396674365,0.0,1.2702078702448036,0.09237875627713626
Somalia,2025-06,0.11876484563737134,0.8788598687600951,2.3594616147205065,2.311955664418052,1.5993665725225652,0.0,2.3040380535550273,0.356294536912114
Somalia,2025-07,1.108280291134395,1.6815287141974522,1.942675174476433,4.630573555478107,0.8598726110496814,0.0,3.305732702610828,2.08280265733121
Somalia,2025-08,2.1979866279999998,2.869127594,1.8736018560000003,5.425055767999999,1.426174497,0.0,7.130872643,2.953020398
Somalia,2025-09,1.8167203387224007,2.9314042284244373,3.2690246644072887,6.243301344814577,1.077170425393355,0.0,9.517684907800643,3.1082529990032155
Somalia,2025-10,3.667638489795918,4.274052475148689,4.688046735836735,7.3469390810495625,2.5364431482448984,0.0,9.020408013317784,2.658892276011662
Somalia,2025-11,2.585335115059418,4.91150453305373,5.682680549150442,5.790138786802149,1.592920401836283,0.0,8.994943725345134,4.911504714168141
Somalia,2025-12,3.6779659075677964,6.926553343418645,3.9830508607627113,7.062146987288136,2.0621468521728814,0.0,8.231637734038982,3.389830657072881
South Africa,2015-01,3.88069930143253,3.4933150608707573,7.2780254976024406,6.510113248138243,4.0349676711278715,0.0,4.062393065528968,0.7747686438985258
South Africa,2015-02,3.9639934731751225,2.867430399578929,7.937806819727866,6.847790641876231,5.531915127638297,0.0,5.175122661061866,0.8936169958723404
South Africa,2015-03,4.5417064871208375,2.194735234998532,6.8918491064770055,5.765936959681455,3.2921028490345705,0.0,5.921345251136696,1.065651803082144
South Africa,2015-04,3.0986911970512914,2.228510872698974,5.76229224443129,5.949770000547545,3.321542333520521,0.0,4.485320319524322,0.8489565243438275
South Africa,2015-05,4.527230394931841,2.9635816440223857,7.119946650026271,6.5720012190885395,4.122953561680588,0.0,4.590711719308472,1.353157438920147
South Africa,2015-06,3.610206258683224,3.97665589334392,9.212812609988328,7.855592067915037,4.6471227259063514,0.0,4.264386520407166,1.4413681469503257
South Africa,2015-07,5.525887334686952,6.4636928335291435,11.953760599528373,11.800716019209258,5.779876425096711,0.0,5.483555754508629,1.904917042714062
South Africa,2015-08,3.9122373710692213,4.045117527620448,7.1446231107859255,7.892459895826062,5.587144872122992,0.0,4.347960534851634,1.0877626936557478
South Africa,2015-09,3.888712286056598,3.602543551368448,7.8600954898618856,7.51669312145489,4.362480241887322,0.0,5.014308753622893,2.5278219093875993
South Africa,2015-10,5.159010500593357,2.93791010668394,6.6456332227518935,7.072185965010349,4.964664282151186,0.0,5.901060153971479,1.781928298817516
South Africa,2015-11,4.9302626146269874,2.7505676501277976,6.873175643540383,6.269866910691255,4.362633712752718,0.0,4.875121949755313,3.6620176349875995
South Africa,2015-12,4.294100359312004,3.7540358462409746,7.93366611296155,7.807455407051071,5.133548697805694,0.0,4.068095298636815,2.1925447692230695
South Africa,2016-01,5.1686675560453486,4.7255574944229926,5.328759307585199,7.475700168218883,4.5683247896197505,0.0,3.6192110700261617,3.3104630994372544
South Africa,2016-02,5.180761712730793,3.6152356052445542,9.338282853988261,6.972239847325896,7.16591377758554,0.0,4.880568302231117,4.919302956198598
South Africa,2016-03,4.884004760733211,3.073870458509157,6.800976814368132,6.422466571156174,3.2570209044517706,0.0,3.7545790382139455,3.495116198553114
South Africa,2016-04,4.1715975969453085,2.380013223326759,4.802761620118587,7.149901741279628,3.616042093426242,0.0,4.013806977354579,2.642997928602611
South Africa,2016-05,3.773176883407178,3.1582200332605863,7.265142088684991,8.448702111992892,4.434487382004328,0.0,5.0278122252357855,1.8943139961776885
South Africa,2016-06,5.049410328645203,5.690149756590136,6.171501454007013,7.000318825554114,4.784826256577384,0.0,5.588141701842525,1.6735734855376565
South Africa,2016-07,3.2232703656151753,2.3553459227462263,5.176100872925984,5.933962287662776,4.399371124368868,0.0,5.69811349410849,1.2264151613571157
South Africa,2016-08,3.6066548636908413,3.5204991154411767,5.029708745487225,5.564468153270944,4.429589958758136,0.0,6.271538838249666,1.7825311799643493
South Africa,2016-09,3.935582893541104,3.1717789466441717,6.582822272938037,8.368097850537424,3.542944902816564,0.0,5.64723935567964,1.9846625638458983
South Africa,2016-10,3.472448639349406,2.360613049980763,8.115422177852299,7.518747919839136,3.5409194391098793,0.0,6.155852840809586,2.1617215196788395
South Africa,2016-11,3.3089356728713026,3.5376638489861634,6.428789379553828,7.035681654831395,4.42512968963129,0.0,4.82464191491968,2.5770052211436414
South Africa,2016-12,3.782456088661052,3.4245613248505267,5.094736977412631,7.4280704865148275,4.4736844029431575,0.0,5.06315791820421,2.7157895268336842
South Africa,2017-01,3.2103524924405287,3.425110233408039,6.649229087826542,7.656938493809472,4.311674019460903,0.0,5.311123553710148,1.4977973665110131
South Africa,2017-02,4.035631310445812,3.026078019600442,5.334366140037549,7.6762201306139435,4.817970501339788,0.0,3.8574748960928553,3.44177651029045
South Africa,2017-03,3.3261700824813754,2.688634241747373,4.887774601220154,8.710602025963706,4.379178585353868,0.0,4.176217858131328,2.0845272876141356
South Africa,2017-04,4.786494479578494,4.041708126857663,6.805693459886669,6.77590204462074,4.664018484856008,0.0,8.79179093623941,2.055610729446872
South Africa,2017-05,4.058716740438447,3.58958838901873,6.358958964744102,8.344430907852793,6.549637268751893,0.0,5.057506072530266,1.8280872127671395
South Africa,2017-06,4.039675357071236,3.787195621811542,5.89119323102104,9.383829075926327,8.352870571250978,0.0,5.485422366618953,2.064923376781785
South Africa,2017-07,4.017857178329167,3.0327380412561395,6.8244047678654765,8.973213852957143,5.723214503951488,0.0,4.776785736041667,2.3928571525060294
South Africa,2017-08,3.426410570487493,3.4235019823920885,7.923211172111584,9.761488902289594,4.546247893165794,0.0,4.296102428190809,1.387434556460625
South Africa,2017-09,4.988432578209155,3.458646545294968,6.318681215420474,8.230191003845972,4.3319839630184,0.0,5.439560499365239,2.079236569410064
South Africa,2017-10,2.6585307693610023,1.7827231621264692,5.510887759834477,6.307729365276128,3.6803064582216516,0.0,4.393395569498745,2.2397703465400536
South Africa,2017-11,4.565803162125753,4.853886183955855,8.586528669355701,9.425906546635442,5.096373068785647,0.0,7.023834366666735,2.062176225345907
South Africa,2017-12,3.869154658004047,2.9091727066874746,4.736960545439299,6.216276956906365,4.631295033539543,0.0,4.593075565557554,2.72257196195616
South Africa,2018-01,4.2174258699907305,4.039989411351959,6.56912077049277,8.767214013817965,3.2666843766644598,0.0,5.71371839373565,2.767478861059322
South Africa,2018-02,5.160803242264696,3.859278210256681,7.629473206593652,8.431224107955854,4.834667278958175,0.0,5.3133022885656045,3.457647570330666
South Africa,2018-03,3.2377438794579523,2.7308423933459065,5.584245865989886,9.107568137684972,3.7410755236211632,0.0,4.903617562036412,2.2977154040009387
South Africa,2018-04,3.0512411548613194,3.041080013554362,5.791841835273624,7.6963273065024325,3.016402957387085,0.0,6.185223059514008,1.7244883379114528
South Africa,2018-05,2.9775423445810314,1.5720414362172594,3.843048230307343,3.689124275461519,2.634367893315324,0.07570022692202877,4.791824359549237,1.309613943706283
South Africa,2018-06,3.210526355449109,1.1691729551605263,2.6127819365469924,3.9473682959878307,2.3947368976172934,0.0,3.1390978970334587,0.9360902288210527
South Africa,2018-07,4.197045978833438,3.519798965860465,7.316153552082908,9.413891086204785,3.8623508532570128,0.0,6.951602714685104,1.805468290242615
South Africa,2018-08,4.258298994048919,4.620072694105809,6.946317511329002,8.982105744450985,5.120591222639734,0.0,6.238330019276711,1.5430497861820538
South Africa,2018-09,3.468595681567396,1.86309105195554,4.075511611048573,5.606916031246757,3.521524337204133,0.0,3.4086097780804923,2.381792519156579
South Africa,2018-10,5.498392384958786,5.563937806945554,9.112045489906613,15.439030842424545,7.529062688285308,0.0371011628895622,5.761810561865152,1.600296857504947
South Africa,2018-11,3.7136524871426526,3.5532662888158826,7.663320052203107,10.766723043775787,4.475159672236406,0.0,5.170165686071833,1.1292215402128047
South Africa,2018-12,4.264911168314383,3.5328146565649314,7.1653699907932635,9.09834425109513,4.376620840380662,0.029922201860163575,5.505685175514987,1.5858767393935767
South Africa,2019-01,7.961691369858985,5.3180339233856175,7.770148083957876,8.312251406895017,5.38850735786628,0.0,9.656668011096494,1.9118178872482832
South Africa,2019-02,6.095675203847708,4.697247689105112,11.334207095656618,8.266055024836387,6.293577970095365,0.0,8.837483897611667,1.470511131493578
South Africa,2019-03,5.436965531625071,4.484938591517293,8.534771188002162,8.393454742502788,4.285979980124885,0.0,6.543324741517759,4.741539907033098
South Africa,2019-04,3.711136837140371,4.168213453685528,7.2111370947146165,9.757540961461485,4.574245938649102,0.0,7.715777573706686,3.165893205696056
South Africa,2019-05,3.8792171235737785,2.673790342834434,5.126665877775723,6.542202071658738,5.646536393208309,0.0,5.081042276966743,1.8861808133747147
South Africa,2019-06,5.047304391501127,5.1419132874074185,8.116834459268846,12.192521719227832,5.958852640024573,0.0,4.813035015143716,1.3440456449157532
South Africa,2019-07,4.0965252036988415,4.52252259752909,9.09781222506992,9.248391201142343,4.988417045895963,0.0,5.397683555530857,1.909909984926641
South Africa,2019-08,4.295246111739306,4.035505753720318,8.439175610891816,9.806981732560335,6.80328838108041,0.053616108341594186,7.645657206615633,1.9182652463673295
South Africa,2019-09,4.025291139774133,2.5215976091187717,7.0401904788756156,8.696632210453986,5.661700397674174,0.0,9.832227580806716,1.8880680831270815
South Africa,2019-10,4.421296314694931,4.222709651948343,9.982943680582133,8.122563422626083,6.052631753047225,0.0,6.167154057544789,3.1286549734298243
South Africa,2019-11,3.6364791477835645,4.002286184442144,9.486854063063126,8.57233546941555,5.064143393052586,0.0,7.918201545851009,2.3510732625304205
South Africa,2019-12,3.8977635505197936,3.9519378285717464,7.580219445354986,9.066537010044312,4.564522799233227,0.0,7.084317411900125,3.083761689582998
South Africa,2020-01,3.329262383079995,4.164631274913532,7.336345995341465,8.03981444378638,5.225940389773159,0.0,5.566682886113658,2.5537372106239618
South Africa,2020-02,4.539931690637008,4.55765112218061,11.270725346282747,9.657005632097029,8.014175577872674,0.0,5.5853690755375265,1.6997848492684469
South Africa,2020-03,4.800443704300813,5.415742858447688,11.206577914322176,12.773466145076059,12.586844062801182,0.0,4.767184128344351,1.5594974323658535
South Africa,2020-04,4.774116491393834,5.740101227111613,14.619984073252724,19.9654535215103,19.355568030408133,0.013287270701833642,3.978208994496147,1.788466672546107
South Africa,2020-05,3.9574058832831187,4.101792628423491,9.411623334604018,12.511130067107029,14.112622034086739,0.0,4.392973192829022,1.3608470923758873
South Africa,2020-06,4.079396023010869,3.777398786913054,11.839990343022405,13.370677354405748,10.133950720330493,0.0,6.011933744808572,1.0046274152491474
South Africa,2020-07,3.740002365664076,3.812098812026022,9.276782965123916,10.611693691932693,8.064661609545116,0.0,5.531148068684016,1.1794525262503097
South Africa,2020-08,3.8149035933878808,2.9601734336713457,7.2155655022336,10.407394970221572,6.935980939332607,0.0136939405059911,7.403856960042449,1.5919206079048271
South Africa,2020-09,3.0567178970548157,4.080660333920941,9.045792559445104,9.136448237840728,7.524407555218898,0.0,7.09437487106407,1.0878661385966562
South Africa,2020-10,3.5315730127880594,2.5947186758116683,10.208955424537848,9.810562576720466,7.994259673526778,0.013777267571484317,7.014925326356961,1.3455798188803676
South Africa,2020-11,3.0921880340586396,3.1914092042542075,8.715146954785135,7.631248554904612,6.140417128407938,0.030143180799799045,6.01607635343582,1.0550113248791761
South Africa,2020-12,2.8660627264078427,3.9311948099198855,6.602595727842328,6.502203834676056,5.459108779438418,0.029382959447845247,4.76126341626529,0.9402546755002449
South Africa,2021-01,2.9902479729314866,4.154623460731994,5.337798109297517,6.799435957732538,5.257901516947822,0.0,3.6952181775608035,1.2924451186993302
South Africa,2021-02,4.728664283643964,4.32629893235381,8.429963073580867,7.8362708602854125,6.847170733074589,0.06957328369967532,4.232374812511364,0.7618274752353896
South Africa,2021-03,3.5049621027294533,3.9743140697228254,10.010508060173237,7.35201393613853,4.726211355569895,0.0,6.029188578581668,1.29246934182646
South Africa,2021-04,4.236431312996431,2.661710016227454,5.91970255858844,6.971003706547234,3.6802975358060968,0.03568773408892193,3.693680373178439,0.8520446165379927
South Africa,2021-05,3.7866825108785385,3.1610308821701176,5.525100559928442,8.7278417087881,3.963950588345862,0.0,4.595560773792829,1.1440488953564727
South Africa,2021-06,3.230583177959884,3.4119069808475198,4.058627993443906,5.707162173392587,3.1036566630307685,0.0,3.5312783358189788,0.49864007281444545
South Africa,2021-07,3.3254063041286828,2.3900119800832345,4.778702603203182,6.020610599638427,4.6214822985731265,0.0,11.70564153190646,1.014665090540362
South Africa,2021-08,3.165023121687311,2.420775841655753,5.692307784181644,6.470743071751645,5.01249181389086,0.0,7.681788508168786,0.890203826922288
South Africa,2021-09,3.6309991836113302,2.8547075642682924,6.341463572558671,7.975347683819534,4.925255762756098,0.019669551430894307,5.089168589058484,1.2391817690569105
South Africa,2021-10,5.1524310257432315,4.106438808606735,6.457293274787295,6.8856768315128285,5.095926292626184,0.045992115529829174,4.847569093330486,1.4415243077613666
South Africa,2021-11,3.884819412777248,4.156352748917404,5.018944154480298,5.928264862056393,3.325334736842922,0.0,4.118464504707249,1.1353877192576407
South Africa,2021-12,3.1414646615725763,2.4341412414711048,4.6035300069895,4.818229837127032,3.655163430479715,0.0,3.5339831995127775,0.8298208799749247
South Africa,2022-01,4.331062998114542,2.529237962890921,4.734609991580872,5.429893299327677,2.6834597577272365,0.0,4.352911124610591,0.9253309493401399
South Africa,2022-02,6.499064074248848,4.390211250989837,7.781492554324804,7.952661302349827,6.09521259160337,0.08023535701123295,6.1981813827802545,0.9160203385934742
South Africa,2022-03,6.3823201360282,6.124798797730594,6.903553498540299,9.767240221849466,4.915191227702117,0.09285625900210476,6.702983903351694,1.0313234811501795
South Africa,2022-04,5.9733097622628,4.324393686465755,4.672141526187718,6.886949768904885,3.4287180565888944,0.019248042935198256,4.990375976855897,2.0864879032470167
South Africa,2022-05,7.6603590837547175,3.7576801360101846,5.388301793996854,9.069796026056025,4.514622726325987,0.0,4.287294308017818,2.0545589042052104
South Africa,2022-06,8.019230566415251,4.2379808143088935,4.99038475640024,8.861778770917416,4.9290864715138225,0.01802884629086539,4.659855861520432,1.5300480565853365
South Africa,2022-07,10.30083246038166,3.931034481279164,6.776456699866825,9.450654419550851,5.8537455460422425,0.0,6.480380672536266,1.7633769510863595
South Africa,2022-08,10.359712637882836,2.677857714057554,5.862738406541585,7.532259883573513,6.699783257282317,0.0,7.058353545156288,1.4319973035286058
South Africa,2022-09,9.12202584746708,6.302895309796598,6.114171848635099,9.160707846995063,5.807056850187669,0.05274879829597937,3.899894544449068,1.5836361440855564
South Africa,2022-10,8.77048221973232,4.67635098485125,7.874491412999202,8.77164441188899,5.593259760134414,0.0,5.294596152941313,1.6548517986223128
South Africa,2022-11,7.323509036366462,5.26159491414572,5.492346450876856,10.281014373402618,4.424263095658214,0.051405071981722644,4.665295941643963,1.5021704912770457
South Africa,2022-12,6.016587730859378,5.436018974016707,6.953791469896729,10.329383780553675,4.712085444229888,0.0,3.46682470567977,1.2405213497091232
South Africa,2023-01,7.2906631669257305,2.4523973825181398,6.9580178495476765,8.802477843876206,5.243175014809015,0.0,3.725625323670066,1.0816701207232162
South Africa,2023-02,6.477258579744207,2.5185839539294625,6.8363362932762675,8.664482950305075,4.665490937641426,0.0,4.167821600270884,1.8936626129910543
South Africa,2023-03,6.145296511786905,2.631100271755242,5.762352152425436,7.771041883522773,4.782257410571879,0.045468323284328586,7.4921693414049715,1.348893635838133
South Africa,2023-04,4.721457433758526,2.3194239038600175,5.09743710442953,7.964414531140436,3.1878839150231815,0.0,2.604321208269646,1.3492904285312435
South Africa,2023-05,6.556320649659417,4.150776731536448,5.241878717934941,9.150776604078612,3.9124294694214337,0.06620762726933263,3.3289196501360347,0.8359816743790608
South Africa,2023-06,4.285563764884531,2.8050196445656432,5.676473679025625,9.19012986911281,3.287989087571537,0.0,3.209954772852262,0.8763049887091517
South Africa,2023-07,4.390117467251324,2.6513028707032076,4.786670961524137,8.841482682393739,2.703207788587979,0.015571473533478666,3.200456795198888,0.8720024891510433
South Africa,2023-08,4.142532599240882,3.4575466838914695,5.471977830188791,9.549273499491276,2.78541074838292,0.0,5.466047473647487,0.8184244425738855
South Africa,2023-09,5.197734190760075,2.4722104243775513,4.685763216966399,9.867465075917394,3.0119710245467353,0.04809747766374519,3.621205658169584,1.9816161754326633
South Africa,2023-10,4.76497707974808,4.2386073300252445,5.251407926262673,8.918587200774194,2.69022019369278,0.027649770331797233,3.687660082875576,2.0583717258479264
South Africa,2023-11,3.6775162272875317,4.957436080228268,5.777666495498611,9.213820726360867,2.8502754529057106,0.0,2.3555333245904855,1.3029544477363044
South Africa,2023-12,3.7826684818292073,5.22352109439817,6.172627221213392,11.187528789402396,2.8312701391352593,0.051581843011233384,2.411737768821183,1.1691884429582762
South Africa,2024-01,3.206464041494047,2.7875823232479267,4.564107995887161,9.180310670762827,2.680204187355305,0.03189453555645333,2.5898362892030224,0.6315118093576441
South Africa,2024-02,5.14162993628918,4.046900490945322,5.534014321241497,8.17622456736303,5.240306412244674,0.2542373053486185,2.9777107673976086,0.8985372605632689
South Africa,2024-03,6.37627070410737,4.538669663771458,5.425299246368811,9.011710477454802,4.218247365713101,0.0,3.061382120520525,1.1439969347681123
South Africa,2024-04,7.2230538391296495,3.4580838834160748,6.447106106345217,7.659680389140846,5.870758630613772,0.0,4.817864310940619,1.6541916157060876
South Africa,2024-05,4.423676256848768,2.2401586056464176,5.753327661678828,6.85075058947106,6.550552358417272,0.02124044224398187,3.5995469418438644,1.1781365089677147
South Africa,2024-06,4.395245205208915,2.514115889267756,5.153046122105277,6.509658195150448,3.527488881667107,0.0,3.5304607887411588,0.9375928873497772
South Africa,2024-07,5.068738925437371,2.4865512144067545,5.802450942707114,6.283622260424873,3.1141661945058106,0.0,3.4339510535935447,1.2268380039018616
South Africa,2024-08,4.658800797109375,2.3931760223984373,4.22512763463945,6.316964331604674,4.123086832375,0.019132653695312498,3.7228953965546876,1.3121811410859376
South Africa,2024-09,5.570717611472147,2.828704428790317,7.0974473264159395,8.873013413545758,3.119280824867555,0.0,4.023117807755659,1.8494140050832004
South Africa,2024-10,6.56212290073462,3.458986656972256,7.361278832715263,10.360373838176004,4.699939898902124,0.0,5.4221954395657415,1.7325090488178527
South Africa,2024-11,5.700475821621451,2.762006992563757,6.865121935042083,7.2916987957299195,4.023323798996624,0.0,3.452508866716434,1.1262851238846094
South Africa,2024-12,4.55379907197478,3.695393569119094,7.061023333356261,7.117117328804779,3.657997641170831,0.0,3.9792623076389595,1.0453850565527791
South Africa,2025-01,4.390759585869848,2.886909126544466,5.662086595865318,7.434697390862034,2.764608318854114,0.0,3.468216846473143,1.014645945481659
South Africa,2025-02,5.629150072688124,5.408366703470375,7.319057185782205,8.23539200652426,4.621513866239314,0.07470119557868524,3.9658033867885125,1.3213811487991984
South Africa,2025-03,6.69320198621557,3.4023245396056176,7.702595283017176,8.076739288128582,4.59003345568152,0.0,3.637955792360452,1.9121159495976574
South Africa,2025-04,6.024573967181927,1.8549345814156275,6.765755073972108,6.159334120132733,3.02021409921522,0.0,3.400713576218787,1.1058264012841856
South Africa,2025-05,4.771685939402749,4.349818299407174,7.247590683391629,7.949122991856357,6.42913597406415,0.0,3.542423726930637,0.8911360386171004
South Africa,2025-06,3.652916694314636,2.7618435014171774,5.773445144929045,7.479858452115152,6.248791556348694,0.0,3.1324524975588135,1.2423461684958106
South Africa,2025-07,4.824505517659044,2.75047863879515,6.767709200219054,9.06190191674763,3.7922782473694365,0.07179323537460115,4.436821993567266,1.8458838972201068
South Africa,2025-08,4.269740254711165,2.1881989435389007,5.135042203996432,7.423017252151944,4.775503267183707,0.0,3.566144920614485,1.037330113603991
South Africa,2025-09,5.053016546410786,2.8409507503478975,6.8409506708976275,9.157221142547693,4.526508216305233,0.17550274901188304,4.148080580480465,2.07312610918702
South Africa,2025-10,4.777750254046443,2.1753165687742735,6.0019867337853565,6.8264214666019365,4.561708552396268,0.0,3.7645889030316653,1.8202135693096595
South Africa,2025-11,5.085375080819599,3.2620638890084637,10.386042819969546,9.490719995489828,4.887899106014496,0.0,4.068299975476169,1.9554565883900348
South Africa,2025-12,5.469661940616032,3.755834274711786,9.17882124398236,13.240956953237227,4.1044340561208825,0.0,3.4845391020048133,1.3710618541038506
South Sudan,2015-01,2.611218569,2.514506816,3.2495164779999994,5.009671244,0.425531924,0.0,6.499033048,0.0
South Sudan,2015-02,1.001964711,2.416502938,3.3005892409999995,5.009823511,0.64833005,0.0,4.715127982,0.0
South Sudan,2015-03,6.455938660999999,9.92337141,3.793103485,18.75478924,0.517241388,0.0,13.46743317,0.0
South Sudan,2015-04,6.834677438999999,5.665322513,4.798386943,5.887096592,0.362903216,0.0,6.895161156000001,0.9072580649999998
South Sudan,2015-05,15.433963153981132,9.943396325456606,1.1320754721679245,13.09433964333962,0.0,0.0,4.377358589162264,0.7358490750962264
South Sudan,2015-06,7.204503101,5.234521594,0.844277674,4.765478218,0.844277674,0.0,5.666041419,0.0
South Sudan,2015-07,4.065934031,4.743589848,1.098901099,7.417582636,0.494505503,0.0,5.915751213,0.549450549
South Sudan,2015-08,0.808270668,3.439849705,0.902255675,4.078947377,0.45112783700000003,0.0,4.661654306,0.225563919
South Sudan,2015-09,4.037656944000001,4.246862064,1.506276161,8.640167404,1.255230126,0.0,3.138075414,1.8200836920000003
South Sudan,2015-10,6.268115666,3.333333351,2.699275466,6.666666572,0.652173896,0.0,3.967391408,0.27173913
South Sudan,2015-11,6.645962812,9.089026639,0.31055900599999997,11.118012230000001,0.24844721499999997,0.31055900599999997,5.900621414,0.0
South Sudan,2015-12,6.442516124095445,13.297179984859003,3.036876355444685,15.032537850715833,0.4338394794924078,0.0,5.075921930004339,0.9761388286073753
South Sudan,2016-01,4.314606913,9.168539208,1.348314607,6.269662675,0.808988796,0.0,7.393258663,0.0
South Sudan,2016-02,6.935483986000001,9.375000288,0.967741974,12.05645151,0.0,0.0,5.42338726,0.0
South Sudan,2016-03,4.714828843,8.098859479,0.456273782,11.57794751,1.026615897,0.0,2.281368912,0.855513308
South Sudan,2016-04,8.670886156,11.47679367,0.0,8.312236458,0.0,0.0,3.312236347,0.0
South Sudan,2016-05,5.408805070999999,6.205450814,0.0,7.526205821,0.0,0.0,3.92033559,0.314465409
South Sudan,2016-06,10.74162647,3.444976099,3.899521349,10.14354069,0.0,0.0,8.08612479,0.0
South Sudan,2016-07,4.463895301,1.8818380540000004,0.262582067,4.660831604,0.0,0.0,1.7943107850000002,0.0
South Sudan,2016-08,6.271186117601694,5.2542373792690675,1.6949152543474577,6.588982980576271,0.0,0.0,2.8389830713750004,0.317796610440678
South Sudan,2016-09,3.368421002,4.315789574,0.357894747,2.252631589,0.0,0.0,2.610526386,0.631578947
South Sudan,2016-10,4.657534471,5.890410707,1.7612524460000003,8.86497073,0.0,0.0,4.129158681,0.704501006
South Sudan,2016-11,9.366053014,7.586912241000001,2.208588996,7.832310731000001,0.306748466,0.0,6.319018424,0.0
South Sudan,2016-12,8.656716296,5.92750532,2.814498893,6.844349863,2.686567195,0.0,8.614072718,0.0
South Sudan,2017-01,9.119373852,9.510763377,0.763209365,10.66536208,0.234833669,0.0,3.757338608,1.174168297
South Sudan,2017-02,7.020202188999999,7.44949507,3.03030303,13.03030319,0.0,0.0,3.964646537,0.9090909449999999
South Sudan,2017-03,6.896551615,5.195402332,1.379310345,7.494252960999999,1.379310345,0.0,7.379310432999999,0.0
South Sudan,2017-04,5.3846155743722095,7.642680065915632,0.7444168730223325,8.858561101666572,0.0,0.0,3.2009926391067,1.4888337470471462
South Sudan,2017-05,2.0443349639999995,5.837438494,1.477832571,7.463054058,0.0,0.0,5.665024689,0.0
South Sudan,2017-06,3.878504762,5.654205563,1.331775656,4.883177759,1.214953282,0.0,3.8084113709999996,0.0
South Sudan,2017-07,4.123006975398632,3.7813213261047833,1.2984054775398632,4.646924959088837,0.34168564929384965,0.0,3.963553661503417,0.0
South Sudan,2017-08,4.999999911,2.0327103469999996,1.6822430580000003,1.892523342,0.0,0.0,4.97663567,0.91121492
South Sudan,2017-09,1.945205584,2.712328793,0.7397260400000001,3.3972603650000006,0.0,0.0,2.630137091,0.0
South Sudan,2017-10,0.0,1.184210573618421,0.0,1.052631595131579,0.0,0.0,3.4210527413651315,0.0
South Sudan,2017-11,5.246636686,2.062780333,0.448430493,3.6322870599999995,1.34529148,0.0,3.22869968,0.0
South Sudan,2017-12,2.384937258,1.0041841400000002,2.008368281,3.6401673840000006,0.0,0.0,3.430962463,0.0
South Sudan,2018-01,3.811881211960396,1.782178288391089,0.0,3.4158416310643567,0.0,0.0,7.623762423920792,0.0
South Sudan,2018-02,6.022727128181818,2.2727273626704547,0.45454547293560604,6.931817982708333,0.0,0.0,9.469697150227274,0.0
South Sudan,2018-03,9.618320174,5.648855217,0.0,6.755725299999999,1.946564849,0.0,4.503817049,0.0
South Sudan,2018-04,0.0,2.1176470959686275,0.7843137254901961,2.823529523575013,0.0,0.0,3.2941177775686272,0.0
South Sudan,2018-05,6.535432970272966,4.803149594036745,3.8320209093490814,5.8530182352650915,0.0,0.0,6.325459605779528,0.0
South Sudan,2018-06,3.777777553,3.47222209,1.944444444,4.861110912000001,0.0,0.0,5.944444471,0.0
South Sudan,2018-07,3.0303030300000002,5.68764571,1.3986013990000001,4.055944023,0.792540815,0.0,5.524475536,0.0
South Sudan,2018-08,3.7966101044881353,4.7796609843254245,4.474576529599999,3.1864407104,0.5084745765152543,0.0,5.694915480325424,0.5084745765152543
South Sudan,2018-09,0.0,9.206349509,5.396825422,5.0793651550000005,0.0,0.0,9.206349383,0.0
South Sudan,2018-10,0.738916256,4.72906411,3.448275862,8.571428384000003,0.0,0.0,11.72413826,2.216748768
South Sudan,2018-11,0.0,4.859813129,7.102803760999999,3.9252336890000006,2.663551313,0.0,13.73831825,2.102803738
South Sudan,2018-12,1.142857188,2.428571497,1.142857188,5.000000114,0.0,0.0,11.47619054,0.0
South Sudan,2019-01,1.8390805329999997,4.71264366,4.137931199,2.183908064,0.0,0.0,15.59387021,0.0
South Sudan,2019-02,1.045296167,3.623693413,2.090592334,4.355400863,0.0,0.0,9.686411798,0.522648084
South Sudan,2019-03,5.565217336,4.695652257,3.304347854,6.434782692,0.0,0.0,6.1739130300000005,0.0
South Sudan,2019-04,6.017963972,6.736526875,2.065868292,3.323353193,2.36526949,0.0,9.341317451,0.0
South Sudan,2019-05,1.3392857140000003,5.208333475,4.732142886,8.48214307,0.29761904799999994,0.0,8.511905017,0.357142871
South Sudan,2019-06,2.800000032,6.199999968,6.966667175,11.79999995,1.300000032,0.0,7.400000095,0.800000032
South Sudan,2019-07,2.026143806,4.379084998,5.490196141,10.9150324,0.0,0.0,8.562091831,0.784313757
South Sudan,2019-08,3.0967743169999995,3.51612914,2.419354839,11.32258054,0.8709677570000001,0.0,7.741935329999999,0.38709679
South Sudan,2019-09,0.813559354,2.135593285,0.0,2.067796659,0.406779677,0.0,3.762711994,0.0
South Sudan,2019-10,0.989011028,1.3186813709999998,6.071428676,7.252747082000001,0.989011028,0.0,5.357143185,0.0
South Sudan,2019-11,0.789473716,2.236842168,0.394736858,5.263157973,0.0,0.0,3.947368578,0.0
South Sudan,2019-12,1.03225808,5.935483670999999,0.38709679,4.419354777,0.7741935789999999,0.0,7.225806175000001,1.161290369
South Sudan,2020-01,1.180327916,0.7868852769999999,1.278688556,3.377049243,0.0,0.0,7.278688697,1.180327916
South Sudan,2020-02,3.4394905064808916,0.7643312403821657,0.0,3.43949058272293,0.3184713371178344,0.0,6.40127400678344,1.4331210195382165
South Sudan,2020-03,0.78125,3.21875006,1.62499994,4.281250015,1.437500045,0.0,5.56250006,0.3125
South Sudan,2020-04,2.932098765,3.7037037040000005,3.9506173430000002,14.382716169999998,3.5802469579999996,0.0,2.870370429,1.388888889
South Sudan,2020-05,2.3684210940000003,1.169590643,1.959064341,8.128655096,1.315789474,0.0,2.9239766079999994,0.3508772070000001
South Sudan,2020-06,1.300578035,3.612716832,2.167630058,7.976878998999999,1.3872832920000002,0.0,1.647398858,0.0
South Sudan,2020-07,8.982035928,12.09580827,7.724550955,14.790419049999999,4.58083838,0.0,3.323353336,0.0
South Sudan,2020-08,3.232628341,18.61027202,7.250755215000001,25.58912467,1.752265919,0.0,4.259818702,2.175226673
South Sudan,2020-09,15.504587390000001,23.914373320000003,6.422018349,27.21712509,3.027522965,0.0,1.926605636,1.559633144
South Sudan,2020-10,16.94078947,31.08552561,2.368421068,19.86842069,1.480263158,0.0,6.71052619,3.059210589
South Sudan,2020-11,12.47395823,11.380208529999999,4.947916667,14.7656252,1.25000005,0.390625,2.578125025,3.4375000750000004
South Sudan,2020-12,4.732394150999999,3.718309805,0.422535211,3.971830959,2.36619721,0.0,5.492958015,1.690140912
South Sudan,2021-01,1.7500000199999997,5.104166865,2.270833453,9.687499752,1.25,0.0,2.68750007,0.0
South Sudan,2021-02,8.423236594,14.50207501,5.705394191,19.35684651,0.497925331,0.0,3.672199131,0.995850662
South Sudan,2021-03,4.926199227,4.243542523,5.295202917,9.797048217,0.0,0.0,4.575645704,0.664206668
South Sudan,2021-04,7.869159172999999,9.121495363,2.411214882,14.84112142,0.22429907400000001,0.560747664,2.523364531,1.121495327
South Sudan,2021-05,4.030710356,7.255278256,3.128598977,11.38195744,0.748560479,0.0,3.339731304,0.0
South Sudan,2021-06,3.227848192,4.367088618,1.582278481,8.966244927,1.772151919,0.0,3.2911392200000003,0.780590727
South Sudan,2021-07,3.23170743349187,6.666666511123984,4.08536583411382,6.6056908632682925,3.1707318818313004,0.0,3.2317073362947153,0.0
South Sudan,2021-08,1.48479431,6.404293245,0.21466906,8.336315087,1.556350635,0.0,5.849731629999999,1.341681617
South Sudan,2021-09,3.626571053,2.728904813,0.736086202,6.05026918,0.70017955,0.538599641,9.030520852,2.369838471
South Sudan,2021-10,6.703911047000001,4.008379928,9.036312956,16.41061506,2.220670471,0.209497207,20.041900240000004,3.631285016
South Sudan,2021-11,2.681637944,4.689563848,3.3289300880000003,11.45310446,1.003963031,0.0,9.537648966,3.9233818389999997
South Sudan,2021-12,4.04109589,3.027397345,1.767123366,7.657533933,1.1506848789999997,0.0,5.000000131,2.986301298
South Sudan,2022-01,10.647482149999998,14.83453215,6.158273133999999,16.8776965,0.690647509,0.863309353,10.345323820000003,3.6690647479999994
South Sudan,2022-02,3.241830121,3.05882348,3.28104577,7.96078417,0.980392157,0.588235294,3.947712487,1.254902011
South Sudan,2022-03,2.587800458,5.674676446,4.269870504,11.64510153,0.720887263,0.0,3.604436361,1.829944565
South Sudan,2022-04,3.138936527,3.2933104709999994,2.9845626239999996,8.04459697,0.617495736,0.0,2.727272825,2.058319121
South Sudan,2022-05,7.150684970783561,4.863013633430138,1.520547931930137,5.726027455894521,1.342465812539726,0.0,2.6301370907561643,3.6164384672452057
South Sudan,2022-06,11.276596152644375,9.528875858455926,3.662613894832827,22.50759865620556,2.5835865901063837,0.0,3.419452923972644,6.458966673966565
South Sudan,2022-07,14.029629739999999,10.26666662,2.133333312,13.77777852,3.748148106,0.0,3.5111111529999994,7.644444501
South Sudan,2022-08,25.61299847,18.41949769,1.329394422,20.85672168,8.71491883,0.0,15.376662010000002,4.298375417
South Sudan,2022-09,7.291981961491679,7.155824356350983,0.43872921295007566,10.317700890892585,2.632375275697428,0.0,4.659606757903177,3.494704905431165
South Sudan,2022-10,3.6268654149999997,4.746268756,3.3432835249999995,10.56716396,1.70149248,0.0,6.492537669,6.223880711
South Sudan,2022-11,4.672619132479166,5.297619175105655,2.4851190188392858,6.01190445725,1.9196428007172617,0.0,5.3571427862931555,2.633928684755952
South Sudan,2022-12,6.316695483666093,4.664371756461274,5.077452585335629,8.22719423757315,2.0654043515243172,0.0,6.867469895452668,2.7366610277142853
South Sudan,2023-01,6.098807365369677,5.229982850657581,1.8398637459761498,7.632027005764907,0.613287928681431,0.0,8.313458457792164,1.3287904517069846
South Sudan,2023-02,3.619211002113208,6.277873217907375,0.9948541944562607,10.737563779348198,1.9039450949571184,0.0,4.51114942393139,1.1835334233276158
South Sudan,2023-03,7.931488901607378,8.880105540395254,2.8853755067193676,13.768115851910407,1.844532311198946,0.0,4.584980293691211,3.1225296506455864
South Sudan,2023-04,4.909909880999999,3.3333331620000006,0.900900937,6.066066152,0.180180187,0.0,8.468468554,2.117117174
South Sudan,2023-05,16.98949874,20.31505283,2.707117859,19.46324326,2.55542586,0.0,7.432905629,1.9253208870000005
South Sudan,2023-06,8.625277288999998,8.40354764,4.501108584,8.137472374,1.363636385,0.0,6.917960205,2.660753775
South Sudan,2023-07,7.7149879729999995,4.226044003,1.461916474,6.400491359,0.45454546,0.0,6.695331754,1.6584766879999997
South Sudan,2023-08,11.496149190979096,6.58965908160616,2.508250793553355,9.713971601851767,3.2013201742574258,0.0,11.111111482618261,4.092409430220022
South Sudan,2023-09,3.290094435,7.44103795,3.8561322780000005,10.41273567,1.061320755,0.0,3.3608491969999994,3.573113286
South Sudan,2023-10,8.741396226004916,7.935103178757129,2.605702954435595,12.507375382448378,1.976401217543756,0.0,5.3392329160294985,2.4090462145732547
South Sudan,2023-11,7.149373058000001,7.012542596,2.7708096,11.72177898,0.786773074,0.0,6.396807559,1.915621458
South Sudan,2023-12,7.8131215,5.984095408,3.339960229,9.82107372,3.2803180910000003,0.0,4.592445499,3.6978131970000003
South Sudan,2024-01,4.963768161999999,4.166666609,1.871980676,8.357487928,1.521739177,0.0,3.285024189,0.289855084
South Sudan,2024-02,13.36757973,8.481735427000002,1.9634703249999998,14.4406397,2.2602739669999994,0.0,5.273972744,1.506849321
South Sudan,2024-03,22.838283665016498,20.704070495819582,3.3113310703520358,20.132012780968097,2.046204662552255,0.0,5.346534853025302,2.662266232288229
South Sudan,2024-04,17.067757499999995,14.71962645,3.037383178,14.14719645,2.242990632,0.700934579,3.457943998,1.436915938
South Sudan,2024-05,8.602620420453055,12.456331976233624,2.8056766786037115,14.46506500479258,2.7183406735949784,0.0,5.240174724253276,4.5851530468995625
South Sudan,2024-06,13.536165725832378,11.66475282011481,2.5028702590585534,12.950631721882894,1.1710677435958667,0.0,6.578645312018369,2.0665901808679674
South Sudan,2024-07,18.54460201,18.92018766,3.690140953,18.8356809,2.676056316,0.0,9.624413437,3.2488263050000006
South Sudan,2024-08,11.27701349,12.23968574,7.24950886,17.37721067,0.599214159,0.0,7.298624820000001,4.921414763
South Sudan,2024-09,13.19780245,8.813187107000001,3.527472569,13.26373703,3.5604396500000006,0.0,6.494505536,7.692307692000001
South Sudan,2024-10,15.86032396797571,10.394736440293523,3.421052578708502,13.674089006953439,3.178137612958502,0.0,14.089068902398784,4.251012266494939
South Sudan,2024-11,4.903640277,7.226980983,4.593147711,10.03211972,0.578158468,0.0,5.107066514,3.211991537
South Sudan,2024-12,6.024999975659999,5.899999916654999,3.0749999282212497,12.212500096877033,1.34999999425125,0.0,6.5625002982675005,3.0624999998175
South Sudan,2025-01,6.773795304,7.824474978,1.9283065979999998,11.64400519,3.411619183,0.0,9.060568921,2.163164518
South Sudan,2025-02,4.370709469,4.713958788,3.421052724,11.09839795,1.613272355,0.0,4.290617904,3.604118966
South Sudan,2025-03,6.192090632612429,1.762711799703955,1.661017035059887,5.254237342454237,1.9661017594779662,1.016949152140113,6.1016950229649725,0.13559322575819208
South Sudan,2025-04,5.458613210173378,4.328859146129753,4.821029205810961,11.096196955425055,0.40268457990492174,0.0,5.234899509731544,0.8389262007102908
South Sudan,2025-05,10.24263438,7.7729633399999996,4.263431712,9.618717918,4.835355344,0.0,4.601386597,5.1993068
South Sudan,2025-06,15.768500656119546,10.49335889174573,3.889943073833017,21.508539261005694,2.7893738232305503,0.0,7.058823537998102,2.419354838334914
South Sudan,2025-07,18.42431714,15.76923088,7.642679711,25.297766759999995,3.2382134470000006,0.0,4.987593176,1.9727046970000002
South Sudan,2025-08,9.731622004,9.019836829,3.768961655,17.70128355,4.935822881999999,0.0,4.90081697,1.610268428
South Sudan,2025-09,12.46231141,11.13065331,5.087939697999999,16.53266336,5.954774091000001,0.0,4.108040327,3.731155665
South Sudan,2025-10,9.605262838,8.050239086,4.964114947,13.85167538,4.736842151,0.0,7.595694349999999,2.033492823
South Sudan,2025-11,11.505646503387705,11.79422841485571,3.651192017593476,16.323714122107905,3.613551048459222,0.0,6.549560769636136,3.952321204464241
South Sudan,2025-12,11.098266065693641,6.849711099439307,4.031791852693642,13.901734385115608,3.9884393611694464,0.0,9.104046724893063,4.378612916943476
Sudan,2015-01,0.1076702262995283,0.2255947547521534,0.2912223292776866,0.3168580861658121,0.012305168404532404,0.0,0.38453651991765786,0.0
Sudan,2015-02,0.1281910869617618,0.23885176318724663,0.354990682349622,0.28596472434260983,0.032869507829516816,0.0,0.44373837979840036,0.0
Sudan,2015-03,0.23896542024168307,0.37484771777031206,0.2005435325252554,0.2839471505497142,0.0,0.0,0.44513167369777906,0.0
Sudan,2015-04,0.43184234097188673,0.47338421389160473,0.057965414417157766,0.2637426380577722,0.03284706893942615,0.0,0.3603516697834026,0.0
Sudan,2015-05,0.4168472337290926,0.44371262464684974,0.129993933535835,0.3995146923091256,0.07799636052344223,0.0,0.4861773150012999,0.0
Sudan,2015-06,0.6347554808044861,0.2959879802273095,0.12255752292172507,0.4474505843851312,0.0,0.0,0.9053069848065671,0.0
Sudan,2015-07,0.7068185542137619,1.0079575543797785,0.09361834882821032,0.9720705138087066,0.0,0.0,0.8347636286053987,0.0
Sudan,2015-08,0.5717169967124897,0.5891529844360833,0.19546663523979074,0.47994860933541345,0.022024411319812795,0.0,0.33587227086574284,0.06607323395943837
Sudan,2015-09,0.5822130415806619,0.3019648474002068,0.12409513986215098,0.47880041816091,0.0,0.0,0.635987610261634,0.17993795295087903
Sudan,2015-10,0.7856677671947884,0.33355049314788277,0.10944625573680782,0.543322485486645,0.0,0.0,0.4547231435452769,0.16938110753355048
Sudan,2015-11,0.4397631343547229,0.382487151769634,0.05824677169799049,0.320357251919037,0.0,0.0,0.5397534346467333,0.15435394282671586
Sudan,2015-12,0.8824091886319312,0.6730401494397705,0.25239005351481836,0.5975143218068835,0.14340344167782026,0.0,0.7504780117839388,0.0
Sudan,2016-01,0.9977260068826984,0.987303453989009,0.17055144998104985,0.6850483332651126,0.04548038800833807,0.0,0.4235361072673868,0.020845177500473756
Sudan,2016-02,0.8013221477039485,0.6896551896730391,0.1983205274271931,0.5547614822836341,0.0,0.0,0.45292121264489904,0.0
Sudan,2016-03,0.46554485970272436,0.2435897442323718,0.07692307808173075,0.3341346252724359,0.04326923129487179,0.0,0.5104166819839744,0.0
Sudan,2016-04,0.3302881330942454,0.24674006682314362,0.20145232479362848,0.27719216445131567,0.12649332627875381,0.0,0.5785898458460217,0.0
Sudan,2016-05,0.6915033132933333,0.5594771393619609,0.28758169897607844,0.7960784266427451,0.2797385570878431,0.0,0.5790849824968627,0.09411765127882353
Sudan,2016-06,0.43370404366390075,0.19846022642540634,0.05132591970479041,0.2891360193508126,0.0,0.0,0.36698033764987165,0.020530368285714286
Sudan,2016-07,0.14398022427259077,0.3391926584698348,0.11748078944413037,0.3056267146010953,0.02119954121729529,0.0,0.3595088844208992,0.023849483995318433
Sudan,2016-08,0.33928760590846635,0.8413486988161929,0.0887855420145862,0.6436951660501004,0.012683648715780572,0.0,0.5274283963640207,0.24733116552161505
Sudan,2016-09,0.29265140638293946,0.4394387034663036,0.11078286591303545,0.7053175897026402,0.19940915462093795,0.0,0.7893279525648079,0.24649188344451625
Sudan,2016-10,0.2471482857721111,0.324020503361878,0.18846090458480738,0.44883451227500415,0.0,0.0,0.4967763438992396,0.0
Sudan,2016-11,0.5072339095625216,1.6345160213709955,0.25404753719324835,1.677574899845677,0.0,0.0,1.7068549511601792,0.0
Sudan,2016-12,0.5901305784253009,0.9038494183513651,0.7402068864731219,0.9598100790564694,0.07630998838968966,0.0,1.3591656708892659,0.09665931909716804
Sudan,2017-01,0.8374300503824377,0.6933378578406509,0.07119850902017291,0.4788947274344804,0.04577047001254451,0.0,0.6034921235009324,0.0
Sudan,2017-02,0.8226632154737517,0.5228339842125481,0.06402048704225352,0.6711481300832266,0.05121639124199744,0.0,0.6754161449295775,0.0
Sudan,2017-03,0.5750710879783547,0.3723745788366505,0.23663212166156106,0.5879116052726773,0.051362012071539946,0.0,0.5420526667775842,0.11006145096909108
Sudan,2017-04,0.23746702143935947,0.2820489493276317,0.0655081439148394,0.4321717765291603,0.06550814593030661,0.0,0.3284505629402238,0.0
Sudan,2017-05,0.5110686015783,0.42452400778901345,0.05465974339300355,0.49102669329051657,0.02732987119431539,0.0,0.4728067915482372,0.08198961458731895
Sudan,2017-06,0.464876055289371,0.32828283307426537,0.2961432640773645,0.3983011965669192,0.0,0.0,0.5498163544649908,0.03443526160663453
Sudan,2017-07,0.48614584746824047,0.48414523973782136,0.2160648233289987,0.7192157847791338,0.1420426105006502,0.0,0.8762628824476343,0.1350405120696209
Sudan,2017-08,0.860501880731476,0.46038332768879664,0.2608180212999407,0.4831061133485478,0.029638411671013633,0.0,0.6372258634712507,0.16004742884410197
Sudan,2017-09,1.1969664379121785,0.6704770492965487,0.17146626022202682,0.46493734602385145,0.12530227341173886,0.0,0.675972751552539,0.23081996012859968
Sudan,2017-10,0.7545558266025056,0.7953682358895217,0.48974944526195896,0.7830296241856491,0.0,0.0,0.40717540638268795,0.051252848292710707
Sudan,2017-11,0.7100050991318435,1.3357033737851702,0.20721178814433724,1.2351447469020822,0.02437785760578974,0.0,0.606399207567801,0.0
Sudan,2017-12,1.4787212099939508,1.2335278293949017,0.09073234048563404,0.9537697170423417,0.19442644246489524,0.0,0.8781594419971918,0.0
Sudan,2018-01,3.0092074879439434,1.993321838878782,0.19730850931903268,1.752504242591622,0.08499443115137104,0.0,2.47192164683932,0.14570474155651117
Sudan,2018-02,2.4651341844016015,2.11002074590625,0.2324380224382748,2.2533574041763944,0.0,0.0,2.6304234896394627,0.154958677616219
Sudan,2018-03,1.1237143826588485,0.8805152399884649,0.1268864774545804,1.656253054357397,0.0,0.0,0.8161107515332114,0.317216187615111
Sudan,2018-04,2.1760797508030096,0.8422903862352941,0.09380496506292749,2.21516511071409,0.02931405076744186,0.0,1.099276936367989,0.0
Sudan,2018-05,2.2026388229903504,0.9472233804875936,0.4352106995068925,2.817053947786727,0.2619141435088618,0.20677432065183146,2.1415911961106735,0.014769593901929893
Sudan,2018-06,1.9809630842991044,1.7469204815709967,0.1108622629712206,2.2810750342837625,0.4255319152752519,0.0,1.2631579074045913,0.0
Sudan,2018-07,2.2896538107823843,1.2831816649440015,0.29828346497082825,2.163962110102805,0.4408592067446769,0.0,0.7541506749591972,0.2813994930060032
Sudan,2018-08,4.243283641894776,2.553731306538358,0.2328358269758209,4.701492544703135,0.1343283580195522,0.0,1.9268656628167167,0.2686567160391044
Sudan,2018-09,2.5406626334566265,2.486445788744729,1.2274097317536143,2.4021085053822286,0.0,0.0,1.4924698856290664,0.10843373955180721
Sudan,2018-10,3.420406174859175,2.5022629544153627,0.7138238940085349,4.019138918990043,0.4189835965547653,0.0,1.1793611888108106,0.15517910228449505
Sudan,2018-11,2.4629863562155583,2.7415306687932244,0.7804266571909662,3.0602258897829357,0.030112924249058967,0.0,1.0476788191081554,0.16938519400577162
Sudan,2018-12,2.801351908937289,3.2582301042827635,0.17273751621855052,3.226937043972963,0.0,0.0,3.086744349339091,0.0
Sudan,2019-01,1.6051212991471697,1.5714285768857141,0.22237196792668465,1.6172506995832885,0.04043126671374663,0.0,2.6859838945649597,0.0
Sudan,2019-02,2.6178838464821736,2.820586636993243,0.0862564694673663,2.8579643084919493,0.0862564694673663,0.1725129389347326,2.28579654451912,0.0862564694673663
Sudan,2019-03,3.1876979179445613,5.190074003634372,0.09899683243321014,5.564941927200633,0.09899683243321014,0.0,1.5258711516966736,0.0
Sudan,2019-04,1.7037037087777775,1.8427550508843407,0.43664717824236515,2.632878537910981,0.24951268074853802,0.0,2.218323581157895,0.07797270921572451
Sudan,2019-05,0.7224133421857635,0.8084149300158773,0.19846520237629,2.2876421777110347,0.11907912122519186,0.0,2.8896533677401433,0.019846520037046837
Sudan,2019-06,0.45087484057065946,1.6173171914293405,0.20188425280215344,1.583669815461642,0.21534321180080754,0.0,3.4522207826971743,0.0
Sudan,2019-07,1.1569148537683218,1.6858747106004728,0.6249999885768321,2.411347613598109,0.0664893615319149,0.0,2.672872306118203,0.0664893615319149
Sudan,2019-08,1.2960940103148046,1.5350997074269326,0.5900027128113904,2.007648190189156,0.06555586143744879,0.0,1.7577165106535104,0.24583447161294733
Sudan,2019-09,0.7921890981657606,0.9674914206337512,0.7034284163426162,1.3469432757732163,0.11649839100454899,0.0,1.4545656947249528,0.14978364543392877
Sudan,2019-10,0.25232803441914486,0.5777510647938321,0.5046560397308502,0.6638630191817363,0.07509762694943428,0.0,1.2175828302232903,0.060078101760288376
Sudan,2019-11,0.5815849682162192,0.8903141603100339,0.6283291680151103,1.2914446805578867,0.39352104327166,0.0,1.1577345339593432,0.18915100342787264
Sudan,2019-12,0.4678785495670317,0.6486263135741581,0.8097500529969014,0.9657095762168973,0.030985333383805,0.0,1.1743441569466018,0.0
Sudan,2020-01,0.37821639367903276,1.3413247955161722,0.5590575436488581,1.4828976124222384,0.12090524248217423,0.0,0.858737255106128,0.0
Sudan,2020-02,0.9948652317740693,1.718014552462131,0.7252888335404365,1.727642281797176,0.16046212337869065,0.0,0.8568678242670089,0.0
Sudan,2020-03,1.8283974650241546,2.167611882161836,0.4631380132125603,2.2390255152053142,0.23629489629227052,0.0,1.135265737089372,0.04725897905797102
Sudan,2020-04,1.4968051555990367,1.726196682798785,0.3770818055150309,1.7251492019025871,0.22624908451115536,0.0,1.564889569573688,0.012569394084843404
Sudan,2020-05,0.6006877162330755,0.8016333588752418,0.3718031415222437,0.9681925680116055,0.15473887390618954,0.0,0.8156028736441007,0.0967117990802708
Sudan,2020-06,1.1227075185087647,1.0619110392858446,0.24318573307579291,1.389198504652751,0.0,0.0,1.1308137348901612,0.0
Sudan,2020-07,0.8564658481471452,1.152110137177161,0.4671631639133379,1.158880635866396,0.11509818084856692,0.0,1.780636392335816,0.05416384810020312
Sudan,2020-08,0.19147682609397096,0.6382560923305185,0.40062846626315785,0.7315396890393755,0.029457973631087982,0.0,1.2735664512043403,0.11783189352111156
Sudan,2020-09,0.9849446793624161,1.7095954755441682,1.0457101677036098,1.757663706130963,0.1360420820152367,0.0,1.3277706838291314,0.4543805909713404
Sudan,2020-10,0.8138189247708131,1.2207283445502626,0.467456141383225,1.708663470106313,0.08013533952533167,0.0,1.9935890734094917,0.23506367069441725
Sudan,2020-11,0.9286818746617704,0.6474681102507731,0.7305759418728257,1.1364515213930229,0.08697332822767682,0.0,1.4012369355068612,0.04928488947139544
Sudan,2020-12,0.3006442407716535,0.43575519638940585,0.7766642223987115,0.8222978118389405,0.0,0.0,1.1086256399735148,0.08052970667000715
Sudan,2021-01,1.469001560996929,0.9818242197183169,0.7959166861138683,1.1901402886483528,0.02489833161025811,0.0,1.3685783512286496,0.044816998501784375
Sudan,2021-02,1.4117989705024259,1.3681350416054725,1.1721327399479915,1.2293809686941588,0.08732777065883951,0.0,1.565107745470988,0.08732777065883951
Sudan,2021-03,0.829070549113406,1.2508445165261075,0.6466557093240999,1.6571758932997778,0.05790946771769134,0.0,0.734485110318116,0.0
Sudan,2021-04,1.0825561042865648,0.8811272288400476,0.7938083021184758,0.981345508620262,0.24409605485959518,0.01488390572286168,1.357412108491268,0.06846596632516373
Sudan,2021-05,0.5359342996201232,0.9271047270077002,1.0882956682284395,1.0636550492063654,0.0,0.0,1.0821355804825343,0.0
Sudan,2021-06,0.5183522215153261,0.5368996484420149,0.6628270351303202,0.9615384335057594,0.16985552124306916,0.0,0.6267083337314525,0.07907067648203825
Sudan,2021-07,0.4302273835036781,0.6921533705327686,1.0800267321851316,1.0020062398890994,0.03343736058013821,0.0,0.6620597475161614,0.0
Sudan,2021-08,0.38341463795746344,0.6624390141475123,0.5736585381125854,0.9248780412280976,0.0,0.0,0.4770731897834147,0.46243902964565853
Sudan,2021-09,0.3552991251190403,0.40489928110658974,0.5132098468369268,0.8128353071123595,0.1032493195508655,0.0,1.603401227527179,0.04251442457637413
Sudan,2021-10,0.8840336092590477,0.7249299693790476,0.7742296880857142,0.9759103686628571,0.05042016788571429,0.0,3.26386564187619,0.30252100831809525
Sudan,2021-11,0.07886191984722438,0.3958558898364002,0.38967063608350083,0.9556208510351012,0.0,0.0,2.509664567738364,0.05566723559053657
Sudan,2021-12,0.3808872197293876,0.5656289245723571,0.25658570741430037,0.7298437895993841,0.18816284615018816,0.0,1.5167066264057476,0.0
Sudan,2022-01,0.12298959831598866,0.3647640152544938,0.2522863450993378,0.43414275677010405,0.015767896756859034,0.0,1.7954379267335225,0.029433406677388835
Sudan,2022-02,0.630427795384368,0.7086951903740752,0.19298809909134768,0.9166934754522355,0.11257639138758443,0.0,1.9974268072750079,0.19298809909134768
Sudan,2022-03,1.0288319608240513,2.2548052908191227,0.3277476544110399,2.211680654556925,0.37333660993987183,0.0,4.0426318895929025,0.0
Sudan,2022-04,0.35996572892714973,0.22093134465250927,0.17712599151357014,0.4637653608597277,0.022854967552804493,0.0,0.8742024677737358,0.0
Sudan,2022-05,0.6853361548372917,0.8566702256373626,0.9216589863881602,1.043365262010989,0.10634526793016659,0.0,2.6101857000265865,0.138248851618575
Sudan,2022-06,1.2718637996189044,1.2313216691312405,1.702768446973937,1.5382833034548824,0.13900150632549518,0.0,2.934090221360593,0.05212556512266882
Sudan,2022-07,0.7276780108519733,0.4733184784035663,0.7866789034409334,1.2075521378597087,0.0,0.0,2.127966497241904,0.0
Sudan,2022-08,1.2406919514537746,0.6713254716075152,0.5876961871087181,1.048230059275862,0.0,0.0,2.5020048619154545,0.33680833561690915
Sudan,2022-09,0.9738636068390908,0.45681818225454546,0.5284090910245455,1.022727297091818,0.17045454516818181,0.0,3.090908931226364,0.0
Sudan,2022-10,0.9898087345062124,0.667318169218484,0.44394805573754015,1.2355158585324584,0.20940946508166966,0.0,3.3184421104464605,0.20103308186234814
Sudan,2022-11,0.6589980767482262,0.5439690427404859,0.26445926007439263,1.125564364371533,0.139754894342722,0.0,2.071597490599441,0.3031606190733176
Sudan,2022-12,0.7746184443236462,0.5969057120635584,0.3230190337445118,0.7181685185030318,0.09408321137361489,0.0,2.1043277454317377,0.15680535228935813
Sudan,2023-01,0.9492652784095248,0.6521506075739569,0.3217848332138797,0.7604848181353642,0.3217848332138797,0.0,1.7665987806924812,0.0
Sudan,2023-02,1.0427226919907315,0.7791455636419986,0.6256336097795799,0.8732802375832006,0.5648081098288197,0.0,2.021723477062419,0.0
Sudan,2023-03,0.5617977757288873,0.5630059242363176,0.3189561388851033,0.7357738346357376,0.26458862053932586,0.0,1.4498006495106923,0.0
Sudan,2023-04,0.7433016719101123,0.5718813133967156,0.319792567744166,0.7649092535868627,0.12964563543647362,0.0,1.6551426593604148,0.12964563543647362
Sudan,2023-05,2.176599571871636,0.964719982985848,0.6218855899541559,2.2902133434163843,0.0,0.0,2.1646402495993624,0.0
Sudan,2023-06,0.8211607239362417,0.6020529159026845,0.21910777993959732,2.0923806756812082,0.17765496375838927,0.0,0.9889459495369127,0.15988946637919463
Sudan,2023-07,1.1601514198355052,0.6277147283225444,0.25080566154630796,1.3969454928995375,0.19756200584195038,0.0,1.0536640351710802,0.08126664099985988
Sudan,2023-08,0.8386535243763783,0.4425420851387655,0.19733024026436446,1.437898980824488,0.1523505551543819,0.0,0.8879860926996518,0.06529309306442252
Sudan,2023-09,1.4721586143377576,1.8093058795977115,0.1876430239867277,2.67582003718627,0.4759725516439359,0.0,0.7292143683281466,0.16018306633592677
Sudan,2023-10,0.9002704542007317,1.3535867911754416,0.5535231499984095,2.1011611810815967,0.20041354638142198,0.0,0.8493717472785113,0.0
Sudan,2023-11,0.7643593744587628,0.8276877735889544,0.45949927489882175,3.7879234453219444,0.5139911859108984,0.0,1.2341679251589102,0.06185567094226803
Sudan,2023-12,1.8348624744182864,1.2082102433556212,0.6111024493490903,4.25128300255419,0.4213963376995801,0.0,1.438345532054424,0.046649043354066236
Sudan,2024-01,1.8372591834321197,0.7708779406445396,0.7351891238222698,3.309065048570878,0.37830121348008566,0.29978586764582443,0.9122056064942184,0.06423982913961455
Sudan,2024-02,1.7571324125581567,1.1280175622560351,0.9583028773897044,4.340892581481275,0.5106071634277982,0.0,1.4089246654694954,0.02194586681199707
Sudan,2024-03,2.0459739504830297,0.6707890956123134,0.46377202196150397,3.001747632356626,0.2580992038741766,0.0,0.8065600338889635,0.14921360875386477
Sudan,2024-04,1.3705520555001887,1.0738086565251495,0.6161197089519533,3.210109479357353,0.21501320687966805,0.1508864580912863,0.8701119435333835,0.015088646834024895
Sudan,2024-05,1.4951551845762467,1.0707715150067776,0.2894640091053459,3.6023551136339846,0.15945050909922726,0.036796271712130506,1.209370820228505,0.10425610787138127
Sudan,2024-06,1.5250578385369886,0.6260601444342329,0.4024672232615089,2.6646108231659342,0.015420200923053197,0.0,1.3662297627460296,0.1295296781995374
Sudan,2024-07,1.2976276259398238,1.2580876952485467,0.7979870210628907,4.527918005909219,0.33069733008382807,0.0,0.7129163903032453,0.5859094354795111
Sudan,2024-08,1.097046477804557,0.9333333526899579,0.1012658232722363,1.58312238175865,0.05063291113451476,0.0,1.6253165073093672,0.3797468350136709
Sudan,2024-09,1.5919892541142229,0.9029192332043449,0.3360488834029192,1.4613034684770876,0.10183299363475899,0.0,1.2423625590123897,0.1985743431982349
Sudan,2024-10,0.8050847513874471,0.8924788212370233,0.3866525393691737,3.3342163123697373,0.25820974556250004,0.0,0.9083686461912076,0.0357521197309322
Sudan,2024-11,0.6755327016510504,0.8432824424104579,0.8946652679582893,1.1591355714039593,0.15112589170621127,0.0,0.8387486887108961,0.0
Sudan,2024-12,0.3729012181464272,0.8219445606372511,0.5857087266390083,1.4642718009916051,0.0,0.0,1.253416686183327,0.0
Sudan,2025-01,0.7429453429999999,1.0802469377321429,0.16534391514384922,1.0681217176567461,0.0,0.0,0.6779100736964286,0.0
Sudan,2025-02,0.19243530775547446,0.4893828841240876,0.27372262801094893,0.8941606010948905,0.0,0.0,0.7813537212591242,0.0
Sudan,2025-03,0.5120630353028065,0.3774823642639094,0.17232890184966354,0.7894304964631544,0.0,0.0,0.9158050484194978,0.0
Sudan,2025-04,0.8119079984047513,0.6871147313351376,0.6059239171538114,1.049466263107803,0.30070666069012175,0.0,0.857014001268982,0.0
Sudan,2025-05,0.8595565206095036,1.522703306273284,0.6082365409241817,1.993664269928617,0.3548046553875396,0.25343189054825765,2.439281958429567,0.0
Sudan,2025-06,0.6453804591292459,0.6589673986421535,0.2445652185942595,1.3043478174543142,0.33118206565506114,0.0,0.7897418757253737,0.25475543465625
Sudan,2025-07,1.5472253159338478,1.0823226856538037,0.5843439943197354,1.9753767081631752,0.0220507170893054,0.0,1.3065049732127894,0.7111356258787211
Sudan,2025-08,0.7435229334116203,0.9029587550320405,0.8922274810632576,1.5299708935222487,0.2529510965899126,0.0,1.2371608423112066,0.13797332513782
Sudan,2025-09,0.553826002562674,0.6357529153203343,1.130591511977716,1.7253809628969359,0.19170899197771585,0.0,1.4943471021727017,0.2113714619498607
Sudan,2025-10,0.9378703373786402,1.3949551599891026,1.0309802028034534,2.058574607691151,0.3250380867120366,0.0,1.5540883888471304,0.1726764862001016
Sudan,2025-11,0.4991722979345473,0.6328791555685724,0.36037183760091684,1.51279772298994,0.3807462132790016,0.0,1.2835859115701007,0.0649433355781084
Sudan,2025-12,0.5105678805989304,0.42398778819251337,0.38961039471657755,2.4713521793155078,0.309396488,0.0,0.8670741103315509,0.33231474562566843
Tanzania,2015-01,0.0,0.0,1.0256410662564102,1.0256410662564102,2.0512821325128203,0.0,0.0,0.0
Tanzania,2015-02,0.0,0.0,0.8391608725174826,0.8391608725174826,1.6783217450349652,0.0,0.0,0.0
Tanzania,2015-03,0.0,0.0,1.3114754613989072,1.3114754613989072,1.3114754613989072,0.0,0.0,0.0
Tanzania,2015-04,0.0,0.6349206596402116,0.6349206596402116,1.2698413204761907,1.2698413204761907,0.0,0.0,0.0
Tanzania,2015-05,0.0,0.0,0.8633093870071944,0.8633093870071944,1.7266187740143888,0.0,0.0,0.0
Tanzania,2015-06,0.0,0.0,1.4285714850000002,0.7142857425000001,1.4285714850000002,0.0,0.0,0.0
Tanzania,2015-07,0.0,0.0,0.9375000372656251,1.8750000745312503,1.8750000745312503,0.0,0.0,0.0
Tanzania,2015-08,0.0,0.0,0.9448819275590551,0.9448819275590551,1.8897638551181102,0.0,0.0,0.0
Tanzania,2015-09,0.0,0.0,0.8053691591677853,0.8053691591677853,1.6107383196174496,0.0,0.0,0.0
Tanzania,2015-10,0.0,0.0,0.526315811,1.5789474317412278,1.052631620741228,0.0,0.0,0.0
Tanzania,2015-11,0.0,0.0,1.0212766364765957,0.5106383176170213,1.0212766364765957,0.0,0.0,0.0
Tanzania,2015-12,0.0,0.0,0.718562902526946,0.718562902526946,1.437125805053892,0.0,0.0,0.0
Tanzania,2016-01,0.0,0.7281553392087379,1.8932039304466017,1.8932039304466017,1.1650485899126213,0.0,0.0,0.0
Tanzania,2016-02,0.0,1.9796954797461928,1.3705583999847717,1.3705583999847717,1.9796954797461928,0.0,0.0,0.0
Tanzania,2016-03,0.0,0.0,0.6382978976063831,0.6382978976063831,1.2765957952127662,0.0,0.0,0.0
Tanzania,2016-04,0.0,0.0,0.7500000299187499,1.5000000598374998,1.5000000598374998,0.0,0.0,0.0
Tanzania,2016-05,0.0,0.6030150994974874,0.6030150994974874,1.2060301989949749,1.2060301989949749,0.0,0.0,0.0
Tanzania,2016-06,0.0,0.0,0.6417112554545455,1.4438502934812834,1.283422510909091,0.0,0.8021390380267379,0.0
Tanzania,2016-07,0.764331240611465,1.52866248122293,0.764331240611465,0.764331240611465,1.52866248122293,0.0,0.0,0.0
Tanzania,2016-08,0.0,0.0,0.8333333658333335,2.5000000990833335,1.6666667332499998,0.0,0.0,0.0
Tanzania,2016-09,0.0,0.805369159986577,0.805369159986577,0.805369159986577,1.610738318375839,0.0,0.805369159986577,0.0
Tanzania,2016-10,0.0,0.0,0.7643312403821656,0.7643312403821656,1.5286624807643312,0.0,0.0,0.0
Tanzania,2016-11,0.0,0.8510638632198583,5.106383011886525,7.6595747721985825,1.7021277264397165,0.0,0.0,0.0
Tanzania,2016-12,0.0,0.0,1.6564417468220858,4.601227285957055,0.0,0.0,0.0,0.0
Tanzania,2017-01,0.0,0.0,0.7792208104740259,0.0,0.7792208104740259,0.0,0.0,0.0
Tanzania,2017-02,0.0,0.0,0.0,0.8000000316,0.8000000316,0.0,0.0,0.0
Tanzania,2017-03,0.0,0.8163265630680273,0.8163265630680273,0.8163265630680273,0.8163265630680273,0.0,0.0,0.0
Tanzania,2017-04,0.0,0.0,0.0,0.9230769604615385,0.9230769604615385,0.0,0.0,0.0
Tanzania,2017-05,0.0,0.0,0.0,2.3076923995384613,0.7692307998461538,0.0,0.0,0.0
Tanzania,2017-06,0.0,0.0,0.0,0.8450704557887323,0.8450704557887323,0.0,0.0,0.0
Tanzania,2017-07,0.0,0.0,0.0,0.9756097955121952,0.0,0.0,0.0,0.0
Tanzania,2017-08,0.0,0.0,0.0,0.0,0.9836065968770492,0.0,0.0,0.0
Tanzania,2017-09,0.0,0.0,0.0,1.4285714857142857,0.7142857428571429,0.0,0.0,0.0
Tanzania,2017-10,0.0,0.0,0.0,0.0,0.967741973483871,0.0,0.0,0.0
Tanzania,2017-11,0.0,0.0,0.0,0.0,0.9160305714503817,0.0,0.0,0.0
Tanzania,2017-12,0.0,0.0,0.0,0.36036037459459463,0.36036037459459463,0.0,0.0,0.0
Tanzania,2018-01,0.0,0.0,0.43222004860903734,0.6679764428133595,0.2357563942043222,0.0,0.0,0.0
Tanzania,2018-02,0.0,0.0,0.0,0.610687047442748,0.305343523129771,0.0,0.0,0.0
Tanzania,2018-03,0.0,0.0,1.6806722690532214,1.0924370020392158,0.33613446723809526,0.0,1.6806722690532214,0.0
Tanzania,2018-04,0.0,0.0,0.0,0.39867111221262463,0.39867111221262463,0.0,0.0,0.0
Tanzania,2018-05,0.0,0.0,0.0,0.37037038499999997,0.37037038499999997,0.0,0.0,0.0
Tanzania,2018-06,0.0,0.0,0.0,1.2949640806978417,0.431654693147482,0.0,0.0,0.0
Tanzania,2018-07,0.0,0.524017488209607,1.572052464628821,1.572052464628821,0.524017488209607,0.0,0.0,0.0
Tanzania,2018-08,0.0,0.0,0.0,0.47244096377952755,0.47244096377952755,0.0,0.0,0.0
Tanzania,2018-09,0.0,0.0,0.0,0.9411765076392158,0.4705882538196079,0.0,0.0,0.0
Tanzania,2018-10,0.0,0.0,0.0,1.882353016556863,0.4705882538196079,0.0,0.4705882538196079,0.0
Tanzania,2018-11,0.0,0.6153846391897436,0.0,2.4615385594871797,0.6153846391897436,0.0,0.0,0.0
Tanzania,2018-12,0.0,0.0,0.0,0.7792208108766234,0.7792208108766234,0.0,0.0,0.0
Tanzania,2019-01,0.0,0.0,0.0,1.1764706344362748,0.5882353178921569,0.0,0.0,0.0
Tanzania,2019-02,0.0,0.0,0.0,0.6000000243300001,0.6000000243300001,0.0,0.0,0.0
Tanzania,2019-03,0.0,0.0,0.0,1.2307692793846152,0.6153846396923076,0.0,0.0,0.0
Tanzania,2019-04,0.0,0.0,0.0,0.0,0.0,0.0,0.0,0.0
Tanzania,2019-05,0.0,0.0,0.0,1.8556701768041235,0.618556726056701,0.0,0.0,0.0
Tanzania,2019-06,0.0,0.0,2.3762377180396035,3.564356459480198,0.5940594295099009,0.0,0.0,0.0
Tanzania,2019-07,0.0,0.0,0.0,1.0762332265560537,0.5381166139372198,0.0,0.0,0.0
Tanzania,2019-08,0.6060606301414142,0.0,0.0,0.6060606301414142,0.6060606301414142,0.0,0.0,0.0
Tanzania,2019-09,0.0,0.0,0.0,0.5633803039999999,0.5633803039999999,0.0,0.0,0.0
Tanzania,2019-10,0.0,0.0,0.0,0.66298345160221,0.66298345160221,0.0,0.0,0.0
Tanzania,2019-11,0.0,0.0,0.0,0.5555555782777778,0.5555555782777778,0.0,0.0,0.0
Tanzania,2019-12,0.0,0.0,0.0,1.105990826764977,0.5529954133824885,0.0,0.0,0.0
Tanzania,2020-01,0.0,0.0,0.0,0.9411765076392158,0.4705882538196079,0.0,0.0,0.0
Tanzania,2020-02,0.0,0.0,0.0,0.5357143076428572,0.5357143076428572,0.0,0.0,0.0
Tanzania,2020-03,0.0,0.0,0.4669260888093385,1.8677043539571985,0.4669260888093385,0.0,0.0,0.0
Tanzania,2020-04,0.0,0.0,0.0,0.7692307994487181,0.7692307994487181,0.0,0.0,0.0
Tanzania,2020-05,0.0,0.0,0.0,0.7692307994487181,0.0,0.0,0.0,0.0
Tanzania,2020-06,0.0,0.0,0.0,0.0,0.0,0.0,0.0,0.0
Tanzania,2020-07,0.0,0.0,0.0,0.7692307994487181,0.7692307994487181,0.0,0.0,0.0
Tanzania,2020-08,0.0,0.0,0.0,0.7692307994487181,0.0,0.0,0.0,0.0
Tanzania,2020-09,0.0,0.0,0.0,0.7692307994487181,0.0,0.0,0.0,0.0
Tanzania,2020-10,0.0,0.0,0.0,0.7692307994487181,0.0,0.0,0.0,0.0
Tanzania,2020-11,0.0,0.0,0.0,0.7692307994487181,0.0,0.0,0.0,0.0
Tanzania,2020-12,0.0,0.0,0.0,0.7692307994487181,0.0,0.0,0.0,0.0
Tanzania,2021-01,0.0,0.0,0.0,0.7692307994487181,0.0,0.0,0.0,0.0
Tanzania,2021-02,0.0,0.0,0.0,0.8955224237686567,0.0,0.0,0.0,0.0
Tanzania,2021-03,0.0,0.0,0.0,0.7692307994487181,0.0,0.0,0.0,0.0
Tanzania,2021-04,0.0,0.0,0.0,0.7692307994487181,0.0,0.0,0.0,0.0
Tanzania,2021-05,0.0,0.0,0.0,0.7692307994487181,0.0,0.0,0.0,0.0
Tanzania,2021-06,0.0,0.0,0.0,0.6122449221428571,0.0,0.0,0.0,0.0
Tanzania,2021-07,0.7058823810058824,0.0,0.0,0.0,0.0,0.0,0.0,0.0
Tanzania,2021-08,0.0,0.659340686021978,0.0,0.0,0.0,0.0,0.0,0.0
Tanzania,2021-09,0.0,0.6741573301685394,0.0,2.191011290174157,0.8426966298370786,0.0,0.0,0.0
Tanzania,2021-10,0.0,0.7947020181456953,0.0,0.7947020181456953,0.0,0.0,0.0,0.0
Tanzania,2021-11,0.0,0.0,0.0,0.7643312403821656,0.0,0.0,0.0,0.0
Tanzania,2021-12,0.0,0.8163265632653062,0.0,0.8163265632653062,0.0,0.0,0.0,0.0
Tanzania,2022-01,0.0,0.0,0.0,0.0,0.0,0.0,0.0,0.0
Tanzania,2022-02,0.0,0.0,0.0,1.7391305033333335,0.0,0.0,0.0,0.0
Tanzania,2022-03,0.0,0.0,0.0,2.3076924,0.0,0.0,0.0,0.0
Tanzania,2022-04,0.0,3.061224489489796,0.0,6.326530742142858,0.0,0.0,0.0,0.0
Tanzania,2022-05,0.0,1.102941176235294,0.0,2.8676471289632355,0.0,0.0,0.0,0.0
Tanzania,2022-06,1.0563380284507042,1.0563380284507042,3.3802818252112674,1.9014084843661971,0.0,0.0,0.0,0.0
Tanzania,2022-07,0.7692307689025643,1.384615408574359,0.0,0.6153846396717948,0.0,0.0,0.7692307689025643,0.0
Tanzania,2022-08,3.320463468209459,2.316602248030888,2.0270270272972972,8.65830178432915,1.2451737078861005,0.0,0.24131274170366793,0.7239382240347491
Tanzania,2022-09,4.7052893648025185,1.9798490202332495,1.8136020146191436,8.458438291819647,1.1788412907566752,0.0,1.3098236777471033,0.3022670029586902
Tanzania,2022-10,3.9074198577426817,3.6759700476269574,4.799183117881553,9.00612661376149,1.2253233495602451,0.0,0.8168822323376447,1.6541865995697753
Tanzania,2022-11,4.555342095214332,2.847088931109405,3.6148434483288545,6.570697181976968,1.0364683792603966,0.0,0.3838771593333334,3.448496579027511
Tanzania,2022-12,5.3169734147955,3.885480572229039,4.22631220196319,11.80640763773006,1.8064077641820042,0.0,0.08179959425357873,1.2133605473415137
Tanzania,2023-01,5.822689707122464,3.2456799973703987,1.0217880866867017,8.677686183095416,1.5101427788880544,0.0,0.6611570388129224,0.20285499936889556
Tanzania,2023-02,6.371923567082954,1.7775752049462172,3.9288968526071106,9.790337422413856,0.9845032078632635,0.0,0.10938924822060166,2.3701002736244305
Tanzania,2023-03,4.077726394589327,3.2018561926357307,2.26218097499304,9.663572914598607,1.6067285820232018,0.0,0.9396752186960555,0.13921114288631087
Tanzania,2023-04,4.587791160075519,2.838262961998742,2.7438639691780997,8.697293898220265,0.7929515656135934,0.0,0.9062303094071744,1.0195091732410322
Tanzania,2023-05,2.88739657605217,2.029958834883781,2.3863637246265497,7.820248098847624,0.8729338646017564,0.0,1.9989667842117769,0.4958677885614669
Tanzania,2023-06,3.7168141592920354,3.681416018916814,3.050147537179941,9.309733792849556,1.7522124343882006,0.28318585248849554,1.557522214060177,0.513274325257817
Tanzania,2023-07,2.411308203931264,2.394678323131929,2.4445677546651883,8.697339423642811,1.8902438181286034,0.0,0.6097561503226164,0.48226163003215083
Tanzania,2023-08,3.9416056877372263,4.625082744078302,2.269409425850033,10.802920112740544,1.63238224140146,0.09953550081751825,1.3669542388679496,0.3782348912302588
Tanzania,2023-09,2.304635963658278,2.794701784148344,2.145695496389404,7.874171985965563,1.3112582276662252,0.0,0.8741721725642384,0.2582781517668874
Tanzania,2023-10,3.3387095949962364,3.408602232765054,3.327957032365591,7.118279575166129,1.0645160876231183,0.0,0.19354839518225805,0.8064516131666667
Tanzania,2023-11,2.435129639305389,2.4550899220838325,2.5548900670898207,7.238855825389222,1.0578842058443112,0.0,0.09980039940119761,0.825016671784431
Tanzania,2023-12,3.5059172728616868,2.3076923644541423,2.1893491405140533,11.198224629060652,1.4201183996168643,0.0,0.5177514791434912,0.8653846017470413
Tanzania,2024-01,2.3916532295634028,1.9261636669670947,1.3001605177752809,6.749598841841895,1.2520064509285713,0.0,0.5537720784967898,0.3370786360377207
Tanzania,2024-02,4.977138925323971,4.284781088779883,3.10907893354017,8.732854346255388,1.6851730398033964,0.0,0.3135205868164599,0.5486610434095361
Tanzania,2024-03,4.2822965594061,4.467703352628589,2.9724880837769136,7.781100758464714,0.42464117150358854,0.0,0.287081351520933,1.0406698336692584
Tanzania,2024-04,4.32387274,1.9949916208873122,3.505843071619366,10.141903052361435,0.5008347240709515,0.0,0.7762938389123539,1.5025041732537563
Tanzania,2024-05,2.8748180496506546,2.0742358083551675,2.8165938898981078,11.360990041775839,1.812227185065502,0.0,0.6550218341630276,0.5458515282969433
Tanzania,2024-06,6.86716818244528,4.043442065925647,5.004177176817878,11.779448122431077,1.2030074870401002,0.0,1.587301587027569,1.2030074870401002
Tanzania,2024-07,5.407015019585705,4.394440569020516,4.559894021571145,13.20979486464593,1.4824619207822636,0.0,1.1515552363375245,1.1714097129636003
Tanzania,2024-08,5.126865444298508,4.738805970417911,5.22388038330597,16.447761662985073,1.9477613644328358,0.0,0.8731343141417911,1.1865671360820895
Tanzania,2024-09,3.939766347285803,2.0528581150620777,4.314689425427167,10.473263871444377,2.5076830394787955,0.0,0.7744314925814382,1.5673017823810693
Tanzania,2024-10,0.0,0.0,0.0,0.3727272861454546,0.0,0.0,0.0,0.0
Tanzania,2024-11,0.0,0.29791459771996026,0.5362462379344588,0.585898695181728,0.0,0.0,0.0,0.0
Tanzania,2024-12,3.596273386240994,4.0372670808968945,5.136646069770186,10.105589694637267,1.4534161250496895,0.0,0.6521739129726708,0.5031055550273291
Tanzania,2025-01,2.664211265685697,3.3026398439969307,3.9533454702627373,10.52179271159607,1.0497237805561694,0.0,0.902394094922038,0.6998158732872929
Tanzania,2025-02,3.0028012482436974,2.084033655752941,3.910364156378151,10.162465338257142,0.8739495482168067,0.0,0.6050420804672269,1.0756302951042016
Tanzania,2025-03,2.559322206632768,2.016949195175141,2.3898306810395478,9.491525801333333,1.4745761847457628,0.0,0.7627118646553672,0.45762714018079087
Tanzania,2025-04,2.475903522713253,3.024096388298795,3.7891567184963857,7.71686766487229,1.716867470293976,0.0,1.6445783821975906,0.30722893862168676
Tanzania,2025-05,2.033898346332969,2.8922909527922362,2.3127393687435758,8.463641018683981,0.49207217070530346,0.0,0.9513396129021323,0.49207217070530346
Tanzania,2025-06,4.431166201778203,4.115678338489484,6.6156786324378585,11.15678764416826,1.634799271883365,0.0,1.7256213424378586,0.8604206497609942
Tanzania,2025-07,3.2747681049780377,3.489507076896047,4.773059956749634,11.371401134260616,1.4787701876281114,0.0,1.7276721099999997,0.6149341331478769
Tanzania,2025-08,2.919254585280459,2.9144768276445294,3.268036020200668,10.860009702914477,1.2900144469679884,0.0,1.4763497188494983,1.1180124957305302
Tanzania,2025-09,5.542056003515889,4.285046586633645,4.056074909411215,10.78504644717757,2.3130841124355146,0.0,1.981308482057944,1.0373832136766354
Tanzania,2025-10,4.8834802205235635,4.282755052064216,4.085965751641118,8.969446848832728,1.7089590882506471,0.0,2.5841533677887103,1.1962712826059037
Tanzania,2025-11,3.2784726295628706,3.996050082725477,4.976958738847927,9.420672303819618,1.4219880501421989,0.0,4.917708818629362,0.31599737895852537
Tanzania,2025-12,4.09193692971364,4.672192916119065,5.335342892660136,9.510173218965337,2.1250942553624714,0.0,5.5840245749487565,1.0851544552373775
Togo,2015-01,0.0,0.9090909089999999,0.0,2.363636421,0.727272756,0.0,3.6363636359999996,0.0
Togo,2015-02,1.5859031465550661,2.6431718057973566,5.2863436125991194,10.969163355594713,2.6431718057973566,0.0,6.47577126153304,0.0
Togo,2015-03,0.0,0.0,6.393442779,7.909836241,3.073770492,0.0,6.024590477,0.0
Togo,2015-04,1.601423488,0.0,1.7081851209999999,0.854092561,0.533807829,0.0,8.540925267,0.0
Togo,2015-05,4.384236500000001,0.9852216749999999,10.591132999999997,2.512315341,5.172413793,0.0,17.14285865,0.0
Togo,2015-06,0.0,0.0,7.959183868000001,4.285714456,6.122448979999999,0.0,9.795918757,0.0
Togo,2015-07,0.0,0.0,9.315789875,7.421052707,0.631578972,0.0,1.263157945,0.0
Togo,2015-08,3.174603175,3.174603175,14.76190519,5.396825422,0.0,0.0,7.301587907,0.793650794
Togo,2015-09,0.75,0.0,8.25,4.350000143,1.850000024,0.0,12.90000105,0.0
Togo,2015-10,3.857143039,0.0,3.333333333,7.857142744000001,1.142857188,0.0,3.857143039,0.0
Togo,2015-11,0.0,0.0,9.014777949,3.694581398,5.615763359,0.0,13.00492592,5.911330049000001
Togo,2015-12,0.0,0.0,0.648648674,2.4864865639999993,0.810810811,0.0,2.756756963,0.648648674
Togo,2016-01,0.0,0.0,9.672130915418736,7.103825266639345,4.590163986923497,0.0,10.655737708360656,0.0
Togo,2016-02,0.6493506496190476,0.0,20.12987053924898,18.65800882178194,4.675324757740261,0.0,7.532468192543846,0.0
Togo,2016-03,2.083333333556818,2.272727272780303,6.060606240867423,15.795455290378788,4.545454545560606,0.0,9.772728155473052,0.45454547302272724
Togo,2016-04,10.723270260015724,7.547169811732704,20.094340099559748,27.830188678212668,3.4905661580031446,0.0,14.52830227352129,1.8867924528018867
Togo,2016-05,0.599999999536,4.1999999999440005,8.720000076816,11.15999984624,4.8000001910000005,0.0,8.360000324368,1.799999999672
Togo,2016-06,0.9876543599670782,1.8518518518518519,13.415638018106995,13.539095672098764,0.0,0.0,10.24691342327572,0.411522633744856
Togo,2016-07,1.048034975982533,0.6550218340611353,5.938864795851528,11.004366935348843,2.096069951965066,0.0,2.9694323973799124,0.0
Togo,2016-08,3.206106906564886,2.4809160300763358,22.290077287505778,15.15267132378484,3.3206106141984733,0.0,9.045801177582113,0.0
Togo,2016-09,1.7937219731121077,2.017937219479821,9.73094204613453,11.345291670224217,4.170403779946188,0.0,6.053811659524663,0.6726457401883408
Togo,2016-10,5.665236072008583,2.5751072965922748,10.643776903289758,17.253219728240342,0.5150214798841202,0.0,3.0901288782446352,0.0
Togo,2016-11,12.798354161501585,3.0864197535185185,19.50617229320988,27.572018030377066,7.407407407530864,0.0,14.074073402112168,0.0
Togo,2016-12,6.345381603036144,2.4096385538554213,15.662650602650602,14.538152629959841,10.12048185159036,0.0,7.83132558880172,0.0
Togo,2017-01,10.632911613924051,8.185653847046412,6.835443058016879,32.70042324894515,15.40084388185654,0.0,4.936709283522722,0.0
Togo,2017-02,5.447760980597015,6.268656432238806,10.746268908170784,16.865672457070467,3.1343284829538374,0.0,5.671641809253732,2.6865672713432835
Togo,2017-03,12.188366175872577,3.019390475700831,8.393352117689751,14.542936355271545,4.265928004587257,0.0,9.639889183633318,2.493074791811634
Togo,2017-04,5.559566993267148,0.8664260268231048,8.953068316209386,16.425993557857446,3.357400877442702,0.0,7.942238181070862,0.0
Togo,2017-05,5.636363462836363,2.7272727271636366,17.454546150029607,14.999998921249476,6.818181817671038,0.0,2.8636364503164926,0.0
Togo,2017-06,9.572649409111111,8.803418966333332,9.230768986666668,15.299145582285835,3.8461538457777777,0.0,4.786325112,0.0
Togo,2017-07,27.850877191403505,22.192981788421054,9.64912322722155,34.21052767578948,0.5263158100701754,0.0,2.631579051412281,0.0
Togo,2017-08,7.15789460297544,16.49122807185965,6.3157894736,26.771928976,1.5789473681403507,0.0,14.210527321648318,0.0
Togo,2017-09,6.9999998808,7.062500119003124,10.968749824875001,8.218750134009374,2.7187500145465164,1.4062499996625,19.40624795451964,0.0
Togo,2017-10,5.1572325849402505,3.6163522015786165,18.553458816393167,25.314465188301888,5.188679245471699,0.0,17.830189521703232,0.0
Togo,2017-11,4.41441428540991,1.2837837943851351,16.46396319364865,12.5675669619249,4.662162119522523,1.6216215784594596,15.743242563408236,1.0135135140472973
Togo,2017-12,3.7692307207641025,3.3846153355897437,11.615384423717948,15.07692306249553,3.000000256904833,0.0,18.538462690293397,0.0
Togo,2018-01,9.033333224072095,3.1333332059266663,17.700000765966667,22.000000396143427,5.000000079446282,0.0,22.100000382626384,0.0
Togo,2018-02,1.929260449749196,0.482315112437299,19.292603580770226,15.530547599715849,4.630225034688103,0.0,6.655948261839229,0.0
Togo,2018-03,2.6684635086145554,2.021563342778976,21.10512006274933,17.196765612164494,3.0727763056495956,1.617250673587601,20.2964958115809,2.021563342778976
Togo,2018-04,12.316784961087473,5.6973996172860515,12.978722857966902,23.735223873711586,3.8297871888605206,0.0,13.404255669369403,1.4184397162222222
Togo,2018-05,3.1147541435456674,2.9508197609367683,9.859484864933288,28.149882914473068,4.145199130112412,0.0,21.17095953474212,0.0
Togo,2018-06,2.436548320203046,1.5228426392893402,19.61928914680203,22.233502941319795,1.827411179269036,0.0,16.979695458274108,0.6091370795329949
Togo,2018-07,2.807486631,2.406417112,21.069519019999998,19.94652448,2.647058785,0.0,12.3529417,0.0
Togo,2018-08,2.755102029,2.1428570459999996,11.6581637,11.275510699999998,2.5255103500000002,0.0,13.622449610000002,0.0
Togo,2018-09,8.43450467,6.613418774,13.38658226,20.766773850000003,3.354632588,1.437699681,8.146965237,0.383386597
Togo,2018-10,5.155875299904078,1.606714582791367,10.14388493731415,17.91366999007194,3.597122358882494,0.0,18.417268400719426,2.8776978415971226
Togo,2018-11,1.7608695962086953,2.4782607867913042,14.456521995684534,23.152173390858444,6.956522153395651,0.0,22.41304443921739,0.0
Togo,2018-12,0.9316770189275363,1.304347865536232,9.171843084895475,14.55486447257066,0.24844721498550723,0.0,13.62318868782224,0.0
Togo,2019-01,1.9083969462569976,3.129770798455471,19.9745547029771,12.773536606030536,1.4503816910610687,0.0,14.809160137938932,0.0
Togo,2019-02,2.341597796,1.404958717,14.82093669,18.09917357,4.462809865,0.0,12.39669389,0.0
Togo,2019-03,2.931034389,0.0,8.645320056,14.43349792,2.438423786,0.0,10.12315298,1.108374384
Togo,2019-04,4.779411765,0.367647059,8.60294127,15.759803330000004,3.382352988,0.0,13.11274627,0.0
Togo,2019-05,5.258620813,3.749999918,13.21120714,23.75000104,5.129310385999999,0.0,13.29741437,1.2931034479999999
Togo,2019-06,6.917960258,3.658536585,29.40133215,25.65410201,5.144124338,0.0,22.4833692,2.039911266
Togo,2019-07,4.891304348,3.5869565220000004,15.63043449,21.04347861,2.956521822,0.0,15.19565214,0.326086957
Togo,2019-08,3.9041095669999994,3.698630148,12.67123375,19.77168877,2.191780909,0.0,15.98173516,1.369863014
Togo,2019-09,9.006342374000003,1.902748414,15.70824508,21.69133306,6.532769627,2.050739917,8.456659418,1.205073955
Togo,2019-10,2.623655873,3.52688169,6.709677532,25.806453720000004,5.806451818,0.0,12.193548760000002,0.0
Togo,2019-11,6.009174159,2.568807296,11.74311928,28.39449475,4.197247531,0.0,10.18348615,0.0
Togo,2019-12,2.625,3.0,20.30000067,20.25000006,1.800000012,0.0,9.675000191,0.0
Togo,2020-01,1.162790698,3.197674419,20.31007737,21.27907041,2.209302252,0.0,11.62790772,0.23255814900000002
Togo,2020-02,7.054337486839739,1.2583412594394663,14.08960953255149,15.290753725071495,6.339370534131554,0.0,15.214489823023483,1.1916110586387036
Togo,2020-03,6.759776393832404,2.7560521766852886,19.152700610502794,23.873370009116968,10.158286991731844,0.0,17.150837905786673,2.23463687156797
Togo,2020-04,9.353612070646388,3.3840305149429657,22.484157717460725,30.08872096653992,21.939163784600762,0.0,18.9987332460076,1.901140684581749
Togo,2020-05,4.661582605,4.509056171,22.3927566,30.09532853,12.77407091,0.0,9.742612357,0.686367997
Togo,2020-06,7.595155189653337,1.9204152904307956,21.82525812633218,32.25778487724913,12.257786195190313,0.8304498600051903,15.441176308287197,1.0553633055519032
Togo,2020-07,8.174757541,5.466019343,17.5728159,32.86407797,13.66990284,0.0,12.514563069999998,0.786407758
Togo,2020-08,7.854985182181269,7.895267166018127,11.45015151879154,30.50352482329305,5.800604460226586,0.0,12.356496240634442,1.5105740186283987
Togo,2020-09,5.574112694996869,3.49686847563048,16.691023522640915,24.050104865814195,10.104384355762004,0.0,13.455114579311065,1.0647181428966597
Togo,2020-10,7.464929859318637,3.3066132259979963,12.084168567935873,22.304608996152304,9.188376925783567,0.0,10.330661931162325,0.6913827515711423
Togo,2020-11,1.9779117229357432,1.5763052013544177,11.797188756767069,14.096385244708838,5.020080416757028,0.0,7.359437865900603,1.3855421881506023
Togo,2020-12,2.698564574907177,1.2822966143799044,12.928229888593304,17.665072174593302,4.861243946258373,0.0,10.85167435721531,1.2631579446095693
Togo,2021-01,1.9651500206698933,2.0038722910609876,11.490803926311713,20.513068444975797,9.312681399829621,0.0,11.577928673320427,1.7134560272274928
Togo,2021-02,4.619826619,2.61790181,9.971126303,18.9316647,4.773821202,0.0,11.37632337,0.346487021
Togo,2021-03,4.574468085,1.808510638,9.595745168,19.925532569999998,4.840425633,0.0,11.61702075,0.510638318
Togo,2021-04,4.611830086073013,1.2014787876349353,12.550831719029574,14.70425122332094,4.380776481198707,0.0,8.807763858984288,0.3327172032264325
Togo,2021-05,3.189493523,0.562851782,12.889305959999998,15.553471140000001,2.729831091,0.0,8.489681319,2.04502816
Togo,2021-06,4.003724439,1.266294218,11.10800738,18.48230906,2.141527046,0.0,7.001862446,0.418994413
Togo,2021-07,4.039024493,1.931707336,7.619512418,16.56585426,1.697560938,0.0,5.287804673,1.024390244
Togo,2021-08,5.176358364,1.115347955,8.589132725,11.88751192,2.554814127,0.0,6.062917146,0.8865586450000001
Togo,2021-09,4.611786757,0.514499555,8.203928977,16.67913924,3.7137511510000003,0.0,7.773620063,0.36482695
Togo,2021-10,2.22118093,1.265229616,14.32052476,18.25679533,6.635426536,0.0,12.83036548,0.449859437
Togo,2021-11,4.539594904991949,1.8876611419806628,11.390423639558012,14.760589551551456,5.248618784104972,0.0,8.72007404215217,1.2707182495469613
Togo,2021-12,5.332496983,0.564617315,10.84065264,12.672522079999998,3.099121802,0.0,9.109159156,0.15056462299999998
Togo,2022-01,10.966340929098806,1.5635178734505972,10.369163741498372,14.158522815418022,3.159609265096634,0.0,11.009771734093377,2.1824104645494034
Togo,2022-02,9.404255279,0.4787234040000001,13.70212798,20.24467988,5.553191672,0.0,12.43616997,4.404255481
Togo,2022-03,15.55755396,0.4766187009999999,6.214028983000001,16.82554005,1.303956877,0.4136690559999999,9.352517643,1.402877732
Togo,2022-04,24.678536311132433,1.7705242424035608,17.220574294658753,19.772503019643917,2.1364984593590504,0.5934718097566766,10.771513312581602,3.5905044933590506
Togo,2022-05,19.80519439,1.677489177,9.534632489,20.16233771,3.5822512269999995,0.0,7.997835353,2.435065038
Togo,2022-06,13.06791529145199,0.2927400470199063,13.969555171018737,21.72131094203747,4.215456702716628,0.0,8.594847842617096,2.611241128190867
Togo,2022-07,11.73410449,0.820809238,16.12716807,21.73410374,2.705202351,0.0,10.612717340000001,1.734104046
Togo,2022-08,15.60439644298535,0.8241758239706961,12.124542966446887,15.51282047805861,6.886446956553113,1.0989010989615384,19.17582431157509,4.175824385236265
Togo,2022-09,13.4623897839823,1.7809734933230088,9.115044416690264,18.75000055349558,2.621681500712389,1.3384955913495575,9.491150568986725,2.7323009691460176
Togo,2022-10,13.219461977971015,2.132505215511387,12.236025074268383,19.451345440248446,3.519668638641822,0.37267079798757763,7.9503107759337475,2.608695731213251
Togo,2022-11,11.873563354885057,1.195402337148276,11.344827450218391,20.988505870543975,3.149425270871264,0.0,8.862069338663218,1.344827646186207
Togo,2022-12,11.36969711,2.266666701,11.17575767,17.01818238,2.9090909089999997,0.363636364,7.757575642,1.054545431
Togo,2023-01,8.553386911549943,1.5614236947003444,11.067738402847302,21.044776383237657,4.76463834635132,0.6888633755820897,5.200918424003312,2.342135432927669
Togo,2023-02,6.82842305857019,1.7157711646897746,12.59965367979203,18.613517633451696,2.0797227446776434,0.0,5.632582570767764,2.4436742433847485
Togo,2023-03,7.392923791843577,2.1787710918435756,10.72625740893855,22.29050280670391,1.7318436556424581,0.0,6.945996754807502,0.22346369597765361
Togo,2023-04,10.894495197041284,3.5550458714105506,6.857798077779816,23.16513767043578,3.2798165570458715,0.0,1.9954129092637611,0.0
Togo,2023-05,9.378757552911823,0.6012024045991984,12.565131174288577,24.669338947398057,2.765531004931864,0.9018036074008016,7.154308483707414,0.0
Togo,2023-06,8.551020719814286,1.836734693857143,4.979591953138776,21.85714317655102,0.9795918754693879,0.0,8.755102109191837,0.0
Togo,2023-07,7.079107379056796,4.665314401156187,7.9513186128498985,29.066936531669896,2.555780961724138,0.0,8.661258196612577,1.6430021053448276
Togo,2023-08,5.817120919,4.571984436,7.373541153000001,19.24124381,2.723735362,0.0,14.143968369999998,0.875486381
Togo,2023-09,9.105367736,3.121272328,11.78926426,20.87475339,3.518886642,3.37972167,9.681908843,1.013916577
Togo,2023-10,7.564870373317364,2.0359281056766467,12.814371983712576,22.195609553532933,4.550898242011977,1.9960079839041915,7.4451098188742515,0.29940119798802395
Togo,2023-11,11.081081257342342,4.90990973845946,16.013514029954955,15.94594641619736,1.3513514047702702,0.0,6.554054140310811,0.0
Togo,2023-12,0.9677419349999999,0.0,11.483871239999997,13.03225825,2.225806482,0.0,8.806451521,0.0
Togo,2024-01,5.476673428458419,2.332657201139959,8.84381346440568,14.381338130507098,1.095334608535497,0.0,8.397565700851928,0.0
Togo,2024-02,3.0752689095053762,1.204301055027957,8.451613148903226,16.043010681548388,3.548387096584946,0.0,7.8064514487354835,0.0
Togo,2024-03,6.331471136,5.34450666,12.048416919999998,20.63314719,0.0,0.0,7.821229361,0.0
Togo,2024-04,8.591065292,2.508591131,20.53264527,25.80756047,4.432989846,0.0,14.278351560000003,1.993127213
Togo,2024-05,6.883910037,1.9755602369999998,9.083503133,21.07942998,1.527494957,2.749490835,6.374746233,0.0
Togo,2024-06,5.640535327,2.026768715,7.45697915,19.40726637,2.026768624,0.0,6.309751434,1.032504798
Togo,2024-07,7.3684208380000005,6.635338202,11.10902272,21.99248183,3.496240539,0.0,6.597744522,1.409774436
Togo,2024-08,4.541751226680244,3.0957229758696534,6.232179304105906,22.9531578009776,2.260692493661914,0.0,3.9714868106639507,0.6109979637800407
Togo,2024-09,6.9767441859999995,2.558139498,11.60852706,25.98837166,4.244186065,0.0,8.58527117,0.0
Togo,2024-10,10.61619705,3.9612676060000003,13.8380279,28.09858939,2.059859121,0.0,6.7077468399999995,0.0
Togo,2024-11,6.985137922999999,0.25477708,7.218683348,18.95966069,3.4607219089999997,0.0,3.31210184,1.9108280250000003
Togo,2024-12,6.476793209,0.8860759089999999,15.42194141,15.80168814,5.506328993,0.0,6.582278994,0.0
Togo,2025-01,7.590618367846482,0.0,9.445628835628998,19.38166430362473,2.857142877398721,0.0,5.5650318613219625,0.7675906485927505
Togo,2025-02,5.113636364,0.0,8.795454502,17.75000036,1.977272738,0.0,10.795454550000002,1.0227272729999999
Togo,2025-03,9.306722729331932,1.2605042013382353,9.34873974592437,19.894957997226893,3.130252021089555,0.0,9.516807163228991,1.890756302510504
Togo,2025-04,10.718132302405746,3.6804308792639135,16.51705565816876,27.701975797917417,2.280071779141831,0.0,6.678635684154398,0.2692998201651705
Togo,2025-05,9.243542198,2.306273063,19.81549914,31.789668719999998,5.147601406,0.0,12.6752765,0.276752768
Togo,2025-06,7.9467682779999995,2.433460112,8.764259172,19.48669152,6.615969437,0.570342205,13.23193924,1.463878291
Togo,2025-07,4.106194699,2.566371681,12.584070360000002,20.56637232,4.54867249,0.0,11.82300871,0.637168167
Togo,2025-08,5.739999866,3.359999847,7.919999886,30.96000118,4.1400002,0.0,10.86000047,1.9200000290000003
Togo,2025-10,14.14335691,9.248252015,12.69230776,31.923075859999997,6.64335681,0.0,6.20629379,0.9965034629999999
Togo,2025-11,7.9876799846899385,5.29774111687885,9.363449574669403,21.9096511761807,8.316222549650924,0.0,8.624230763022586,0.30800821337166323
Togo,2025-12,1.546391802,0.0,4.68041243,12.0824745,0.0,0.0,8.164948876,0.0
Tunisia,2015-01,2.681935692268795,0.7425194085703732,4.196527561541052,6.368673759187293,3.154783915260351,0.0,2.4565940327557336,0.0
Tunisia,2015-02,3.297353919630919,0.403899734373259,4.042479221115251,6.74094698878257,2.757660061232591,0.10445682416260446,1.605153332690509,0.04178273170612813
Tunisia,2015-03,2.2888375099035723,0.6392845380854587,2.8022524538084226,5.385889332637051,2.457767489632329,0.0,1.9277906606318742,0.03974826304869162
Tunisia,2015-04,2.341597926998967,0.24793387737913222,4.559228505833677,6.477272608559918,3.013085234905647,0.0,3.2541323386153578,0.56818181818354
Tunisia,2015-05,3.6913385168807924,0.8661417173464567,5.625196892230399,9.392125868753638,5.281889885322655,0.0,2.8535434241033886,0.2078740203065376
Tunisia,2015-06,3.1300345005143844,0.43153049460069043,5.025892098729574,7.825086298910709,2.974683526589076,0.0,3.472382111197715,0.37974684322382046
Tunisia,2015-07,2.1111466108610664,1.1082721803698499,4.611945113814755,7.700415702455445,3.7559885756665605,0.0,4.493771966558288,0.25870329406898757
Tunisia,2015-08,2.3658780408503834,0.34321892557147615,3.0656448170063313,8.613795496482505,3.7387537742499166,0.0,2.539153672582473,0.6331223247250916
Tunisia,2015-09,1.8854748603251401,1.0335195534234636,4.312849311459218,6.628491225605587,3.2877095981832403,0.12569832382122906,3.455307284101676,0.48603353581340786
Tunisia,2015-10,2.317165064601156,0.24377984559537574,3.5335511049710986,6.850967781052023,4.95853234734104,0.08293540928323699,3.8753456796069368,0.26388539875144507
Tunisia,2015-11,1.864111464981085,0.37332005929965156,2.9990045508218017,5.353409855825286,3.6560478700587358,0.0,2.6928820026182185,0.17919362978646092
Tunisia,2015-12,1.9549058853027752,0.42616452627081275,4.606045627168483,6.95242813262562,3.5951437629179885,0.0,2.4925669311620418,0.0
Tunisia,2016-01,1.236399663500989,0.2472799212720079,3.830366059257666,5.613254038243818,7.01780446515826,0.14836795216172108,2.814045527854105,0.2868447177378833
Tunisia,2016-02,1.7865311716864043,0.29987293381524777,3.1689962378332908,6.744599857837357,5.174078693324524,0.0,2.348157550503431,0.3761118223517154
Tunisia,2016-03,0.9446726350335829,0.40106306258226626,3.525006053757912,8.724329603134574,5.332206072819039,0.0,2.9016672224720947,0.12321817240009665
Tunisia,2016-04,1.9733924558414635,0.08314855912416852,4.354212765152994,9.257206261190687,4.3237250293320395,0.0,3.6141906501169623,0.540465632301552
Tunisia,2016-05,2.314410480075109,0.436681222371179,4.786026161602621,11.32459962348519,3.9301311149327507,0.04366812273973799,4.168850150458515,0.4163027713921398
Tunisia,2016-06,3.3252883387012604,2.413515687593725,7.2459103756717615,9.546795081035398,3.413783887374095,0.0,5.108608199700357,0.15017431291472244
Tunisia,2016-07,4.02581422142102,1.7854947878048555,6.601106454147819,10.47940996147818,3.564843474478795,0.0,4.63429618290166,1.1186232650931163
Tunisia,2016-08,2.472353860467088,0.5502896158946814,5.937335263746182,7.209057479468667,4.884149727866245,0.0,2.962085251320695,1.0505529439705108
Tunisia,2016-09,2.9017973334884086,0.5496223069327949,5.029955678067726,8.517843039374577,4.618390279134314,0.0,3.878614305730822,0.8465746106129198
Tunisia,2016-10,2.1894121085203513,1.0481510936057463,6.078744499185953,9.257781477375898,4.166001809264166,0.0,4.604948134940144,0.26602819867198724
Tunisia,2016-11,1.979312278377132,0.768800671245457,5.07967567399357,9.644953925736651,4.895163502351132,0.12859938913754543,5.107632328834218,0.8191221746980709
Tunisia,2016-12,1.8740762526095183,0.8867868542030743,4.333431961365356,7.052912022873485,3.8723028028731896,0.13301803128791012,4.52852528181141,0.03547147681436595
Tunisia,2017-01,2.4383277099130094,0.771228260314204,4.349519629698779,6.886522852082577,3.8327706635618353,0.0,4.772786442321475,0.5401194602388991
Tunisia,2017-02,3.4985250432974206,0.7345132632477877,6.277286000292036,9.758112430279242,3.303834955863312,0.0,3.8171091337389376,0.08849557534955753
Tunisia,2017-03,2.759407034435576,0.7782212138654504,5.952109578654505,8.466362538754739,2.796465205746864,0.12827822111744586,3.346636269837978,0.9179019190877993
Tunisia,2017-04,4.119635087822285,3.8594120215748564,7.438323770515715,12.548158520905712,6.414329397366678,0.0,3.213923764597499,0.3954038544900304
Tunisia,2017-05,2.6313484858450087,1.8870402552758319,2.578809173257443,7.062171678581435,3.7784588942994746,0.0,5.446585339273205,0.0
Tunisia,2017-06,2.2676580638278807,0.8550185869260223,3.1152416424197127,7.572490735001115,1.509293667908922,0.11152416394832713,3.5799255865873607,0.17843866893940522
Tunisia,2017-07,3.77551018988322,1.4928193504561602,4.792139193047619,10.566893655207862,2.928949357535903,0.07558579016364324,4.905517805436886,0.7634164709051398
Tunisia,2017-08,4.971703500588568,2.3938879564391624,7.0713073708262595,11.59592560205999,3.2908885438868136,0.0,4.63214502801574,0.3989813143338992
Tunisia,2017-09,3.1157178454826733,0.4950495044554455,5.6652226886607755,9.164604102103961,3.898515028032178,0.0,4.374999788613861,0.47339107986386136
Tunisia,2017-10,4.538573608230568,1.868995655780786,7.8457060231117906,14.320232831598254,3.8835515519196506,0.08733624438951965,5.19941793571441,0.5647743913379913
Tunisia,2017-11,5.597338788205669,1.0037605423126987,6.172982177973387,11.556262761550478,3.7257737422562913,0.0,4.926236544256291,0.5496094813714202
Tunisia,2017-12,5.742971934976831,1.9277108906376275,5.514365093598703,12.295335065977758,4.053135584245598,0.15755329445690455,5.585418691614457,0.14828545566913812
Tunisia,2018-01,11.673628962406017,1.3004734205513784,5.435811852631578,12.53132876726027,6.162628772932331,0.0,5.045948105263158,0.44277361704260654
Tunisia,2018-02,4.75068821726583,1.0798409359743042,7.742428917676966,15.634751126556019,4.267359990610585,0.0,5.827470466381157,0.11012542478617314
Tunisia,2018-03,7.257066370339705,2.142664831001346,6.656796852184118,14.379542727230149,3.6608344033082094,0.08075370138250337,5.916554514046837,0.901749714741319
Tunisia,2018-04,5.487548685758775,1.6771677336957695,6.426642773450945,12.013201480018001,2.6462645917947794,0.0,4.116411664221422,0.6900690426930692
Tunisia,2018-05,5.118801722316632,1.541838887205062,4.84762403609814,10.134297770943085,2.0092975007889975,0.0,4.235537184013171,0.35382231479054754
Tunisia,2018-06,11.599496265982367,2.125314861595718,5.547858936074937,11.530226360195215,4.360831113653652,0.09445843844899243,4.537153799863351,0.3998740491209068
Tunisia,2018-07,7.49790117979653,0.9963616114254128,4.830674460268681,11.732437423744752,3.08704186690876,0.0,4.998600626238734,0.7052896936803806
Tunisia,2018-08,7.760174061783162,0.7082945074228021,5.383659586465983,8.94066458627066,2.519415950399503,0.7704255813588071,3.864554160811938,0.773532156179559
Tunisia,2018-09,6.973800681910509,0.7801001026611716,6.532234594133059,12.016485313353916,3.202825943882838,0.0,5.0986164133446055,0.7859876307830439
Tunisia,2018-10,5.707573139756772,1.987285835607518,6.390271100166943,9.997236191528918,3.5793255155920396,0.27363184328026535,4.577114405315542,0.7269209560033167
Tunisia,2018-11,7.684896484728252,1.017285332846982,5.313119972494191,9.319920592645792,2.7458202607276845,0.08500991806347408,5.449135818868802,0.14451687096571267
Tunisia,2018-12,8.444311769218574,0.8808599584917886,5.774858297792031,11.101821326841334,3.5234400034717828,0.24186324739265455,5.261271930080322,0.42699313122126015
Tunisia,2019-01,7.45045848955457,0.9109730415155279,5.211475917561669,8.858325981103595,3.960366871535049,0.0,4.89204376315173,0.07098491862644188
Tunisia,2019-02,8.24599271917386,1.257706570823058,5.98951908870222,13.310727450678176,3.2521578587392113,0.0369913697595561,4.087546192123922,0.48088781889642424
Tunisia,2019-03,4.9506961883700695,0.5684454862830627,4.741879405281613,10.696055679304417,2.291183294568446,0.0,3.9356147049196633,0.30452436221519724
Tunisia,2019-04,10.658892143661808,1.0845481128431487,3.42565603219242,10.7288628576793,3.2419825575346937,0.0,4.443148732766182,0.3323615191790087
Tunisia,2019-05,5.43328332390135,1.265367338838081,4.614692448942728,8.515742185991604,1.8020989617112444,0.08995502283058471,3.853073406157421,0.5397301419895051
Tunisia,2019-06,4.883637720635876,1.8582169570182598,6.441102811518797,10.103831010397421,2.613677083553169,0.0,3.8668099927604724,0.6552094424232008
Tunisia,2019-07,4.306803649356547,1.5500641295930677,5.661103844709243,9.22657216189891,3.0584081604897304,0.0,3.55905002906611,0.30808729596758666
Tunisia,2019-08,3.6966292780003744,0.5205992549951312,6.775280741289513,8.543071345266291,1.7378277371307118,0.0,2.700374581597004,0.19101125001011238
Tunisia,2019-09,4.678059177432407,1.2725053057622828,4.357644163510223,8.556606400500344,2.966127579277693,0.0,5.364662923871223,0.46689045406438817
Tunisia,2019-10,4.99352848386772,0.947450178384934,5.508672169677326,7.874708498945638,3.6966089818993013,0.0,3.854517310057987,0.27180948091276214
Tunisia,2019-11,4.632623956758297,1.8695034808303548,5.86950364329844,8.3177308966,3.94042568384766,0.0,3.364539045169929,0.5021276544085106
Tunisia,2019-12,2.9943043793504205,0.8299430667385409,5.546514885580418,9.56061830462117,3.5014918157607813,0.0,3.6642257710876045,0.12205044795497694
Tunisia,2020-01,3.4080717442215778,1.580058034481667,5.921920545519095,10.422052287385915,2.95172767778106,0.0,2.611448241883408,0.06330783656132948
Tunisia,2020-02,4.130013995219917,1.1175656880165974,6.074688945344398,10.033195144343015,3.4356846157399725,0.0,3.6791146150207465,0.6694329130954356
Tunisia,2020-03,6.547446780685756,0.40314244378126934,6.69216425536815,13.001860514988293,7.244159752436635,0.0930328715648129,3.2830267718162087,0.6078147636268348
Tunisia,2020-04,5.980086075325459,1.0308473239394766,6.538461493495314,17.606404220635426,9.613432506682155,0.08785630650859039,4.217102810890668,0.22842639732428738
Tunisia,2020-05,3.7132073884025156,0.6289308180930818,7.003773719703146,13.677987462297265,9.499371606928301,0.0,4.671698383818868,0.2339622694490566
Tunisia,2020-06,2.9183990989147612,0.9589397174885653,7.993763152856548,14.786902731434513,6.645010811484408,0.0,4.009875339442828,0.19490645724324324
Tunisia,2020-07,2.5263727499074924,0.578847717401677,6.591831338051934,11.915066184980155,6.88666497687314,0.0,3.586691819760347,0.40573437964187176
Tunisia,2020-08,3.3436821692319154,0.26078856304191245,7.311394006910276,10.31667191519404,8.034772259917105,0.0,3.2846942887376587,0.11176653633250544
Tunisia,2020-09,3.2119118825950546,0.5955862700771072,3.6745546850156883,10.053177605360277,6.19781978942409,0.0,2.637596417344324,0.3988300923924488
Tunisia,2020-10,6.6012578756166045,1.6327043930271696,7.1698114169079235,13.071698412928304,5.111949723181132,0.0,4.135848999320755,0.18113207622339622
Tunisia,2020-11,5.118088944626946,1.8599033612181963,7.270531544422704,14.959742005196356,7.3134727903582935,0.0,2.9388084371615673,0.27106818019994633
Tunisia,2020-12,3.296534081829011,0.40051348257458286,7.273427671702182,10.541720502555812,6.302952693072694,0.0,3.8408216001629047,0.16944802048164312
Tunisia,2021-01,3.3862015135950303,0.5789056330177107,6.114195289681998,7.951361005451229,6.441977563862544,0.0,4.533439069024583,0.0
Tunisia,2021-02,4.511013170585022,1.4185022365069018,7.447870789554772,10.135095763175222,4.980910604929809,0.17621145396240823,3.9676946619853153,0.2907488943647577
Tunisia,2021-03,3.9590163439628414,1.0218579193382513,8.15573812172951,11.418033326167112,4.797814400880328,0.0,4.3688525011360655,0.6475410048426229
Tunisia,2021-04,4.043830704455119,0.5703992795016513,6.607625348728909,12.02041411089763,3.6115281614554187,0.0,3.131191811806665,0.2882017310165116
Tunisia,2021-05,4.611476366608488,1.144650306057382,9.668260552936639,11.303048442858115,5.062761437712493,0.0,4.599522005346084,0.03586371955469217
Tunisia,2021-06,4.40011588338595,0.858629662804857,5.437988006867303,8.910090222824962,2.503613717156982,0.034692108636600175,3.4923387493044236,0.23417173052558543
Tunisia,2021-07,4.404466501280397,0.27915632709677424,8.619726932273183,9.674317813216112,3.148262967707196,0.0,4.571960285657568,0.12096774482382133
Tunisia,2021-08,3.9492994570036695,0.27018013268545693,5.657105099395597,8.742494842726027,3.385590393818546,0.0,6.204136217604736,0.19012674523749165
Tunisia,2021-09,3.7905161689171667,0.198079243515006,4.1926770724945985,8.532413285392336,3.5894358647247557,0.0,5.081032390127251,0.5912365172052821
Tunisia,2021-10,6.922163031092692,1.5775401252908157,9.453357548029864,14.904931708981469,6.161616150245989,0.13368983990374333,5.418894989063578,0.18716578111467616
Tunisia,2021-11,7.135678464948862,1.093703771208986,5.719775404120603,10.505468990718297,5.41826789973751,0.0,4.289092469566656,0.5704995406892193
Tunisia,2021-12,6.586721034472068,1.1289850943691138,8.253875480185142,10.222287123015978,5.390465206865826,0.17548990929423805,3.471775437110926,0.9300965529880082
Tunisia,2022-01,8.992953721932949,1.905460968366412,8.479154425395404,10.293599642494641,5.199647579541985,0.0,4.603640633047454,0.9277745198473282
Tunisia,2022-02,10.450643447151748,1.7739628350214593,9.034334982523605,15.032188978208737,5.547210279914163,0.32188841184549355,8.111587793881759,0.7510729616480687
Tunisia,2022-03,21.152381045066072,1.990476184666667,13.107936431538059,19.266666772279883,6.0476191078333335,0.5111111227444445,5.349206250522739,1.2380952078444443
Tunisia,2022-04,18.889687881776233,2.0301832210283868,10.474308093927418,20.977362448154242,6.974487907322674,0.0,5.892921308102767,1.0779734103032699
Tunisia,2022-05,18.569395245260946,3.487544552199288,10.25266895897509,20.43060538991575,5.9750889879743765,0.21352313143629892,7.811387764162277,1.0391459343288256
Tunisia,2022-06,11.299061946641194,1.417158708708579,8.34664800728747,15.977768994769017,5.345606133565822,0.0,6.609933978708579,1.1045501979430357
Tunisia,2022-07,13.5033651698158,2.097059859048176,10.237336190184775,13.329791024365305,4.69004607045519,0.0,3.875310076016295,0.5419766101817216
Tunisia,2022-08,15.098840829510312,1.6700749996932516,9.294478391436947,14.38650373178255,5.548738856415688,0.8179959103554875,5.119290999027608,1.1656441973343559
Tunisia,2022-09,17.03493905372781,1.0292728925064527,7.5731824542397685,14.145420352495552,3.9723010569039974,0.0,4.910292909191375,0.6987724207677054
Tunisia,2022-10,14.509938182541086,1.1651816149698422,7.289239320503946,15.243317415339273,4.4311172998540105,0.9287183051679233,4.907470994346129,0.9115832725908156
Tunisia,2022-11,11.516406532812999,1.685250113395986,5.93501118689073,12.714240031697994,4.154189310831476,0.0,4.412233362042052,1.9464797829882128
Tunisia,2022-12,15.78145681995472,1.0165562853774834,9.60596027758808,14.695364335350993,4.420529816825166,0.0,6.175496625762913,1.2185430371880794
Tunisia,2023-01,14.936025003702019,1.6605061567514927,10.471993027136302,16.226898161384703,5.575774683295991,0.0,5.95962490832414,0.7961330951524027
Tunisia,2023-02,12.814445894470733,0.6070983810177459,10.99937695544832,16.360522682101497,2.5716065025199253,0.0,5.015566578077833,0.952677449368929
Tunisia,2023-03,10.420847528428094,1.0228539591973245,7.81772563281118,15.972686849498329,3.121516191973244,0.0,4.169453651839465,1.984392334113712
Tunisia,2023-04,12.517719026284169,2.325345960251097,8.032399723609855,19.00101223300709,3.908201121868251,0.15187310116503544,4.458319316184948,3.2298345884468445
Tunisia,2023-05,11.451916792306724,1.1722187585317412,10.52797007238215,14.113765236505342,3.293526232638592,0.40540540806788183,3.6297925234619735,3.296668869993715
Tunisia,2023-06,13.490153161896428,2.3741794013829325,14.992705776478212,16.93654266886096,4.770240698468271,0.05470459523267688,3.5630924957782635,2.0532458654762946
Tunisia,2023-07,11.079387415215878,3.269498560856546,10.27855176149025,14.359332022956695,3.2625347375632407,0.0,3.589832923979805,2.0264624554665738
Tunisia,2023-08,11.557009880679168,1.60179125010093,7.526696586184982,14.870823184168103,4.006200456055804,0.0,4.1336549469623245,1.2297623164891491
Tunisia,2023-09,12.185348027207265,1.8597369498841578,8.74138971184095,19.095177912961802,3.9605510775610524,0.0,4.289292572451472,2.285535319358172
Tunisia,2023-10,8.273127831577094,1.6299559681180618,10.076358363770927,14.9368570692511,2.6725404374343613,0.0,3.629956014079295,3.5212923464986785
Tunisia,2023-11,7.78171265454765,1.0077269859265936,5.186735547830651,11.551835007710883,3.795879031525435,0.11590470534900194,3.232453211643593,3.0907920153538315
Tunisia,2023-12,9.042653690692266,1.4818325693156398,7.576619309104581,9.911531807184835,4.372827950630016,0.0,4.135860907488151,2.40126382301801
Tunisia,2024-01,9.599884256146709,1.2815309002319513,7.955929409495506,11.594664832415193,4.154827553841693,0.29283850072484774,3.024064917555813,2.6906349441867206
Tunisia,2024-02,9.486301512328769,2.1917808990168117,7.275840443061645,15.018680357403486,4.053549095542341,0.09339975056662515,3.3623909153331253,2.584059775349315
Tunisia,2024-03,9.672727599623634,1.9909090560099998,5.406060543890908,11.730303360545456,4.548485033249091,0.0,2.1969697907406056,2.0636363749151516
Tunisia,2024-04,6.616590414204768,1.2050946970395167,5.885042387246897,11.361855172289355,3.0535596873040496,0.0,2.266492538628347,2.0084912678363813
Tunisia,2024-05,5.16292112627191,0.6460674287359551,5.8426966087179775,9.78370816477753,2.693820160183146,0.15168538273146068,3.289325960861798,1.3932584709876406
Tunisia,2024-06,8.00367414951837,0.8573177756720759,4.693815011603797,13.202694764287088,2.6025720121460503,0.0,2.4433558145566443,2.057562703651562
Tunisia,2024-07,5.836518698760953,0.7527197712199354,4.698618030947369,10.682151843388676,3.16965598177242,0.0,2.375771837305792,1.778888652896207
Tunisia,2024-08,6.859660073364065,0.6356198803407803,6.038389301875393,10.204531251519825,3.4612964503933297,0.0,2.93580865367747,2.1680302259719952
Tunisia,2024-09,8.712686590906095,1.3463930189197761,5.917288384771145,10.976368570127487,4.194651788359453,0.0,3.706467700443408,2.4906716837873137
Tunisia,2024-10,8.00090151031643,1.7083615098652245,6.964165029799415,13.09443322793439,3.9395988970087896,0.33806626061866124,4.367816010323868,1.5889113833702948
Tunisia,2024-11,7.3479982632417205,0.6475531454799802,4.434008952738416,10.197726114681165,2.652001934519031,0.0,2.7533366669490853,1.3568957136628768
Tunisia,2024-12,5.3754187379022,0.4973696841685796,5.846485163444285,10.609756589235205,1.6260162317685318,0.0,2.9794356969916307,1.4323290428658537
Tunisia,2025-01,5.023494331266552,1.1725758143208032,4.664673208650149,10.711234382350119,1.4053823496817601,0.0,2.4733020320803076,1.00811620119607
Tunisia,2025-02,7.171648611501359,0.6567029037160327,5.704257232422554,11.902173879660324,2.581521728186141,0.0,3.029891244307065,0.7450181394293478
Tunisia,2025-03,7.214285766740553,2.225806460097005,5.566820285362443,12.89631294419355,2.9447003991276497,0.0,3.0552995153198155,1.2373272175020738
Tunisia,2025-04,7.1554435633150835,2.0558002837382,5.066079515172855,15.78141376037862,4.382211145800503,0.0,3.4633940414193414,0.7111391034518565
Tunisia,2025-05,4.697802197569505,0.5851648405596154,5.0192307900890105,10.703296699981665,3.29395600025292,0.0,2.6401098808774726,1.538461538642857
Tunisia,2025-06,4.5115680802827764,0.5494858500771208,5.523779069074551,9.434447680488432,1.9440874806940875,0.09640102812339332,2.875964017712082,0.5784061547043702
Tunisia,2025-07,5.945868940900285,1.0655270551190883,5.754985754845584,11.965812002775856,2.9658120308849,0.0,3.888888970265527,0.8376068060672365
Tunisia,2025-08,5.842349297214065,0.68263782771458,4.155074659911128,8.49046901208913,2.9675424748539414,0.0,3.4904689595042835,0.5512622381597115
Tunisia,2025-09,6.107650289199352,0.859705955268876,5.763767831102915,10.181908944206329,2.2526788560149513,0.0,3.204585203461002,0.6130077467597808
Tunisia,2025-10,6.0236050844017175,2.0901287523845493,6.532188746053219,12.000000158214592,2.0729613811090126,0.0,2.7553648036257514,0.9463519495004292
Tunisia,2025-11,4.379242286429823,0.8911758011988177,6.22728279667725,11.324720419805125,2.599080397038537,0.0,4.007006913044668,1.022553083966499
Tunisia,2025-12,3.063888973506667,0.9583333562222222,3.8138888540266667,10.02638895632429,0.45138888256,0.0,3.5166666773777777,0.0
Uganda,2015-01,2.6869806298534935,5.050784993735303,15.912589166543553,11.975992795931056,2.2253000831689755,0.0,5.198522727902124,0.49245921809849186
Uganda,2015-02,2.8993112993611017,5.942932188171858,14.88028893751394,15.37881303557064,3.1059363268612663,0.0,4.457198881608397,0.7969826313729091
Uganda,2015-03,3.47916055182619,2.9470883632409106,18.510198051149864,13.245640309234407,3.9550695407478575,0.0,4.4428022666497196,0.3547147501543009
Uganda,2015-04,3.810403287677747,3.0655585864465995,16.888273147199136,14.247460451754385,3.1702062902723918,0.0,7.3407198034964605,0.8341027828377963
Uganda,2015-05,1.5721182836403138,2.163548633308992,12.619192443536512,11.152685800561256,1.9915509164912493,0.0,6.155703157356669,0.6336753169218466
Uganda,2015-06,3.870573919912088,5.49450550149939,15.909645982356531,12.072649594224664,3.785103989201465,0.0,3.296703486200244,0.16483516797924297
Uganda,2015-07,3.733367961355857,4.122097710416123,14.320375762541088,13.78554618106183,2.5358726551847117,0.0,4.620401870605009,0.500913130752935
Uganda,2015-08,2.7251864126506025,4.33448075,15.03729201807229,14.056225381526104,2.9919677951807224,0.0,7.142857006024096,0.8720596495983935
Uganda,2015-09,2.7259036289361447,2.2379518847253013,19.7168682493494,13.30421640479518,4.081325128924097,0.0,4.3012051909012055,0.786144618126506
Uganda,2015-10,3.296479403763748,3.2935700242487633,20.206576933863836,15.103287455178936,2.5545533953401223,0.0,4.518475634800407,1.4489380116188535
Uganda,2015-11,2.969817671509112,1.7511389587505695,15.19362223666287,11.853644744031891,5.70330281043508,0.0,5.153758705120728,0.9367881580261959
Uganda,2015-12,1.8034292886031844,2.452541353774036,14.589712222743417,10.140845390018372,1.9718309742333129,0.0,2.489283635772199,1.1635027625670544
Uganda,2016-01,2.056182988045178,3.379669874413554,14.092093838184185,10.721111671068636,2.3370982597871413,0.0,2.988705557437011,0.9209383057298002
Uganda,2016-02,1.4837076977016768,2.4580828794732685,13.112939558778868,9.53495734065802,2.132236621964568,0.0,3.935463547279342,0.3037013648086048
Uganda,2016-03,2.0362273743123045,1.8800750288038723,10.552779118825736,8.744534598665835,1.8082448719425357,0.0,3.241724047765771,0.3747657715277951
Uganda,2016-04,2.7807775897192224,3.007559449568035,8.690604901814256,9.433045268714901,2.068034612526998,0.0,3.5232182780021604,1.0286177332937365
Uganda,2016-05,3.871995346717637,3.2261800389122497,8.711265958735012,11.372719522085143,2.603533203763684,0.0,3.0147696862728064,0.6255430028253693
Uganda,2016-06,2.7005208411953125,3.398437525316406,7.380208497582032,11.247395555039061,2.8515625872695316,0.0,2.434895920191406,0.5000000073203126
Uganda,2016-07,3.6202458748146986,4.443809063815556,10.377466372476409,12.196168011035173,3.2542179541690017,0.17157563662939662,4.19216481233686,0.6948813324106377
Uganda,2016-08,2.961107165765927,2.3812932518324983,8.234311754862802,11.240754187497018,2.493438433613696,0.0,3.750894912235743,0.5368647041314722
Uganda,2016-09,3.5477898458643833,4.353159138130063,11.117796500995139,11.937051471094652,3.207590789155288,0.0,4.103216935112243,1.3885674449016432
Uganda,2016-10,3.6641580872067268,4.708372352367121,8.887582445247178,15.961900546234713,4.313264342341721,0.0,3.8922859553727656,1.3946378108353714
Uganda,2016-11,3.690235697965208,4.078563535869809,9.874298392969697,14.186307129562291,3.4545454779741855,0.0,5.043771114306397,0.7205387342693603
Uganda,2016-12,3.3541504862677596,4.668227955267759,7.496747416812386,11.720010779180328,2.916991980421025,0.0,4.97527996640099,1.6731720118196727
Uganda,2017-01,3.171794781496923,2.9666666860415387,11.020513005415385,10.838461401228205,2.18974365947,0.0,4.892307990457179,1.6641026027610257
Uganda,2017-02,4.585404182021449,2.5372743603243526,8.692126657487837,12.521579729728387,4.0570233341093385,0.0,2.43264452030238,3.7379021793125817
Uganda,2017-03,2.630864713920124,3.3268708640558353,7.2625047895308255,11.61302823575029,2.2198526561457927,0.0,2.3051570622721984,2.289647138813493
Uganda,2017-04,1.6035739433517515,4.18057833533976,8.21302637271338,11.782271241182693,3.5645428019985896,0.0,4.34751926626499,3.783211919756642
Uganda,2017-05,3.989802481884427,4.586785802611004,8.321648533745487,12.256213972395,3.3885701489993623,0.0,3.392819089945109,3.0677714820480135
Uganda,2017-06,3.6493480385808317,5.245290738123576,6.611467577056924,14.69054015815566,4.144069556946388,0.0,2.5978058179617056,2.736493367231008
Uganda,2017-07,2.014010526740222,3.409223585181942,4.802490621259,13.282739968285659,2.642537439403386,0.0,3.79645857834209,0.9243043489227476
Uganda,2017-08,2.6709796977604436,2.835489936734751,4.21996316735878,11.515711772678372,2.907578750915712,0.0,4.262476919078928,1.5545286046547135
Uganda,2017-09,2.951719212049927,4.824432946877469,5.621799580686357,9.656181406029443,3.1071689931980613,0.0,3.4729333936792246,1.300292618785479
Uganda,2017-10,3.7698241756681585,3.5040719795349333,7.276039618247322,13.118302800697878,4.449207027735534,0.0,5.707243875630733,1.2708959022798725
Uganda,2017-11,3.116591985488789,4.529148104489536,4.945814627366967,11.476083683550074,3.8247385238512703,0.0,9.940209285555236,0.936098671019432
Uganda,2017-12,3.1410255763679023,3.862179455177427,5.6707877105563185,11.190476304288376,3.1684981048981227,0.20604395642170334,5.373168444674908,1.3713370207509157
Uganda,2018-01,4.566378726707769,3.5799424736670775,6.150842697745993,12.897657395215782,4.3485409235676125,0.0,4.979449321640774,1.3131935801397452
Uganda,2018-02,3.604303576668061,5.092648054213589,8.60729238387388,14.704124581452808,5.411436496860929,0.0,3.6740385984700135,1.7652919598457861
Uganda,2018-03,2.0922726465995822,3.3415606650692995,6.516043338629201,14.452249816757787,3.493449966964116,0.0,3.134611704499715,0.5354091382191001
Uganda,2018-04,3.482978066079686,3.0546202577160493,6.161616350975309,14.319117242850728,2.991021272566779,0.0,3.815937033487093,0.559296668
Uganda,2018-05,3.2821840473897965,3.6249501912414566,5.840972520503389,12.453168751112644,2.267835761216819,0.0,2.4830610355348743,0.5938621053897968
Uganda,2018-06,1.5238095238291156,2.7047619008285713,7.504761968445441,10.511564712246228,1.0340136315942858,0.0,1.2571428581104762,0.6122448976348299
Uganda,2018-07,1.61401646999416,2.4130608192253784,7.491372528902575,12.166180037535144,1.7945315056756037,0.0,2.3626228211457394,0.4539421393214759
Uganda,2018-08,1.6979732784443893,1.8240237434068216,5.511616487982699,10.187839915872466,1.4532872251047948,0.0,1.6040534529293127,0.3040039535496787
Uganda,2018-09,2.0420070223015254,2.35997672112077,6.432322039926779,11.569428370397684,2.036172715275379,0.0,1.7619603364754957,0.3267211216487748
Uganda,2018-10,1.7682403450918454,3.2424892987055793,4.311158728295279,14.06223171028326,1.7875537082024955,0.0,2.553648109287554,0.6051502257785407
Uganda,2018-11,2.384409596714941,4.014138287728123,7.871608693909666,15.200612067137946,2.6155903775286586,0.0,3.847917492340657,0.5922812473095147
Uganda,2018-12,4.5130291172666785,3.882831299196082,5.658843247645537,15.69395679772006,2.2860839748623176,0.0,5.268896800145999,0.7299944644391057
Uganda,2019-01,5.81600152314971,7.365561130176129,7.571669573430767,14.42758088317407,5.493722981412779,0.0,9.014427852210979,0.9443507691118607
Uganda,2019-02,2.6668120463541216,4.535543056077846,8.403837872908635,20.2856517502355,3.2402966566846922,0.0,4.1277803400623645,0.6149149647191451
Uganda,2019-03,3.1324757539210113,3.470999708516362,5.522455546954638,13.902053743958472,1.649740505576168,0.0,4.788986890573685,1.0358835173143761
Uganda,2019-04,3.71540601756227,5.122232234121309,8.779981577975093,16.399907621886534,3.464022213238008,0.0,8.291052314529521,1.0862546158671587
Uganda,2019-05,2.5085675270123367,2.931231490682888,6.01096648364976,15.238748298578935,2.197852427780443,0.0,3.7422892712995206,0.993831413456934
Uganda,2019-06,3.7644015351302613,9.111215982499179,8.666823383364449,21.293204866282625,2.6640018570519635,0.0,4.347519416761815,1.4789560504314603
Uganda,2019-07,4.028319241260825,3.8538887250178533,7.455366200838498,15.579724824988714,3.168479441902729,0.0,4.986661340639237,1.600656644991176
Uganda,2019-08,2.909236727326788,4.768583712596273,7.647765989005811,15.321579072057705,3.0575035185814468,0.18032458392947306,5.592065845574836,1.1420557190638407
Uganda,2019-09,4.285714399435782,4.562866112760703,4.6777827614046865,13.749436943639026,3.693105042273772,0.0,6.025236906296079,2.1563767688402433
Uganda,2019-10,2.896660737573602,4.514917948144635,6.53230582426556,13.677138508464731,3.013238344137127,0.0,5.674767696805769,1.0571032876569848
Uganda,2019-11,2.4807564894655814,3.419837249659116,5.575104800131956,13.193314457444469,3.5781834340884098,0.0,6.157906253793709,0.7917308118759623
Uganda,2019-12,3.6218341988409146,4.770100734849029,6.734693774759529,13.211212200096295,3.2505531821743294,0.0,5.446274977776986,1.4384067285947875
Uganda,2020-01,3.854568973504076,4.159159125589875,7.11068214103003,15.287430436602317,2.949377821652859,0.051480053513942504,4.914200152444016,1.1454311677790647
Uganda,2020-02,4.513567240744761,3.5804104025890138,6.874034811207589,16.644606230137853,3.366423873333113,0.19854401049349216,3.43481143112831,1.4162805937876146
Uganda,2020-03,4.87332660333038,6.105046375126055,8.937178354936485,21.2193613441016,8.278064108989907,0.0,2.924819852147477,0.920700280231102
Uganda,2020-04,5.114064936908748,5.3044728153967355,12.202263461410094,23.874619408728222,12.299263522487875,0.0,4.506915987027663,1.3472247475428416
Uganda,2020-05,3.669505960411073,6.282793862494038,11.047699994964226,21.865418206574102,12.379898683425894,0.0,4.770017137271039,1.417376516189949
Uganda,2020-06,3.071352973231897,3.383963392444366,7.696926955900565,18.836100425547507,7.370187119687213,0.0,4.134581342611091,0.8954432986322853
Uganda,2020-07,4.094616537974987,3.5798441915551256,7.991662175502266,16.41653087073047,5.042595908504621,0.0,2.153344333124887,0.2718868995943447
Uganda,2020-08,2.7827051416916118,3.592017797219882,6.788618081771064,13.86917923324649,4.597191721128787,0.0,2.7180340758442347,0.454545453236881
Uganda,2020-09,2.435444983865874,2.6713728702767976,8.125580639453837,13.795281320731936,2.8552852503901165,0.0,1.3654096317425226,0.7245030559260635
Uganda,2020-10,2.511005299366838,4.1324284522314745,8.207997148250918,18.675715294771024,2.514673678529347,0.0,2.0873073737754955,1.0601614123107115
Uganda,2020-11,1.8905372932269446,2.5120288208580592,4.685244569302325,13.666800067807388,3.4302325079326383,0.0,2.099037739080994,0.7898957808468325
Uganda,2020-12,1.5733854969598826,2.551859083466732,6.238747333994129,12.812133231284395,3.786692754863992,0.0,1.56555774345499,0.24657535013502938
Uganda,2021-01,1.9461556054509763,3.0276066632534797,7.848505616942734,12.728724695656684,3.5363906493615405,0.08213552688113164,2.158339089915583,0.4449007529682866
Uganda,2021-02,4.08826693043014,4.656619948950699,8.934338212972229,17.48762097301254,4.57911731646063,0.0,2.393972049560818,0.7750269108465015
Uganda,2021-03,3.003898647598245,3.543859541776658,7.288499203822273,15.241715739381387,3.5497076239649124,0.0,2.0253411279035087,0.8128654698403509
Uganda,2021-04,1.5283753060524483,4.384347508558492,6.74451984039787,15.748822285113995,3.1489448500796495,0.0,1.3091579954599468,0.5920918014109815
Uganda,2021-05,2.4258706965010943,2.356218987829851,6.061691639937313,17.58805966520199,1.978109496888557,0.0,2.2049751279016916,0.3522388119355224
Uganda,2021-06,2.3661599649469047,2.630535440860542,8.691341768303705,15.664243261603877,3.1636924677118308,0.0,1.4694866988542912,0.5287508366468385
Uganda,2021-07,3.0901199041554364,4.193881786490132,6.7486565433054215,14.609342955849524,2.571310494930137,0.0,2.3666804561355934,1.4014055630027402
Uganda,2021-08,2.7367960880139677,2.682234849343082,6.704496202907738,15.755129168317685,3.308598888799651,0.0,2.3374071861217813,0.6285464907158447
Uganda,2021-09,2.925863164313903,2.925863155318053,7.111865901139219,16.387474247626866,2.973023983038672,0.0,3.6974155777383295,1.5412187425983774
Uganda,2021-10,3.564656018761348,3.665523416380876,7.986685492233206,14.664111244797914,2.8142020657655835,0.0,3.933831061125681,2.0819044169860805
Uganda,2021-11,3.182804946674121,4.4094659119053405,7.047329697306991,16.300477408873206,3.217542362882464,0.0,4.183673609922058,1.1788971107646549
Uganda,2021-12,3.0765526901863263,2.8141551428637457,6.369764023304677,15.435725105010022,2.794896408573905,0.0,2.571015823524314,0.9532980468671161
Uganda,2022-01,8.59576482383978,8.13305725392265,8.349447618867403,21.217771724309394,3.1307549766850826,0.20718232038674034,5.389042404212708,0.7872928299723756
Uganda,2022-02,4.145470840470548,5.3726013888099065,7.465417232512718,17.01918740715825,3.3801874057302546,0.17849174498929052,3.3601070553935752,1.2182061235917
Uganda,2022-03,6.968590392586377,4.7114681644605545,5.933162702295106,17.339298749754064,2.425127821415997,0.08217677175547845,3.9499634104348065,0.9769905167317385
Uganda,2022-04,6.466083083146609,5.595185871649891,7.291028525473004,16.258205767877463,3.859956337234136,0.0,2.2975930344627757,1.056892825037199
Uganda,2022-05,9.92761315062806,6.45305543934852,9.11219921055993,18.98019978024944,4.2133276526889505,0.0,4.700872951986375,1.1496700381264637
Uganda,2022-06,11.309297816850094,6.750474505282496,7.957779942721774,19.57542681416073,4.070208642008214,0.10673624291555978,5.422201062692836,2.2035105178655123
Uganda,2022-07,11.064067981653226,6.453852996630377,6.4359319310026875,19.186828284926438,3.7007169113938168,0.03360215046774193,4.885752766635753,2.5806452584784947
Uganda,2022-08,9.155830060951288,6.3257659565907,8.082433452839322,18.18382136261478,3.2554551316552787,0.0,2.6691645761128497,4.2208507562765885
Uganda,2022-09,7.849339995285845,6.1970870057950895,7.241693279074022,18.156576751561964,3.7505689078606346,0.0,3.591260901333182,4.1784251342971395
Uganda,2022-10,10.319738493126888,4.906847925691088,10.347431757326284,20.85850938708793,5.923967629293807,0.0,3.743705888814199,2.547834791283988
Uganda,2022-11,9.413617368792828,5.364671526951296,8.165737754454083,21.969953345973256,4.254906773082627,0.0,2.408529159377756,2.7211050623387445
Uganda,2022-12,8.494258816469205,5.276618017415449,7.646137911908567,19.968684429958248,4.6294363029733825,0.0,3.178496867639353,2.0485386721148227
Uganda,2023-01,8.632586086777135,5.200201346393352,9.201712435549737,16.72122921114077,5.071770475459079,0.0,2.707126680799799,2.1631831095643417
Uganda,2023-02,7.925465950753043,5.39130426526708,9.118012493786088,19.68198822560786,3.21242232388,0.11180124183130437,2.8819876310834784,2.1093167489870805
Uganda,2023-03,7.037671315472113,4.865459861633072,7.698141047065069,20.83904125484629,3.0136986254867906,0.0,3.3072407585298436,3.507827849741683
Uganda,2023-04,7.644628420791735,6.776859562955372,10.617079987137743,24.391184131476585,4.278237071060882,0.03305785274214875,4.694214924274656,3.1322314060123966
Uganda,2023-05,7.691915452820199,5.003825440730681,10.805917044009181,20.2830912051645,4.792144894120122,0.03825554711935731,3.7770978529418513,2.2213721266870694
Uganda,2023-06,5.793671268129663,4.45330580885773,9.243632712443148,17.365577445845126,3.2595832826935944,0.0,3.7072293402109593,1.049652699639825
Uganda,2023-07,7.213662327855676,3.587570622912173,8.374422063517718,18.284539668824667,2.9506934623122754,0.0,4.85362100435131,1.887519334191063
Uganda,2023-08,6.78152106981266,7.09290445423558,9.114344196256509,23.910158948803375,3.6013273083088304,0.0,8.534967351553599,1.0541092504249616
Uganda,2023-09,7.870913624154512,5.655210989007265,10.00838272413457,19.438390954700544,3.643475913817547,0.0,3.9647947775677563,1.6429170144065381
Uganda,2023-10,6.232253360743539,4.910811710937387,9.54859858606207,23.230797185222656,3.214415763653669,0.0,2.2934109765871864,2.4262833035192943
Uganda,2023-11,5.247681514849129,4.26600308324542,7.704139408372767,22.63062668412724,2.7459850899642615,0.0,1.9226419792969915,1.207871540892106
Uganda,2023-12,6.410834973594245,6.250000100998307,8.876975045581828,19.638826520760404,4.785553306963883,0.04232505653329571,2.7031602155383747,1.2669300654531603
Uganda,2024-01,6.471921785036011,4.04683957667036,8.7459076142184,19.13371914053176,2.412490608980609,0.0,2.5635859793850413,1.2767564500055402
Uganda,2024-02,6.191877381153031,5.838728701799588,8.163625517320188,19.605650409483964,2.8134195721062394,0.0,4.0759272472218955,0.812242493261036
Uganda,2024-03,4.493226331989872,3.201204272629202,6.016056183589814,21.2117410207129,2.6668338872729556,0.0,2.651781181208731,1.6231811529157052
Uganda,2024-04,4.438243147148751,4.717301663244753,9.337539512067854,23.710264431599462,2.977432622809997,0.0,5.658820612035914,1.2812424557708393
Uganda,2024-05,5.830324966165812,4.291516171653346,7.606046794750903,19.821750966288725,4.147112030851818,0.0,4.343411686848292,1.5974729606209384
Uganda,2024-06,6.726519420309393,5.722836153941069,9.983885678138037,23.098526574677287,3.317219178257827,0.0,3.6072744904438303,1.3904236355488029
Uganda,2024-07,6.214265997886206,6.627810262660005,11.28504044621704,18.809325255768258,3.89120184424091,0.0,4.840410989406606,1.3821815400988067
Uganda,2024-08,5.67449750773553,4.097844648089126,7.38435448103657,19.93460884884836,3.472995786815998,0.0,3.3373697986223365,1.3780576783918626
Uganda,2024-09,4.2638205219944245,4.146141397390257,5.881226062629446,19.315818431942567,2.3289546005428647,0.0,3.1116584315030105,0.8866995290837439
Uganda,2024-10,4.515614318489173,3.302940448351864,8.459083892785046,19.327559456710688,3.5901525988828094,0.0,2.5940277541198995,0.6838386031967176
Uganda,2024-11,5.880963559733349,6.85640052672154,9.938592273190512,24.423712961635047,3.308927781913793,0.0,2.964100141640772,1.8422295363521495
Uganda,2024-12,5.765143496197662,5.661530341488842,8.77789591516027,23.44314599534315,3.304994644648148,0.0,3.905420038876727,0.621679067
Uganda,2025-01,4.907221714039619,4.934804465962889,8.192076486512038,13.941825598970635,3.2923772737487456,0.0,2.728184587976429,1.7602808911634904
Uganda,2025-02,3.6334405693102894,5.573419206186227,8.105573610791264,19.994640823779008,2.312433010574223,0.0,3.4485531201730972,1.294212256050375
Uganda,2025-03,4.9836448973859815,5.537383350329907,9.200934690177396,21.5864491082982,5.147196243936362,0.0,2.5186916436766356,0.9532710376308411
Uganda,2025-04,5.012645549822936,6.21648979848255,9.124936813453717,24.590288843727283,3.9807791289415784,0.0,2.688416779836115,1.1153262732132017
Uganda,2025-05,5.0474289289066405,4.583125285409387,7.990514231989515,28.417374126541816,4.603095329687097,0.0,2.231652458125312,2.4313530204817773
Uganda,2025-06,5.718276847280938,6.919674173476135,11.941792763514528,27.585565353311857,5.112922255066736,0.0,3.389988422478057,2.221187506933644
Uganda,2025-07,4.774301434036781,5.763076398183425,10.797707280195844,31.08430840090391,3.8404585036938137,0.0,4.134225019625029,0.8956293398920467
Uganda,2025-08,6.440333870413941,4.669524062388141,8.078051001117753,25.27182483299603,3.3792015018475077,0.0,2.0775998926979473,1.958041891979472
Uganda,2025-09,3.582528457120538,4.9118018709613604,9.741705458406475,24.057118871557392,3.6224275867828637,0.0,4.2104159265867285,1.684166363062579
Uganda,2025-10,4.749185735916395,4.9337677175532315,7.656894785902633,25.7850167646956,3.5830618318371332,0.0,3.066232341268621,1.2833876410299674
Uganda,2025-11,4.6610368299993565,5.742435071251232,8.742669488250527,21.8977246486621,2.6366408881453505,0.0,3.5045743123940887,2.040816365179451
Uganda,2025-12,3.2615136241446274,6.528413658316724,7.007810377522658,19.663345299592383,2.512792958990743,0.0,4.18798818165338,1.2119580113490438
Zambia,2015-01,2.9563814424232593,2.5686592289176087,2.7625202581744763,2.5201937714054896,1.7447496259628437,0.0,0.5815832220969305,0.4361874059515352
Zambia,2015-02,2.135306649302326,4.545454550465119,7.970401050232555,10.359408044651163,2.7906976467441855,0.0,1.4587737023023257,0.31712473651162687
Zambia,2015-03,8.535353013333335,6.649831653333334,9.562290080000002,8.333333333333334,4.225588960000006,1.0101010106666666,2.306397114666667,2.0202020266666674
Zambia,2015-04,5.401709473333333,4.495726359230767,6.615384091282053,10.547008685384618,5.96581221435897,0.0,3.299145168384616,1.4871794538205168
Zambia,2015-05,5.731922730264549,3.9153437160317486,12.010581731481485,10.97001708820106,4.70899450608466,0.0,0.21164022055555554,0.47619048547618753
Zambia,2015-06,4.301270549582576,7.0235935984029,15.208710606842104,11.778584667241374,6.333938569600726,0.0,0.4355717045916515,0.7622504630598902
Zambia,2015-07,12.504817258593443,4.624277442697498,14.296725360597303,12.832369659017344,3.2755298528516352,0.0,1.0404624448959539,1.4450867177456668
Zambia,2015-08,9.160306075687023,6.526716973282438,17.86259659793893,12.881679387786255,5.496183431183211,0.0,2.461831988423664,1.4885496445038198
Zambia,2015-09,19.40397300347682,24.08940397066225,20.960265904238415,22.58278045298013,9.271523177814576,0.0,2.814569537354305,3.4768211976821206
Zambia,2015-10,16.362179245288456,11.009614891538464,12.500000002403848,11.41025591298077,5.44871795259615,0.0,3.958333455836539,2.115384743173078
Zambia,2015-11,13.567662037258351,12.917398945219686,12.89982452179262,16.326888216502635,3.427065025395431,0.0,1.6871705410017577,3.0579964070474515
Zambia,2015-12,7.404181172926828,11.13240377121951,11.393728499268297,11.393728499268297,7.2299651568292695,0.0,1.2020906085365854,0.47038328282927067
Zambia,2016-01,14.061961596265057,11.067124847590357,8.141136500963853,11.876075724939756,5.679862314337352,0.0,4.320137758433734,4.802065667951809
Zambia,2016-02,7.0389168249915395,7.68189533986464,2.724196344280885,10.05076167724196,3.1979694849746156,0.0,0.8629442282064297,3.5363789655160702
Zambia,2016-03,15.349205862857142,7.507936397142858,11.301588034285714,10.476190474285712,3.571428582857144,0.0,1.619047589142857,2.9523810171428617
Zambia,2016-04,18.60197342440789,9.605263413190794,8.651316155460528,10.60855262680921,4.062500117664477,0.0,2.0723683264111843,1.5296052935328928
Zambia,2016-05,9.03448301551724,5.465517376551723,12.18965463724138,10.86206896137931,5.362068699655175,0.0,0.6206896796896553,4.172413920344832
Zambia,2016-06,1.6245488142960276,3.3754513916245443,10.018050532707582,10.144404469458479,6.1371841251985595,0.0,1.5703972496173286,3.3574007774729226
Zambia,2016-07,3.9888682714285677,4.95361794656772,6.048237541558441,9.833024117254169,3.228200470686453,0.0,7.365491793617812,2.6345084961038916
Zambia,2016-08,4.072727559999996,2.7818182200000012,4.309091043999997,2.9272727879999976,3.5454545479999986,0.0,1.5818183192,1.2000000800000057
Zambia,2016-09,4.165103339812381,2.5891180494183876,10.206379277936213,8.705441178011256,3.4896811252532802,0.0,0.7317073347204504,1.1819887813508436
Zambia,2016-10,5.964344105089144,5.202593249286871,7.585089010291737,13.565640938914099,1.8476498566645063,0.0,1.9448946523889792,1.6531604230032424
Zambia,2016-11,4.556451679677418,2.096774117459679,8.185484332701613,9.11290262504032,3.5080644488306425,0.0,2.782258103673387,1.0282258212903226
Zambia,2016-12,4.143126175593221,4.030131744406778,6.892655090677962,11.412429101355931,2.1657250333898297,0.0,2.787194188559322,2.5423728700000034
Zambia,2017-01,5.738255162000001,3.8926175780000003,6.577181335999999,10.72147677,3.6744969,0.0,1.409396069,1.711409524
Zambia,2017-02,8.609625534278077,4.527629156381462,9.51871617960784,15.365419719786095,2.032085493689836,0.0,2.6203208224777184,1.5508021042246014
Zambia,2017-03,8.833922264946999,5.141342486572441,8.639576242968193,14.187279701908126,3.3392225439576038,0.0,3.180212013222615,1.3780919098233215
Zambia,2017-04,5.434343741999999,4.606060440000001,13.35353505,14.404041030000002,3.5757577289999998,0.0,3.959595651,2.666666639999998
Zambia,2017-05,3.3557046966694632,3.8926175839429558,8.624161319546982,12.78523439305369,4.580536784672819,0.0,2.0134228180016778,1.2248322456442933
Zambia,2017-06,4.297385495140523,4.575163385980392,8.823529414281044,10.326797513627447,4.460784190127451,0.0,3.316993338143791,0.8333333571176452
Zambia,2017-07,3.3641406228336415,11.552680919741219,13.21626617062847,15.563770232902032,3.105360302813309,0.0,2.9944548552495376,0.4990757946007398
Zambia,2017-08,5.083611977147157,3.578595251337792,7.558528556187293,7.792642536120398,1.5050167215551837,0.0,2.1571905713377926,1.3545151150735768
Zambia,2017-09,6.41176485545098,3.1764705427450974,6.588234999999999,7.588235450980386,3.176470737411765,0.0,2.196078580078431,2.058823527843137
Zambia,2017-10,3.5409251982918155,3.8256227655516004,16.298932105338082,15.640569673451964,4.608540856256227,0.0,3.6832741577793593,0.8007117446548069
Zambia,2017-11,6.74369715882353,7.563025200000011,13.151260992941186,13.571428242352924,4.8319327741176465,0.0,3.4663865538823533,1.8277310658823542
Zambia,2017-12,3.8356166993732876,5.239726101849314,9.914383820376717,13.989725514520533,2.517123418619863,0.0,1.1301370508150683,0.25684931429452057
Zambia,2018-01,4.1960186101868295,4.349157957427256,10.214395214395111,10.750382373598796,6.232771938732006,0.0,0.9188361408085758,0.6891271056064319
Zambia,2018-02,4.628099488772727,6.053718844545448,18.161157341818196,11.880165291818193,3.2851238878181817,0.0,3.2851240857727273,3.6570249509545456
Zambia,2018-03,3.357664164332117,4.215328548211672,15.364962946094892,13.686131373321148,7.974451997018248,0.0,5.529196941905109,2.135036635372263
Zambia,2018-04,2.3836125216480446,3.5754189563687193,18.026069912402217,17.448789012625717,4.357541828502793,0.0,4.618249393452514,1.1173184344804468
Zambia,2018-05,5.551181251535433,6.535433233188979,17.834645360511804,14.25196879074804,7.244094337738189,0.0,4.035433072074803,1.8700787394940945
Zambia,2018-06,5.623582593455782,10.385488231496593,19.682540369999984,14.03628154000001,5.918367000278912,0.0,1.8594103864013605,2.3809523806530613
Zambia,2018-07,2.1693122029382716,6.049382569012333,17.107583769876527,14.5679009628395,3.350970017296296,0.0,1.9929453602098766,1.216931149617284
Zambia,2018-08,1.7259786145480427,5.996441422348754,14.857651258078292,12.366548043274012,3.4697508897651246,0.0,2.437722384683274,0.8007117448540926
Zambia,2018-09,5.7276120829179105,6.399253587238803,31.679102201194056,18.899254313582077,10.858209096182836,0.0,1.1567163816119403,2.425373133802239
Zambia,2018-10,4.707964669265487,6.867256493893803,20.318584623628297,16.5486725676991,5.45132729739823,0.0,2.3893805321504424,0.2123893887699115
Zambia,2018-11,2.194304921954774,7.353434090904522,15.812395565276397,17.035175370251253,2.613065391798995,0.0,2.4790618498391956,0.854271421643216
Zambia,2018-12,2.8102190824416056,3.7591241462591096,11.989051243485399,11.642336319543777,1.1678832297481752,0.0,2.244525583131387,0.4379562216186132
Zambia,2019-01,4.608540856256227,5.266903635302487,16.886121278291807,9.377225019501779,3.2384343007544483,0.0,3.701067478775801,0.35587188506761563
Zambia,2019-02,1.6071428144776785,4.41964267290178,12.34375069249999,8.660714952276775,2.5446427705982146,0.0,3.214285628955357,1.2723213852991073
Zambia,2019-03,4.798386943907257,6.754032262822562,17.540322588387095,12.741934874516128,5.483871122165322,0.0,3.467742090189516,2.5403226563870964
Zambia,2019-04,3.4653465357277233,10.618812260098998,14.257426298415862,18.836635177277202,2.896039558103961,0.0,2.8217823202178223,1.5841584384158416
Zambia,2019-05,13.11804042759911,26.19153641438753,33.853006692561266,27.48329655628064,7.683741649124723,0.0,2.0712695314164815,4.097995462017817
Zambia,2019-06,2.8817733525221674,9.137930657339897,15.862069336059097,18.990149287290635,5.714285901753694,0.0,2.6600985686502465,4.950739011743842
Zambia,2019-07,3.5607677540405116,7.441364522132206,17.036247661897637,18.10234574360343,2.3027718944371003,0.0,0.7675906480703625,3.6460555184498937
Zambia,2019-08,6.995707828506438,7.8969955358369175,18.454935615836913,13.433476082446338,2.768240260892704,0.0,1.5021459241158799,4.72103004323176
Zambia,2019-09,7.645788667853132,7.0626351444492625,20.388769242591803,18.20734243235421,8.336932716954644,0.0,5.010799301313175,7.969762748725702
Zambia,2019-10,4.516129032032259,6.924731347741937,15.892473435161284,14.645160948709677,4.193548388451613,0.0,1.978494581419355,5.397849544806452
Zambia,2019-11,8.755656281990952,10.859728491764695,26.33484371058824,19.9321280761991,5.429864254588235,0.0,4.343891143837104,7.352941177683259
Zambia,2019-12,11.4062496605625,16.941962936250018,18.883929929062504,17.165177204999996,4.7321430276562495,0.0,0.4910714401875,4.46428613896875
Zambia,2020-01,6.618704668853717,7.338129582350105,15.15587549007194,13.045563908297359,6.978416899376498,0.0,3.8848922692757792,2.9496405631079137
Zambia,2020-02,5.144357054152231,3.9107610385301608,14.776902693858254,9.816272882099758,5.564304662257218,0.0,1.25984256864042,4.015748330908137
Zambia,2020-03,11.035241954008812,9.845815139999985,16.806168068722457,15.792950863612335,11.541850556563878,0.0,2.048458193259912,2.3568281527488986
Zambia,2020-04,11.986607311602679,19.88839423267856,31.361607134151775,31.004462918392885,12.857143369633928,0.0,4.084821256870535,1.874999915450893
Zambia,2020-05,3.7317073619512198,15.92682908780489,30.51219476585369,23.268293048780496,6.512195309268293,0.0,6.853659096097561,4.243902347317073
Zambia,2020-06,0.7125890751472683,6.033254056033277,23.15914489498812,14.94061793945369,7.909738537399051,0.0,3.2304038920166267,1.7814726828408551
Zambia,2020-07,1.7187499576874998,6.98660698687501,16.808036409375,18.01339217999998,3.7946428556250007,0.0,2.2767856719375,3.0133928563125
Zambia,2020-08,6.0328640278873245,9.460092832676057,19.62441279774647,24.788733820281685,4.577464788507043,0.0,1.4084507056901407,0.5633803035492958
Zambia,2020-09,11.901566165604025,16.68903940771812,29.30648770973155,28.568231981610754,5.704697985295302,0.0,2.5279642469395975,3.62416124418792
Zambia,2020-10,5.434380706794824,10.924214709075786,30.46210494201478,19.815157955323464,4.787430612815157,0.0,3.216266104120148,0.7208872627781885
Zambia,2020-11,5.76017163317773,10.214132913661667,41.798714563319066,19.507495939122045,4.197002223997859,0.0,0.5139186496059956,1.1563169382141327
Zambia,2020-12,7.439515666911291,7.116935333387107,13.306451624233862,10.100806136532267,3.407257986443548,0.0,0.24193549222580643,0.24193549222580643
Zambia,2021-01,4.99009916059406,8.03960364920793,19.900990103960414,10.910891531188108,7.089109516495049,0.0,2.7920792827920793,0.7128713149999999
Zambia,2021-02,11.06609840728145,10.874200421130055,18.976544230660984,17.654584865351808,3.3049040501769724,0.0,3.4754795821066096,1.2153517720810236
Zambia,2021-03,4.5255473065182485,4.470802925091226,12.080292097171512,11.04014597239052,3.613138546828467,0.0,1.2043795436934308,0.21897811187408758
Zambia,2021-04,4.863813230776265,6.750972917490271,13.132294989941638,10.603112839513617,5.894941856754864,0.0,4.221790031624514,0.0
Zambia,2021-05,5.812133220399217,5.127201709902135,9.960861343444238,6.84931506763209,4.8336596394364,0.0,0.5283757440939335,1.4677104657534246
Zambia,2021-06,2.8404669999319068,5.622568008657595,10.525291525486365,8.89105073385213,3.7937743187062254,0.0,4.902723882830739,0.0
Zambia,2021-07,10.864662228616542,13.101503197481179,29.154136499398493,18.308270976503767,8.157895024323308,0.0,1.9548871455902255,2.4436090213909774
Zambia,2021-08,14.844719866132504,16.501034575279526,25.051758257929595,13.209109573250508,12.1118012433706,0.0,7.4948233859213245,0.9316770180165633
Zambia,2021-09,8.067633220173912,12.946859546086957,20.82125530173913,18.47826088173913,5.628019138695652,0.0,3.405796964869565,0.0
Zambia,2021-10,4.797441365,8.635394456,19.12579892,13.17697212,7.100213057000001,0.0,1.87633246,0.25586355
Zambia,2021-11,7.972665146651481,7.198177773872454,16.446470303599078,10.341685984441904,3.9635534442072897,0.0,1.9817767204760819,0.2733485305671981
Zambia,2021-12,12.328767123150683,8.767123627671234,25.639270111506846,11.39269352739727,3.744292150219178,0.0,3.3561643388767126,0.2739726143287672
Zambia,2022-01,13.069053316785167,11.278771986112552,20.153451527186675,13.273657673401535,5.805626793140664,0.0,1.0230179040537086,0.0
Zambia,2022-02,9.632767928949153,8.87005583186441,12.316383761355937,9.802260116610169,3.220338874033898,0.0,4.067796502237288,1.0169491948474576
Zambia,2022-03,11.52034326635546,6.145610450342614,12.312633821306187,10.064239842376866,6.10278372617773,0.0,4.111349199967879,0.2569593248029978
Zambia,2022-04,18.904428548186484,11.212121745407941,23.216784633776232,13.100233277365975,7.0629368853007,0.0,4.4755246520209795,2.773892683706294
Zambia,2022-05,9.204771220333997,3.3598408676540648,12.902584795367796,9.801193437375755,1.9681907785188866,0.0,4.333995871528827,0.2982107366103379
Zambia,2022-06,9.81366412380124,5.1345754084472075,20.600414083291906,18.840579720993784,2.6086955342236022,0.0,2.1118013994409943,1.2422360261863354
Zambia,2022-07,11.897533350937383,7.855787768956354,19.146110351081624,19.468690421100565,8.861480221772297,0.0,4.5351042932390895,2.2201139956470586
Zambia,2022-08,9.173729459597457,6.864406697076268,15.444915578728809,10.190677638728792,3.7288136387500006,0.0,1.7161017763305089,0.2542372993940678
Zambia,2022-09,21.924882985633804,17.08920260845071,39.81220799436619,22.53521126985917,5.25821587284507,0.0,5.633802816112675,3.8497651671549304
Zambia,2022-10,9.196217856122932,9.030733028841611,24.657211132624145,22.033096208392436,3.9716310252245863,0.0,5.03546081107565,0.8510638628014184
Zambia,2022-11,11.083743842344829,8.76847299940888,17.216749145812816,17.36453200955665,5.541871921172414,0.0,1.1822660561083744,3.2512317153300487
Zambia,2022-12,16.03982300872124,5.353982037168124,19.02654867774335,13.18584035792037,4.911504594716813,0.5309734728893805,1.52654858820354,1.52654858820354
Zambia,2023-01,24.47004713769585,9.677419360368658,30.437789431520734,27.9032254481106,10.16128997032258,0.0,3.4562211997419356,2.4884793076497695
Zambia,2023-02,20.118764122049882,19.239904976650838,33.539191665629446,25.676959269453683,5.890736160608077,0.0,5.558194683591449,4.418052348361045
Zambia,2023-03,12.941176150063026,11.071428732016805,22.92016775285714,23.529411759453765,3.193277270991597,0.0,3.6554621054453778,1.8277312529117649
Zambia,2023-04,28.750001168,14.41326531000001,25.331633435000008,27.448981149999973,6.734693780500001,0.0,3.1632652099999996,2.142857045
Zambia,2023-05,29.19667632170637,15.26315747595567,37.340721049806085,23.296400587229904,11.301939903385042,0.0,2.7700831023545707,4.7091412740027705
Zambia,2023-06,5.083612294889632,10.869565226555187,31.471573938127097,21.23745820652172,3.377926550862876,0.0,1.5050167244280936,0.8026756171137123
Zambia,2023-07,6.40264013770297,5.148514963564357,20.462046184554435,13.828383338613854,3.135313532623762,0.0,2.07920798429703,1.8811880555643563
Zambia,2023-08,9.589040443938357,7.808219560136995,13.047944674726034,11.23287643034245,7.054793999972603,0.0,6.061644098123288,0.4109589210136987
Zambia,2023-09,13.344482115230766,8.428093900735794,16.923077669899644,13.645484679431432,4.715719189438127,0.0,6.722408155799331,1.906354449173913
Zambia,2023-10,8.769230477884614,7.3846152876923,15.269229600000008,16.73076924692308,1.7307692329615383,0.0,6.115384469538462,0.0
Zambia,2023-11,0.0,19.354838747419247,19.354838747419247,19.354838747419247,0.0,0.0,0.0,0.0
Zambia,2023-12,1.2107623522466369,5.381165894349815,14.932735962780232,11.973094508609867,0.6726457385560538,0.0,4.708520180771301,0.0
Zambia,2024-01,13.783783954081082,17.387388395315288,13.468467457927973,13.288288307657657,9.189189015756757,0.0,6.306306308630631,3.7837836129999993
Zambia,2024-02,11.611374405184833,23.791469528578197,20.805687903933627,23.93364931592418,0.9478672961753556,0.0,1.4218009471090047,10.521327378582939
Zambia,2024-03,14.60176990895575,17.920354004955755,31.504423442123905,34.38052961699116,5.04424762081416,0.0,9.823009184566372,35.66371951688496
Zambia,2024-04,23.52601200079769,21.098265884393054,36.06936504780347,24.73988172312134,5.895953648583815,0.0,6.242774673745664,30.346820809127166
Zambia,2024-05,17.540982773114756,12.131147929016377,32.13114713688521,17.37704878475412,8.415300339557376,0.0,0.8196721320983607,23.606555709672133
Zambia,2024-06,16.10062916916981,6.415094217735866,24.339623136981153,20.440251575471738,5.4716985926226425,0.0,6.603773584150943,29.056604254433964
Zambia,2024-07,13.125000003437501,18.12499997500005,41.687500481250055,28.000001890625015,5.4374998840624995,0.0,4.687499999687501,25.312499996874998
Zambia,2024-08,16.216216215094594,16.21621622770266,27.432431423108106,29.594594053648702,12.364864345662163,0.0,8.918919432324325,17.229729726135137
Zambia,2024-09,34.99999811555556,22.03703751111111,51.11111296000005,26.790124373333324,7.407407409777778,0.0,3.703703701333333,51.85185185422222
Zambia,2024-10,19.631901843018404,18.527607823128854,14.907974975521507,17.791411027607385,9.263803915515338,0.0,0.0,17.48466257938037
Zambia,2024-11,23.85620914923529,14.117647308823502,30.588234801176466,15.098038227058861,9.215685897058824,0.0,21.372547021588236,7.516339865764706
Zambia,2024-12,25.1999994932,11.000000007999992,23.999999964,30.60000100800001,13.0000000016,0.0,10.9999999996,25.6666666632
Zambia,2025-01,20.28168960428169,21.76056448028165,27.25352169746476,31.619719357183115,12.464789272225351,0.0,1.6901409146197182,13.943661431549295
Zambia,2025-02,24.431139553940117,21.25748499664676,25.988024833293363,18.802394981676702,5.389221560083833,0.0,5.748503222550898,10.898204048766466
Zambia,2025-03,16.500000951,18.37499973000007,35.437498119999944,18.56249928000004,9.187499880999999,0.0,5.06250024,13.687499763
Zambia,2025-04,16.040268203644295,13.422818801946326,18.79194631536918,19.060402423489933,8.053691277778523,0.0,5.234899459362415,12.281878684342283
Zambia,2025-05,27.195121020536583,19.390243428170713,27.926831136341463,17.37804881109757,6.219512082207316,0.0,4.939024626121951,7.6829264815853655
Zambia,2025-06,13.868613141437956,13.430656628029233,28.540144898248187,23.86861371919705,1.0948905096642334,2.9197080284890506,9.270072857350364,3.284671528992701
Zambia,2025-07,11.538461536461538,13.076922819615424,14.807691358076953,16.85897383769234,0.7692307994615385,0.0,5.000000123038462,4.807692309307692
Zambia,2025-08,9.651163009779072,11.80232572244189,16.976744623255843,15.639534682674403,2.9069767444069767,0.0,2.4418604912441864,4.8837207055
Zambia,2025-09,18.5937484105625,14.479166242708352,25.41666826614583,14.010416471562515,10.000000399229167,0.0,6.093750395906249,6.250000002895834
Zambia,2025-10,10.47945240361644,8.904109599794522,12.808218837465736,12.648402185388116,1.7123287663538813,0.0,2.4657534670068495,5.684931856520548
Zambia,2025-11,10.329670330593407,7.296703453406595,16.109890789999994,11.846154188461536,0.8571428769230769,0.0,5.868132036285714,3.8901100590329665
Zambia,2025-12,10.54511321,7.274436234,20.63909778,7.368421196,8.571428285,0.0,2.932330899,3.4022557110000005
Zimbabwe,2015-01,5.3803418537247865,8.867521581962393,11.260683596837607,22.940170859846152,6.320512661296581,0.0,5.4829060316195,2.3675213514931626
Zimbabwe,2015-02,8.458630901692986,9.105417829875263,22.360352767085253,29.256615074599594,9.6052081880378,0.0,9.643007285997479,2.8013440250289796
Zimbabwe,2015-03,11.426249548756601,9.553027356872816,21.560341082121088,25.635919664737912,8.642828091809427,0.0,8.114587849295814,3.88053632882243
Zimbabwe,2015-04,6.0763570730156395,11.619135252253908,14.747010057184912,21.030358433560256,12.68169284769089,0.0,10.133394280492928,4.2640294847470095
Zimbabwe,2015-05,4.810810746210811,9.670269837094056,14.459459344540539,19.221621576713513,9.340540654271352,0.0,5.805405758267027,3.8648649677448645
Zimbabwe,2015-06,4.789092503573924,9.139326718870047,12.833404174691095,20.302514526800174,7.141031191038773,0.0,8.474648684231786,3.5364295254537703
Zimbabwe,2015-07,6.271792747696022,6.9959766696155565,11.148860186736702,19.611085063965135,11.385785101402107,0.0,5.489495187441663,3.473401975570854
Zimbabwe,2015-08,7.988939278012067,12.65962820404726,22.23730560582202,28.6576173095274,15.641025928707894,0.0,5.4047261723805935,4.429361626854198
Zimbabwe,2015-09,6.522462411164725,9.129229401641707,18.136439085080422,21.38103084290072,15.38546845818081,0.0,5.690515801666667,6.489184956638935
Zimbabwe,2015-10,10.212187029646355,13.422198189581065,19.81501669673014,23.313384687551686,10.593036285489662,0.0,4.798694274173014,7.714907700600652
Zimbabwe,2015-11,7.4266057055655965,10.899082585403669,19.550458195151375,21.69724775448165,8.90825676311422,0.0,7.188073386187156,4.573394596187614
Zimbabwe,2015-12,5.273533913202563,13.94775761182849,16.47609686616067,21.404633078363727,6.249383918635782,0.0,7.8462298487609665,6.633809918706751
Zimbabwe,2016-01,8.847221831652778,9.995370529604168,14.300926054189814,18.319444221944444,8.611111442400464,0.0,9.652777854837964,16.925925607476852
Zimbabwe,2016-02,6.025104712674896,11.125522994196652,12.280334771485355,21.828451239740588,8.025104510417574,0.0,8.32217582580251,17.86610872329707
Zimbabwe,2016-03,3.350877197,9.000000033,13.13157882,21.02193059,6.552631813,0.0,3.701754463,10.22368483
Zimbabwe,2016-04,6.307895761116012,10.158800226863697,13.07454765787384,23.736215794441993,6.250551359563298,0.0,7.137185652946626,9.430966189969121
Zimbabwe,2016-05,16.62677289,27.02570883,36.08599303,43.28457338,9.547872345,0.0,6.489361971,8.838652339
Zimbabwe,2016-06,15.06448808211522,26.809975038220117,37.889079459974205,43.09114215971625,8.426483458022355,0.0,12.484952805374032,6.165090431233878
Zimbabwe,2016-07,8.299922988673863,15.528142299660756,21.426369012490362,25.015419960400926,10.385505309714725,0.0,28.974555426260604,7.139552991033153
Zimbabwe,2016-08,6.900958683999999,9.796326096,21.10223622,18.26278006,7.643770277000001,0.0,19.80031962,6.453674146
Zimbabwe,2016-09,8.878729662059673,17.1318569093359,27.53609363310876,25.736284647545716,11.535129721655439,0.0,17.781520305678537,8.970163692396536
Zimbabwe,2016-10,6.107526966211828,13.844085747360214,21.64516158045699,27.580644495569896,6.827957079100537,0.0,10.500000218005377,3.919354856746774
Zimbabwe,2016-11,14.34247346,27.94068303,36.748740309999995,36.60884258,5.651930743,0.0,10.29099077,7.901510701
Zimbabwe,2016-12,13.858003702223712,22.203616802210316,34.2933684454521,37.588746787314136,8.921634376822503,0.0,7.193570031821835,9.946416482620226
Zimbabwe,2017-01,12.62727619894463,16.529171521694536,19.301375031152592,23.68264659479436,6.700111383595688,0.0,7.224080501835334,4.474173217994797
Zimbabwe,2017-02,10.032514532947978,16.85332377052023,19.8085260516763,23.128612561300578,4.7868496679783235,0.0,6.860549317565029,3.576589594946532
Zimbabwe,2017-03,5.8642385098678815,11.715232075450333,16.88410529711089,19.331125666569537,3.278145718975827,0.0,7.394039946378022,4.8079470218245035
Zimbabwe,2017-04,8.124228624108596,16.80789778514192,19.276018189041544,23.71040635098314,5.355820446313451,0.0,4.619498049344303,3.936651576123406
Zimbabwe,2017-05,14.934370179183276,21.881380219358288,22.61059796862421,29.246475795994158,9.402041963306756,0.0,7.287311635211473,3.2814778808692275
Zimbabwe,2017-06,10.128967950367063,17.28670637375,22.38591350737103,28.98809609031746,5.639881072898809,0.0,5.877976084168651,4.211309599886905
Zimbabwe,2017-07,9.09664850876736,16.17289991772705,23.613403757270518,23.409422813273434,3.7396793747260806,0.0,2.234094220676542,3.6425450986561434
Zimbabwe,2017-08,7.799113413,13.31856248,15.91334268,18.97095049,5.568685431,0.0,4.160512098,3.3825702470000003
Zimbabwe,2017-09,22.13267865,33.86732222,29.208845059999998,32.47665779,5.66584771,0.0,9.027026912,3.4201472749999997
Zimbabwe,2017-10,14.161013083573044,20.945273682921755,23.337855670244238,27.752147889330622,6.6078699962415195,0.0,6.580732462680236,2.6684758245336955
Zimbabwe,2017-11,15.680751289360781,20.570602545929937,17.504514425713253,22.585770942434092,9.880823751852652,0.0,27.843987684812756,2.3185265195435174
Zimbabwe,2017-12,7.05160479456891,11.032096025173066,12.677785159786028,15.682819548521081,6.491504096979232,0.0,14.660164108999371,1.1516676973064819
Zimbabwe,2018-01,6.189239445517625,12.478664090441557,11.792207555554732,14.630797622538035,3.2282004242849722,0.0,9.714285517944807,2.115027828975139
Zimbabwe,2018-02,8.382768492571751,10.4731634587839,16.77824882362853,22.543785040725986,6.796610260928814,0.0,6.367231455662235,2.4124292497447737
Zimbabwe,2018-03,7.0554442098708785,10.052447688912087,11.610889039505496,13.753745996861047,3.9735265302994507,0.0,12.490010573775296,0.9365633945631868
Zimbabwe,2018-04,5.2489020233714,7.523181695461201,12.21571535055149,11.837481589692533,4.285017137128356,0.0,14.682772604009669,1.478770129202538
Zimbabwe,2018-05,5.1096722406124915,10.51389215969083,12.46918753273449,14.320032901407979,2.373093763794861,0.0,7.106747685565073,0.4574890293795696
Zimbabwe,2018-06,2.7132382363451617,6.898880469452141,11.352759850652257,8.92126599774585,2.6765727711397145,0.0,7.433423316087225,0.5962948504341954
Zimbabwe,2018-07,6.027327027649529,12.257899211149724,17.330486796726394,14.55678895996755,7.3014515913578135,0.0,10.57899232583433,1.5781383858068316
Zimbabwe,2018-08,4.308017039925739,6.710970583329114,8.613924255967088,9.497890688659071,4.229957866465822,0.0,7.991561281164556,0.6202531769620254
Zimbabwe,2018-09,12.863921145705067,19.309167413437084,15.980262601389258,22.892389901628395,6.158663923662175,0.0,6.430062837640539,1.5202125713835641
Zimbabwe,2018-10,23.89137621283239,44.42086799079098,36.46486183008566,33.64804437470703,5.950944145369476,0.0,11.761728290060345,0.6268249870184932
Zimbabwe,2018-11,11.412958794196259,22.7127245318306,20.409836385036083,18.84074896177986,1.1319281809302553,0.17564402786612024,9.06713521680523,0.7259953213046448
Zimbabwe,2018-12,17.454274383204556,25.496455075307953,18.538634178509078,16.0955576516592,3.4005225837381485,0.0,18.23068319349601,1.3381859045808138
Zimbabwe,2019-01,29.416506814299368,33.684948301818814,23.316979008403717,18.542140772271182,5.389872009878045,0.0,43.446643987139744,1.682144713711232
Zimbabwe,2019-02,17.253184640654855,23.708200598417594,22.527866170768313,22.563694233059962,4.434713474703026,0.0,16.61823275999005,1.1186306217117834
Zimbabwe,2019-03,9.508109727630465,16.563821979260997,12.8226372960452,15.0176298985543,2.232016868906911,0.0,8.79231295813117,8.818759093038016
Zimbabwe,2019-04,12.410575259809919,17.715569626616556,11.961292380941766,15.260065637530392,4.142042439841023,0.0466562991411785,8.468982352546895,8.375669593238639
Zimbabwe,2019-05,14.311155143363301,21.391128912865405,11.812836137768818,16.63810487892137,3.1014786009821953,0.2721774163775202,8.324932827815823,5.992943725930948
Zimbabwe,2019-06,16.927232952476785,30.359615104352525,18.071923367494513,19.864933688969842,2.753672136207834,0.0,10.020260160330913,3.6349823483238226
Zimbabwe,2019-07,20.8457636579986,26.56312497953331,15.445178706304782,18.93280056505613,3.9643240730186062,0.06919883156497,11.220975203310278,6.1909888171948335
Zimbabwe,2019-08,24.040890549439556,21.703790154402988,16.466090443987426,14.005984214748732,3.9677528469245344,0.0,22.571476704579727,12.480053169138692
Zimbabwe,2019-09,18.449891458561645,22.78118271948689,12.16474396296864,16.113914966564526,5.021629594722716,0.0,16.80785884752733,5.198269549256468
Zimbabwe,2019-10,22.89169324431932,25.765861540883524,13.969505744634942,18.880126332949565,4.912372881349742,0.0,16.25832414477653,8.166841862370838
Zimbabwe,2019-11,22.75090216587961,27.08664261536395,14.96570415863689,20.99639011695038,6.021660466873646,0.0,18.824909554529096,10.472924349256315
Zimbabwe,2019-12,16.614445882083416,19.861648351052924,8.620549364272255,14.60630743251953,6.1159716201608365,0.183112919990234,12.181078861172587,12.16276736728515
Zimbabwe,2020-01,15.675195064687857,19.738806332070876,10.019545577478258,12.327647671522456,3.637171168170179,0.10660980851172709,12.515991208903655,12.20859998415332
Zimbabwe,2020-02,14.252698522865721,18.535708060027403,10.284144383458539,14.472438182362456,4.620193283794258,0.0,8.886152931979261,7.840500060035424
Zimbabwe,2020-03,12.796299598815736,16.830162354358606,8.1881654968505,15.002618429037902,4.672717939993017,0.0,6.592773671530808,5.430267185817769
Zimbabwe,2020-04,9.013476265523932,13.401866267153572,8.636834655718383,11.629233062244259,5.862128615429445,0.05183137542035246,5.307532925997453,7.598479802125086
Zimbabwe,2020-05,12.264446775443684,14.707149911625175,10.487756887569049,15.678746580904994,4.442703259467972,0.08814887333359452,4.859941353552551,4.8207639227048
Zimbabwe,2020-06,17.236181403368693,25.14796165334078,10.571375556839756,22.63353733104411,4.306718772184069,0.0,15.72305987327737,3.679508743844221
Zimbabwe,2020-07,15.244992619980872,21.591559280139485,12.221030086148609,17.05829799410882,3.955650938793634,0.0,19.724607026928876,2.9399141945300427
Zimbabwe,2020-08,16.141771183215734,15.308988282178868,6.3235293139247375,11.288830273979388,5.03304688593688,0.0,22.49173903970054,3.423661734638778
Zimbabwe,2020-09,12.148563859041305,13.239843340393486,8.004419762493287,9.043005354830742,3.319734868564678,0.040795513786843436,10.678225787534679,3.2347442134852336
Zimbabwe,2020-10,8.174794583302416,9.008530609104296,7.267020754809777,9.27732177652499,5.2663770901638545,0.0,8.525671841224197,3.003380019263098
Zimbabwe,2020-11,8.028586425354018,13.022485778713612,8.021614267927214,10.409621862715706,2.9248736136377893,0.0,7.721805846291597,2.9963397135144456
Zimbabwe,2020-12,6.540084268922275,10.443037971103026,7.065592449520521,9.53202941767343,3.8761028489240505,0.0,5.404679840337694,3.63828157782878
Zimbabwe,2021-01,7.204702381013552,8.688188360046652,4.986004910852771,9.186415393284195,2.108602355838776,0.04478447611494681,5.278969785562908,3.1050569551819374
Zimbabwe,2021-02,5.207455087036166,8.253827385373366,5.424894624321525,10.226314660259959,2.296427816116904,0.0,5.225205288908974,1.4910139999428695
Zimbabwe,2021-03,8.571428556332961,10.869393565651055,6.7042086812376995,10.76664670112626,3.210827984308239,0.0,6.170717498443125,2.288085395788974
Zimbabwe,2021-04,7.086092986672079,9.10702829408075,5.6398206323085605,7.303995099333396,3.2450331041016875,0.0,6.218756765150181,1.5060884983695788
Zimbabwe,2021-05,5.872603965155751,8.720048072104634,6.715255846745208,9.8482426548449,3.907747666951854,0.0,5.846645423309032,1.367811568071086
Zimbabwe,2021-06,7.088826499893236,9.868165198082046,7.255241199547062,12.61508514532416,3.159714744255111,0.0,4.877890745525802,2.0077804057281172
Zimbabwe,2021-07,6.81541602296146,10.49132308833855,6.430020432936985,13.975659210832376,3.619562824773495,0.0,8.102321517130473,1.183231913455037
Zimbabwe,2021-08,5.65350231002725,8.466070005092735,9.956360253343854,9.589788410208708,4.137028192453102,0.0,4.828714674059137,0.9033384109186122
Zimbabwe,2021-09,6.777754191364253,9.02356194004224,9.44597762603415,10.558267885978827,3.4132880684633835,0.0,4.251751270101628,1.7554659163789001
Zimbabwe,2021-10,7.434365176492318,14.066169055695717,5.713980852132368,13.199572900374575,2.640341536318573,0.0,5.310565649238689,2.185699137976521
Zimbabwe,2021-11,5.61091110883755,10.978358796884947,8.234896269359023,10.36068511693905,1.4720468562675375,0.0,5.631199341902614,1.9837691724217827
Zimbabwe,2021-12,4.497816809998059,7.8505580721705215,5.904900512613148,10.361475108131884,2.2197962562445412,0.0,4.701601255401747,0.8369723555371179
Zimbabwe,2022-01,7.300140402149341,9.936886555063875,4.188873362504909,10.056100926809638,3.4268350954230953,0.0,5.799439021359514,2.2440393266086955
Zimbabwe,2022-02,9.498424717503514,14.771019901441276,6.624666877171614,12.71141292673855,2.837412334733705,0.0,8.466198325238707,0.903804215370487
Zimbabwe,2022-03,6.696956836042266,9.279374559960536,6.092561238974218,8.518596841166712,4.013102203759775,0.0,5.2810651259559656,1.2087912405532546
Zimbabwe,2022-04,11.44275303511946,14.292962720765498,7.685859251076247,12.750937619567617,3.9069049068643853,0.0,3.928965610482884,1.7052724767816014
Zimbabwe,2022-05,20.689815365767814,25.90972354728133,10.351851801766582,17.39120389942824,2.9791666839402775,0.0,8.194444378349102,2.3009259282479166
Zimbabwe,2022-06,22.940067553979855,22.636210702098772,8.581307542848911,15.433780431913634,3.3235542428687936,0.0,12.221290759362219,1.3893545971500418
Zimbabwe,2022-07,20.16815889082261,20.668268531200066,12.793186198347057,15.940162000244595,5.311203690284941,0.0,10.264250211482096,2.089976087499891
Zimbabwe,2022-08,14.850191518524444,14.94480744054103,8.414057219787004,13.230457364437937,4.992115349815924,0.0,5.922505200141166,2.1896823994624914
Zimbabwe,2022-09,17.241795780896243,17.416951763954096,9.67384768538162,13.954097248528287,5.3472923232372915,0.048318906622105896,6.9700021580054425,2.13207171294544
Zimbabwe,2022-10,11.131996128097741,11.50369623873952,8.540654731605068,13.617740346371356,4.901795266495959,0.0,5.2481521198669485,0.7877508014508975
Zimbabwe,2022-11,10.484652719642193,12.281906610502826,6.9689015340577605,12.394991926248638,2.6817447336936593,0.24232633236227785,3.976171240594202,1.197495979569063
Zimbabwe,2022-12,10.300827997613569,13.757319001563019,8.76842321980315,13.363617932585278,4.231778771006662,0.0,2.881082173905512,2.699374247858268
Zimbabwe,2023-01,5.9205486010169395,7.1466021253594505,5.184512980225651,8.189151108443516,1.8955435285654654,0.0,3.649929329412306,0.9013914056654567
Zimbabwe,2023-02,9.477153906327802,8.665605928468944,6.108206400943766,10.859286185078005,2.5551261291022374,0.0,2.996135608951294,1.0093203130566037
Zimbabwe,2023-03,7.077534937836978,11.795228826732583,6.727634087996979,16.039761623414492,2.137177023886986,0.0,5.308151074168389,1.1093439353850894
Zimbabwe,2023-04,8.375742195055107,12.85835458628918,7.105597992848443,14.016115365533956,2.8413910499459285,0.0,4.28329103059937,0.988125523471162
Zimbabwe,2023-05,16.719566173324957,24.423462841586986,10.903977690136228,20.323423105355563,4.190437958586029,0.0,7.257934989560793,1.4845319283444929
Zimbabwe,2023-06,14.431743202969168,20.15827637682128,7.285117621304576,16.333260515056004,2.989668053635744,0.0,6.896021167214615,1.7278522627766542
Zimbabwe,2023-07,10.681713322339936,14.320589808957829,7.045140495495162,11.098572477667348,4.062643906181483,0.0,6.803316429471789,0.912022113072317
Zimbabwe,2023-08,11.819792272858093,10.45162738963914,9.448749121237906,12.21828632316803,7.635598993514861,0.0,11.217622301416869,1.3415984255257913
Zimbabwe,2023-09,7.408187107252867,11.506432761519598,8.973099446087726,12.035087585686929,1.6023391864977778,0.0,5.401169659315208,0.9988304218013767
Zimbabwe,2023-10,8.407166699761763,15.94211452596043,10.777712226887825,14.89466450788802,2.108682865562119,0.0,5.058082344036549,1.6125221564766008
Zimbabwe,2023-11,9.068349528848165,12.805467709470033,8.386961342908625,11.640378377589906,2.647739273531782,0.0,4.845425824022136,2.328075770630284
Zimbabwe,2023-12,5.8975541371905,8.89017072510083,8.306414474874797,11.70973680493953,3.0526072952944223,0.0,3.7817259072322957,3.0479925488232316
Zimbabwe,2024-01,11.426237371304799,14.498132349405466,6.379552086384133,10.422502345652294,3.636788175937269,0.0,4.199346351561918,3.2633054717058827
Zimbabwe,2024-02,9.78455061832068,12.974251577157121,6.103520849786592,10.283762769482824,2.1597477871235267,0.0,5.265370601338158,2.687861257634787
Zimbabwe,2024-03,9.946279913039215,12.884770468126042,7.099113641950577,12.438893404646791,2.3583132378215494,0.0,4.531291938126519,5.726564817041097
Zimbabwe,2024-04,18.73840996064671,36.65636442781484,13.60494502625267,32.08204444611316,3.040179874064239,0.0,3.155380656607442,9.246979345250455
Zimbabwe,2024-05,12.389583915958223,25.680367178249845,9.251978538827673,19.28006135710196,3.737554326073656,0.0,4.202195494710238,5.912688437210015
Zimbabwe,2024-06,6.726918953739815,10.948275745547768,7.388765322224694,13.428810172182526,2.7780868182869853,0.0,4.340934461214269,3.8236930919021135
Zimbabwe,2024-07,9.00460607356205,13.968781967462512,7.387410472196423,14.22722662243948,3.682190423567056,0.0,5.0076766843671665,6.289662358097492
Zimbabwe,2024-08,5.594444473756112,11.316666565401357,4.816666616415,9.616666688008683,1.2027777627248968,0.0,6.025000313764865,5.3250001999669445
Zimbabwe,2024-09,10.957363376225052,17.8890923494485,8.239602443625104,16.141773582847698,3.3141512290227566,0.0,3.2461417895741564,7.562124333163357
Zimbabwe,2024-10,12.68598459624965,24.71997770909355,9.25048758060574,22.259681613715554,5.81220400013207,0.0,6.742825445516753,5.848425987014211
Zimbabwe,2024-11,10.459770351465519,16.083333810824243,9.166666680388975,13.775861760548382,7.163793019768572,0.0,6.045977124190985,7.586206931187931
Zimbabwe,2024-12,6.642397215812098,10.504060487846543,7.1716607566339965,9.459535143267992,4.50854103791515,0.0,4.50014013116494,4.351722396712407
Zimbabwe,2025-01,7.007783447021044,17.12885530934563,7.013548626361092,9.37157680639579,5.295474228968579,0.0,5.162871265027065,3.839723312278755
Zimbabwe,2025-02,9.800740415912326,14.881867225419871,9.897523429307755,16.837461279305437,5.394249806433248,0.0,5.567890743775015,3.6635355426558496
Zimbabwe,2025-03,5.2540725665451005,9.766594035237052,6.887916425634329,10.44736193944323,4.303428264888069,0.19450522737320688,9.484561173753741,2.419158758980063
Zimbabwe,2025-04,7.700000151265947,14.318918851248648,8.76756784720865,15.183783720891892,5.989189354032973,0.0,12.175676208722061,2.529729707411352
Zimbabwe,2025-05,9.134505372008796,10.449874211997006,8.798812725318175,11.632792960390873,4.825302780637588,0.0,7.300753744651289,2.7586207870399635
Zimbabwe,2025-06,12.414448994854245,16.894803719442333,14.22264476418251,16.930713994676807,4.6535700241292774,0.0,5.855513450392902,4.019856397160963
Zimbabwe,2025-07,9.964641070047572,15.036464328389672,14.079558581584891,15.034254426256714,4.81988953180685,0.0,5.111602225034008,2.7005524612181215
Zimbabwe,2025-08,9.453596981952222,14.258649069247666,11.84788591040637,12.83909942616694,6.545853988347061,0.0,3.9319055938165843,3.574958919942339
Zimbabwe,2025-09,11.312253123022398,13.10408432289328,10.516469007010938,14.018445301799735,6.113307014413966,0.11857707544189725,6.613965889112621,2.977602076441897
Zimbabwe,2025-10,10.848107121078101,13.24389061781382,11.442262069779588,15.313848250935136,5.577383809156205,0.0574988039103977,9.336368181622815,3.7374221826808816
Zimbabwe,2025-11,12.693621810136674,17.628132242554102,11.90774454630549,15.768792587580654,6.013667339480638,0.0,6.443621961238326,2.9384966798200454
Zimbabwe,2025-12,9.911194998424012,16.851452817090394,12.553821263936847,15.621636020581647,7.080193689710556,0.24219591002018298,4.790097134575026,1.6146394803378978
